# Object Export From Tinkercad Server 2015

mtllib obj.mtl

o obj_0
v 30.2088 		-6.4911 		96.4185
v 30.2078 		-6.7001 		123.4176
v 30.2093 		-6.3911 		96.4192
v 30.2083 		-6.6001 		123.4184
v -3.7918 		-6.5416 		123.4176
v -3.7908 		-6.3326 		96.4185
v -3.7913 		-6.4416 		123.4184
v -3.7903 		-6.2326 		96.4192
# 8 vertices

g group_0_2829873

usemtl color_2829873
s 0

f 1 	3 	2
f 3 	4 	2
f 5 	7 	6
f 7 	8 	6
f 5 	6 	2
f 6 	1 	2
f 8 	7 	3
f 7 	4 	3
f 6 	8 	1
f 8 	3 	1
f 2 	4 	5
f 4 	7 	5
# 12 faces

 #end of obj_0

o obj_1
v -8.036 		0.824 		114.812
v -0.306 		217.216 		75.3608
v -0.33 		217.597 		75.322
v 2.373 		225.936 		79.556
v 2.434 		225.936 		79.506
v -0.478 		224.464 		80.439
v -0.035 		225.004 		80.2
v 35.235 		-4.848 		110.153
v -0.643 		224.464 		80.125
v 11.0066 		-6.8898 		94.2392
v -0.5035 		217.216 		75.4843
v 11.8896 		-6.8963 		94.2331
v 8.083 		3.038 		123.811
v -0.8078 		217.216 		75.6746
v -0.837 		217.597 		75.639
v -0.27 		224.464 		80.731
v 8.1698 		2.8724 		125.9766
v 9.053 		-6.8788 		94.3017
v 10.8758 		-6.8888 		94.24
v 9.051 		-6.068 		93.664
v -1.21 		223.823 		79.905
v -1.07 		223.823 		80.291
v 35.81 		-3.436 		110.153
v 5.5143 		2.8174 		125.8512
v 5.9516 		2.8264 		125.8719
v 11.26 		-6.175 		93.664
v 2.487 		225.936 		79.45
v 2.531 		225.936 		79.387
v 5.356 		2.8141 		125.8437
v -0.878 		223.823 		80.656
v 36.002 		-2 		110.153
v 3.0505 		2.7714 		125.6741
v 0.087 		217.216 		83.619
v 0.706 		217.216 		83.83
v 1.347 		217.216 		83.957
v 2 		217.216 		84
v 2.653 		217.216 		83.957
v 3.294 		217.216 		83.83
v 3.913 		217.216 		83.619
v 2.751 		2.908 		123.811
v 2.3603 		2.7462 		125.6322
v 2.613 		225.936 		79.1
v 2.608 		225.936 		79.025
v 2.0866 		2.7366 		125.61
v 2.3088 		2.7443 		125.6291
v 4.5 		217.216 		83.33
v 5.044 		217.216 		82.967
v 5.536 		217.216 		82.536
v 35.81 		-0.564 		110.153
v 2.593 		225.936 		78.951
v 2.567 		225.936 		78.88
v -8.036 		-3.387 		119.392
v 5.967 		217.216 		82.044
v 2.567 		225.936 		79.32
v 2.593 		225.936 		79.249
v 2.608 		225.936 		79.175
v -8.036 		-0.613 		119.392
v 9.053 		2.8788 		126.0053
v 10.8758 		2.8888 		126.067
v 11.0066 		2.8898 		126.0678
v 11.8896 		2.8963 		126.0739
v -0.958 		223.092 		81.225
v -0.637 		223.092 		81.568
v 33.4152 		2.8664 		105.495
v -0.27 		223.092 		81.869
v -8.036 		-4.824 		114.812
v 4.306 		217.216 		82.8392
v 4.8078 		217.216 		82.5254
v 4.5035 		217.216 		82.7157
v 33.1352 		2.7978 		102.9924
v 32.9026 		2.7413 		100.917
v 2.6718 		-6.9442 		123.0967
v 2.751 		-6.908 		123.811
v -1.525 		222.284 		81.005
v 33.178 		2.8082 		103.3738
v 5.261 		217.216 		82.153
v 4.9861 		217.216 		82.3787
v 32.9024 		2.7412 		100.915
v 5.4177 		217.216 		81.9859
v 3.5729 		-6.966 		123.0964
v 8.043 		-7.0751 		123.0952
v 8.083 		-7.038 		123.811
v -1.229 		222.284 		81.42
v 33.4152 		2.8664 		105.494
v -0.878 		222.284 		81.794
v 35.05 		0.824 		105.494
v 34.112 		2.175 		105.494
v -8.221 		-2 		119.392
v -1.76 		221.412 		81.133
v 10.876 		2.8884 		94.2398
v 10.7712 		2.8878 		94.2433
v -8.796 		-2 		114.812
v -8.605 		-3.424 		114.812
v -1.445 		221.412 		81.575
v 7.685 		0.467 		127.393
v 2.602 		217.216 		83.3806
v 2.2371 		217.216 		83.4028
v 9.9446 		2.8834 		94.2713
v 3.1936 		217.216 		83.2704
v 2.8347 		217.216 		83.337
v -8.605 		-0.576 		114.812
v 34.495 		0.751 		100.915
v 3.7646 		217.216 		83.0888
v 3.4183 		217.216 		83.1993
v 6.419 		0.26 		127.393
v 3.9777 		217.216 		82.9905
v 33.581 		2.068 		100.915
v 5.274 		0.014 		127.393
v -1.602 		223.092 		80.003
v -1.445 		223.092 		80.436
v 11.987 		0.824 		127.393
v 10.493 		0.751 		127.393
v -1.229 		223.092 		80.845
v 3.175 		225.747 		78.805
v 9.051 		0.631 		127.393
v 3.124 		225.747 		78.664
v 35.05 		-4.824 		105.494
v -1.932 		222.284 		80.086
v 3.737 		225.434 		78.664
v 6.919 		1.891 		126.643
v -1.76 		222.284 		80.558
v 35.619 		-3.424 		105.494
v 3.662 		225.434 		78.456
v 11.26 		2.175 		126.643
v 35.81 		-2 		105.494
v 3.558 		225.434 		78.258
v 4.899 		1.647 		126.643
v 9.051 		2.068 		126.643
v -8.221 		0.848 		110.153
v 3.427 		225.434 		78.075
v 35.619 		-0.576 		105.494
v -2.012 		221.412 		80.656
v 3.272 		225.434 		77.909
v -8.796 		-3.436 		110.153
v 11.987 		-0.613 		127.849
v 0.2354 		217.216 		83.0888
v 11.26 		-0.673 		127.849
v -8.988 		-2 		110.153
v 0.8064 		217.216 		83.2704
v 0.4601 		217.216 		83.16
v 10.571 		-0.756 		127.849
v -8.221 		-4.848 		110.153
v 34.495 		-4.751 		100.915
v 9.932 		-0.86 		127.849
v 9.355 		-0.984 		127.849
v 35.05 		-3.387 		100.915
v 3.027 		1.341 		126.643
v -8.796 		-0.564 		110.153
v 1.333 		0.978 		126.643
v 35.235 		-2 		100.915
v -2.194 		221.412 		80.152
v 35.05 		-0.613 		100.915
v 1.398 		217.216 		83.3806
v 1.0391 		217.216 		83.314
v 3.053 		225.747 		78.531
v 2 		217.216 		83.4172
v 1.6351 		217.216 		83.395
v -0.35 		225.004 		79.1
v 2.965 		225.747 		78.407
v -0.33 		225.004 		79.387
v -1.967 		217.216 		82.044
v -1.536 		217.216 		82.536
v -1.044 		217.216 		82.967
v -0.5 		217.216 		83.33
v -0.27 		225.004 		79.669
v -8.036 		0.824 		105.494
v 9.355 		-3.016 		127.849
v -0.861 		224.464 		79.1
v 9.932 		-3.14 		127.849
v 2.531 		225.936 		78.813
v 10.571 		-3.244 		127.849
v 7.635 		-2 		127.849
v -8.036 		-4.824 		105.494
v 2.487 		225.936 		78.75
v -0.837 		224.464 		79.45
v 11.26 		-3.327 		127.849
v 8.082 		-1.45 		127.849
v 2.434 		225.936 		78.694
v 11.987 		-3.387 		127.849
v 2.373 		225.936 		78.644
v 7.835 		-1.628 		127.849
v 32.8829 		0.7891 		94.697
v -0.764 		224.464 		79.793
v 2.307 		225.936 		78.603
v 7.685 		-1.813 		127.849
v 2.235 		225.936 		78.569
v 32.9112 		0.7403 		94.6799
v 2.159 		225.936 		78.545
v 2.08 		225.936 		78.531
v 33.0229 		0.5582 		94.6349
v 33.1641 		0.106 		94.4993
v 32.9065 		0.7484 		94.6827
v -8.036 		-3.387 		100.915
v 9.051 		-4.631 		127.393
v 4.27 		-0.266 		127.393
v 10.493 		-4.751 		127.393
v 33.581 		0.631 		96.494
v -8.036 		-0.613 		100.915
v 11.987 		-4.824 		127.393
v -1.323 		223.823 		79.1
v -1.295 		223.823 		79.506
v 15.027 		-3.387 		127.849
v 15.754 		-3.327 		127.849
v 33.1986 		-3.9956 		94.4662
v -1.261 		217.216 		82.153
v 11.26 		2.175 		93.664
v -0.8078 		217.216 		82.5254
v -1.0827 		217.216 		82.2997
v 9.051 		2.068 		93.664
v -0.306 		217.216 		82.8392
v -0.6103 		217.216 		82.649
v 33.212 		-3.9568 		94.4587
v -8.796 		-2 		105.494
v -8.605 		-3.424 		105.494
v 33.2484 		-3.8516 		94.4384
v 11.987 		0.824 		92.914
v -0.0929 		217.216 		82.9376
v 10.493 		0.751 		92.914
v 33.4372 		-3.3063 		94.3329
v 7 		217.216 		79
v 6.957 		217.216 		78.347
v 2.86 		225.747 		78.295
v 33.5033 		-2.644 		94.242
v -0.035 		225.004 		78
v 6.83 		217.216 		80.294
v 6.957 		217.216 		79.653
v -0.171 		225.004 		78.258
v 6.33 		217.216 		81.5
v 6.619 		217.216 		80.913
v 2.741 		225.747 		78.197
v 9.051 		0.631 		92.914
v -8.605 		-0.576 		105.494
v -0.27 		225.004 		78.531
v 2.608 		225.747 		78.114
v -0.33 		225.004 		78.813
v 2.466 		225.747 		78.048
v 11.987 		0.7767 		92.899
v -8.221 		-2 		100.915
v 10.5421 		0.7061 		92.899
v 10.5182 		0.7042 		92.899
v 9.8453 		0.6482 		92.899
v 7.685 		-2.187 		127.849
v 7.835 		-2.372 		127.849
v -0.643 		224.464 		78.075
v 33.4629 		-3.0917 		94.3042
v 8.082 		-2.55 		127.849
v 9.051 		-4.631 		92.914
v -0.764 		224.464 		78.407
v 33.4456 		-3.2841 		94.3311
v 10.493 		-4.751 		92.914
v -0.837 		224.464 		78.75
v 11.987 		-4.824 		92.914
v -9.112 		4.577 		82.065
v -9.112 		38.362 		82.065
v 33.5072 		-2.613 		94.2411
v 33.5343 		-2.397 		94.2351
v 2.315 		225.747 		78
v 10.66 		-86 		83
v 9.934 		-86 		84.088
v 9.071 		-86 		85.071
v 8.088 		-86 		85.934
v 7 		-86 		86.66
v 12 		-86 		78
v 11.914 		-86 		79.305
v 11.659 		-86 		80.588
v 11.239 		-86 		81.827
v 2.159 		225.747 		77.971
v 11.239 		-86 		74.173
v 11.659 		-86 		75.412
v 11.914 		-86 		76.695
v 9.071 		-86 		70.929
v 9.934 		-86 		71.912
v 10.66 		-86 		73
v 7 		-86 		69.34
v 8.088 		-86 		70.066
v 33.5841 		-2 		94.224
v 10.66 		-30.256 		83
v 9.934 		-30.256 		84.088
v 9.071 		-30.256 		85.071
v 8.088 		-30.256 		85.934
v 5.659 		217.216 		81.7284
v 7 		-30.256 		86.66
v 33.5038 		-1.356 		94.2421
v 12.741 		-3.424 		127.849
v 5.9938 		217.216 		81.2586
v 5.791 		217.216 		81.5437
v 11.5446 		-4.7551 		92.899
v 33.5531 		-1.7518 		94.2309
v 13.507 		-3.436 		127.849
v 4.27 		-3.734 		127.393
v 14.273 		-3.424 		127.849
v 6.2606 		217.216 		80.7518
v 6.0986 		217.216 		81.0591
v 11.914 		-30.256 		79.305
v 11.853 		1.901 		92.899
v 11.967 		-30.256 		78.5
v 33.4832 		-1.1295 		94.2736
v 11.659 		-30.256 		80.588
v 33.5016 		-1.3319 		94.2454
v 11.303 		1.689 		92.899
v 6.4546 		217.216 		80.2174
v 10.794 		1.422 		92.899
v 6.337 		217.216 		80.5415
v 11.239 		-30.256 		81.827
v 6.501 		217.216 		79.9995
v 5.274 		-4.014 		127.393
v 33.4372 		-0.6937 		94.3329
v 33.4456 		-0.7159 		94.3311
v 10.333 		1.106 		92.899
v 33.1986 		-0.0044 		94.4662
v 33.2369 		-0.1151 		94.4448
v 33.3757 		-0.516 		94.3673
v 9.928 		0.745 		92.899
v 34.112 		-3.327 		96.494
v 34.29 		-2 		96.494
v 7 		-35.3 		69.34
v 11.853 		-4.874 		92.899
v 1.566 		225.936 		79.506
v 1.627 		225.936 		79.556
v -1.07 		223.823 		77.909
v 1.693 		225.936 		79.597
v 1.765 		225.936 		79.631
v 34.112 		-0.673 		96.494
v 1.841 		225.936 		79.655
v 1.863 		-2 		127.393
v 1.92 		225.936 		79.669
v 6.5724 		217.216 		78.5366
v 6.5964 		217.216 		78.8781
v 3.423 		-0.576 		127.393
v 2 		225.936 		79.674
v 6.612 		217.216 		79.1
v 6.4546 		217.216 		77.9826
v 6.526 		217.216 		78.3187
v 2.75 		-0.91 		127.393
v 6.5724 		217.216 		79.6634
v 7 		-55.3 		69.34
v 6.588 		217.216 		79.4415
v -1.21 		223.823 		78.295
v 4.5 		217.216 		74.67
v 3.913 		217.216 		74.381
v 13.507 		-4.848 		127.393
v 3.294 		217.216 		74.17
v 2.653 		217.216 		74.043
v 2 		217.216 		74
v 1.347 		217.216 		74.043
v 2.26 		-1.263 		127.393
v 0.706 		217.216 		74.17
v 0.087 		217.216 		74.381
v -1.295 		223.823 		78.694
v 6.83 		217.216 		77.706
v 1.963 		-1.628 		127.393
v 6.619 		217.216 		77.087
v 6.33 		217.216 		76.5
v 5.967 		217.216 		75.956
v 32.8833 		-4.789 		94.697
v 9.588 		0.347 		92.8133
v -1.602 		223.092 		78.197
v 1.469 		225.936 		79.387
v 1.513 		225.936 		79.45
v 32.9114 		-4.7403 		94.6799
v -1.697 		223.092 		78.644
v 32.9183 		-4.7291 		94.6771
v 33.0229 		-4.5582 		94.6349
v 15.027 		-4.824 		127.393
v 33.581 		-4.631 		96.494
v 1.035 		225.747 		79.793
v -1.729 		223.092 		79.1
v 9.5728 		0.3229 		92.8063
v 9.5056 		0.2162 		92.7776
v -1.697 		223.092 		79.556
v 1.963 		-2.372 		127.393
v 32.0584 		2.5352 		123.813
v 31.8084 		2.474 		124.7138
v 9.317 		-0.083 		92.6973
v 30.3504 		2.5452 		124.9115
v 31.7982 		2.4745 		124.7155
v 32.0588 		2.5353 		123.811
v 29.411 		2.695 		123.811
v 2.26 		-2.737 		127.393
v 7 		-35.3 		53.0053
v 17.963 		2.068 		93.664
v 29.1093 		2.606 		125.0792
v 9.2652 		-0.2026 		92.6643
v 2.75 		-3.09 		127.393
v 29.7794 		2.5731 		124.9887
v 9.1743 		-0.4125 		92.6118
v 9.12 		-0.538 		92.5804
v 7 		-55.3 		56.7975
v 7 		-35.6391 		52
v 17.963 		0.631 		92.914
v 7 		-35.3 		52
v 7 		-35.3 		52.8187
v 7 		-42.888 		34.5
v 7 		-35.234 		52.978
v 7 		-61.366 		42.154
v 27.2 		2.6641 		125.3401
v 28.0526 		2.6369 		125.2388
v -3 		-86 		86.66
v -4.088 		-86 		85.934
v -5.071 		-86 		85.071
v -5.934 		-86 		84.088
v -6.66 		-86 		83
v 25.9291 		2.7046 		125.4911
v 6.2606 		217.216 		77.4482
v 6.3783 		217.216 		77.7723
v -7.239 		-86 		81.827
v -7.659 		-86 		80.588
v -7.914 		-86 		79.305
v -8 		-86 		78
v 5.9938 		217.216 		76.9414
v -7.914 		-86 		76.695
v -7.659 		-86 		75.412
v -7.239 		-86 		74.173
v 3.423 		-3.424 		127.393
v -6.66 		-86 		73
v 6.1559 		217.216 		77.2487
v -5.934 		-86 		71.912
v -5.071 		-86 		70.929
v -4.088 		-86 		70.066
v -3 		-86 		69.34
v -1.932 		222.284 		78.114
v -3 		-30.256 		86.66
v -4.088 		-30.256 		85.934
v 5.659 		217.216 		76.4716
v -5.071 		-30.256 		85.071
v 16.521 		0.751 		92.914
v 5.8619 		217.216 		76.7567
v -5.934 		-30.256 		84.088
v 9.1051 		-0.5964 		92.5653
v -6.66 		-30.256 		83
v 5.261 		217.216 		76.047
v 5.5023 		217.216 		76.3045
v 9.0402 		-0.8506 		92.5069
v -7.239 		-30.256 		81.827
v 9.0266 		-0.9037 		92.4947
v 5.0827 		217.216 		75.9003
v -7.659 		-30.256 		80.588
v -7.914 		-30.256 		79.305
v 9 		-1.008 		92.4741
v -7.967 		-30.256 		78.5
v 24.705 		2.7443 		125.6292
v 24.7421 		2.743 		125.626
v 24.928 		2.7365 		125.61
v 17.4691 		0.6231 		92.899
v 16.4719 		0.7061 		92.899
v 16.4471 		0.7073 		92.899
v 5.536 		217.216 		75.464
v 5.044 		217.216 		75.033
v 16.521 		-4.751 		92.914
v -2.035 		222.284 		78.603
v 8.9936 		-1.0852 		92.458
v 8.988 		-1.1523 		92.4534
v 8.9706 		-1.3595 		92.4415
v 31.352 		1.35 		125.61
v 8.96 		-1.487 		92.4357
v 17.963 		-4.631 		92.914
v 2 		226 		79.1
v 29.412 		1.891 		125.61
v -2.035 		222.284 		79.597
v 4.8078 		217.216 		75.6746
v 4.306 		217.216 		75.3608
v 4.6103 		217.216 		75.551
v 32.5694 		1.3768 		125.3248
v 32.4714 		1.5599 		125.236
v -2 		-35.3 		68.8464
v 32.1395 		2.0686 		124.938
v 6.419 		-4.26 		127.393
v 32.3448 		1.8173 		125.0769
v 7.685 		-4.467 		127.393
v 32.708 		1.891 		123.813
v 8.9644 		-1.5395 		92.4331
v 8.9781 		-1.703 		92.4272
v 15.754 		2.175 		93.664
v 8.9908 		-1.8549 		92.4237
v 9 		-1.965 		92.4227
v 15.027 		0.824 		92.914
v 4.899 		-5.647 		126.643
v -2.07 		222.284 		79.1
v -2.194 		221.412 		78.048
v 6.919 		-5.891 		126.643
v -2.305 		221.412 		78.569
v 28.416 		0.106 		126.643
v 27.165 		0.564 		126.643
v -2 		-55.3 		68.8464
v 5.3553 		-6.8145 		125.8433
v -2.342 		221.412 		79.1
v 4.899 		-6.806 		125.8099
v 3.7646 		217.216 		75.1112
v 4.0929 		217.216 		75.2624
v 13.507 		0.848 		92.914
v -2.305 		221.412 		79.631
v 3.1936 		217.216 		74.9296
v 3.5399 		217.216 		75.04
v 7.4388 		-6.8574 		125.9419
v 5.7983 		-6.8237 		125.8643
v 2.602 		217.216 		74.8194
v 2.9609 		217.216 		74.886
v 8.1698 		-6.8724 		125.9766
v 15.0022 		0.7779 		92.899
v 2.3649 		217.216 		74.805
v 14.977 		0.7783 		92.899
v 13.507 		0.8016 		92.899
v 13.4818 		0.8012 		92.899
v 12.0118 		0.7779 		92.899
v 1.333 		-4.978 		126.643
v 25.681 		0.978 		126.643
v 13.507 		-4.848 		92.914
v 15.027 		-4.824 		92.914
v 3.027 		-5.341 		126.643
v -0.023 		224.464 		77.206
v 9.0089 		-2 		92.4222
v 13.507 		-4.8016 		92.899
v 15.0022 		-4.7779 		92.899
v 13.5322 		-4.8012 		92.899
v 2.2719 		-6.743 		125.626
v 2.309 		-6.7443 		125.6292
v 15.027 		-4.7767 		92.899
v 27.2 		2.365 		125.61
v 15.7889 		-4.7395 		92.899
v 2.086 		-6.7365 		125.61
v -0.27 		224.464 		77.469
v 12.0118 		-4.7779 		92.899
v 9.0454 		-2.1433 		92.4222
v 9.0828 		-2.2902 		92.4243
v 12.037 		-4.7783 		92.899
v 3.0505 		-6.7714 		125.6741
v 9.12 		-2.436 		92.4284
v 2 		217.216 		74.7828
v 16.5 		1.422 		92.899
v -0.478 		224.464 		77.761
v 1.398 		217.216 		74.8194
v 1.7629 		217.216 		74.7972
v 1.0849 		-6.7046 		125.4911
v 29.412 		-3.612 		126.643
v 0.8064 		217.216 		74.9296
v 1.1653 		217.216 		74.863
v 16.961 		1.106 		92.899
v 17.365 		0.745 		92.899
v -0.023 		223.823 		76.632
v 30.136 		-3.09 		126.643
v 0.2354 		217.216 		75.1112
v 0.5817 		217.216 		75.0007
v -0.35 		223.823 		76.9
v 0.0223 		217.216 		75.2095
v -3 		217.216 		79
v -2.957 		217.216 		79.653
v -2.83 		217.216 		80.294
v -0.637 		223.823 		77.206
v -2.83 		217.216 		77.706
v -2.957 		217.216 		78.347
v -0.5 		217.216 		74.67
v 9.355 		-3.016 		92.458
v -2.619 		217.216 		80.913
v -2.33 		217.216 		81.5
v 13.647 		2.18 		92.899
v 13.035 		2.149 		92.899
v 12.434 		2.055 		92.899
v 7.836 		3.267 		119.39
v 15.44 		1.901 		92.899
v 14.86 		2.055 		92.899
v 14.258 		2.149 		92.899
v -0.878 		223.823 		77.544
v 30.576 		-2.55 		126.643
v 15.99 		1.689 		92.899
v 2.261 		3.132 		119.39
v 30.723 		-2 		126.643
v 9.1236 		-2.4444 		92.4286
v 9.195 		-2.6089 		92.4347
v 9.2753 		-2.7938 		92.444
v -2 		-35.3 		53.0053
v 30.576 		-1.45 		126.643
v 9.317 		-2.89 		92.4499
v 30.136 		-0.91 		126.643
v 7.686 		3.406 		114.812
v 29.412 		-0.388 		126.643
v 1.964 		3.267 		114.812
v -0.958 		223.092 		76.975
v -1.229 		223.092 		77.355
v 13.035 		-5.122 		92.899
v 13.647 		-5.153 		92.899
v 14.258 		-5.122 		92.899
v 14.86 		-5.028 		92.899
v 15.44 		-4.874 		92.899
v 12.434 		-5.028 		92.899
v -1.445 		223.092 		77.764
v -2 		-55.3 		56.7975
v -2 		-35.3 		52.8187
v -2 		-35.3 		52
v -2 		-35.6391 		52
v -2 		-35.234 		52.978
v -2 		-42.888 		34.5
v -2 		-61.366 		42.154
v -2.4546 		217.216 		80.2174
v -1.525 		222.284 		77.195
v 5.827 		-86 		87.239
v -2.526 		217.216 		79.8813
v 4.588 		-86 		87.659
v 3.305 		-86 		87.914
v 2 		-86 		88
v 0.695 		-86 		87.914
v -0.588 		-86 		87.659
v -1.827 		-86 		87.239
v -2.2606 		217.216 		80.7518
v -2.3783 		217.216 		80.4277
v 5.827 		-30.256 		87.239
v -1.9938 		217.216 		81.2586
v -1.76 		222.284 		77.642
v -2.1559 		217.216 		80.9513
v 4.588 		-30.256 		87.659
v 3.305 		-30.256 		87.914
v 2 		-30.256 		88
v 0.695 		-30.256 		87.914
v -1.659 		217.216 		81.7284
v -1.8619 		217.216 		81.4433
v 9.5511 		-3.2614 		92.5074
v -0.588 		-30.256 		87.659
v 9.5229 		-3.2168 		92.498
v -1.827 		-30.256 		87.239
v 9.4029 		-3.0263 		92.458
v -1.5023 		217.216 		81.8955
v -1.76 		221.412 		77.067
v 9.588 		-3.32 		92.5216
v -2.012 		221.412 		77.544
v 9.3909 		-3.0072 		92.4567
v 25.151 		-2 		127.393
v 7.636 		3.453 		110.153
v 1.865 		3.313 		110.153
v 17.9144 		0.0159 		92.7336
v 17.705 		0.347 		92.8225
v -0.27 		223.092 		76.331
v 25.051 		-1.628 		127.393
v -2.4546 		217.216 		77.9826
v -0.637 		223.092 		76.632
v 24.754 		-1.263 		127.393
v 9.704 		-3.4562 		92.5532
v 2 		-55.3 		68
v 3.305 		-55.3 		68.086
v -2.5724 		217.216 		78.5366
v 4.588 		-55.3 		68.341
v -2.501 		217.216 		78.2005
v 9.8012 		-3.5702 		92.5796
v 5.827 		-55.3 		68.761
v 0.695 		-55.3 		68.086
v -2.612 		217.216 		79.1
v -2.588 		217.216 		78.7585
v 9.928 		-3.719 		92.6184
v 1.433 		225.936 		78.88
v 1.407 		225.936 		78.951
v -2.5724 		217.216 		79.6634
v -0.035 		222.284 		75.8
v -2.5964 		217.216 		79.3219
v 1.392 		225.936 		79.025
v 1.387 		225.936 		79.1
v -0.478 		222.284 		76.077
v 1.392 		225.936 		79.175
v -1.827 		-55.3 		68.761
v -0.588 		-55.3 		68.341
v 1.407 		225.936 		79.249
v -1.967 		217.216 		75.956
v -2.33 		217.216 		76.5
v 1.433 		225.936 		79.32
v -0.878 		222.284 		76.406
v -2.619 		217.216 		77.087
v -1.229 		222.284 		76.78
v 10.1946 		-3.9559 		92.6779
v 9.9551 		-3.7431 		92.6244
v 10.333 		-4.079 		92.7122
v -0.643 		221.412 		75.875
v -1.07 		221.412 		76.226
v 7.686 		3.406 		105.495
v 24.754 		-2.737 		127.393
v -1.445 		221.412 		76.625
v 17.6302 		0.4345 		92.8453
v 1.964 		3.267 		105.495
v 25.051 		-2.372 		127.393
v 17.5954 		0.4753 		92.8569
v 3.305 		-35.3 		68.086
v 2 		-35.3 		68
v 10.3409 		-4.0845 		92.7137
v 4.588 		-35.3 		68.341
v 5.827 		-35.3 		68.761
v 0.695 		-35.3 		68.086
v 7.836 		3.267 		100.917
v 10.794 		-4.396 		92.7976
v -1.827 		-35.3 		68.761
v -0.588 		-35.3 		68.341
v 2.261 		3.132 		100.917
v 0.825 		225.747 		79.395
v 0.876 		225.747 		79.536
v -1.261 		217.216 		76.047
v -0.9861 		217.216 		75.8213
v 0.947 		225.747 		79.669
v -1.659 		217.216 		76.4716
v -1.4177 		217.216 		76.2141
v 0.695 		-86 		68.086
v 2 		-86 		68
v 3.305 		-86 		68.086
v 4.588 		-86 		68.341
v 5.827 		-86 		68.761
v 0.263 		225.434 		79.536
v -1.9938 		217.216 		76.9414
v -1.827 		-86 		68.761
v -0.588 		-86 		68.341
v -0.171 		221.412 		75.58
v -1.791 		217.216 		76.6563
v 16.5 		-4.396 		92.8047
v 0.338 		225.434 		79.744
v -2.2606 		217.216 		77.4482
v -2.0986 		217.216 		77.1409
v 10.8499 		-4.4252 		92.8051
v 10.9533 		-4.4793 		92.8206
v 11.303 		-4.662 		92.8732
v -2.337 		217.216 		77.6585
v 4.27 		220.491 		82.781
v -1.044 		217.216 		75.033
v -1.536 		217.216 		75.464
v 4.764 		220.491 		82.472
v 16.961 		-4.079 		92.7193
v 5.21 		220.491 		82.105
v 0.794 		225.747 		78.951
v 4.33 		219.538 		82.878
v 8.2585 		-6.8744 		94.3286
v 0.784 		225.747 		79.1
v 4.837 		219.538 		82.561
v 5.295 		219.538 		82.185
v 11.239 		-30.256 		82.827
v 10.66 		-30.256 		84
v 9.934 		-30.256 		85.088
v 0.794 		225.747 		79.249
v 9.071 		-30.256 		86.071
v 16.9877 		-4.0552 		92.7127
v 8.088 		-30.256 		86.934
v 8.2585 		2.8744 		94.3286
v 7 		-30.256 		87.66
v 9.588 		0.347 		89
v 5.827 		-30.256 		88.239
v 4.588 		-30.256 		88.659
v 3.305 		-30.256 		88.914
v 2 		-30.256 		89
v 0.695 		-30.256 		88.914
v 17.1619 		-3.9 		92.6737
v 17.365 		-3.719 		92.6282
v 32.7498 		-5.0378 		125.4895
v 4.35 		218.567 		82.911
v -3 		-30.256 		87.66
v 25.681 		-4.978 		126.643
v 0.217 		225.434 		78.88
v 4.861 		218.567 		82.591
v 0.201 		225.434 		79.1
v 17.4178 		-3.6571 		92.612
v 27.165 		-4.564 		126.643
v 17.6925 		-3.3346 		92.5372
v 17.5985 		-3.445 		92.5628
v 5.323 		218.567 		82.211
v 17.705 		-3.32 		92.5343
v 0.217 		225.434 		79.32
v 3.305 		90.524 		88.914
v 2 		90.524 		89
v 4.588 		90.524 		88.659
v 28.416 		-4.106 		126.643
v 18.166 		-2.874 		92.458
v -4.088 		-30.256 		86.934
v 5.827 		90.524 		88.239
v 7 		90.524 		87.66
v -5.071 		-30.256 		86.071
v 4.33 		217.597 		82.878
v 8.088 		90.524 		86.934
v -5.934 		-30.256 		85.088
v 8.848 		-1.126 		92.458
v 9.071 		90.524 		86.071
v 9.934 		90.524 		85.088
v 4.837 		217.597 		82.561
v -6.66 		-30.256 		84
v 10.66 		90.524 		84
v -7.239 		-30.256 		82.827
v 11.239 		90.524 		82.827
v 5.295 		217.597 		82.185
v 0.695 		90.524 		88.914
v -0.588 		-30.256 		88.659
v -1.827 		-30.256 		88.239
v 8.422 		-1.282 		92.458
v -7.239 		90.524 		82.827
v -6.66 		90.524 		84
v -5.934 		90.524 		85.088
v -5.071 		90.524 		86.071
v -4.088 		90.524 		86.934
v -3 		90.524 		87.66
v 12 		-30.256 		79
v 11.914 		-30.256 		80.305
v -1.827 		90.524 		88.239
v -0.588 		90.524 		88.659
v 11.659 		-30.256 		81.588
v 11.659 		90.524 		81.588
v 24.263 		2.908 		123.811
v 11.914 		90.524 		80.305
v 17.8469 		-3.0956 		92.4872
v -7.659 		-30.256 		81.588
v 12 		90.524 		79
v 17.8654 		-3.0665 		92.4811
v -7.914 		-30.256 		80.305
v 23.9635 		2.7714 		125.6741
v -8 		-30.256 		79
v 18.931 		3.038 		123.811
v 18.7555 		2.8744 		125.9784
v 17.9486 		-2.9349 		92.458
v 21.2157 		2.8237 		125.8643
v 2 		225.936 		78.526
v 5.827 		-21.809 		68.761
v 4.588 		-21.809 		68.341
v 3.305 		-21.809 		68.086
v 19.5752 		2.8574 		125.9419
v 2 		-21.809 		68
v 0.695 		-21.809 		68.086
v 2 		-21.809 		69
v 1.92 		225.936 		78.531
v 17.977 		-2.89 		92.4554
v 2.593 		220.491 		83.314
v -0.588 		-21.809 		68.341
v -1.827 		-21.809 		68.761
v 18.8442 		2.8724 		125.9766
v 1.841 		225.936 		78.545
v 1.765 		225.936 		78.569
v 1.693 		225.936 		78.603
v 21.6587 		2.8145 		125.8433
v 22.115 		2.806 		125.8099
v 1.627 		225.936 		78.644
v 3.175 		220.491 		83.205
v 1.566 		225.936 		78.694
v 11.914 		90.524 		77.695
v 8.422 		-2.718 		92.458
v 11.659 		90.524 		76.412
v 8.279 		51.182 		38
v 8.444 		50.348 		38
v 8.5 		49.5 		38
v 3.737 		220.491 		83.027
v 11.239 		90.524 		75.173
v 8.848 		-2.874 		92.458
v 0.318 		55.779 		38
v 1.152 		55.944 		38
v 2 		56 		38
v 2.848 		55.944 		38
v 3.682 		55.779 		38
v 4.487 		55.505 		38
v 5.25 		55.129 		38
v 5.957 		54.657 		38
v 6.596 		54.096 		38
v 7.157 		53.457 		38
v 7.629 		52.75 		38
v 8.005 		51.987 		38
v -4.5 		49.5 		38
v -4.444 		50.348 		38
v -4.279 		51.182 		38
v -4.005 		51.987 		38
v -3.629 		52.75 		38
v -3.157 		53.457 		38
v -2.596 		54.096 		38
v -1.957 		54.657 		38
v -1.25 		55.129 		38
v -0.487 		55.505 		38
v 2.608 		219.538 		83.425
v 17.9976 		-2.8424 		92.4525
v 18.0828 		-2.6461 		92.4427
v 2 		43 		38
v 1.152 		43.056 		38
v 0.318 		43.221 		38
v 8.444 		48.652 		38
v 8.279 		47.818 		38
v 8.005 		47.013 		38
v 7.629 		46.25 		38
v 3.206 		219.538 		83.314
v 10.66 		90.524 		74
v 18.1586 		-2.4716 		92.4362
v 7.157 		45.543 		38
v 6.596 		44.904 		38
v 5.957 		44.343 		38
v 5.25 		43.871 		38
v 4.487 		43.495 		38
v 3.682 		43.221 		38
v 2.848 		43.056 		38
v 18.174 		-2.436 		92.4353
v 9.934 		90.524 		72.912
v 9.071 		90.524 		71.929
v -0.487 		43.495 		38
v 8.088 		90.524 		71.066
v -1.25 		43.871 		38
v -1.957 		44.343 		38
v -2.596 		44.904 		38
v -3.157 		45.543 		38
v -3.629 		46.25 		38
v -4.005 		47.013 		38
v -4.279 		47.818 		38
v -4.444 		48.652 		38
v 7 		90.524 		70.34
v 5.827 		90.524 		69.761
v 4.588 		90.524 		69.341
v 21.74 		0.014 		127.393
v 3.305 		90.524 		69.086
v 2 		90.524 		69
v 3.783 		219.538 		83.13
v 0.695 		90.524 		69.086
v -0.588 		90.524 		69.341
v -1.827 		90.524 		69.761
v 20.595 		0.26 		127.393
v -3 		90.524 		70.34
v -4.088 		90.524 		71.066
v -5.071 		90.524 		71.929
v -5.934 		90.524 		72.912
v -6.66 		90.524 		74
v -7.239 		90.524 		75.173
v 1.513 		225.936 		78.75
v -7.659 		90.524 		76.412
v -7.914 		90.524 		77.695
v 1.469 		225.936 		78.813
v -8 		90.524 		79
v -7.914 		90.524 		80.305
v -7.659 		90.524 		81.588
v 23.987 		1.341 		126.643
v 18.2842 		-2 		92.4295
v 0.263 		220.491 		83.027
v 18.293 		-1.965 		92.4299
v 18.2063 		-2.3082 		92.4318
v 22.115 		1.647 		126.643
v 18.2457 		-2.1522 		92.4295
v 0.825 		220.491 		83.205
v 1.035 		225.747 		78.407
v 1.407 		220.491 		83.314
v 2 		220.491 		83.35
v 0.217 		219.538 		83.13
v 19.329 		0.467 		127.393
v 0.794 		219.538 		83.314
v 1.392 		219.538 		83.425
v 2.2551 		-6.908 		96.8694
v 2.751 		-6.908 		96.496
v 2 		219.538 		83.462
v 2.7096 		-6.9269 		96.8692
v 8.083 		-7.038 		96.496
v 20.095 		1.891 		126.643
v 8.0622 		-7.0573 		96.8678
v 7.5932 		-7.0459 		96.8679
v 18.303 		-1.846 		92.431
v 18.3165 		-1.6846 		92.4347
v 2 		56 		69
v 18.331 		-1.5109 		92.441
v 18.333 		-1.487 		92.4422
v 8.083 		3.038 		96.496
v 2 		225.747 		77.961
v 1.841 		225.747 		77.971
v 2.751 		2.908 		96.496
v 18.3007 		-1.1007 		92.4714
v 18.3017 		-1.1122 		92.4694
v 18.3072 		-1.1777 		92.458
v 1.685 		225.747 		78
v 18.293 		-1.008 		92.4907
v 3.0505 		-6.7714 		94.6329
v 2.3088 		-6.7443 		94.6779
v 2.3603 		-6.7462 		94.6748
v 2.613 		218.567 		83.462
v 2.0866 		-6.7366 		94.697
v 1.534 		225.747 		78.048
v 5.356 		-6.8141 		94.4633
v 5.5143 		-6.8174 		94.4558
v 3.216 		218.567 		83.35
v 18.3191 		-1.3205 		92.4498
v 3.799 		218.567 		83.165
v 24.264 		-0.91 		127.393
v 8.1698 		-6.8724 		94.3304
v 23.591 		-0.576 		127.393
v 1.392 		225.747 		78.114
v 5.9516 		-6.8264 		94.4351
v 22.744 		-0.266 		127.393
v 2.608 		217.597 		83.425
v 18.2652 		-0.8984 		92.5124
v 18.2503 		-0.8394 		92.5241
v 3.206 		217.597 		83.314
v 18.2023 		-0.6498 		92.5677
v 18.174 		-0.538 		92.5934
v 3.0505 		2.7714 		94.6329
v 3.783 		217.597 		83.13
v 2 		43 		69
v 5.7983 		2.8237 		94.4427
v 5.3553 		2.8145 		94.4637
v 4.899 		2.806 		94.4971
v 8.1698 		2.8724 		94.3304
v 7.4388 		2.8574 		94.3651
v 2.309 		2.7443 		94.6778
v 2.2719 		2.743 		94.681
v 2.086 		2.7365 		94.697
v 1.0849 		2.7046 		94.8159
v 18.1641 		-0.515 		92.5985
v 18.0935 		-0.3521 		92.6393
v 17.9854 		-0.1024 		92.7017
v 17.977 		-0.083 		92.707
v 21.74 		-4.014 		127.393
v 0.201 		218.567 		83.165
v 1.259 		225.747 		78.197
v 22.744 		-3.734 		127.393
v 6.919 		1.891 		93.664
v 23.591 		-3.424 		127.393
v 0.784 		218.567 		83.35
v 1.14 		225.747 		78.295
v 4.899 		1.647 		93.664
v 24.264 		-3.09 		127.393
v 1.387 		218.567 		83.462
v 2 		218.567 		83.5
v 7.685 		0.467 		92.914
v 0.217 		217.597 		83.13
v 6.419 		0.26 		92.914
v 0.794 		217.597 		83.314
v 1.392 		217.597 		83.425
v 9.071 		49.152 		71.929
v 8.5 		49.5 		71.4277
v 8.444 		50.348 		71.3785
v 5.274 		0.014 		92.914
v 2 		217.597 		83.462
v 8.279 		51.182 		71.2337
v 8.088 		51.7431 		71.066
v 15.99 		-4.662 		92.8775
v 19.379 		-2 		127.849
v 19.329 		-1.813 		127.849
v 19.179 		-1.628 		127.849
v 18.932 		-1.45 		127.849
v 18.592 		-1.282 		127.849
v 8.005 		51.987 		71.0106
v 16.2659 		-4.5181 		92.8361
v 7.629 		52.75 		70.7597
v 16.3671 		-4.4653 		92.8225
v 7.157 		53.457 		70.4448
v 7 		53.6358 		70.34
v 5.602 		220.491 		81.687
v 0.947 		225.747 		78.531
v 6.596 		54.096 		70.1406
v 5.932 		220.491 		81.225
v 5.957 		54.657 		69.8252
v 5.827 		54.7438 		69.761
v 0.876 		225.747 		78.664
v 6.194 		220.491 		80.726
v 3.027 		1.341 		93.664
v 1.333 		0.978 		93.664
v 0.825 		225.747 		78.805
v 6.385 		220.491 		80.2
v 17.705 		0.347 		87.4195
v 17.9245 		0 		87.403
v 17.365 		0.745 		87.4451
v 16.961 		1.106 		87.4755
v 16.5 		1.422 		87.5102
v 16.384 		1.4827 		87.5189
v 5.25 		55.129 		69.5654
v 4.588 		55.4552 		69.341
v 0.338 		225.434 		78.456
v 5.697 		219.538 		81.756
v 4.27 		-0.266 		92.914
v 0.263 		225.434 		78.664
v 6.035 		219.538 		81.281
v 4.487 		55.505 		69.3209
v 7.635 		-2 		92.458
v 3.682 		55.779 		69.1609
v 3.305 		55.8536 		69.086
v 6.305 		219.538 		80.769
v 6.501 		219.538 		80.229
v 18.592 		-2.718 		127.849
v 2.848 		55.944 		69.0559
v 18.932 		-2.55 		127.849
v 19.179 		-2.372 		127.849
v 19.329 		-2.187 		127.849
v 1.152 		55.944 		69.0559
v 0.695 		55.8536 		69.086
v 0.728 		225.434 		77.909
v 0.318 		55.779 		69.1609
v 0.573 		225.434 		78.075
v 8.082 		-1.45 		92.458
v 16.5 		-4.396 		87.5102
v 16.384 		-4.4565 		87.5189
v -0.487 		55.505 		69.3209
v 0.442 		225.434 		78.258
v -0.588 		55.4552 		69.341
v 7.835 		-1.628 		92.458
v 16.961 		-4.079 		87.4755
v 17.365 		-3.719 		87.4451
v 17.705 		-3.32 		87.4195
v 17.977 		-2.89 		87.399
v 5.729 		218.567 		81.779
v 7.685 		-1.813 		92.458
v 6.07 		218.567 		81.3
v 3.175 		225.004 		81.005
v -1.25 		55.129 		69.5654
v -1.827 		54.7438 		69.761
v 20.595 		-4.26 		127.393
v 6.342 		218.567 		80.784
v 3.095 		224.464 		81.575
v 3.431 		224.464 		81.42
v 18.174 		-2.436 		87.3842
v 18.293 		-1.965 		87.3752
v 6.54 		218.567 		80.239
v 18.333 		-1.487 		87.3722
v 3.742 		224.464 		81.225
v 18.293 		-1.008 		87.3752
v 18.174 		-0.538 		87.3842
v -1.957 		54.657 		69.8252
v 17.977 		-0.083 		87.399
v -2.596 		54.096 		70.1406
v 19.329 		-4.467 		127.393
v -3 		53.6358 		70.34
v 4.023 		224.464 		80.994
v 5.697 		217.597 		81.756
v 4.27 		-3.734 		92.914
v 15.99 		1.689 		87.5486
v 6.035 		217.597 		81.281
v 15.44 		1.901 		87.59
v 14.86 		2.055 		87.6337
v 5.274 		-4.014 		92.914
v 14.258 		2.149 		87.679
v 13.647 		2.18 		87.725
v 13.035 		2.149 		87.771
v -3.157 		53.457 		70.4448
v 6.305 		217.597 		80.769
v -3.629 		52.75 		70.7597
v 12.434 		2.055 		87.8163
v -4.005 		51.987 		71.0106
v 12.288 		2.0163 		87.8273
v -4.088 		51.7431 		71.066
v 14.258 		-5.122 		87.679
v 13.647 		-5.153 		87.725
v 7.685 		-2.187 		92.458
v 6.501 		217.597 		80.229
v 32.4352 		2.627 		121.8403
v 32.5049 		2.644 		121.4751
v 30.134 		2.908 		119.39
v 14.86 		-5.028 		87.6337
v 15.44 		-4.874 		87.59
v 2.307 		225.004 		81.281
v 7.835 		-2.372 		92.458
v 15.99 		-4.662 		87.5486
v 24.753 		3.132 		119.39
v 2.608 		225.004 		81.225
v 8.082 		-2.55 		92.458
v 12.434 		-5.028 		87.8163
v 12.288 		-4.9893 		87.8273
v 30.574 		3.038 		114.812
v 13.035 		-5.122 		87.771
v 2.899 		225.004 		81.133
v -4.279 		51.182 		71.2337
v 12 		1.94 		87.849
v -4.444 		50.348 		71.3785
v -4.5 		49.5 		71.4277
v 25.05 		3.267 		114.812
v 12 		-4.913 		87.849
v -5.071 		49.152 		71.929
v 2.373 		224.464 		81.756
v 4.478 		222.284 		82.123
v 2.741 		224.464 		81.687
v 4.171 		221.412 		82.62
v 4.643 		221.412 		82.325
v 5.07 		221.412 		81.974
v 19.178 		3.267 		119.39
v 19.328 		3.406 		114.812
v 6.54 		220.491 		79.1
v 6.501 		220.491 		78.545
v 30.721 		3.081 		110.153
v 1.863 		-2 		92.914
v 6.385 		220.491 		78
v 25.149 		3.313 		110.153
v -7.239 		38.362 		82.827
v 3.423 		-0.576 		92.914
v -6.66 		38.362 		84
v -3.556 		38.362 		89
v -5.934 		38.362 		85.088
v -5.071 		38.362 		86.071
v 2.434 		223.823 		82.185
v 6.501 		220.491 		79.655
v -4.088 		38.362 		86.934
v 2.75 		-0.91 		92.914
v -3 		38.362 		87.66
v 3.662 		223.823 		81.794
v 2.86 		223.823 		82.105
v 19.378 		3.453 		110.153
v -2.0202 		38.362 		88.1436
v 6.66 		219.538 		79.1
v 6.62 		219.538 		78.531
v 4.023 		223.823 		81.568
v 2.26 		-1.263 		92.914
v 3.272 		223.823 		81.974
v 6.501 		219.538 		77.971
v 30.574 		3.038 		105.495
v 1.963 		-1.628 		92.914
v 6.62 		219.538 		79.669
v 25.05 		3.267 		105.495
v 30.134 		2.908 		100.917
v 3.431 		225.004 		80.845
v 24.753 		3.132 		100.917
v 3.662 		225.004 		80.656
v 3.864 		225.004 		80.439
v 6.66 		218.567 		78.526
v 6.7 		218.567 		79.1
v 32.5075 		2.645 		98.8478
v 6.54 		218.567 		77.961
v 4.035 		225.004 		80.2
v 32.4372 		2.6278 		98.4791
v 8.279 		47.818 		71.2337
v 8.088 		47.2569 		71.066
v 8.444 		48.652 		71.3785
v 6.66 		218.567 		79.674
v 1.963 		-2.372 		92.914
v 19.328 		3.406 		105.495
v 6.66 		217.597 		79.1
v 6.62 		217.597 		78.531
v 19.178 		3.267 		100.917
v 0.728 		223.823 		81.974
v 1.14 		223.823 		82.105
v 2.26 		-2.737 		92.914
v 6.501 		217.597 		77.971
v 2.75 		-3.09 		92.914
v 7.157 		45.543 		70.4448
v 7 		45.3642 		70.34
v 29.411 		2.695 		96.496
v 7.629 		46.25 		70.7597
v 19 		-11.18 		87.322
v 1.101 		225.004 		81.133
v 8.005 		47.013 		71.0106
v 12 		-11.18 		79
v 1.566 		223.823 		82.185
v 6.62 		217.597 		79.669
v 32.0588 		2.5353 		96.496
v 3.423 		-3.424 		92.914
v 1.392 		225.004 		81.225
v 17.954 		-11.18 		69
v 1.693 		225.004 		81.281
v 31.7986 		2.4745 		95.5916
v 30.1206 		2.5566 		95.3649
v 32.0584 		2.5352 		96.494
v 5.957 		44.343 		69.8252
v 5.827 		44.2562 		69.761
v 6.596 		44.904 		70.1406
v 2 		225.004 		81.3
v 31.8084 		2.4741 		95.5933
v 29.1094 		2.606 		95.2281
v 24.7052 		2.7443 		94.6779
v 24.6537 		2.7462 		94.6748
v 27.3022 		2.6609 		94.9792
v 24.9274 		2.7366 		94.697
v 32.9026 		-6.7413 		119.39
v 32.9024 		-6.7412 		119.392
v 6.194 		220.491 		77.474
v 1.259 		224.464 		81.687
v 33.4152 		-6.8664 		114.812
v 33.1779 		-6.8082 		116.9332
v 28.0528 		2.637 		95.0683
v 2 		223.823 		82.211
v 31.352 		1.35 		94.697
v 32.4711 		1.5599 		95.0709
v 1.627 		224.464 		81.756
v 5.25 		43.871 		69.5654
v 4.588 		43.5448 		69.341
v 6.305 		219.538 		77.431
v 32.5831 		1.35 		94.9689
v 32.7498 		1.0378 		94.8175
v 2 		224.464 		81.779
v 3.682 		43.221 		69.1609
v 3.305 		43.1464 		69.086
v 32.2113 		1.9809 		95.3206
v 32.3449 		1.8173 		95.2301
v 4.487 		43.495 		69.3209
v 29.412 		1.891 		94.697
v 2.848 		43.056 		69.0559
v 4.899 		-5.647 		93.664
v 33.1352 		-6.7978 		117.3142
v 5.932 		220.491 		76.975
v 32.0978 		2.1199 		95.3975
v 1.152 		43.056 		69.0559
v 0.695 		43.1464 		69.086
v 33.581 		-6.068 		119.392
v 6.919 		-5.891 		93.664
v 5.602 		220.491 		76.513
v 0.825 		225.004 		81.005
v 0.318 		43.221 		69.1609
v 5.21 		220.491 		76.095
v 0.258 		224.464 		81.225
v 0.569 		224.464 		81.42
v 6.035 		219.538 		76.919
v 34.112 		-6.175 		114.812
v 5.697 		219.538 		76.444
v 0.905 		224.464 		81.575
v 5.295 		219.538 		76.015
v 6.419 		-4.26 		92.914
v 7.685 		-4.467 		92.914
v 33.5081 		-6.8892 		112.2917
v 33.4938 		-6.8857 		112.6799
v 32.708 		1.891 		96.494
v 33.5873 		-6.9083 		110.153
v 33.4937 		-6.8852 		107.6131
v -0.487 		43.495 		69.3209
v -0.588 		43.5448 		69.341
v 0.338 		223.823 		81.794
v 33.5079 		-6.8887 		107.998
v 4.764 		220.491 		75.728
v 34.29 		-6.211 		110.153
v 4.27 		220.491 		75.419
v 4.837 		219.538 		75.639
v 4.33 		219.538 		75.322
v 27.2 		2.365 		94.697
v -1.25 		43.871 		69.5654
v -1.827 		44.2562 		69.761
v 28.416 		0.106 		93.664
v 33.4152 		-6.8664 		105.495
v 33.4152 		-6.8664 		105.494
v 27.165 		0.564 		93.664
v 33.1334 		-6.7979 		102.9795
v 33.1759 		-6.8082 		103.3587
v 32.9026 		-6.7413 		100.917
v -2.596 		44.904 		70.1406
v 0.136 		225.004 		80.439
v -3 		45.3642 		70.34
v -1.957 		44.343 		69.8252
v 1.333 		-4.978 		93.664
v 32.9024 		-6.7412 		100.915
v 6.342 		218.567 		77.416
v 34.112 		-6.175 		105.494
v 25.681 		0.978 		93.664
v 0.338 		225.004 		80.656
v 6.07 		218.567 		76.9
v 3.027 		-5.341 		93.664
v 0.569 		225.004 		80.845
v 2.487 		223.092 		82.561
v 5.729 		218.567 		76.421
v 2.965 		223.092 		82.472
v -4.005 		47.013 		71.0106
v -4.088 		47.2569 		71.066
v 33.581 		-6.068 		100.915
v -3.629 		46.25 		70.7597
v -3.157 		45.543 		70.4448
v 5.323 		218.567 		75.989
v 3.427 		223.092 		82.325
v -4.444 		48.652 		71.3785
v -4.279 		47.818 		71.2337
v 6.305 		217.597 		77.431
v 3.864 		223.092 		82.123
v 6.035 		217.597 		76.919
v 2.531 		222.284 		82.878
v 29.412 		-3.612 		93.664
v 5.697 		217.597 		76.444
v 3.053 		222.284 		82.781
v 5.295 		217.597 		76.015
v 3.558 		222.284 		82.62
v 30.136 		-3.09 		93.664
v -7.659 		38.362 		81.588
v -7.7186 		38.362 		81.2883
v 29.1094 		-6.606 		125.0789
v 4.035 		222.284 		82.4
v 30.576 		-2.55 		93.664
v 29.411 		-6.695 		123.811
v 28.0528 		-6.637 		125.2387
v -2.0954 		2.606 		125.0789
v -1.0388 		2.637 		125.2387
v -0.2882 		2.6609 		125.3278
v 27.3022 		-6.6609 		125.3278
v -2.397 		2.695 		123.811
v 24.6537 		-6.7462 		125.6322
v -3.1066 		2.5566 		124.9421
v 30.723 		-2 		93.664
v 24.9274 		-6.7366 		125.61
v 24.7052 		-6.7443 		125.6291
v -4.7944 		2.4741 		124.7137
v -4.7846 		2.4745 		124.7154
v 30.1206 		-6.5566 		124.9421
v -5.0448 		2.5353 		123.811
v -5.0444 		2.5352 		123.813
v 31.8084 		-6.4741 		124.7137
v 31.7986 		-6.4745 		124.7154
v 4.035 		225.004 		78
v 30.576 		-1.45 		93.664
v 4.861 		218.567 		75.609
v 2.567 		221.412 		83.13
v 32.0588 		-6.5353 		123.811
v 32.0584 		-6.5352 		123.813
v 4.35 		218.567 		75.289
v 3.124 		221.412 		83.027
v 25.2091 		-6.908 		123.0985
v 30.136 		-0.91 		93.664
v -0.151 		0.564 		126.643
v 3.662 		221.412 		82.856
v 29.5271 		-6.7292 		123.1012
v 4.837 		217.597 		75.639
v 30.3446 		-6.6799 		123.1019
v 30.5853 		-6.6654 		123.1021
v -1.402 		0.106 		126.643
v 30.6992 		-6.6585 		123.1022
v 29.412 		-0.388 		93.664
v 4.33 		217.597 		75.322
v 29.412 		-5.891 		125.61
v 31.352 		-5.35 		125.61
v -0.186 		2.365 		125.61
v -2.398 		1.891 		125.61
v 3.737 		220.491 		75.173
v 0.136 		223.092 		82.123
v 3.175 		220.491 		74.995
v 0.573 		223.092 		82.325
v 1.035 		223.092 		82.472
v 2.593 		220.491 		74.886
v 5.827 		16.384 		69.761
v 1.513 		223.092 		82.561
v 32.0978 		-6.1199 		124.9095
v 32.2113 		-5.9809 		124.9864
v -4.338 		1.35 		125.61
v 25.151 		-2 		92.914
v 32.3449 		-5.8173 		125.0769
v 32.4711 		-5.5599 		125.2361
v 2 		223.092 		82.591
v 3.783 		219.538 		75.07
v -5.8689 		0.7891 		125.61
v -5.8925 		0.7484 		125.6243
v 3.206 		219.538 		74.886
v 25.051 		-1.628 		92.914
v 32.5831 		-5.35 		125.3381
v 0.442 		222.284 		82.62
v 2.608 		219.538 		74.775
v 32.708 		-5.891 		123.813
v 24.754 		-1.263 		92.914
v 0.947 		222.284 		82.781
v -5.8972 		0.7403 		125.6271
v -6.1501 		0.106 		125.8077
v -6.0089 		0.5582 		125.6721
v 1.469 		222.284 		82.878
v -5.0838 		2.1199 		124.9095
v -5.1973 		1.9809 		124.9864
v 2 		222.284 		82.911
v -5.3309 		1.8173 		125.0769
v -5.4571 		1.5599 		125.2361
v 30.7 		-6.6 		123.103
v 2 		220.491 		74.85
v 11.853 		1.901 		87.86
v -5.5691 		1.35 		125.3381
v -5.7358 		1.0378 		125.4895
v 11.303 		1.689 		87.9014
v 1.407 		220.491 		74.886
v -5.694 		1.891 		123.813
v 0.825 		220.491 		74.995
v -6.567 		0.631 		123.813
v 27.2 		-6.365 		125.61
v 0.263 		220.491 		75.173
v 2 		219.538 		74.738
v 10.794 		1.422 		87.9397
v 0.338 		221.412 		82.856
v 10.333 		1.106 		87.9744
v 9.928 		0.745 		88.0049
v 9.588 		0.347 		88.0305
v 0.876 		221.412 		83.027
v 9.3693 		0 		88.047
v 1.392 		219.538 		74.775
v 24.754 		-2.737 		92.914
v 1.433 		221.412 		83.13
v 0.794 		219.538 		74.886
v 18.931 		-7.038 		123.811
v 18.7555 		-6.8744 		125.9784
v 25.051 		-2.372 		92.914
v 17.961 		-6.8788 		126.0053
v -3.3364 		-6.5452 		124.9115
v -2.397 		-6.695 		123.811
v -5.0444 		-6.5352 		123.813
v -4.7944 		-6.474 		124.7138
v 0.217 		219.538 		75.07
v -4.7842 		-6.4745 		124.7155
v 2 		221.412 		83.165
v -5.0448 		-6.5353 		123.811
v 21.4997 		-6.8174 		125.8512
v 21.0624 		-6.8264 		125.8719
v 5.827 		8.82 		88.239
v 5.5439 		8.82 		88.335
v 24.263 		-6.908 		123.811
v 18.8442 		-6.8724 		125.9766
v 7 		8.82 		87.66
v 8.088 		8.82 		86.934
v 8.96 		8.82 		86.1684
v 9.071 		8.82 		86.071
v 4.478 		224.464 		77.761
v -2.0953 		-6.606 		125.0792
v 23.9635 		-6.7714 		125.6741
v 21.658 		-6.8141 		125.8437
v 9.934 		8.82 		85.088
v 4.27 		224.464 		77.469
v -2.7654 		-6.5731 		124.9887
v 10.66 		8.82 		84
v -0.186 		-6.6641 		125.3401
v -1.0386 		-6.6369 		125.2388
v 4.878 		223.823 		77.544
v 11.239 		8.82 		82.827
v 11.5465 		8.82 		81.92
v 18.971 		-7.075 		123.0959
v 4.637 		223.823 		77.206
v 24.342 		-6.9441 		123.098
v -7.239 		4.577 		82.827
v 4.35 		223.823 		76.9
v 19.8722 		-7.0532 		123.0963
v -6.66 		4.577 		84
v -5.934 		4.577 		85.088
v -3.556 		4.577 		89
v -3.8269 		-6.65 		123.1002
v -2.5134 		-6.7293 		123.0992
v 22.115 		-5.647 		126.643
v -5.071 		4.577 		86.071
v -4.088 		4.577 		86.934
v 23.987 		-5.341 		126.643
v -1.6466 		-6.7654 		123.0988
v -3 		4.577 		87.66
v 25.681 		-4.978 		93.664
v -2.0202 		4.577 		88.1436
v 5.445 		223.092 		77.764
v 27.165 		-4.564 		93.664
v 3.799 		218.567 		75.035
v 11.659 		8.82 		81.588
v 5.229 		223.092 		77.355
v 11.914 		8.82 		80.305
v 12 		8.82 		79
v 3.216 		218.567 		74.85
v 28.416 		-4.106 		93.664
v 11.914 		8.82 		77.695
v 4.958 		223.092 		76.975
v 11.659 		8.82 		76.412
v 11.239 		8.82 		75.173
v 2.613 		218.567 		74.738
v 10.66 		8.82 		74
v 10.4785 		8.82 		73.728
v 5.76 		222.284 		77.642
v 9.934 		8.82 		72.912
v 3.783 		217.597 		75.07
v 9.071 		8.82 		71.929
v 5.525 		222.284 		77.195
v 17.963 		-6.068 		126.643
v 3.206 		217.597 		74.886
v 8.088 		8.82 		71.066
v 7 		8.82 		70.34
v 20.095 		-5.891 		126.643
v 24.263 		2.908 		96.496
v 2.608 		217.597 		74.775
v 6.094 		8.82 		69.8928
v 4.35 		223.823 		81.3
v -3.709 		-2 		126.643
v 18.931 		3.038 		96.496
v 4.637 		223.823 		80.994
v -2.398 		-0.388 		126.643
v 6.012 		221.412 		77.544
v 23.9635 		2.7714 		94.6329
v 5.76 		221.412 		77.067
v 21.658 		2.8141 		94.4633
v 21.4997 		2.8174 		94.4558
v -3.122 		-0.91 		126.643
v 21.0624 		2.8264 		94.4351
v 18.8442 		2.8724 		94.3304
v 18.7555 		2.8744 		94.3286
v -3.562 		-1.45 		126.643
v 23.987 		1.341 		93.664
v 4.637 		223.092 		76.632
v 22.115 		1.647 		93.664
v 4.27 		223.092 		76.331
v 32.5075 		-6.645 		121.4592
v 32.4372 		-6.6278 		121.8279
v -7.7186 		4.577 		81.2883
v -7.659 		4.577 		81.588
v 30.699 		-6.6742 		122.8328
v 4.171 		225.004 		79.942
v 5.229 		222.284 		76.78
v 30.6962 		-6.8741 		119.39
v 4.27 		224.464 		80.731
v 30.696 		-6.8896 		118.9364
v 30.694 		-7.0307 		114.812
v 4.878 		222.284 		76.406
v 4.478 		224.464 		80.439
v 4.478 		222.284 		76.077
v 30.694 		-7.0319 		114.7089
v -3.562 		-2.55 		126.643
v 4.643 		224.464 		80.125
v -3.122 		-3.09 		126.643
v 21.74 		0.014 		92.914
v 6.6296 		-11.18 		88.2532
v 8.96 		-1.487 		88.0778
v 20.595 		0.26 		92.914
v -2.398 		-3.612 		126.643
v 4.878 		223.823 		80.656
v 9.317 		-0.083 		88.0509
v 13.507 		-7.081 		123.811
v 9.12 		-0.538 		88.0658
v 5.07 		223.823 		80.291
v 13.507 		-6.9083 		126.0855
v 9 		-1.008 		88.0748
v 12.4877 		-6.9006 		126.0786
v 5.445 		221.412 		76.625
v 9 		-1.965 		88.0748
v 9.12 		-2.436 		88.0658
v 16.1382 		-6.8888 		126.067
v 9.317 		-2.89 		88.0509
v 16.0074 		-6.8898 		126.0678
v 9.588 		-3.32 		88.0305
v 15.1244 		-6.8963 		126.0739
v 5.07 		221.412 		76.226
v 9.928 		-3.719 		88.0049
v 2 		218.567 		74.7
v 13.507 		-7.1186 		123.095
v 10.333 		-4.079 		87.9744
v 20.095 		1.891 		93.664
v 10.794 		-4.396 		87.9397
v 4.643 		221.412 		75.875
v 11.303 		-4.662 		87.9014
v 14.4252 		-7.1111 		123.0952
v 1.387 		218.567 		74.738
v 11.853 		-4.874 		87.86
v 13.507 		-6.211 		126.643
v 0.784 		218.567 		74.85
v 5.5439 		-11.18 		88.335
v 5.827 		-11.18 		88.239
v 19.329 		0.467 		92.914
v 15.754 		-6.175 		126.643
v -6.5701 		-2 		126.083
v -6.5203 		-2.397 		126.0719
v 7 		-11.18 		87.66
v 5.21 		223.823 		79.905
v 8.088 		-11.18 		86.934
v 0.201 		218.567 		75.035
v 8.96 		-11.18 		86.1684
v -6.4932 		-2.613 		126.0659
v 9.071 		-11.18 		86.071
v -6.4893 		-2.644 		126.065
v 9.934 		-11.18 		85.088
v 2 		217.597 		74.738
v -6.4232 		-3.3063 		125.9741
v 10.66 		-11.18 		84
v 4.171 		221.412 		75.58
v -6.4316 		-3.2841 		125.9759
v 11.239 		-11.18 		82.827
v 1.392 		217.597 		74.775
v -6.4489 		-3.0917 		126.0028
v 11.5465 		-11.18 		81.92
v 0.794 		217.597 		74.886
v -6.2344 		-3.8516 		125.8686
v 0.217 		217.597 		75.07
v -6.198 		-3.9568 		125.8483
v 3.095 		225.434 		77.764
v -6.1846 		-3.9956 		125.8408
v 24.264 		-0.91 		92.914
v 6.194 		221.412 		80.152
v 23.591 		-0.576 		92.914
v -6.1846 		-0.0044 		125.8408
v -6.4232 		-0.6937 		125.9741
v -6.3617 		-0.516 		125.9397
v 22.744 		-0.266 		92.914
v -6.2229 		-0.1151 		125.8622
v -6.4316 		-0.7159 		125.9759
v -6.4692 		-1.1295 		126.0334
v 4.27 		223.092 		81.869
v 11.659 		-11.18 		81.588
v -6.4876 		-1.3319 		126.0616
v 11.914 		-11.18 		80.305
v -6.4898 		-1.356 		126.0649
v 4.637 		223.092 		81.568
v 11.914 		-11.18 		77.695
v -6.5391 		-1.7518 		126.0761
v -1.21 		220.491 		82.105
v 11.659 		-11.18 		76.412
v 11.239 		-11.18 		75.173
v -0.764 		220.491 		82.472
v -7.276 		-2 		123.813
v -7.098 		-3.327 		123.813
v 4.958 		223.092 		81.225
v 10.66 		-11.18 		74
v 2.899 		225.434 		77.642
v -0.27 		220.491 		82.781
v 10.4785 		-11.18 		73.728
v 9.934 		-11.18 		72.912
v 9.071 		-11.18 		71.929
v 8.088 		-11.18 		71.066
v 7 		-11.18 		70.34
v 30.6934 		-7.0819 		110.1757
v 30.6934 		-7.0822 		110.153
v 30.721 		-7.081 		110.153
v 2.688 		225.434 		77.544
v 4.878 		222.284 		81.794
v 6.094 		-11.18 		69.8928
v -1.295 		219.538 		82.185
v 30.6935 		-7.073 		111.0252
v 5.229 		222.284 		81.42
v 21.74 		-4.014 		92.914
v -0.837 		219.538 		82.561
v 5.525 		222.284 		81.005
v 2.466 		225.434 		77.474
v 22.744 		-3.734 		92.914
v 30.6935 		-7.073 		109.2814
v -7.098 		-0.673 		123.813
v 23.591 		-3.424 		92.914
v 5.445 		221.412 		81.575
v -0.33 		219.538 		82.878
v 2.235 		225.434 		77.431
v 5.76 		221.412 		81.133
v 24.264 		-3.09 		92.914
v 30.6941 		-7.0307 		105.495
v 30.6942 		-7.0267 		105.3769
v 30.6963 		-6.8741 		100.917
v 30.6968 		-6.8393 		100.3177
v 32.4352 		-6.627 		98.4667
v -1.402 		-4.106 		126.643
v 5.229 		223.092 		80.845
v 32.5049 		-6.644 		98.8319
v -1.323 		218.567 		82.211
v -0.151 		-4.564 		126.643
v 5.445 		223.092 		80.436
v -0.861 		218.567 		82.591
v -0.35 		218.567 		82.911
v 5.602 		223.092 		80.003
v 19.379 		-2 		92.458
v -1.295 		217.597 		82.185
v 19.329 		-1.813 		92.458
v 11.967 		-21.809 		78.5
v 12 		-21.809 		78
v 11.914 		-21.809 		76.695
v 11.914 		-21.809 		77.695
v 29.4728 		-6.7132 		96.8737
v 29.411 		-6.695 		96.496
v -0.837 		217.597 		82.561
v 29.0133 		-6.7323 		96.8734
v 19.179 		-1.628 		92.458
v -2.398 		-5.891 		125.61
v 5.76 		222.284 		80.558
v 18.932 		-1.45 		92.458
v 11.659 		-21.809 		75.412
v 11.239 		-21.809 		74.173
v 11.659 		-21.809 		76.412
v -0.33 		217.597 		82.878
v 30.6996 		-6.6393 		96.8748
v 5.932 		222.284 		80.086
v 30.6993 		-6.659 		97.2146
v 32.0588 		-6.5353 		96.496
v -0.186 		-6.365 		125.61
v 11.239 		-21.809 		75.173
v 18.592 		-1.282 		92.458
v 10.66 		-21.809 		74
v 32.0584 		-6.5352 		96.494
v 2 		225.434 		77.416
v 10.66 		-21.809 		73
v 9.934 		-21.809 		71.912
v 9.071 		-21.809 		70.929
v 8.088 		-21.809 		70.066
v 9.934 		-21.809 		72.912
v 6.012 		221.412 		80.656
v 1.765 		225.434 		77.431
v 7 		-21.809 		69.34
v 24.928 		-6.7365 		94.697
v 25.9291 		-6.7046 		94.8159
v 9.071 		-21.809 		71.929
v 24.705 		-6.7443 		94.6778
v 24.7421 		-6.743 		94.681
v 1.534 		225.434 		77.474
v 8.088 		-21.809 		71.066
v -2.385 		220.491 		80.2
v 7 		-21.809 		70.34
v -3.824 		-6.439 		123.103
v 5.827 		-21.809 		69.761
v 29.1093 		-6.606 		95.2278
v 4.588 		-21.809 		69.341
v -2.194 		220.491 		80.726
v 3.305 		-21.809 		69.086
v 27.2 		-6.6641 		94.9669
v 0.695 		-21.809 		69.086
v 28.0526 		-6.6369 		95.0682
v -1.932 		220.491 		81.225
v 29.7794 		-6.5731 		95.3183
v 30.3504 		-6.5452 		95.3955
v 4.35 		225.004 		79.1
v 4.27 		225.004 		79.669
v -6.0089 		-4.5582 		125.6721
v -5.9043 		-4.7291 		125.6299
v 31.7982 		-6.4745 		95.5915
v 31.8084 		-6.474 		95.5932
v -1.602 		220.491 		81.687
v 4.33 		225.004 		79.387
v -5.8974 		-4.7403 		125.6271
v 29.412 		-5.891 		94.697
v -4.338 		-5.35 		125.61
v 1.312 		225.434 		77.544
v -5.8693 		-4.789 		125.61
v 1.101 		225.434 		77.642
v -2.501 		219.538 		80.229
v -5.5553 		-5.3768 		125.3248
v -5.4574 		-5.5599 		125.236
v 32.4714 		-5.5599 		95.071
v 32.3448 		-5.8173 		95.2301
v 32.1395 		-6.0686 		95.369
v 31.352 		-5.35 		94.697
v 0.905 		225.434 		77.764
v -5.1255 		-6.0686 		124.938
v -2.305 		219.538 		80.769
v -3 		-21.809 		69.34
v -0.588 		-21.809 		69.341
v 32.5694 		-5.3768 		94.9822
v -5.3308 		-5.8173 		125.0769
v -2.035 		219.538 		81.281
v 4.861 		224.464 		79.1
v 4.764 		224.464 		79.793
v -4.088 		-21.809 		70.066
v -1.827 		-21.809 		69.761
v -6.567 		-4.631 		123.813
v -1.697 		219.538 		81.756
v 4.837 		224.464 		79.45
v -5.071 		-21.809 		70.929
v -3 		-21.809 		70.34
v -5.694 		-5.891 		123.813
v -5.934 		-21.809 		71.912
v -4.088 		-21.809 		71.066
v -6.66 		-21.809 		73
v -5.071 		-21.809 		71.929
v 18.592 		-2.718 		92.458
v 32.708 		-5.891 		96.494
v 5.323 		223.823 		79.1
v -7.239 		-21.809 		74.173
v -5.934 		-21.809 		72.912
v 18.932 		-2.55 		92.458
v -7.659 		-21.809 		75.412
v -6.66 		-21.809 		74
v 19.179 		-2.372 		92.458
v -7.239 		-21.809 		75.173
v 30.703 		-6.397 		96.878
v 5.295 		223.823 		79.506
v -7.914 		-21.809 		76.695
v -2.54 		218.567 		80.239
v -7.659 		-21.809 		76.412
v 19.329 		-2.187 		92.458
v -8 		-21.809 		78
v -7.914 		-21.809 		77.695
v -2.342 		218.567 		80.784
v -5.4212 		-6.627 		121.8403
v -5.4909 		-6.644 		121.4751
v -5.8884 		-6.7412 		119.392
v -5.8886 		-6.7413 		119.39
v -3.8299 		-6.8652 		119.39
v 27.2 		-6.365 		94.697
v -3.8293 		-6.8214 		120.1453
v -7.967 		-21.809 		78.5
v -2.07 		218.567 		81.3
v -3.8272 		-6.6676 		122.7972
v -1.729 		218.567 		81.779
v -3.12 		2.908 		119.39
v 4.33 		225.004 		78.813
v -5.4935 		2.645 		121.4592
v -5.4232 		2.6278 		121.8279
v 4.27 		225.004 		78.531
v -2.501 		217.597 		80.229
v -5.8886 		2.7413 		119.39
v -5.8884 		2.7412 		119.392
v -2.305 		217.597 		80.769
v 3.864 		225.004 		77.761
v 20.595 		-4.26 		92.914
v 4.171 		225.004 		78.258
v 3.662 		225.004 		77.544
v -3.8319 		-7.0125 		115.0793
v -6.1194 		-6.7979 		117.3274
v -2.035 		217.597 		81.281
v -6.1619 		-6.8082 		116.9477
v -6.4012 		-6.8664 		114.812
v -3.8321 		-7.0216 		114.812
v 4.837 		224.464 		78.75
v -3.56 		3.038 		114.812
v 18.931 		-7.038 		96.496
v 18.9518 		-7.0573 		96.8685
v 3.431 		225.004 		77.355
v 18.4741 		-7.0612 		96.8684
v -1.697 		217.597 		81.756
v 4.764 		224.464 		78.407
v 23.8324 		-6.9384 		96.8704
v 24.263 		-6.908 		96.496
v 3.175 		225.004 		77.195
v -6.4012 		2.8664 		114.812
v -6.1639 		2.8082 		116.9332
v 24.3045 		-6.927 		96.8706
v 4.643 		224.464 		78.075
v 17.0694 		-6.8834 		94.2713
v 18.7555 		-6.8744 		94.3286
v 4.023 		224.464 		77.206
v 23.9635 		-6.7714 		94.6329
v 19.329 		-4.467 		92.914
v 21.2157 		-6.8237 		94.4427
v 21.6587 		-6.8145 		94.4637
v 22.115 		-6.806 		94.4971
v 3.742 		224.464 		76.975
v 18.8442 		-6.8724 		94.3304
v 19.5752 		-6.8574 		94.3651
v -6.1212 		2.7978 		117.3142
v -2.385 		220.491 		78
v -2.501 		220.491 		78.545
v -6.567 		2.068 		119.392
v 22.115 		-5.647 		93.664
v -2.54 		220.491 		79.1
v 17.0694 		2.8834 		126.0357
v -7.481 		0.751 		119.392
v 5.295 		223.823 		78.694
v -2.501 		220.491 		79.655
v 23.987 		-5.341 		93.664
v 2.899 		225.004 		77.067
v 5.21 		223.823 		78.295
v 2.608 		225.004 		76.975
v 5.07 		223.823 		77.909
v -2.501 		219.538 		77.971
v 2.307 		225.004 		76.919
v -2.62 		219.538 		78.531
v 16.2428 		2.8878 		126.0637
v -2.66 		219.538 		79.1
v 13.507 		3.081 		123.811
v 17.963 		-6.068 		93.664
v 13.507 		2.9083 		126.0855
v -7.098 		2.175 		114.812
v 14.5263 		2.9006 		126.0786
v 16.138 		2.8884 		126.0672
v -2.62 		219.538 		79.669
v 20.095 		-5.891 		93.664
v 6.305 		221.412 		78.569
v 6.342 		221.412 		79.1
v 13.507 		2.211 		126.643
v 6.194 		221.412 		78.048
v 3.431 		224.464 		76.78
v 6.305 		221.412 		79.631
v 3.095 		224.464 		76.625
v -2.54 		218.567 		77.961
v -7.481 		-4.751 		119.392
v 2.741 		224.464 		76.513
v 2.373 		224.464 		76.444
v 13.0303 		-7.0966 		96.8676
v -2.66 		218.567 		78.526
v 13.507 		-7.081 		96.496
v -6.567 		-6.068 		119.392
v 13.507 		-7.1005 		96.8676
v 13.507 		-6.9083 		94.2215
v -2.7 		218.567 		79.1
v 13.507 		3.313 		119.39
v 5.729 		223.092 		79.1
v 14.5263 		-6.9006 		94.2284
v 16.138 		-6.8884 		94.2398
v 16.2428 		-6.8878 		94.2433
v 5.697 		223.092 		79.556
v -2.66 		218.567 		79.674
v 6.07 		222.284 		79.1
v -2.501 		217.597 		77.971
v 13.507 		3.453 		114.812
v 13.507 		-6.211 		93.664
v -2.62 		217.597 		78.531
v 6.035 		222.284 		79.597
v -2.66 		217.597 		79.1
v 15.754 		-6.175 		93.664
v 4.023 		223.823 		76.632
v -2.62 		217.597 		79.669
v 3.662 		223.823 		76.406
v 5.697 		223.092 		78.644
v 5.602 		223.092 		78.197
v 3.272 		223.823 		76.226
v 13.507 		3.5 		110.153
v 2.86 		223.823 		76.095
v 6.035 		222.284 		78.603
v 2.434 		223.823 		76.015
v 5.932 		222.284 		78.114
v 13.507 		3.453 		105.495
v 13.507 		3.313 		100.917
v -7.098 		-6.175 		114.812
v 17.954 		8.82 		69
v -1.21 		220.491 		76.095
v 19 		8.82 		87.322
v -1.602 		220.491 		76.513
v 33.0229 		0.5582 		125.6721
v 32.9183 		0.7291 		125.6299
v 17.961 		2.8788 		94.3017
v 3.095 		225.434 		80.436
v 32.9114 		0.7403 		125.6271
v 3.272 		225.434 		80.291
v -1.932 		220.491 		76.975
v 32.8833 		0.789 		125.61
v -6.4797 		-6.8852 		112.6934
v -6.4939 		-6.8887 		112.308
v -6.5733 		-6.9083 		110.153
v -3.8328 		-7.0734 		110.153
v -3.8327 		-7.0721 		110.2682
v 2 		225.004 		76.9
v 33.581 		0.631 		123.813
v 3.427 		225.434 		80.125
v 13.507 		3.081 		96.496
v 1.693 		225.004 		76.919
v -3.707 		3.081 		110.153
v 1.392 		225.004 		76.975
v 3.558 		225.434 		79.942
v -1.295 		219.538 		76.015
v -6.4941 		2.8892 		112.2917
v -6.4798 		2.8857 		112.6799
v 13.507 		2.9083 		94.2215
v 16.0074 		2.8898 		94.2392
v 15.1244 		2.8963 		94.2331
v -6.5733 		2.9083 		110.153
v 1.101 		225.004 		77.067
v 16.1382 		2.8888 		94.24
v -1.697 		219.538 		76.444
v -6.4941 		-6.8892 		108.0148
v 12.4877 		2.9006 		94.2284
v -6.4798 		-6.8857 		107.6261
v 33.1986 		-3.9956 		125.8408
v -2.035 		219.538 		76.919
v 33.4372 		-3.3063 		125.9741
v -6.4797 		2.8852 		107.6131
v 33.3757 		-3.484 		125.9397
v 33.2369 		-3.8849 		125.8622
v -6.4939 		2.8887 		107.998
v -7.276 		2.211 		110.153
v 2.235 		225.434 		80.769
v 33.4456 		-3.2841 		125.9759
v 33.4832 		-2.8705 		126.0334
v 13.507 		2.211 		93.664
v 33.5016 		-2.6681 		126.0616
v 2.466 		225.434 		80.726
v 33.5038 		-2.644 		126.0649
v 0.825 		225.004 		77.195
v 33.5841 		-2 		126.083
v -2.194 		220.491 		77.474
v 2.688 		225.434 		80.656
v 0.569 		225.004 		77.355
v 33.5531 		-2.2482 		126.0761
v 2.899 		225.434 		80.558
v -2.305 		219.538 		77.431
v 0.338 		225.004 		77.544
v 33.5343 		-1.603 		126.0719
v -7.276 		-6.211 		110.153
v 17.963 		0.631 		127.393
v 16.521 		0.751 		127.393
v 0.136 		225.004 		77.761
v 33.5072 		-1.387 		126.0659
v 33.5033 		-1.356 		126.065
v 33.4372 		-0.6937 		125.9741
v 17.963 		2.068 		126.643
v 33.4456 		-0.7159 		125.9759
v -0.27 		220.491 		75.419
v 33.4629 		-0.9083 		126.0028
v -3.8321 		-7.0242 		105.7286
v 0.258 		224.464 		76.975
v 2.159 		225.747 		80.229
v -0.764 		220.491 		75.728
v -6.4012 		-6.8664 		105.495
v 33.2484 		-0.1484 		125.8686
v -3.832 		-7.0216 		105.495
v -3.56 		3.038 		105.495
v 2.315 		225.747 		80.2
v 33.212 		-0.0432 		125.8483
v -0.33 		219.538 		75.322
v 33.1986 		-0.0044 		125.8408
v -0.837 		219.538 		75.639
v -6.4012 		2.8664 		105.495
v 18.166 		-1.126 		127.849
v -6.4012 		2.8664 		105.494
v 2.466 		225.747 		80.152
v 34.112 		-3.327 		123.813
v 17.659 		-0.984 		127.849
v 17.082 		-0.86 		127.849
v 16.443 		-0.756 		127.849
v -6.1212 		-6.7978 		102.9924
v 2.608 		225.747 		80.086
v -6.164 		-6.8082 		103.3738
v -5.8886 		-6.7413 		100.917
v 34.29 		-2 		123.813
v -3.8298 		-6.8653 		100.917
v -3.8301 		-6.8847 		101.4901
v -1.323 		218.567 		75.989
v -5.8884 		-6.7412 		100.915
v 2.741 		225.747 		80.003
v -1.729 		218.567 		76.421
v 2 		224.464 		76.421
v -2.07 		218.567 		76.9
v 34.112 		-0.673 		123.813
v 1.627 		224.464 		76.444
v 2.86 		225.747 		79.905
v -6.4012 		-6.8664 		105.494
v -2.342 		218.567 		77.416
v 16.443 		-3.244 		127.849
v 1.259 		224.464 		76.513
v 17.082 		-3.14 		127.849
v -3.12 		2.908 		100.917
v 17.659 		-3.016 		127.849
v 18.166 		-2.874 		127.849
v -1.295 		217.597 		76.015
v 0.905 		224.464 		76.625
v -6.1194 		2.7979 		102.9795
v -6.1619 		2.8082 		103.3587
v -1.697 		217.597 		76.444
v -5.8886 		2.7413 		100.917
v -5.4935 		-6.645 		98.8478
v 0.569 		224.464 		76.78
v -5.4232 		-6.6278 		98.4791
v -2.035 		217.597 		76.919
v -2.305 		217.597 		77.431
v -5.4212 		2.627 		98.4667
v -5.4909 		2.644 		98.8319
v -5.8884 		2.7412 		100.915
v -7.098 		2.175 		105.494
v 32.8829 		-4.7891 		125.61
v 32.9065 		-4.7484 		125.6243
v 16.521 		-4.751 		127.393
v 32.9112 		-4.7403 		125.6271
v 17.963 		-4.631 		127.393
v 2 		223.823 		75.989
v 33.1641 		-4.106 		125.8077
v 1.101 		225.434 		80.558
v 33.0229 		-4.5582 		125.6721
v 1.566 		223.823 		76.015
v 33.581 		-4.631 		123.813
v 1.312 		225.434 		80.656
v 1.14 		223.823 		76.095
v -6.567 		2.068 		100.915
v -0.35 		218.567 		75.289
v 0.728 		223.823 		76.226
v -0.861 		218.567 		75.609
v 1.534 		225.434 		80.726
v -7.481 		0.751 		100.915
v 15.027 		0.824 		127.393
v 32.9024 		2.7412 		119.392
v 32.9026 		2.7413 		119.39
v 1.765 		225.434 		80.769
v 0.338 		223.823 		76.406
v 13.507 		0.848 		127.393
v 2 		225.434 		80.784
v 33.1334 		2.7979 		117.3274
v 33.1759 		2.8082 		116.9477
v 33.4152 		2.8664 		114.812
v 34.495 		0.751 		119.392
v 15.754 		2.175 		126.643
v 33.581 		2.068 		119.392
v -7.098 		-6.175 		105.494
v 1.14 		225.747 		79.905
v 35.05 		0.824 		114.812
v 1.259 		225.747 		80.003
v 1.392 		225.747 		80.086
v 34.112 		2.175 		114.812
v 2 		90.524 		84
v 2.653 		90.524 		83.957
v 3.294 		90.524 		83.83
v 3.913 		90.524 		83.619
v 1.534 		225.747 		80.152
v 4.5 		90.524 		83.33
v 3.864 		223.092 		76.077
v 5.044 		90.524 		82.967
v 5.536 		90.524 		82.536
v 5.967 		90.524 		82.044
v 3.427 		223.092 		75.875
v 34.495 		-4.751 		119.392
v 1.685 		225.747 		80.2
v 0.087 		90.524 		83.619
v 0.706 		90.524 		83.83
v 35.05 		-3.387 		119.392
v 1.841 		225.747 		80.229
v 1.347 		90.524 		83.957
v -1.967 		90.524 		82.044
v 4.035 		222.284 		75.8
v 2 		225.747 		80.239
v -1.536 		90.524 		82.536
v 35.235 		-2 		119.392
v -1.044 		90.524 		82.967
v 15.754 		-0.673 		127.849
v -0.5 		90.524 		83.33
v -7.481 		-4.751 		100.915
v 15.027 		-0.613 		127.849
v 35.05 		-0.613 		119.392
v -6.567 		-6.068 		100.915
v 14.273 		-0.576 		127.849
v 13.507 		-0.564 		127.849
v 35.05 		-4.824 		114.812
v 2.965 		223.092 		75.728
v 12.741 		-0.576 		127.849
v 35.619 		-3.424 		114.812
v 2.487 		223.092 		75.639
v 35.81 		-2 		114.812
v 35.619 		-0.576 		114.812
v 6.33 		90.524 		81.5
v 3.558 		222.284 		75.58
v 6.619 		90.524 		80.913
v 6.83 		90.524 		80.294
v 13.507 		-2 		128.001
v 6.957 		90.524 		79.653
v 3.053 		222.284 		75.419
v 7 		90.524 		79
v 6.957 		90.524 		78.347
v 0.442 		225.434 		79.942
v 6.83 		90.524 		77.706
v 2.531 		222.284 		75.322
v 6.619 		90.524 		77.087
v 6.33 		90.524 		76.5
v 33.4937 		2.8852 		112.6934
v 33.5079 		2.8887 		112.308
v 33.5873 		2.9083 		110.153
v 5.967 		90.524 		75.956
v 5.536 		90.524 		75.464
v 0.573 		225.434 		80.125
v 5.044 		90.524 		75.033
v 4.5 		90.524 		74.67
v 33.5081 		2.8892 		108.0148
v 33.4938 		2.8857 		107.6261
v 3.913 		90.524 		74.381
v 0.728 		225.434 		80.291
v 3.294 		90.524 		74.17
v 35.235 		0.848 		110.153
v 2.653 		90.524 		74.043
v 2 		90.524 		74
v 34.29 		2.211 		110.153
v 1.347 		90.524 		74.043
v 0.706 		90.524 		74.17
v 0.087 		90.524 		74.381
v 0.905 		225.434 		80.436
v -0.5 		90.524 		74.67
v -1.044 		90.524 		75.033
v -1.536 		90.524 		75.464
v -1.967 		90.524 		75.956
v -2.33 		90.524 		76.5
v -2.619 		90.524 		77.087
v -2.83 		90.524 		77.706
v 3.662 		221.412 		75.344
v -2.957 		90.524 		78.347
v -3 		90.524 		79
v -2.957 		90.524 		79.653
v -2.397 		2.695 		96.496
v -2.83 		90.524 		80.294
v 3.124 		221.412 		75.173
v -2.619 		90.524 		80.913
v -2.33 		90.524 		81.5
v -5.0448 		2.5353 		96.496
v 2.567 		221.412 		75.07
v -5.0444 		2.5352 		96.494
v 3.124 		225.747 		79.536
v -2.0953 		2.606 		95.2278
v -0.186 		2.6641 		94.9669
v 3.175 		225.747 		79.395
v -1.0386 		2.6369 		95.0682
v -2.7654 		2.5731 		95.3183
v -3.3364 		2.5452 		95.3955
v -4.7842 		2.4745 		95.5915
v -4.7944 		2.474 		95.5932
v -0.186 		2.365 		94.697
v 3.662 		225.434 		79.744
v -2.398 		1.891 		94.697
v 3.737 		225.434 		79.536
v 0.573 		223.092 		75.875
v -0.151 		0.564 		93.664
v 0.136 		223.092 		76.077
v -1.402 		0.106 		93.664
v 3.216 		225.747 		79.1
v 3.206 		225.747 		78.951
v 2 		223.092 		75.609
v 3.206 		225.747 		79.249
v 1.513 		223.092 		75.639
v 3.799 		225.434 		79.1
v 3.783 		225.434 		78.88
v 1.035 		223.092 		75.728
v -4.338 		1.35 		94.697
v -5.4574 		1.5599 		95.071
v 2 		222.284 		75.289
v -5.3308 		1.8173 		95.2301
v -5.1255 		2.0686 		95.369
v 1.469 		222.284 		75.322
v -5.8693 		0.789 		94.697
v -5.5553 		1.3768 		94.9822
v 3.783 		225.434 		79.32
v 0.947 		222.284 		75.419
v 0.442 		222.284 		75.58
v -5.8974 		0.7403 		94.6799
v 8.2585 		-6.8744 		125.9784
v -5.9043 		0.7291 		94.6771
v -6.0089 		0.5582 		94.6349
v 8.2585 		2.8744 		125.9784
v 2.965 		225.747 		79.793
v -5.694 		1.891 		96.494
v 2 		221.412 		75.035
v 3.053 		225.747 		79.669
v 1.433 		221.412 		75.07
v -6.567 		0.631 		96.494
v 0.876 		221.412 		75.173
v 0.338 		221.412 		75.344
v 2.08 		225.936 		79.669
v 2.159 		225.936 		79.655
v 2.235 		225.936 		79.631
v -2.4584 		-6.7131 		96.8717
v -2.8921 		-6.687 		96.8721
v -2.397 		-6.695 		96.496
v 2.307 		225.936 		79.597
v -3.8271 		-6.6719 		97.5821
v -3.8265 		-6.6307 		96.8727
v -0.478 		222.284 		82.123
v 8.848 		-1.126 		127.849
v -5.0448 		-6.5353 		96.496
v 8.422 		-1.282 		127.849
v -0.035 		222.284 		82.4
v -3.1066 		-6.5566 		95.3649
v -2.0954 		-6.606 		95.2281
v -1.07 		221.412 		81.974
v -4.7846 		-6.4745 		95.5916
v -5.0444 		-6.5352 		96.494
v -0.643 		221.412 		82.325
v -4.7944 		-6.4741 		95.5933
v -0.2882 		-6.6609 		94.9792
v -1.0388 		-6.637 		95.0683
v -0.171 		221.412 		82.62
v -3.709 		-2 		93.664
v -2.398 		-0.388 		93.664
v -3.122 		-0.91 		93.664
v -3.562 		-1.45 		93.664
v -0.023 		224.464 		80.994
v -0.637 		223.823 		80.994
v -0.35 		223.823 		81.3
v -0.023 		223.823 		81.568
v 8.422 		-2.718 		127.849
v 8.848 		-2.874 		127.849
v -3.562 		-2.55 		93.664
v -3.122 		-3.09 		93.664
v -2.398 		-3.612 		93.664
v -0.171 		225.004 		79.942
v -6.4898 		-2.644 		94.2421
v -6.5391 		-2.2482 		94.2309
v -6.5701 		-2 		94.224
v -6.4692 		-2.8705 		94.2736
v -6.4876 		-2.6681 		94.2454
v -6.4232 		-3.3063 		94.3329
v -6.4316 		-3.2841 		94.3311
v -6.1846 		-3.9956 		94.4662
v -6.2229 		-3.8849 		94.4448
v -6.3617 		-3.484 		94.3673
v -6.1846 		-0.0044 		94.4662
v -6.198 		-0.0432 		94.4587
v -6.2344 		-0.1484 		94.4384
v -6.4232 		-0.6937 		94.3329
v -6.4893 		-1.356 		94.242
v -6.4489 		-0.9083 		94.3042
v -6.4316 		-0.7159 		94.3311
v -6.4932 		-1.387 		94.2411
v -6.5203 		-1.603 		94.2351
v -7.276 		-2 		96.494
v -7.098 		-3.327 		96.494
v -7.098 		-0.673 		96.494
v -2.398 		-5.891 		94.697
v -0.186 		-6.365 		94.697
v -1.402 		-4.106 		93.664
v -0.151 		-4.564 		93.664
v -3.821 		-6.236 		96.878
v -5.4571 		-5.5599 		95.0709
v -4.338 		-5.35 		94.697
v -5.5691 		-5.35 		94.9689
v -5.7358 		-5.0378 		94.8175
v -5.8689 		-4.7891 		94.697
v -5.1973 		-5.9809 		95.3206
v -5.3309 		-5.8173 		95.2301
v -5.0838 		-6.1199 		95.3975
v -5.8972 		-4.7403 		94.6799
v -6.0089 		-4.5582 		94.6349
v -6.1501 		-4.106 		94.4993
v -5.8925 		-4.7484 		94.6827
v -6.567 		-4.631 		96.494
v -5.694 		-5.891 		96.494
v 10.7712 		-6.8878 		126.0637
v 9.9446 		-6.8834 		126.0357
v 10.876 		-6.8884 		126.0672
v 8.9612 		-7.0825 		123.0952
v 9.051 		-6.068 		126.643
v 11.26 		-6.175 		126.643
# 2354 vertices

g group_1_4408652

usemtl color_4408652
s 0

f 1640 	552 	11
f 14 	2315 	17
f 10 	19 	11
f 20 	1930 	18
f 15 	14 	24
f 22 	23 	19
f 11 	19 	23
f 13 	2270 	35
f 26 	28 	34
f 17 	30 	38
f 32 	48 	37
f 27 	26 	34
f 40 	37 	48
f 17 	38 	14
f 34 	20 	18
f 34 	18 	27
f 48 	49 	40
f 43 	162 	42
f 44 	165 	43
f 45 	105 	44
f 41 	42 	148
f 148 	144 	41
f 53 	48 	52
f 260 	34 	28
f 24 	2308 	2306
f 84 	85 	56
f 16 	125 	130
f 16 	130 	31
f 56 	85 	55
f 76 	77 	55
f 69 	1909 	68
f 84 	56 	87
f 39 	139 	57
f 64 	2246 	50
f 68 	132 	69
f 75 	54 	77
f 48 	53 	49
f 79 	1195 	78
f 76 	55 	85
f 81 	80 	88
f 79 	78 	115
f 79 	115 	86
f 89 	90 	88
f 81 	88 	90
f 82 	102 	91
f 114 	111 	47
f 111 	112 	47
f 82 	97 	102
f 91 	70 	121
f 83 	1191 	92
f 46 	47 	112
f 70 	91 	93
f 55 	77 	54
f 70 	93 	71
f 105 	45 	104
f 104 	45 	108
f 114 	47 	54
f 97 	82 	129
f 96 	100 	101
f 95 	92 	72
f 2294 	91 	102
f 96 	101 	60
f 83 	92 	95
f 74 	60 	101
f 741 	953 	106
f 108 	46 	107
f 112 	107 	46
f 91 	2294 	93
f 96 	65 	100
f 75 	114 	54
f 65 	109 	100
f 94 	115 	95
f 94 	110 	115
f 1777 	102 	97
f 115 	78 	95
f 9 	156 	109
f 156 	146 	109
f 214 	106 	99
f 214 	99 	98
f 95 	78 	83
f 118 	30 	29
f 146 	100 	109
f 46 	108 	45
f 29 	117 	118
f 118 	121 	30
f 115 	1295 	1205
f 113 	157 	116
f 121 	38 	30
f 1205 	1202 	115
f 121 	70 	38
f 122 	124 	58
f 378 	126 	117
f 117 	126 	129
f 103 	145 	123
f 122 	131 	124
f 117 	129 	118
f 127 	131 	122
f 67 	132 	68
f 121 	118 	82
f 119 	136 	120
f 133 	39 	31
f 132 	136 	119
f 82 	118 	129
f 131 	134 	124
f 121 	82 	91
f 31 	130 	133
f 139 	39 	133
f 128 	49 	135
f 136 	128 	120
f 126 	140 	129
f 94 	57 	139
f 137 	156 	9
f 164 	44 	105
f 67 	66 	132
f 161 	43 	165
f 66 	136 	132
f 165 	44 	164
f 32 	128 	33
f 37 	128 	32
f 142 	101 	100
f 100 	146 	142
f 49 	128 	40
f 37 	40 	128
f 139 	160 	110
f 159 	140 	126
f 139 	110 	94
f 142 	150 	101
f 97 	129 	140
f 101 	150 	74
f 125 	154 	130
f 103 	155 	113
f 150 	2027 	74
f 135 	155 	103
f 125 	151 	154
f 1856 	141 	138
f 130 	154 	158
f 130 	158 	133
f 133 	160 	139
f 155 	157 	113
f 51 	2247 	122
f 133 	158 	160
f 58 	51 	122
f 137 	240 	156
f 148 	42 	147
f 58 	124 	59
f 162 	43 	161
f 147 	42 	162
f 1763 	140 	159
f 120 	123 	143
f 145 	143 	123
f 124 	163 	59
f 163 	138 	167
f 53 	135 	49
f 53 	52 	135
f 52 	1398 	135
f 156 	221 	146
f 151 	322 	154
f 240 	221 	156
f 135 	1398 	155
f 134 	163 	124
f 155 	1398 	157
f 1399 	157 	1398
f 134 	138 	163
f 160 	158 	331
f 166 	183 	168
f 160 	205 	110
f 166 	176 	183
f 168 	183 	191
f 181 	2130 	150
f 175 	2311 	314
f 173 	168 	191
f 59 	163 	178
f 113 	152 	149
f 163 	167 	178
f 204 	187 	184
f 182 	178 	167
f 200 	205 	195
f 152 	113 	116
f 167 	230 	182
f 171 	216 	170
f 222 	201 	2162
f 179 	202 	184
f 199 	198 	331
f 202 	204 	184
f 204 	207 	187
f 213 	170 	216
f 188 	242 	192
f 209 	176 	208
f 205 	331 	198
f 144 	225 	41
f 378 	209 	208
f 183 	176 	209
f 205 	198 	195
f 205 	200 	190
f 194 	265 	196
f 29 	183 	209
f 29 	209 	117
f 183 	29 	191
f 29 	30 	191
f 216 	171 	215
f 172 	219 	171
f 106 	214 	217
f 219 	172 	218
f 215 	171 	219
f 222 	146 	221
f 196 	275 	197
f 220 	212 	1351
f 223 	220 	1351
f 265 	275 	196
f 172 	41 	225
f 225 	218 	172
f 117 	209 	378
f 224 	226 	214
f 227 	223 	1351
f 146 	222 	142
f 142 	181 	150
f 230 	186 	182
f 245 	247 	224
f 222 	181 	142
f 214 	226 	217
f 189 	359 	193
f 186 	238 	188
f 226 	239 	217
f 137 	174 	240
f 174 	206 	240
f 230 	238 	186
f 236 	294 	61
f 193 	333 	180
f 359 	333 	193
f 222 	221 	201
f 238 	242 	188
f 242 	244 	192
f 246 	201 	221
f 228 	345 	234
f 226 	224 	247
f 226 	248 	249
f 226 	249 	239
f 248 	226 	247
f 206 	246 	240
f 232 	252 	235
f 240 	246 	221
f 235 	256 	241
f 237 	301 	236
f 87 	56 	61
f 235 	252 	256
f 1351 	1356 	227
f 1279 	258 	28
f 301 	237 	300
f 241 	259 	243
f 255 	258 	1279
f 379 	250 	180
f 294 	236 	293
f 258 	260 	28
f 192 	244 	194
f 231 	1356 	263
f 1356 	1366 	263
f 262 	1353 	261
f 267 	268 	266
f 266 	268 	269
f 266 	269 	270
f 263 	322 	231
f 265 	194 	244
f 256 	259 	241
f 274 	270 	273
f 272 	273 	270
f 266 	270 	274
f 271 	272 	270
f 276 	277 	270
f 278 	270 	277
f 271 	270 	278
f 251 	392 	254
f 300 	237 	311
f 281 	270 	280
f 279 	280 	270
f 243 	259 	176
f 87 	61 	289
f 176 	259 	208
f 392 	422 	254
f 289 	61 	294
f 295 	258 	720
f 719 	720 	258
f 258 	295 	260
f 243 	176 	166
f 293 	236 	301
f 233 	311 	237
f 302 	272 	304
f 291 	1377 	307
f 305 	307 	1377
f 167 	141 	230
f 311 	233 	309
f 2311 	2310 	298
f 141 	167 	138
f 233 	313 	309
f 305 	1385 	316
f 297 	372 	299
f 320 	1394 	319
f 286 	267 	285
f 287 	267 	286
f 321 	248 	317
f 245 	310 	247
f 323 	158 	154
f 321 	249 	248
f 358 	340 	229
f 244 	1689 	265
f 265 	1696 	275
f 154 	322 	323
f 1689 	1696 	265
f 357 	259 	256
f 357 	208 	259
f 233 	234 	313
f 331 	158 	323
f 343 	234 	345
f 307 	305 	323
f 287 	268 	267
f 379 	180 	333
f 339 	228 	336
f 336 	228 	335
f 1440 	1448 	308
f 229 	335 	228
f 1718 	278 	1728
f 205 	160 	331
f 341 	229 	340
f 335 	229 	341
f 340 	358 	413
f 337 	2288 	203
f 220 	373 	212
f 273 	302 	306
f 274 	273 	312
f 239 	382 	1013
f 257 	322 	227
f 324 	1745 	344
f 313 	234 	343
f 345 	228 	339
f 252 	328 	346
f 223 	322 	220
f 373 	220 	322
f 227 	322 	223
f 185 	354 	189
f 322 	257 	253
f 322 	253 	231
f 351 	505 	350
f 352 	508 	351
f 355 	544 	353
f 353 	540 	352
f 350 	501 	348
f 252 	346 	256
f 342 	354 	185
f 322 	263 	323
f 264 	323 	263
f 284 	323 	264
f 256 	346 	357
f 306 	312 	273
f 354 	359 	189
f 330 	2148 	332
f 331 	323 	305
f 316 	331 	305
f 284 	296 	323
f 296 	291 	323
f 307 	323 	291
f 332 	2152 	334
f 280 	279 	1743
f 362 	432 	361
f 361 	418 	360
f 1743 	1742 	280
f 281 	280 	1742
f 317 	1450 	1451
f 332 	2148 	2152
f 276 	281 	1729
f 319 	318 	331
f 199 	331 	318
f 331 	316 	315
f 331 	315 	320
f 331 	320 	319
f 269 	268 	288
f 287 	288 	268
f 369 	357 	346
f 288 	290 	269
f 239 	249 	364
f 375 	208 	357
f 338 	2156 	2040
f 357 	369 	375
f 271 	304 	272
f 377 	382 	239
f 203 	1386 	1392
f 274 	312 	285
f 328 	365 	346
f 346 	365 	369
f 349 	297 	292
f 365 	429 	458
f 370 	373 	368
f 249 	321 	743
f 349 	292 	207
f 297 	349 	372
f 1451 	743 	321
f 349 	1612 	1617
f 349 	1617 	372
f 365 	458 	369
f 743 	364 	249
f 2100 	210 	299
f 364 	376 	239
f 374 	367 	366
f 283 	282 	344
f 377 	239 	376
f 2131 	326 	367
f 322 	151 	373
f 1742 	1729 	281
f 371 	373 	370
f 424 	412 	360
f 285 	267 	266
f 207 	2362 	1612
f 208 	375 	378
f 269 	290 	270
f 1728 	277 	276
f 1729 	1728 	276
f 368 	373 	363
f 1797 	363 	373
f 277 	1728 	278
f 327 	2134 	329
f 1718 	271 	278
f 412 	413 	358
f 371 	212 	373
f 273 	272 	302
f 364 	743 	376
f 274 	285 	266
f 376 	743 	377
f 187 	207 	292
f 1744 	279 	283
f 424 	360 	418
f 1744 	1743 	279
f 381 	380 	384
f 383 	384 	380
f 380 	385 	386
f 383 	380 	386
f 1612 	349 	207
f 379 	387 	250
f 435 	361 	432
f 468 	444 	455
f 474 	478 	381
f 377 	743 	382
f 478 	385 	380
f 344 	396 	324
f 250 	387 	251
f 388 	324 	396
f 387 	392 	251
f 397 	399 	400
f 383 	386 	393
f 390 	393 	386
f 388 	396 	400
f 402 	388 	400
f 397 	400 	396
f 401 	397 	396
f 401 	396 	403
f 390 	386 	405
f 802 	404 	386
f 375 	467 	378
f 408 	427 	407
f 414 	426 	410
f 404 	405 	386
f 411 	404 	802
f 358 	360 	412
f 414 	415 	416
f 414 	416 	417
f 414 	417 	419
f 414 	419 	420
f 414 	420 	421
f 414 	421 	423
f 414 	423 	425
f 414 	425 	426
f 427 	410 	426
f 270 	603 	428
f 1587 	395 	1585
f 422 	298 	2310
f 382 	1585 	391
f 418 	361 	435
f 391 	1585 	394
f 434 	1605 	398
f 432 	362 	440
f 362 	455 	439
f 439 	440 	362
f 459 	777 	447
f 398 	684 	452
f 453 	434 	452
f 398 	452 	434
f 411 	802 	451
f 450 	451 	802
f 347 	469 	456
f 456 	468 	455
f 434 	453 	454
f 441 	437 	1587
f 395 	1587 	437
f 1135 	1141 	386
f 441 	1587 	443
f 443 	1587 	447
f 497 	469 	347
f 468 	456 	470
f 298 	422 	1708
f 444 	439 	455
f 470 	456 	469
f 51 	465 	50
f 416 	445 	446
f 417 	416 	448
f 51 	58 	465
f 486 	369 	458
f 58 	59 	465
f 497 	347 	496
f 474 	381 	462
f 59 	178 	465
f 1704 	1708 	422
f 472 	476 	462
f 459 	1590 	460
f 1590 	459 	447
f 178 	182 	465
f 425 	1810 	1807
f 182 	186 	465
f 378 	467 	126
f 186 	188 	465
f 472 	462 	471
f 487 	429 	615
f 473 	492 	1795
f 188 	192 	465
f 460 	1590 	461
f 384 	462 	381
f 466 	462 	384
f 461 	1590 	463
f 474 	462 	476
f 1025 	1032 	457
f 393 	390 	466
f 405 	466 	390
f 384 	383 	466
f 393 	466 	383
f 489 	458 	429
f 476 	472 	478
f 471 	478 	472
f 458 	489 	494
f 407 	406 	431
f 430 	431 	406
f 458 	494 	486
f 471 	1982 	478
f 433 	408 	431
f 347 	348 	496
f 380 	381 	478
f 478 	474 	476
f 481 	498 	2013
f 314 	517 	475
f 481 	389 	484
f 159 	126 	467
f 414 	410 	442
f 445 	415 	442
f 369 	486 	375
f 446 	448 	416
f 467 	375 	486
f 475 	485 	477
f 485 	488 	477
f 504 	351 	508
f 489 	429 	487
f 495 	493 	485
f 485 	493 	488
f 484 	389 	434
f 484 	498 	481
f 454 	507 	484
f 467 	486 	499
f 524 	534 	485
f 655 	656 	465
f 496 	348 	501
f 501 	350 	500
f 493 	503 	488
f 502 	488 	503
f 656 	660 	465
f 494 	499 	486
f 505 	351 	504
f 500 	350 	505
f 467 	499 	159
f 1802 	427 	1807
f 428 	427 	1795
f 1292 	674 	255
f 434 	454 	484
f 465 	663 	666
f 507 	509 	484
f 409 	408 	436
f 666 	669 	465
f 510 	498 	509
f 484 	509 	498
f 436 	438 	410
f 436 	410 	409
f 2360 	89 	1759
f 89 	88 	1759
f 487 	1890 	1891
f 438 	442 	410
f 669 	366 	465
f 510 	511 	498
f 1593 	482 	1581
f 487 	1891 	489
f 366 	367 	465
f 414 	442 	415
f 416 	415 	445
f 367 	326 	465
f 326 	327 	465
f 224 	511 	512
f 479 	1581 	480
f 327 	329 	465
f 511 	224 	498
f 512 	245 	224
f 513 	314 	298
f 329 	330 	465
f 330 	332 	465
f 332 	334 	465
f 494 	1898 	499
f 1581 	479 	463
f 536 	352 	540
f 508 	352 	536
f 334 	338 	465
f 499 	1757 	159
f 499 	1898 	1757
f 480 	1581 	482
f 483 	482 	1593
f 338 	2278 	465
f 544 	355 	543
f 314 	513 	517
f 516 	457 	1949
f 2278 	2279 	465
f 516 	522 	521
f 483 	519 	1063
f 516 	521 	525
f 419 	1820 	420
f 457 	516 	527
f 525 	527 	516
f 1820 	421 	420
f 517 	485 	475
f 490 	462 	491
f 356 	550 	355
f 2284 	12 	465
f 491 	462 	466
f 515 	522 	516
f 12 	13 	465
f 491 	466 	514
f 515 	520 	522
f 560 	627 	625
f 543 	355 	550
f 466 	526 	514
f 1025 	457 	527
f 523 	524 	517
f 517 	524 	485
f 407 	431 	408
f 523 	517 	528
f 450 	925 	451
f 62 	63 	465
f 260 	295 	530
f 1736 	528 	517
f 466 	405 	526
f 63 	64 	465
f 533 	260 	530
f 495 	485 	534
f 575 	1143 	535
f 532 	535 	1143
f 520 	515 	533
f 260 	533 	515
f 404 	526 	405
f 50 	465 	64
f 576 	838 	575
f 404 	411 	526
f 451 	526 	411
f 1736 	541 	528
f 540 	353 	539
f 539 	353 	544
f 529 	570 	538
f 465 	829 	830
f 88 	80 	1759
f 538 	252 	232
f 550 	356 	549
f 549 	356 	552
f 433 	436 	408
f 1593 	519 	483
f 519 	1593 	531
f 1593 	1594 	531
f 518 	551 	556
f 545 	453 	546
f 452 	546 	453
f 545 	537 	453
f 453 	537 	454
f 542 	2006 	548
f 625 	623 	1291
f 569 	509 	568
f 563 	510 	569
f 518 	556 	529
f 425 	1807 	426
f 570 	529 	556
f 538 	328 	252
f 564 	511 	563
f 568 	507 	567
f 538 	570 	328
f 572 	567 	507
f 465 	192 	194
f 573 	21 	566
f 194 	196 	465
f 427 	426 	1807
f 1802 	1795 	427
f 465 	196 	197
f 465 	197 	815
f 169 	622 	562
f 465 	815 	823
f 632 	560 	580
f 560 	845 	580
f 572 	507 	537
f 632 	627 	560
f 465 	823 	829
f 578 	594 	473
f 551 	585 	556
f 509 	569 	510
f 465 	830 	831
f 562 	616 	561
f 831 	834 	465
f 611 	612 	561
f 535 	1594 	575
f 454 	537 	507
f 512 	511 	565
f 580 	577 	1596
f 582 	584 	566
f 507 	568 	509
f 465 	836 	918
f 577 	576 	1596
f 510 	563 	511
f 584 	573 	566
f 170 	628 	169
f 586 	570 	556
f 556 	585 	586
f 591 	525 	590
f 590 	521 	589
f 576 	575 	1596
f 570 	593 	328
f 589 	522 	588
f 492 	473 	594
f 570 	586 	593
f 213 	628 	170
f 595 	596 	597
f 593 	365 	328
f 597 	599 	594
f 600 	594 	599
f 595 	597 	594
f 578 	595 	594
f 598 	595 	578
f 584 	1864 	573
f 604 	555 	601
f 2002 	2007 	542
f 606 	607 	428
f 607 	608 	428
f 608 	609 	428
f 609 	610 	428
f 605 	606 	428
f 585 	602 	586
f 610 	406 	428
f 427 	428 	406
f 406 	407 	427
f 409 	427 	408
f 2004 	2011 	548
f 409 	410 	427
f 710 	270 	428
f 555 	561 	612
f 601 	555 	612
f 611 	561 	616
f 325 	592 	533
f 582 	635 	584
f 548 	2012 	571
f 2012 	2014 	571
f 634 	635 	582
f 586 	602 	615
f 592 	587 	520
f 616 	562 	614
f 522 	589 	521
f 520 	533 	592
f 571 	2022 	574
f 586 	615 	593
f 521 	590 	525
f 591 	527 	525
f 621 	622 	169
f 614 	562 	622
f 593 	429 	365
f 571 	2016 	2022
f 308 	245 	303
f 303 	512 	565
f 429 	593 	615
f 621 	169 	628
f 310 	245 	308
f 630 	643 	1291
f 623 	630 	1291
f 836 	465 	834
f 574 	2031 	579
f 649 	1292 	643
f 512 	303 	245
f 247 	317 	248
f 564 	565 	511
f 317 	247 	310
f 2037 	2035 	579
f 608 	619 	620
f 602 	631 	615
f 609 	620 	624
f 579 	2032 	2037
f 624 	626 	609
f 629 	631 	602
f 487 	615 	631
f 533 	530 	325
f 2049 	583 	581
f 553 	653 	558
f 646 	558 	653
f 522 	520 	588
f 587 	588 	520
f 640 	557 	648
f 2049 	1968 	583
f 295 	325 	530
f 1969 	1972 	583
f 555 	604 	554
f 652 	553 	659
f 613 	617 	605
f 618 	606 	617
f 554 	659 	553
f 620 	609 	608
f 653 	553 	652
f 637 	398 	636
f 609 	626 	610
f 625 	627 	1598
f 627 	632 	1598
f 610 	626 	406
f 632 	580 	1598
f 623 	625 	1598
f 657 	659 	554
f 270 	290 	613
f 270 	613 	603
f 613 	605 	603
f 465 	918 	921
f 605 	617 	606
f 398 	681 	684
f 607 	606 	619
f 618 	619 	606
f 465 	921 	655
f 554 	604 	657
f 608 	607 	619
f 1596 	1598 	580
f 638 	641 	547
f 430 	406 	626
f 648 	558 	646
f 682 	635 	634
f 547 	641 	551
f 674 	1292 	654
f 649 	654 	1292
f 585 	551 	641
f 465 	660 	661
f 639 	633 	579
f 661 	663 	465
f 664 	710 	492
f 638 	2244 	662
f 658 	662 	2244
f 649 	643 	1601
f 705 	644 	645
f 638 	662 	670
f 671 	709 	668
f 558 	648 	557
f 707 	647 	650
f 639 	581 	642
f 344 	707 	650
f 643 	630 	1601
f 1598 	1601 	630
f 638 	670 	641
f 711 	665 	703
f 649 	1601 	654
f 641 	672 	585
f 344 	282 	707
f 656 	728 	660
f 641 	670 	672
f 428 	492 	710
f 673 	255 	674
f 672 	602 	585
f 711 	664 	665
f 687 	255 	675
f 673 	675 	255
f 396 	644 	594
f 644 	396 	645
f 658 	676 	662
f 645 	396 	647
f 647 	396 	650
f 344 	650 	396
f 671 	557 	721
f 255 	687 	258
f 662 	677 	670
f 644 	651 	594
f 664 	492 	594
f 665 	664 	594
f 662 	676 	677
f 668 	701 	667
f 680 	672 	670
f 651 	665 	594
f 678 	682 	634
f 681 	398 	637
f 673 	674 	1604
f 680 	670 	677
f 702 	667 	701
f 672 	680 	629
f 674 	654 	1604
f 546 	452 	1051
f 1601 	1604 	654
f 821 	690 	694
f 1604 	675 	673
f 701 	668 	713
f 1049 	1051 	637
f 666 	697 	669
f 817 	688 	685
f 816 	689 	688
f 816 	688 	817
f 672 	629 	602
f 709 	713 	668
f 687 	692 	258
f 718 	258 	692
f 690 	821 	686
f 1795 	827 	473
f 684 	1051 	452
f 637 	1051 	681
f 640 	721 	557
f 681 	1051 	684
f 718 	719 	258
f 693 	694 	578
f 694 	690 	578
f 690 	686 	578
f 388 	578 	686
f 685 	688 	388
f 686 	685 	388
f 1051 	1052 	546
f 688 	689 	388
f 678 	695 	682
f 689 	324 	388
f 545 	1053 	537
f 572 	537 	1114
f 721 	716 	671
f 473 	693 	578
f 677 	1967 	680
f 679 	571 	683
f 629 	680 	1974
f 691 	695 	678
f 696 	697 	666
f 680 	1967 	1974
f 669 	700 	366
f 1604 	1606 	675
f 402 	598 	578
f 402 	578 	388
f 403 	600 	599
f 403 	599 	401
f 669 	697 	700
f 698 	667 	702
f 283 	279 	270
f 281 	276 	270
f 700 	374 	366
f 703 	704 	270
f 704 	705 	270
f 705 	706 	270
f 706 	707 	270
f 282 	270 	707
f 283 	270 	282
f 726 	464 	714
f 703 	270 	711
f 710 	711 	270
f 603 	605 	428
f 687 	675 	1606
f 687 	1606 	692
f 705 	645 	647
f 696 	715 	697
f 696 	708 	715
f 712 	676 	658
f 671 	717 	709
f 716 	717 	671
f 953 	956 	691
f 548 	571 	679
f 700 	2194 	374
f 703 	651 	644
f 571 	574 	683
f 10 	559 	19
f 10 	552 	559
f 691 	956 	695
f 719 	718 	1608
f 574 	633 	683
f 956 	2221 	695
f 574 	579 	633
f 664 	711 	710
f 749 	750 	464
f 758 	464 	750
f 581 	639 	579
f 651 	703 	665
f 1928 	946 	944
f 1606 	1608 	692
f 1795 	492 	428
f 718 	692 	1608
f 732 	725 	722
f 705 	704 	644
f 647 	706 	705
f 707 	706 	647
f 642 	581 	583
f 457 	714 	464
f 704 	703 	644
f 739 	464 	726
f 749 	464 	739
f 973 	583 	490
f 396 	600 	403
f 396 	594 	600
f 731 	661 	660
f 397 	597 	596
f 397 	596 	399
f 1079 	1085 	726
f 722 	729 	732
f 595 	400 	399
f 595 	399 	596
f 597 	397 	401
f 597 	401 	599
f 490 	975 	973
f 402 	400 	595
f 402 	595 	598
f 295 	720 	1611
f 725 	733 	727
f 660 	728 	731
f 730 	26 	944
f 26 	27 	944
f 714 	1079 	726
f 1608 	1611 	720
f 285 	734 	735
f 736 	286 	735
f 737 	661 	731
f 725 	732 	733
f 18 	944 	27
f 740 	288 	738
f 738 	287 	736
f 285 	735 	286
f 356 	559 	552
f 286 	736 	287
f 1440 	308 	303
f 303 	1437 	1440
f 287 	738 	288
f 742 	290 	740
f 310 	308 	1448
f 288 	740 	290
f 1448 	1450 	310
f 317 	310 	1450
f 321 	317 	1451
f 106 	217 	741
f 619 	618 	746
f 747 	619 	746
f 748 	619 	747
f 745 	746 	618
f 1585 	382 	743
f 724 	667 	698
f 394 	1585 	395
f 217 	239 	1005
f 1854 	1882 	760
f 2002 	542 	2104
f 723 	19 	559
f 290 	742 	613
f 661 	737 	663
f 744 	613 	742
f 745 	617 	744
f 2101 	2106 	768
f 1013 	1005 	239
f 732 	762 	733
f 737 	696 	663
f 613 	744 	617
f 723 	724 	22
f 698 	699 	724
f 618 	617 	745
f 748 	787 	620
f 748 	620 	619
f 699 	22 	724
f 787 	624 	620
f 737 	708 	696
f 1590 	447 	1587
f 663 	696 	666
f 770 	430 	753
f 1581 	463 	1590
f 752 	729 	907
f 382 	391 	1013
f 532 	531 	1594
f 1047 	755 	728
f 729 	752 	756
f 749 	1085 	750
f 1086 	750 	1085
f 1085 	739 	726
f 22 	19 	723
f 752 	780 	756
f 630 	623 	1598
f 739 	1085 	749
f 752 	774 	780
f 757 	731 	728
f 756 	732 	729
f 762 	732 	756
f 728 	755 	757
f 2139 	47 	46
f 391 	394 	1013
f 720 	719 	1608
f 2139 	2141 	47
f 760 	763 	1854
f 763 	804 	1854
f 764 	731 	757
f 773 	431 	770
f 1021 	1015 	443
f 731 	764 	737
f 430 	626 	753
f 776 	433 	773
f 430 	770 	431
f 759 	2099 	768
f 777 	1021 	447
f 737 	764 	708
f 781 	436 	776
f 431 	773 	433
f 459 	460 	777
f 805 	442 	783
f 783 	438 	781
f 433 	776 	436
f 436 	781 	438
f 756 	785 	762
f 438 	783 	442
f 756 	780 	785
f 777 	789 	1059
f 785 	1112 	762
f 626 	624 	788
f 787 	788 	624
f 460 	461 	777
f 788 	753 	626
f 759 	1397 	2099
f 763 	760 	1086
f 797 	302 	796
f 304 	796 	302
f 755 	166 	757
f 2101 	768 	2099
f 750 	1086 	758
f 285 	312 	734
f 312 	306 	800
f 797 	306 	302
f 2104 	542 	768
f 761 	1086 	760
f 800 	734 	312
f 797 	800 	306
f 758 	1086 	761
f 774 	75 	77
f 531 	1131 	519
f 76 	780 	77
f 774 	77 	780
f 780 	76 	85
f 805 	808 	445
f 442 	805 	445
f 809 	449 	802
f 449 	450 	802
f 42 	41 	2149
f 789 	777 	461
f 84 	785 	85
f 780 	85 	785
f 808 	810 	446
f 808 	446 	445
f 769 	807 	813
f 810 	448 	446
f 289 	1112 	87
f 813 	824 	769
f 463 	479 	789
f 461 	463 	789
f 84 	87 	785
f 822 	1764 	818
f 820 	822 	818
f 821 	822 	820
f 826 	1766 	821
f 817 	818 	1764
f 1764 	1762 	817
f 816 	817 	1762
f 1762 	1760 	816
f 824 	869 	769
f 1795 	1803 	827
f 814 	811 	819
f 828 	819 	811
f 812 	828 	811
f 818 	685 	686
f 818 	686 	820
f 685 	818 	817
f 480 	482 	1084
f 832 	833 	811
f 802 	811 	833
f 802 	833 	809
f 820 	686 	821
f 1063 	1090 	483
f 814 	832 	811
f 693 	473 	827
f 693 	827 	694
f 826 	694 	827
f 821 	694 	826
f 1895 	812 	811
f 807 	804 	1087
f 874 	871 	842
f 2178 	234 	233
f 763 	1087 	804
f 807 	1087 	813
f 840 	846 	847
f 848 	857 	847
f 849 	857 	848
f 850 	857 	849
f 851 	857 	850
f 852 	857 	851
f 853 	857 	852
f 854 	857 	853
f 855 	856 	854
f 857 	854 	856
f 840 	847 	857
f 813 	1087 	824
f 861 	840 	860
f 862 	840 	861
f 863 	840 	862
f 864 	840 	863
f 859 	860 	840
f 865 	840 	864
f 866 	840 	865
f 867 	840 	866
f 846 	840 	867
f 840 	841 	859
f 1141 	1162 	802
f 769 	869 	870
f 935 	868 	825
f 2193 	456 	455
f 873 	891 	841
f 872 	873 	841
f 841 	842 	871
f 875 	871 	874
f 871 	872 	841
f 871 	875 	876
f 877 	887 	876
f 881 	887 	877
f 882 	887 	881
f 883 	887 	882
f 884 	887 	883
f 885 	887 	884
f 886 	887 	885
f 871 	876 	887
f 929 	1819 	888
f 895 	896 	841
f 894 	895 	841
f 896 	897 	841
f 897 	898 	841
f 893 	894 	841
f 898 	899 	841
f 899 	900 	841
f 900 	858 	841
f 858 	859 	841
f 891 	893 	841
f 1118 	560 	625
f 829 	967 	830
f 825 	878 	835
f 825 	868 	878
f 1291 	643 	1292
f 835 	878 	907
f 835 	907 	843
f 1099 	880 	1088
f 843 	729 	722
f 729 	843 	907
f 1063 	519 	1131
f 532 	1139 	531
f 2215 	2216 	671
f 514 	904 	978
f 868 	970 	878
f 1143 	575 	838
f 1088 	869 	824
f 576 	577 	845
f 576 	845 	838
f 878 	972 	907
f 1088 	870 	869
f 577 	580 	845
f 878 	970 	972
f 870 	1088 	880
f 978 	491 	514
f 1099 	888 	880
f 514 	925 	904
f 514 	526 	925
f 926 	928 	1713
f 925 	911 	904
f 911 	925 	930
f 1008 	836 	834
f 28 	26 	730
f 28 	730 	974
f 1713 	1829 	926
f 836 	933 	918
f 930 	925 	449
f 450 	449 	925
f 526 	451 	925
f 1178 	794 	793
f 1178 	795 	794
f 1100 	928 	926
f 930 	833 	832
f 934 	942 	935
f 833 	930 	809
f 449 	809 	930
f 1043 	655 	921
f 926 	931 	1100
f 1099 	1100 	931
f 927 	938 	932
f 947 	946 	1824
f 927 	936 	938
f 932 	938 	939
f 929 	1099 	931
f 932 	939 	934
f 1099 	929 	888
f 943 	940 	941
f 911 	930 	937
f 944 	946 	947
f 942 	934 	939
f 868 	935 	942
f 943 	941 	947
f 944 	947 	941
f 945 	937 	930
f 949 	948 	1102
f 197 	954 	815
f 890 	889 	1018
f 1100 	1102 	948
f 819 	828 	945
f 275 	954 	197
f 1100 	948 	928
f 936 	1002 	1007
f 945 	930 	832
f 815 	954 	955
f 936 	1007 	938
f 949 	1102 	951
f 1102 	952 	951
f 938 	1011 	939
f 832 	814 	945
f 819 	945 	814
f 938 	1007 	1011
f 988 	989 	953
f 953 	990 	956
f 741 	991 	953
f 815 	955 	823
f 939 	1012 	942
f 955 	960 	823
f 939 	1011 	1012
f 965 	942 	1012
f 942 	965 	868
f 955 	1755 	960
f 964 	941 	963
f 1026 	633 	639
f 823 	960 	829
f 960 	967 	829
f 963 	941 	966
f 962 	941 	964
f 642 	1027 	639
f 970 	868 	965
f 969 	941 	968
f 962 	968 	941
f 1027 	642 	1028
f 1104 	957 	958
f 958 	959 	1104
f 1028 	642 	973
f 959 	971 	1104
f 1477 	772 	771
f 642 	583 	973
f 1477 	1478 	772
f 730 	944 	974
f 957 	1104 	961
f 972 	752 	907
f 782 	1488 	784
f 976 	831 	830
f 774 	752 	972
f 944 	969 	977
f 974 	944 	977
f 1492 	1493 	784
f 971 	952 	1104
f 941 	969 	944
f 1102 	1104 	952
f 2213 	668 	667
f 1650 	961 	980
f 1172 	791 	790
f 792 	791 	1172
f 965 	982 	970
f 99 	106 	953
f 1582 	983 	984
f 1175 	793 	792
f 1178 	793 	1175
f 965 	979 	982
f 970 	982 	986
f 990 	953 	989
f 1616 	998 	999
f 990 	985 	956
f 999 	1000 	1616
f 970 	986 	972
f 1518 	806 	803
f 972 	986 	774
f 980 	961 	1105
f 983 	981 	1105
f 992 	953 	991
f 988 	953 	992
f 104 	979 	105
f 1104 	1105 	961
f 105 	979 	1022
f 994 	995 	956
f 996 	956 	995
f 993 	994 	956
f 985 	993 	956
f 981 	980 	1105
f 984 	997 	1582
f 979 	104 	108
f 997 	998 	1582
f 107 	982 	108
f 979 	108 	982
f 975 	491 	978
f 636 	1616 	1000
f 975 	490 	491
f 111 	986 	112
f 982 	112 	986
f 2149 	41 	172
f 984 	1105 	1107
f 982 	107 	112
f 986 	111 	114
f 2231 	956 	996
f 984 	1107 	997
f 75 	774 	114
f 986 	114 	774
f 741 	217 	991
f 967 	976 	830
f 998 	1107 	999
f 997 	1107 	998
f 950 	908 	906
f 831 	976 	1003
f 999 	1107 	1000
f 217 	1005 	991
f 992 	991 	1005
f 1519 	1522 	806
f 1050 	1049 	1000
f 1049 	637 	636
f 989 	988 	1005
f 992 	1005 	988
f 831 	1003 	834
f 1002 	1016 	1007
f 1003 	1008 	834
f 1002 	1014 	1016
f 990 	1009 	985
f 990 	989 	1009
f 1005 	1009 	989
f 1107 	1050 	1000
f 1053 	1054 	537
f 1054 	1114 	537
f 1114 	1116 	572
f 567 	1117 	568
f 1023 	840 	1024
f 1117 	1119 	568
f 1005 	1013 	1009
f 1010 	679 	1070
f 1121 	564 	563
f 565 	564 	1125
f 1121 	1125 	564
f 1071 	683 	1072
f 1125 	1127 	565
f 1014 	1002 	1711
f 1071 	679 	683
f 1013 	1015 	1009
f 589 	588 	1130
f 683 	633 	1072
f 589 	1129 	590
f 1136 	590 	1129
f 874 	842 	1208
f 1007 	1016 	1017
f 1008 	933 	836
f 162 	1017 	1016
f 1016 	147 	162
f 1001 	759 	1004
f 1007 	1017 	1011
f 1011 	1017 	1022
f 1004 	759 	768
f 1136 	591 	590
f 1006 	1004 	768
f 1024 	840 	1031
f 1006 	542 	1010
f 1017 	165 	1022
f 1011 	1022 	1012
f 979 	965 	1012
f 1006 	768 	542
f 1010 	542 	548
f 1039 	854 	1041
f 1012 	1022 	979
f 1010 	548 	679
f 1019 	1020 	1018
f 591 	1137 	527
f 1018 	1023 	890
f 1014 	144 	148
f 1020 	1023 	1018
f 147 	1016 	148
f 1014 	148 	1016
f 967 	1784 	976
f 1024 	890 	1023
f 1015 	1013 	437
f 892 	890 	1024
f 527 	1137 	1025
f 1140 	1025 	1137
f 161 	1017 	162
f 394 	395 	1013
f 437 	1013 	395
f 1031 	857 	1033
f 457 	1034 	714
f 165 	1017 	161
f 457 	1032 	1034
f 1035 	855 	1036
f 164 	1022 	165
f 1026 	639 	1027
f 105 	1022 	164
f 1024 	1031 	892
f 1080 	714 	1140
f 1031 	1033 	892
f 1033 	1035 	892
f 1077 	933 	1008
f 1034 	1140 	714
f 1035 	1036 	892
f 901 	892 	1036
f 1038 	921 	918
f 1028 	973 	1029
f 1032 	1140 	1034
f 1030 	1029 	975
f 2231 	996 	2238
f 995 	2238 	996
f 933 	1038 	918
f 841 	1020 	842
f 1055 	1042 	853
f 1041 	853 	1042
f 840 	1023 	841
f 921 	1038 	1043
f 993 	985 	1009
f 1029 	973 	975
f 1055 	852 	1056
f 1037 	1040 	1694
f 1030 	975 	978
f 1025 	1140 	1032
f 857 	1031 	840
f 2238 	995 	1045
f 994 	1045 	995
f 994 	993 	1045
f 1009 	1045 	993
f 1036 	855 	1039
f 587 	592 	1144
f 853 	1041 	854
f 1045 	1046 	2238
f 655 	1043 	1047
f 587 	1147 	588
f 1056 	852 	1062
f 851 	1064 	1062
f 1065 	850 	1069
f 1050 	1966 	1049
f 1043 	1060 	1047
f 1015 	1045 	1009
f 849 	950 	1069
f 636 	1000 	1049
f 1015 	1021 	1045
f 655 	1047 	656
f 1051 	1966 	1052
f 1047 	728 	656
f 1046 	1045 	1021
f 545 	546 	1052
f 1052 	1966 	1053
f 1053 	1966 	1054
f 545 	1052 	1053
f 1039 	1041 	901
f 1041 	1042 	901
f 1036 	1039 	901
f 902 	901 	1042
f 727 	733 	1058
f 1064 	850 	1065
f 1043 	1038 	1057
f 2052 	1030 	978
f 1058 	1037 	727
f 1060 	1043 	1057
f 978 	904 	2052
f 1046 	1021 	1059
f 1058 	1061 	1037
f 1042 	1055 	902
f 875 	874 	1206
f 1055 	1056 	902
f 903 	902 	1056
f 871 	887 	987
f 1037 	1061 	1040
f 755 	1047 	1060
f 1062 	1064 	903
f 1040 	1066 	1044
f 1064 	1065 	903
f 1056 	1062 	903
f 1061 	1066 	1040
f 1066 	1067 	1044
f 905 	903 	1065
f 1015 	437 	441
f 2057 	911 	937
f 1057 	241 	1060
f 1226 	1223 	876
f 441 	443 	1015
f 875 	1226 	876
f 1067 	1048 	1044
f 1069 	950 	905
f 1065 	1069 	905
f 906 	905 	950
f 2182 	229 	228
f 443 	447 	1021
f 976 	1792 	1003
f 976 	1784 	1792
f 1021 	777 	1059
f 1276 	872 	987
f 1075 	1008 	1003
f 1073 	908 	950
f 1074 	908 	1073
f 1075 	1003 	1792
f 1008 	1075 	1077
f 2030 	1077 	1075
f 1076 	909 	1074
f 1058 	1091 	1061
f 933 	1082 	1038
f 1091 	1096 	1061
f 1081 	866 	1083
f 933 	1077 	1082
f 1019 	1208 	842
f 1057 	1038 	1082
f 1106 	1094 	865
f 865 	1094 	1093
f 1061 	1096 	1066
f 865 	864 	1106
f 1108 	1106 	864
f 1080 	1224 	1079
f 1079 	1224 	1085
f 864 	863 	1108
f 1124 	1122 	862
f 714 	1080 	1079
f 1085 	1224 	1086
f 1124 	862 	861
f 1084 	1078 	480
f 1068 	1006 	1010
f 1086 	1224 	1087
f 1152 	1151 	858
f 1068 	1010 	1070
f 763 	1086 	1087
f 1089 	1058 	733
f 900 	1340 	858
f 679 	1071 	1070
f 733 	762 	1089
f 851 	1062 	852
f 1081 	909 	1076
f 1083 	909 	1081
f 908 	1074 	909
f 1090 	1084 	482
f 1072 	633 	1026
f 950 	849 	848
f 1089 	1091 	1058
f 848 	847 	950
f 1073 	846 	1074
f 1087 	1224 	1088
f 1091 	1123 	1096
f 1076 	867 	1081
f 1088 	824 	1087
f 1115 	1123 	1091
f 867 	866 	1081
f 482 	483 	1090
f 1101 	1067 	1066
f 1098 	1103 	1092
f 1102 	1966 	1104
f 1066 	1096 	1101
f 1093 	910 	1083
f 754 	1001 	1095
f 860 	859 	1149
f 789 	479 	1078
f 909 	1083 	910
f 1104 	1966 	1105
f 1093 	1094 	910
f 1001 	754 	759
f 984 	983 	1105
f 479 	480 	1078
f 1108 	863 	1110
f 1105 	1966 	1107
f 1050 	1107 	1966
f 1126 	1124 	861
f 1128 	1126 	860
f 1265 	886 	885
f 2077 	1109 	1095
f 1054 	1966 	1114
f 762 	1112 	1089
f 1112 	1115 	1089
f 1114 	1966 	1116
f 1117 	1116 	1966
f 567 	572 	1116
f 1106 	912 	1094
f 567 	1116 	1117
f 910 	1094 	912
f 1098 	1097 	1181
f 569 	568 	1119
f 1110 	912 	1108
f 1106 	1108 	912
f 1103 	1098 	1187
f 1119 	1120 	569
f 563 	569 	1120
f 1089 	1115 	1091
f 863 	1122 	1110
f 1120 	1119 	1966
f 1098 	1181 	1187
f 563 	1120 	1121
f 863 	862 	1122
f 1109 	1508 	1095
f 861 	860 	1126
f 1127 	1150 	565
f 1109 	1505 	1508
f 1123 	1132 	1096
f 1134 	2118 	1135
f 1133 	1134 	1135
f 589 	1130 	1129
f 1129 	1224 	1136
f 1276 	1277 	873
f 1136 	1224 	1137
f 871 	987 	872
f 591 	1136 	1137
f 1137 	1224 	1140
f 1135 	386 	1133
f 385 	1133 	386
f 1123 	311 	1132
f 1140 	1224 	1080
f 1122 	913 	1110
f 1141 	802 	386
f 300 	311 	1123
f 1124 	913 	1122
f 1126 	913 	1124
f 557 	2216 	558
f 558 	2218 	553
f 1144 	1580 	1147
f 1144 	1147 	587
f 912 	1110 	913
f 1126 	1128 	913
f 1130 	588 	1147
f 2224 	562 	561
f 1151 	1149 	859
f 859 	858 	1151
f 1146 	1153 	1135
f 1299 	893 	1298
f 46 	2138 	2139
f 1019 	842 	1020
f 1135 	1153 	1141
f 913 	1128 	914
f 325 	1611 	592
f 1033 	857 	856
f 855 	1035 	856
f 854 	1039 	855
f 1138 	1156 	1158
f 1096 	1132 	1101
f 1155 	914 	1149
f 1149 	914 	1128
f 1113 	560 	1118
f 478 	1134 	1133
f 478 	1133 	385
f 1149 	1151 	1155
f 1132 	1229 	1101
f 1113 	845 	560
f 478 	2129 	1134
f 1151 	1152 	1155
f 1055 	853 	852
f 785 	87 	1112
f 1142 	1138 	1158
f 914 	1155 	915
f 1097 	1142 	1158
f 1157 	1161 	1681
f 293 	1115 	294
f 1112 	294 	1115
f 1157 	1160 	1161
f 625 	1291 	1118
f 289 	294 	1112
f 802 	1162 	811
f 293 	301 	1115
f 811 	1162 	1935
f 300 	1123 	301
f 1115 	301 	1123
f 1097 	1148 	1142
f 1141 	1163 	1162
f 309 	1132 	311
f 1148 	1098 	1092
f 849 	1069 	850
f 1153 	1163 	1141
f 1148 	1097 	1098
f 1132 	313 	1229
f 309 	313 	1132
f 1131 	531 	1139
f 1159 	722 	725
f 775 	772 	1478
f 532 	1143 	1139
f 347 	2199 	348
f 1164 	1185 	1186
f 1478 	1479 	775
f 2199 	350 	348
f 1020 	841 	1023
f 1164 	1186 	1165
f 782 	779 	1488
f 1492 	784 	1488
f 1159 	725 	1160
f 1160 	725 	727
f 1166 	1146 	2189
f 1146 	1169 	1153
f 1173 	1174 	262
f 1352 	262 	1170
f 1033 	856 	1035
f 1166 	1169 	1146
f 790 	924 	1170
f 1170 	262 	1172
f 1160 	727 	1161
f 1170 	1172 	790
f 727 	1037 	1161
f 1172 	262 	1174
f 1158 	1156 	1182
f 792 	1172 	1174
f 1174 	1173 	1175
f 1174 	1175 	792
f 1175 	1173 	1178
f 1169 	1166 	1194
f 1178 	1173 	1180
f 1156 	1176 	1182
f 1169 	1183 	1153
f 1178 	1180 	795
f 1173 	1184 	1180
f 1153 	1183 	1163
f 795 	1184 	798
f 1180 	1184 	795
f 1189 	1158 	1182
f 1183 	1169 	1211
f 1518 	803 	801
f 1165 	1190 	1168
f 1064 	851 	850
f 1186 	1190 	1165
f 837 	806 	1522
f 1189 	1097 	1158
f 1522 	839 	837
f 1189 	1181 	1097
f 1073 	950 	847
f 1048 	1067 	1193
f 1076 	1074 	846
f 847 	846 	1073
f 879 	1528 	889
f 1191 	1194 	1166
f 1223 	1220 	877
f 1193 	1177 	1048
f 1076 	846 	867
f 877 	876 	1223
f 1177 	1185 	1164
f 1206 	1207 	875
f 875 	1207 	1226
f 1193 	1185 	1177
f 1208 	1206 	874
f 1185 	1200 	1186
f 83 	78 	1195
f 2213 	667 	724
f 1200 	1185 	1201
f 1182 	1176 	1332
f 1196 	2023 	1092
f 1330 	1332 	1176
f 1195 	1191 	83
f 72 	92 	1191
f 883 	882 	1238
f 1167 	1131 	1210
f 881 	1221 	1240
f 1093 	1083 	866
f 1063 	1131 	1167
f 1191 	1197 	1194
f 866 	865 	1093
f 1059 	789 	1171
f 1197 	1191 	1195
f 1149 	1128 	860
f 1197 	1214 	1194
f 1179 	1171 	1078
f 1530 	1018 	889
f 789 	1078 	1171
f 1239 	1259 	883
f 1201 	1185 	1193
f 1078 	1084 	1179
f 1220 	1221 	881
f 1202 	1195 	86
f 79 	86 	1195
f 881 	877 	1220
f 1186 	1203 	1190
f 1179 	1084 	1188
f 1200 	1203 	1186
f 1090 	1188 	1084
f 1067 	1101 	1209
f 1199 	1573 	1204
f 1192 	1188 	1090
f 1240 	1238 	882
f 2175 	236 	2145
f 882 	881 	1240
f 1090 	1063 	1192
f 1209 	1193 	1067
f 1209 	1201 	1193
f 1536 	1207 	1532
f 1192 	1063 	1167
f 86 	115 	1202
f 1206 	1532 	1207
f 2302 	1167 	1210
f 1169 	1194 	1211
f 1343 	1181 	1189
f 1092 	1103 	1196
f 170 	169 	2157
f 1103 	1111 	1196
f 1201 	1212 	1213
f 2157 	2159 	170
f 1196 	1111 	1198
f 1194 	1214 	1211
f 61 	2145 	236
f 1212 	339 	336
f 872 	1276 	873
f 1018 	1532 	1206
f 1208 	1018 	1206
f 1229 	345 	1212
f 1201 	1213 	1200
f 1208 	1019 	1018
f 1213 	1218 	1200
f 1210 	1217 	2312
f 335 	1213 	336
f 1213 	1212 	336
f 1238 	1239 	883
f 1544 	1984 	1214
f 1200 	1218 	1203
f 1195 	1202 	1222
f 1537 	1221 	1536
f 1209 	1101 	1229
f 1221 	1220 	1536
f 1209 	1212 	1201
f 1202 	1205 	1222
f 1230 	1222 	1205
f 1212 	1209 	1229
f 1224 	1655 	1657
f 1660 	1233 	1227
f 1224 	1227 	1233
f 1219 	1231 	2314
f 1220 	1223 	1536
f 1129 	1130 	1224
f 1251 	1232 	1225
f 1536 	1223 	1226
f 1536 	1226 	1207
f 1539 	1197 	1195
f 1232 	1258 	1234
f 1213 	335 	341
f 1232 	1251 	1258
f 1236 	1222 	1237
f 1259 	1260 	884
f 1231 	845 	1113
f 340 	1218 	341
f 1213 	341 	1218
f 884 	883 	1259
f 838 	845 	1231
f 1242 	1235 	1237
f 1235 	1236 	1237
f 1243 	1222 	1236
f 1230 	1237 	1222
f 1247 	1539 	1246
f 1245 	1539 	1244
f 2175 	237 	236
f 1229 	313 	343
f 343 	345 	1229
f 1238 	1240 	1406
f 1244 	1539 	1247
f 339 	1212 	345
f 1240 	1221 	1406
f 1537 	1406 	1221
f 1243 	1254 	1222
f 886 	1265 	1266
f 1570 	1571 	1253
f 1246 	1222 	1254
f 1225 	1289 	1251
f 1217 	1210 	1139
f 1256 	1257 	1262
f 1260 	1269 	884
f 1131 	1139 	1210
f 1261 	1250 	1168
f 1259 	1406 	1260
f 1219 	1217 	1143
f 1168 	1190 	1261
f 1239 	1406 	1259
f 2193 	455 	362
f 1234 	1258 	1264
f 1139 	1143 	1217
f 190 	1256 	1263
f 1262 	1263 	1256
f 1143 	838 	1219
f 1269 	1265 	885
f 1257 	1256 	1268
f 1267 	1268 	1256
f 1267 	1256 	1270
f 1258 	1255 	1264
f 885 	884 	1269
f 1219 	838 	1231
f 1234 	1264 	1241
f 1265 	1762 	1266
f 1241 	1156 	1138
f 1264 	1156 	1241
f 1762 	1265 	1269
f 1762 	1269 	1260
f 887 	1271 	987
f 887 	886 	1271
f 1266 	1271 	886
f 1253 	1273 	1570
f 1271 	1764 	987
f 1242 	1275 	1235
f 822 	987 	1764
f 1267 	1270 	1275
f 1270 	1235 	1275
f 873 	1282 	891
f 1235 	1270 	1236
f 1562 	1561 	1278
f 1249 	1248 	1278
f 1273 	1278 	1248
f 964 	1272 	1279
f 1176 	1156 	1264
f 1276 	987 	1766
f 1274 	1288 	1280
f 822 	1766 	987
f 873 	1277 	1282
f 199 	1310 	198
f 1277 	1796 	1282
f 2218 	558 	2216
f 964 	1279 	962
f 968 	962 	1279
f 561 	555 	2224
f 1250 	1261 	1286
f 977 	28 	974
f 844 	1525 	879
f 1310 	200 	195
f 1286 	1274 	1250
f 28 	977 	1279
f 977 	969 	1279
f 968 	1279 	969
f 1273 	1253 	1287
f 1252 	1287 	1253
f 1281 	1285 	1289
f 1286 	1288 	1274
f 200 	1256 	190
f 1287 	1278 	1273
f 54 	47 	2141
f 1280 	1290 	1283
f 1281 	1289 	1225
f 1325 	1270 	1256
f 1288 	1290 	1280
f 61 	56 	2145
f 1764 	1266 	1762
f 1252 	1294 	1287
f 1300 	1285 	1284
f 1152 	858 	1340
f 1340 	900 	1341
f 899 	1341 	900
f 1261 	1327 	1286
f 898 	1333 	899
f 1333 	1334 	899
f 1295 	115 	110
f 1333 	898 	1336
f 897 	1336 	898
f 1293 	1294 	1575
f 1294 	1252 	1575
f 896 	1337 	897
f 1336 	897 	1337
f 895 	1317 	896
f 1331 	1338 	1288
f 1293 	1684 	1296
f 1575 	1684 	1293
f 1317 	895 	1320
f 1295 	110 	205
f 893 	1308 	894
f 1290 	1288 	1338
f 891 	1298 	893
f 1300 	1284 	2309
f 1295 	1237 	1230
f 1230 	1205 	1295
f 1298 	891 	1282
f 1292 	255 	1272
f 1297 	1301 	1679
f 1679 	1301 	1296
f 1285 	1215 	1289
f 1294 	1293 	1303
f 1296 	1303 	1293
f 1285 	1300 	1215
f 1301 	1303 	1296
f 205 	190 	1263
f 1282 	1796 	1298
f 1299 	1298 	1796
f 1216 	1251 	1289
f 255 	1279 	1272
f 1303 	1287 	1294
f 1289 	1215 	1216
f 1263 	1262 	205
f 1262 	1257 	205
f 1257 	1268 	205
f 205 	1268 	1295
f 1290 	1305 	1283
f 16 	1287 	1303
f 1242 	1237 	1295
f 1242 	1295 	1275
f 1251 	1228 	1258
f 1268 	1267 	1295
f 1275 	1295 	1267
f 1283 	1305 	1302
f 1228 	1251 	1216
f 1305 	1306 	1302
f 1270 	1307 	1236
f 1228 	1255 	1258
f 16 	2168 	1287
f 1301 	1324 	1303
f 1309 	894 	1308
f 1320 	894 	1309
f 1254 	1243 	1307
f 1236 	1307 	1243
f 1299 	1308 	893
f 1255 	1176 	1264
f 1301 	1297 	1324
f 1247 	1246 	1307
f 1254 	1307 	1246
f 1302 	1306 	1304
f 1308 	1299 	1803
f 1303 	125 	16
f 195 	198 	1310
f 1300 	1403 	1215
f 1796 	1803 	1299
f 1394 	1310 	199
f 1324 	1297 	1311
f 1312 	1324 	1311
f 200 	1310 	1313
f 946 	1928 	1824
f 1306 	1305 	1382
f 1315 	1312 	1700
f 1311 	1699 	1312
f 1341 	899 	1334
f 1378 	1382 	1305
f 1319 	896 	1317
f 1337 	896 	1319
f 1216 	1407 	1228
f 894 	1320 	895
f 200 	1313 	1256
f 1203 	1323 	1190
f 1228 	1414 	1255
f 1190 	1323 	1261
f 1313 	1325 	1256
f 125 	1303 	1324
f 1319 	1317 	1808
f 1320 	1808 	1317
f 1315 	1324 	1312
f 1325 	1307 	1270
f 1803 	1808 	1309
f 1323 	1327 	1261
f 1327 	1331 	1286
f 1330 	1176 	1255
f 1272 	2339 	1328
f 1327 	1347 	1331
f 1315 	1335 	1324
f 1307 	1559 	1247
f 1286 	1331 	1288
f 1244 	1559 	1245
f 1315 	1314 	1335
f 1316 	1335 	1314
f 1322 	1335 	1316
f 1182 	1332 	1339
f 963 	966 	1272
f 151 	1324 	1335
f 1334 	1333 	1811
f 1333 	1336 	1811
f 1336 	1337 	1811
f 1332 	1348 	1350
f 1394 	1646 	1310
f 1332 	1350 	1339
f 1337 	1319 	1811
f 1808 	1811 	1319
f 966 	2339 	1272
f 1378 	1305 	1290
f 1182 	1339 	1189
f 151 	125 	1324
f 1272 	964 	963
f 1189 	1339 	1343
f 1340 	1341 	1155
f 1310 	1650 	1313
f 15 	24 	1318
f 1342 	1323 	1203
f 1318 	24 	2306
f 1152 	1340 	1155
f 1155 	1341 	1813
f 1341 	1334 	1813
f 1815 	1335 	1706
f 1322 	1706 	1335
f 1342 	1203 	1218
f 1579 	1325 	1313
f 2306 	1326 	1318
f 1811 	1813 	1334
f 1342 	1344 	1323
f 1326 	1284 	1329
f 1818 	915 	1155
f 1818 	1155 	1813
f 373 	151 	1335
f 916 	915 	1818
f 1284 	1326 	2306
f 1329 	1285 	1281
f 1118 	2341 	1113
f 1323 	1344 	1327
f 1329 	1284 	1285
f 2341 	1118 	1321
f 1344 	1347 	1327
f 1330 	1348 	1332
f 1331 	1349 	1338
f 1321 	1291 	1328
f 373 	1335 	1815
f 1345 	1348 	1330
f 1118 	1291 	1321
f 1347 	1349 	1331
f 212 	1346 	1351
f 1328 	1292 	1272
f 1353 	262 	1352
f 1328 	1291 	1292
f 1353 	924 	923
f 1352 	924 	1353
f 923 	808 	1353
f 1339 	1355 	1343
f 943 	947 	2342
f 1824 	2342 	947
f 1339 	1350 	1355
f 1352 	1170 	924
f 231 	253 	1356
f 1218 	340 	413
f 747 	746 	766
f 1354 	1358 	1357
f 1157 	1343 	1355
f 767 	765 	746
f 1218 	413 	1342
f 412 	1342 	413
f 767 	1474 	771
f 253 	257 	1356
f 771 	1473 	1477
f 1361 	1363 	1360
f 1359 	1360 	1363
f 1358 	1362 	1357
f 418 	1344 	424
f 1342 	424 	1344
f 257 	227 	1356
f 1361 	52 	48
f 1361 	48 	1363
f 1480 	778 	1479
f 1345 	1383 	1348
f 412 	424 	1342
f 418 	435 	1344
f 264 	263 	1366
f 779 	1485 	1488
f 1363 	1365 	1359
f 432 	1347 	435
f 1344 	435 	1347
f 1368 	1475 	1367
f 1364 	1475 	1368
f 1362 	1367 	1475
f 1357 	1362 	1475
f 432 	440 	1347
f 127 	1855 	131
f 1371 	1354 	1357
f 1366 	284 	264
f 1369 	1370 	1373
f 1370 	1365 	1373
f 1363 	1373 	1365
f 1372 	1373 	1363
f 1855 	1376 	131
f 439 	1349 	440
f 1347 	440 	1349
f 1350 	1159 	1355
f 444 	468 	1389
f 131 	1376 	134
f 1157 	1355 	1160
f 1380 	1381 	1357
f 439 	444 	1349
f 1377 	291 	296
f 1355 	1159 	1160
f 1173 	262 	1502
f 1338 	1378 	1290
f 1847 	1372 	1363
f 1502 	1184 	1173
f 296 	284 	1366
f 1377 	296 	1366
f 1374 	1375 	1381
f 1375 	1371 	1381
f 1371 	1357 	1381
f 305 	1377 	1385
f 116 	157 	1386
f 1383 	1345 	1379
f 1384 	1388 	1357
f 1387 	1350 	1348
f 1349 	1389 	1338
f 1475 	1384 	1357
f 1386 	203 	116
f 315 	316 	1385
f 1348 	1383 	1387
f 1391 	1393 	1357
f 1380 	1357 	1393
f 1390 	1391 	1357
f 352 	2204 	353
f 318 	319 	1394
f 1338 	1389 	1378
f 1159 	1350 	1387
f 1519 	806 	1518
f 1389 	1395 	1378
f 2206 	355 	353
f 1394 	320 	1385
f 315 	1385 	320
f 1393 	1565 	1380
f 1386 	1417 	1392
f 844 	839 	1525
f 1357 	1388 	1390
f 318 	1394 	199
f 1378 	1395 	1382
f 1395 	1531 	1382
f 2210 	723 	559
f 1530 	1532 	1018
f 1349 	444 	1389
f 1379 	825 	835
f 469 	1395 	470
f 1389 	470 	1395
f 759 	754 	1397
f 1379 	835 	1383
f 1410 	1386 	157
f 468 	470 	1389
f 1383 	843 	1387
f 1383 	835 	843
f 1387 	722 	1159
f 801 	1516 	1518
f 1396 	1397 	754
f 1387 	843 	722
f 1410 	1417 	1386
f 2098 	2099 	1397
f 839 	1522 	1524
f 1524 	1525 	839
f 1366 	1419 	1377
f 1530 	889 	1528
f 1415 	1400 	1304
f 1400 	1418 	1402
f 1403 	1300 	1401
f 1415 	1418 	1400
f 1404 	1216 	1215
f 52 	1361 	1398
f 1360 	1398 	1361
f 1360 	1359 	1398
f 1365 	1398 	1359
f 1762 	1260 	1406
f 1404 	1215 	1403
f 1375 	1396 	1371
f 553 	2218 	2219
f 1398 	1365 	1399
f 1407 	1216 	1404
f 1266 	1764 	1271
f 2219 	554 	553
f 1374 	1408 	1375
f 1409 	1396 	1408
f 1375 	1408 	1396
f 1422 	1405 	1402
f 1277 	1766 	1796
f 1413 	1397 	1412
f 1356 	1411 	1366
f 1304 	1306 	1415
f 1414 	1228 	1407
f 1410 	157 	1399
f 1412 	1397 	1409
f 1396 	1409 	1397
f 45 	2137 	46
f 1330 	1255 	1414
f 1416 	1417 	1410
f 1419 	1366 	1411
f 1821 	916 	1818
f 1433 	1410 	1431
f 916 	1821 	917
f 1397 	1420 	751
f 1401 	2291 	1421
f 1828 	919 	917
f 920 	919 	1828
f 1397 	1413 	1420
f 1401 	1421 	1403
f 1418 	1422 	1402
f 1409 	1423 	1412
f 1426 	1392 	1417
f 1418 	1526 	1422
f 1408 	1423 	1409
f 1424 	1385 	1377
f 923 	922 	808
f 1403 	1425 	1404
f 1408 	1374 	1423
f 1381 	1423 	1374
f 1403 	1421 	1425
f 1377 	1419 	1424
f 1427 	1392 	1428
f 1426 	1428 	1392
f 1150 	1437 	565
f 1404 	1425 	1429
f 1413 	1412 	2108
f 1420 	1413 	2108
f 1423 	2108 	1412
f 1370 	1399 	1365
f 1515 	1415 	1306
f 1515 	1520 	1415
f 1431 	1399 	1430
f 1370 	1430 	1399
f 1369 	1430 	1370
f 1404 	1429 	1407
f 1415 	1520 	1418
f 1644 	1394 	1385
f 1407 	1432 	1414
f 765 	766 	746
f 1278 	1423 	1562
f 1380 	1562 	1423
f 1381 	1380 	1423
f 1418 	1520 	1526
f 1407 	1429 	1432
f 1448 	1440 	1474
f 1414 	1432 	1345
f 1434 	1410 	1433
f 1399 	1431 	1410
f 1391 	1435 	1393
f 1437 	1150 	1474
f 1127 	1125 	1474
f 1394 	1644 	1646
f 1379 	1345 	1432
f 303 	565 	1437
f 1150 	1127 	1474
f 1310 	1646 	1650
f 1410 	1438 	1439
f 1410 	1439 	1416
f 1391 	1390 	1435
f 1435 	1390 	1388
f 1384 	1435 	1388
f 1414 	1345 	1330
f 1410 	1434 	1438
f 1431 	1442 	1433
f 1436 	1441 	2272
f 1430 	1442 	1431
f 347 	2196 	2199
f 1441 	1458 	1443
f 1430 	1369 	1442
f 1373 	1442 	1369
f 1724 	1424 	1419
f 1445 	1505 	1367
f 1439 	1438 	1444
f 1438 	1434 	1444
f 1434 	1433 	1444
f 1442 	1444 	1433
f 1429 	1457 	1469
f 1432 	1429 	1469
f 1445 	1396 	754
f 1428 	1426 	1444
f 1426 	1417 	1444
f 1417 	1416 	1444
f 1439 	1444 	1416
f 1440 	1437 	1474
f 1448 	1474 	1450
f 1077 	232 	1082
f 1469 	1379 	1432
f 1405 	1447 	1436
f 1427 	1428 	1692
f 1444 	1692 	1428
f 235 	1057 	1082
f 1358 	1445 	1362
f 1422 	1447 	1405
f 1450 	1474 	1451
f 1454 	1452 	1474
f 1082 	232 	235
f 1367 	1362 	1445
f 1372 	1847 	1442
f 1373 	1372 	1442
f 1451 	1474 	1452
f 1371 	1445 	1354
f 1358 	1354 	1445
f 743 	1451 	1452
f 1421 	1449 	1453
f 1445 	1371 	1396
f 1447 	1455 	1436
f 241 	1057 	235
f 1346 	1456 	1351
f 1060 	241 	243
f 755 	1060 	243
f 1421 	1453 	1425
f 1436 	1455 	1441
f 1425 	1453 	1457
f 1351 	1456 	1461
f 166 	755 	243
f 1453 	934 	1457
f 1425 	1457 	1429
f 1455 	1458 	1441
f 1460 	1462 	1459
f 757 	168 	764
f 1466 	1465 	1468
f 1464 	1463 	1465
f 1470 	1464 	1465
f 1468 	1465 	1463
f 1452 	1454 	743
f 1454 	1585 	743
f 757 	166 	168
f 1351 	1461 	1356
f 1458 	1467 	1443
f 1474 	1966 	1473
f 1471 	1472 	1459
f 1471 	1459 	1475
f 1470 	1503 	1464
f 708 	764 	173
f 1356 	1461 	1411
f 1460 	1459 	1476
f 1472 	1476 	1459
f 1473 	771 	1474
f 1443 	1467 	1446
f 168 	173 	764
f 1459 	1499 	1475
f 1479 	1966 	1480
f 1473 	1966 	1477
f 1496 	1475 	1499
f 1477 	1966 	1478
f 1793 	1809 	1466
f 1478 	1966 	1479
f 778 	775 	1479
f 1471 	1475 	1484
f 1480 	1966 	1485
f 778 	1480 	779
f 1485 	779 	1480
f 1483 	1484 	1475
f 1463 	1464 	1487
f 1482 	1487 	1464
f 1791 	363 	1797
f 1485 	1966 	1488
f 1488 	1966 	1492
f 1482 	1464 	1490
f 1490 	1464 	1489
f 81 	1489 	1464
f 1364 	1483 	1475
f 557 	671 	2216
f 1492 	1966 	1493
f 1516 	801 	1493
f 801 	784 	1493
f 80 	81 	1509
f 1491 	1495 	1481
f 1494 	1459 	1609
f 1586 	1609 	1459
f 1610 	1613 	1455
f 766 	786 	747
f 1613 	1458 	1455
f 1481 	1495 	1486
f 1791 	1521 	363
f 555 	2222 	2224
f 1495 	1498 	1486
f 1500 	1501 	261
f 1497 	1500 	261
f 1499 	1459 	1494
f 932 	1449 	927
f 261 	1502 	262
f 1475 	1496 	1384
f 2136 	2137 	44
f 1449 	932 	1453
f 1506 	1507 	1502
f 1501 	1506 	1502
f 1502 	261 	1501
f 1464 	1503 	1504
f 370 	368 	1346
f 1458 	1623 	1467
f 54 	2141 	55
f 1512 	1184 	1502
f 370 	1346 	371
f 1507 	1510 	1502
f 1833 	1842 	1470
f 212 	371 	1346
f 1453 	932 	934
f 1498 	1495 	1558
f 934 	935 	1457
f 1512 	1502 	1510
f 1464 	1509 	81
f 1457 	935 	1469
f 1095 	1508 	754
f 1469 	825 	1379
f 1509 	1464 	1504
f 42 	2150 	43
f 1484 	1538 	1471
f 379 	333 	1576
f 798 	1184 	788
f 1512 	788 	1184
f 1471 	1538 	1472
f 788 	787 	798
f 2161 	172 	2159
f 2161 	2149 	172
f 1493 	1966 	1516
f 1576 	333 	1543
f 379 	1576 	1578
f 1516 	1966 	1518
f 1364 	1538 	1483
f 1382 	1515 	1306
f 387 	379 	1578
f 368 	363 	1521
f 1519 	1964 	1522
f 1368 	1505 	1364
f 1521 	1791 	1514
f 1517 	1523 	1491
f 1522 	1964 	1524
f 1346 	368 	1521
f 1368 	1367 	1505
f 1508 	1505 	1445
f 1525 	1964 	1527
f 1491 	1523 	1495
f 1445 	754 	1508
f 879 	1525 	1527
f 1527 	1528 	879
f 1499 	1759 	1496
f 1384 	1496 	1759
f 1514 	1511 	1690
f 1964 	1530 	1528
f 1527 	1964 	1528
f 1514 	1693 	1521
f 1513 	1954 	1529
f 1530 	1964 	1532
f 2196 	347 	456
f 1533 	1517 	1513
f 1531 	1515 	1382
f 1541 	1537 	1964
f 1532 	1964 	1536
f 1514 	1690 	1693
f 359 	354 	1556
f 1515 	1535 	1520
f 1536 	1964 	1537
f 1529 	1533 	1513
f 1531 	1535 	1515
f 1195 	1222 	1539
f 1533 	1567 	1517
f 1469 	935 	825
f 1239 	1238 	1406
f 1541 	1406 	1537
f 1534 	1538 	2100
f 1543 	333 	359
f 1542 	1111 	1103
f 1517 	1567 	1523
f 1544 	1214 	1197
f 1505 	2102 	1538
f 1103 	1187 	1542
f 337 	203 	1392
f 1542 	1545 	1111
f 1535 	1540 	1520
f 1197 	1539 	1544
f 2182 	228 	234
f 1364 	1505 	1538
f 337 	1546 	342
f 1505 	1109 	2102
f 1520 	1540 	1526
f 1548 	1539 	1245
f 1222 	1246 	1539
f 337 	1392 	1546
f 1547 	1549 	1529
f 1535 	505 	1540
f 1551 	1539 	1550
f 1548 	1550 	1539
f 1462 	1460 	1534
f 1476 	1534 	1460
f 1546 	1552 	342
f 360 	2187 	361
f 1462 	1534 	1617
f 2188 	2192 	361
f 1529 	1549 	1533
f 1553 	1544 	1551
f 342 	1552 	354
f 1555 	1544 	1554
f 1472 	1538 	1534
f 1554 	1544 	1553
f 1539 	1551 	1544
f 1920 	1250 	1547
f 1472 	1534 	1476
f 1552 	1556 	354
f 1547 	1274 	1549
f 1484 	1483 	1538
f 1556 	1543 	359
f 1250 	1274 	1547
f 1187 	1659 	1542
f 1552 	1653 	1556
f 1274 	1280 	1549
f 1557 	1307 	1325
f 1494 	1759 	1499
f 1609 	1759 	1494
f 1307 	1557 	1559
f 1563 	261 	1353
f 1523 	1558 	1495
f 1668 	1545 	1542
f 2210 	559 	356
f 1661 	1618 	1543
f 1558 	1560 	1498
f 1497 	261 	1564
f 1563 	1564 	261
f 1244 	1247 	1559
f 1561 	1562 	1565
f 1565 	1562 	1380
f 1392 	1427 	1546
f 1647 	1546 	1427
f 1204 	1566 	1988
f 808 	805 	1563
f 1565 	1568 	1561
f 1563 	1353 	808
f 1546 	1649 	1552
f 1198 	1569 	1199
f 1561 	1568 	1249
f 1248 	1249 	1568
f 1647 	1651 	1546
f 1252 	1253 	1571
f 1523 	1567 	1572
f 1569 	1198 	1111
f 1653 	1656 	1556
f 1571 	1575 	1252
f 1570 	1568 	1824
f 1592 	1600 	1567
f 1199 	1569 	1573
f 1550 	1548 	1605
f 1245 	1605 	1548
f 1273 	1248 	1570
f 1567 	1600 	1572
f 1556 	1661 	1543
f 1523 	1572 	1558
f 1568 	1570 	1248
f 2154 	169 	562
f 1556 	1658 	1661
f 1596 	575 	1594
f 1553 	1551 	1605
f 1550 	1605 	1551
f 1558 	1574 	1560
f 1572 	1574 	1558
f 1204 	1573 	1577
f 1249 	1278 	1561
f 56 	2144 	2145
f 1144 	592 	1145
f 1566 	1204 	1577
f 1540 	508 	1629
f 1590 	1474 	1581
f 1594 	1593 	1614
f 1325 	1582 	1557
f 1684 	1575 	1824
f 1575 	1571 	1824
f 1571 	1570 	1824
f 1435 	1824 	1568
f 1435 	1568 	1565
f 1435 	1565 	1393
f 1583 	392 	387
f 1224 	1580 	1620
f 1569 	1111 	1545
f 1325 	1579 	1582
f 1580 	1611 	1608
f 1606 	1580 	1608
f 1604 	1580 	1606
f 1594 	1614 	1596
f 496 	1531 	497
f 1573 	1569 	1584
f 387 	1578 	1583
f 1454 	1474 	1585
f 1584 	1569 	1545
f 1395 	497 	1531
f 1585 	1474 	1587
f 1590 	1587 	1474
f 469 	497 	1395
f 171 	2159 	172
f 496 	501 	1531
f 500 	1535 	501
f 1531 	501 	1535
f 1586 	1589 	1591
f 1593 	1581 	1614
f 1474 	1614 	1581
f 1643 	1773 	1583
f 504 	1540 	505
f 1592 	1567 	1533
f 1597 	1459 	1595
f 500 	505 	1535
f 535 	532 	1594
f 504 	508 	1540
f 1549 	1592 	1533
f 1462 	1595 	1459
f 1596 	1614 	1598
f 1598 	1614 	1601
f 536 	1629 	508
f 1589 	1586 	1599
f 1459 	1597 	1586
f 1597 	1599 	1586
f 1601 	1580 	1604
f 1602 	1447 	1422
f 1543 	1625 	1576
f 2360 	1603 	1586
f 1559 	1605 	1245
f 1602 	1422 	1526
f 1578 	1576 	1630
f 1636 	1633 	1576
f 1600 	1607 	1572
f 1586 	1603 	1609
f 1602 	1610 	1447
f 1611 	1580 	1154
f 1145 	1154 	1580
f 1576 	1627 	1636
f 325 	295 	1611
f 1447 	1610 	1455
f 1145 	592 	1154
f 1154 	592 	1611
f 1572 	1607 	1574
f 1643 	1583 	1578
f 1553 	1605 	389
f 1635 	1610 	1602
f 745 	767 	746
f 1774 	1583 	1773
f 1614 	1615 	1580
f 1620 	1580 	1615
f 2206 	353 	2204
f 1580 	1601 	1614
f 1620 	1622 	1224
f 2207 	355 	2206
f 1573 	1588 	1577
f 1616 	1559 	1557
f 2207 	2208 	355
f 767 	745 	1474
f 1614 	1474 	745
f 1619 	1543 	1618
f 1584 	1588 	1573
f 1582 	1616 	1557
f 1280 	1592 	1549
f 1588 	1621 	1577
f 1616 	398 	1559
f 1624 	1224 	1622
f 1283 	1600 	1592
f 1618 	1666 	1619
f 1280 	1283 	1592
f 1626 	1224 	1624
f 1626 	1628 	1224
f 1613 	1623 	1458
f 1302 	1607 	1600
f 1622 	740 	1624
f 1543 	1619 	1625
f 1627 	1576 	1625
f 1283 	1302 	1600
f 1605 	1559 	398
f 1628 	1631 	1224
f 1634 	1224 	1631
f 1540 	1629 	1526
f 1605 	434 	389
f 1545 	1705 	1584
f 1607 	1632 	1574
f 1602 	1526 	1629
f 1630 	1576 	1633
f 1637 	1224 	1634
f 1655 	1224 	1637
f 1631 	734 	1634
f 1629 	1635 	1602
f 734 	800 	1637
f 1584 	1709 	1588
f 1610 	1638 	1613
f 1607 	1304 	1632
f 799 	787 	786
f 1639 	1578 	1630
f 1705 	1709 	1584
f 1607 	1302 	1304
f 1635 	1638 	1610
f 1304 	1400 	1632
f 1582 	998 	1616
f 1638 	1640 	1613
f 1564 	805 	1497
f 805 	783 	1497
f 1497 	783 	1500
f 781 	1500 	783
f 1616 	636 	398
f 230 	141 	1642
f 781 	776 	1500
f 1501 	1500 	776
f 1617 	1534 	372
f 1588 	1712 	1621
f 1642 	141 	1867
f 773 	1506 	1501
f 773 	1501 	776
f 1507 	1506 	773
f 1613 	1640 	1623
f 1385 	1424 	1644
f 230 	1642 	238
f 1578 	1639 	1641
f 1578 	1641 	1643
f 1589 	1612 	1591
f 1510 	753 	1512
f 1640 	11 	1623
f 799 	798 	787
f 1612 	1589 	1599
f 539 	1635 	540
f 2203 	351 	350
f 1595 	1617 	1597
f 1629 	540 	1635
f 352 	351 	2204
f 1552 	1649 	1648
f 536 	540 	1629
f 1597 	1617 	1599
f 1760 	1406 	1682
f 1048 	1177 	1645
f 539 	544 	1635
f 1599 	1617 	1612
f 1649 	1546 	1651
f 543 	1638 	544
f 1635 	544 	1638
f 1462 	1617 	1595
f 1653 	1552 	1652
f 1648 	1652 	1552
f 1181 	1654 	1187
f 549 	1640 	550
f 1638 	550 	1640
f 1650 	1579 	1313
f 1603 	1759 	1609
f 2360 	1759 	1603
f 1638 	543 	550
f 1634 	734 	1637
f 1181 	1343 	1654
f 549 	552 	1640
f 1658 	1556 	1656
f 1659 	1187 	1654
f 1224 	1657 	1227
f 10 	11 	552
f 1660 	1663 	1233
f 1654 	1157 	1681
f 2215 	671 	668
f 1654 	1681 	1659
f 1660 	1730 	1663
f 1664 	1669 	1233
f 1619 	1666 	1625
f 1667 	1625 	1666
f 1730 	1664 	1663
f 1659 	1668 	1542
f 1233 	1669 	1672
f 1642 	1670 	238
f 1727 	1644 	1424
f 1618 	1661 	1666
f 1659 	1685 	1668
f 1669 	1739 	1672
f 1424 	1724 	1727
f 1663 	1664 	1233
f 1672 	1673 	1233
f 1673 	1674 	1233
f 1674 	1675 	1233
f 1644 	1738 	1646
f 238 	1670 	242
f 1541 	1964 	1682
f 1675 	1676 	1233
f 1636 	1667 	1633
f 1157 	1654 	1343
f 1636 	1627 	1667
f 1625 	1667 	1627
f 1677 	1678 	1679
f 1650 	980 	1579
f 1670 	1680 	242
f 1682 	1233 	1676
f 1641 	1639 	1667
f 1639 	1630 	1667
f 1667 	1630 	1633
f 1684 	1824 	1677
f 1676 	1758 	1682
f 1541 	1682 	1406
f 1684 	1677 	1679
f 1760 	1762 	1406
f 1681 	1685 	1659
f 242 	1680 	244
f 1662 	1683 	1687
f 1685 	1688 	1668
f 1679 	1296 	1684
f 1641 	1804 	1643
f 1652 	1648 	1692
f 1648 	1649 	1692
f 1651 	1692 	1649
f 1680 	1689 	244
f 1662 	1687 	1665
f 1678 	1691 	1679
f 1309 	1308 	1803
f 1665 	1687 	1695
f 1681 	1694 	1685
f 1320 	1309 	1808
f 1651 	1647 	1692
f 1647 	1427 	1692
f 1311 	1297 	1699
f 1679 	1691 	1297
f 1661 	1658 	1666
f 1656 	1666 	1658
f 1161 	1694 	1681
f 1694 	1697 	1685
f 1521 	1693 	1698
f 1656 	1653 	1666
f 1692 	1666 	1653
f 1692 	1653 	1652
f 1695 	1671 	1665
f 917 	1821 	1823
f 1695 	936 	1671
f 917 	1823 	1828
f 1699 	1691 	1824
f 1678 	1824 	1691
f 1677 	1824 	1678
f 1698 	1346 	1521
f 1831 	920 	1828
f 1685 	1697 	1688
f 1698 	1456 	1346
f 1831 	1840 	920
f 1671 	936 	927
f 1691 	1699 	1297
f 1564 	1563 	805
f 1314 	1315 	1700
f 1700 	1312 	1699
f 1037 	1694 	1161
f 1615 	1614 	744
f 745 	744 	1614
f 1316 	1314 	1701
f 1700 	1701 	1314
f 1690 	1814 	1693
f 742 	1620 	744
f 1620 	1615 	744
f 1694 	1040 	1697
f 1693 	1819 	1698
f 742 	740 	1622
f 742 	1622 	1620
f 1626 	1624 	738
f 738 	1624 	740
f 1040 	1044 	1697
f 1628 	1626 	736
f 738 	736 	1626
f 1814 	1819 	1693
f 736 	735 	1631
f 736 	1631 	1628
f 392 	1583 	1704
f 1747 	1697 	1044
f 735 	734 	1631
f 1002 	936 	1695
f 1774 	1779 	1583
f 55 	2141 	2143
f 1704 	422 	392
f 1703 	1706 	1702
f 1316 	1701 	1322
f 1706 	1322 	1702
f 1702 	1322 	1701
f 2143 	56 	55
f 1705 	1545 	1668
f 748 	747 	786
f 1706 	1703 	1815
f 1687 	1683 	1710
f 298 	1708 	513
f 1710 	1683 	1707
f 2150 	42 	2149
f 1687 	1711 	1695
f 770 	1507 	773
f 1687 	1710 	1711
f 1510 	1507 	753
f 770 	753 	1507
f 1588 	1709 	1712
f 1734 	1702 	1824
f 1702 	1701 	1824
f 1824 	1701 	1700
f 1824 	1700 	1699
f 788 	1512 	753
f 748 	786 	787
f 1695 	1711 	1002
f 1655 	1637 	800
f 800 	1657 	1655
f 1461 	1713 	1411
f 1704 	1781 	1708
f 1940 	1621 	1712
f 1715 	1419 	1411
f 1718 	1719 	1717
f 1716 	1717 	1719
f 1411 	1713 	1715
f 1707 	1714 	1722
f 1720 	1723 	1721
f 1716 	304 	1717
f 1688 	1705 	1668
f 1704 	1783 	1781
f 1714 	216 	1722
f 1660 	1227 	1716
f 1719 	1660 	1716
f 1724 	1419 	1715
f 1670 	1900 	1680
f 1227 	796 	1716
f 1705 	1688 	1726
f 1708 	1781 	1725
f 1729 	1737 	1728
f 1718 	1728 	1730
f 1718 	1730 	1719
f 1707 	1722 	1710
f 1688 	1747 	1726
f 1876 	1872 	1723
f 1710 	1722 	1731
f 1705 	1726 	1709
f 1720 	1721 	1732
f 1735 	1732 	1721
f 1708 	1725 	513
f 1722 	219 	1731
f 1719 	1730 	1660
f 1709 	1733 	1712
f 1722 	215 	219
f 1703 	1702 	1734
f 1735 	1703 	1734
f 1735 	1734 	1732
f 517 	513 	1736
f 1725 	1736 	513
f 1730 	1728 	1737
f 1739 	1737 	1729
f 1738 	1644 	1727
f 1710 	1731 	1711
f 1726 	1733 	1709
f 1730 	1737 	1664
f 1014 	1711 	1731
f 1733 	1947 	1712
f 1669 	1664 	1739
f 1737 	1739 	1664
f 1770 	1740 	1721
f 1735 	1721 	1740
f 144 	1014 	225
f 1731 	225 	1014
f 1736 	1725 	1490
f 1731 	218 	225
f 1739 	1746 	1672
f 959 	958 	1738
f 1487 	1482 	1725
f 1482 	1490 	1725
f 1740 	1815 	1735
f 1703 	1735 	1815
f 1744 	1752 	1743
f 1745 	1756 	1744
f 1742 	1743 	1746
f 1746 	1739 	1742
f 1729 	1742 	1739
f 1741 	954 	275
f 1869 	628 	1714
f 275 	1696 	1741
f 215 	1722 	216
f 1725 	1463 	1487
f 216 	1714 	213
f 954 	1741 	1748
f 218 	1731 	219
f 1673 	1672 	1746
f 1747 	1688 	1697
f 1725 	1468 	1463
f 1726 	1747 	1645
f 1749 	1758 	1745
f 1746 	1743 	1752
f 1736 	1490 	1489
f 1754 	1750 	1872
f 1751 	1872 	1750
f 1748 	955 	954
f 1747 	1048 	1645
f 1750 	1838 	1751
f 1674 	1673 	1752
f 1746 	1752 	1673
f 955 	1748 	1755
f 1752 	1744 	1756
f 1756 	1745 	1758
f 816 	1760 	1749
f 1748 	1741 	1985
f 1726 	1645 	1733
f 1675 	1674 	1756
f 1752 	1756 	1674
f 1756 	1758 	1676
f 1756 	1676 	1675
f 1758 	1749 	1760
f 80 	1509 	1759
f 1504 	1759 	1509
f 1759 	1504 	1503
f 1760 	1682 	1758
f 948 	1724 	1715
f 1763 	159 	1757
f 1727 	952 	1738
f 1044 	1048 	1747
f 822 	821 	1766
f 1721 	1872 	1765
f 1767 	1721 	1765
f 1761 	1721 	1767
f 957 	1650 	958
f 1646 	958 	1650
f 1277 	1276 	1766
f 1768 	97 	140
f 1761 	1769 	1721
f 1770 	1721 	1769
f 1646 	1738 	958
f 981 	1579 	980
f 1657 	800 	797
f 961 	1650 	957
f 1227 	1657 	796
f 797 	796 	1657
f 1776 	1740 	1775
f 1579 	983 	1582
f 1768 	140 	1763
f 1770 	1775 	1740
f 1718 	1717 	271
f 1777 	97 	1768
f 304 	271 	1717
f 983 	1579 	981
f 1775 	1770 	1780
f 304 	1716 	796
f 1704 	1583 	1779
f 1769 	1780 	1770
f 960 	1782 	967
f 1779 	1783 	1704
f 1769 	1761 	1780
f 283 	344 	1745
f 324 	1749 	1745
f 1755 	1782 	960
f 1662 	102 	1777
f 1713 	928 	1715
f 948 	1715 	928
f 283 	1745 	1744
f 1724 	948 	949
f 1787 	1781 	1786
f 1783 	1786 	1781
f 1790 	1791 	1789
f 1788 	1789 	1791
f 1782 	1784 	967
f 1724 	949 	1727
f 951 	1727 	949
f 1791 	1775 	1780
f 689 	816 	1749
f 689 	1749 	324
f 971 	1738 	952
f 951 	952 	1727
f 1757 	1794 	1763
f 1790 	1776 	1791
f 1775 	1791 	1776
f 971 	959 	1738
f 1781 	1793 	1466
f 1466 	1468 	1781
f 1725 	1781 	1468
f 1802 	1808 	1795
f 1766 	826 	1796
f 826 	827 	1796
f 1757 	1785 	1794
f 1797 	1788 	1791
f 1793 	1781 	1798
f 1763 	1794 	1799
f 1787 	1798 	1781
f 1566 	1801 	1772
f 1807 	1811 	1802
f 1796 	827 	1803
f 1763 	1799 	1768
f 1667 	1804 	1641
f 1566 	1577 	1801
f 1768 	1805 	1777
f 1748 	1987 	1755
f 1791 	1780 	1514
f 1772 	1806 	1778
f 1768 	1799 	1805
f 1686 	1854 	807
f 1773 	1643 	1804
f 1810 	1813 	1807
f 1803 	1795 	1808
f 1985 	1987 	1748
f 1777 	1683 	1662
f 804 	807 	1854
f 1798 	1787 	1809
f 1805 	1683 	1777
f 1772 	1801 	1806
f 1686 	807 	769
f 1987 	1996 	1755
f 1786 	1809 	1787
f 1808 	1802 	1811
f 1806 	1800 	1778
f 1686 	769 	1690
f 1812 	1810 	423
f 1755 	1996 	1782
f 1825 	1806 	1801
f 1812 	1818 	1810
f 1811 	1807 	1813
f 1804 	1809 	1786
f 1804 	1786 	1783
f 1804 	1783 	1779
f 1804 	1779 	1774
f 1804 	1774 	1773
f 769 	1814 	1690
f 1778 	1800 	1771
f 1817 	1812 	421
f 769 	870 	1814
f 425 	423 	1810
f 1785 	1832 	1794
f 1465 	1466 	1809
f 1798 	1809 	1793
f 1820 	1823 	1817
f 1817 	1821 	1812
f 1813 	1810 	1818
f 1809 	1470 	1465
f 1794 	1841 	1799
f 421 	1820 	1817
f 423 	421 	1812
f 2178 	233 	237
f 1794 	1832 	1841
f 1740 	1776 	1815
f 1790 	1815 	1776
f 1789 	1815 	1790
f 1826 	1828 	1820
f 1818 	1812 	1821
f 1820 	419 	1826
f 1698 	1819 	1822
f 1797 	373 	1815
f 1667 	1925 	1804
f 1821 	1817 	1823
f 1815 	1789 	1788
f 1815 	1788 	1797
f 1925 	1931 	1804
f 1577 	1621 	1801
f 1805 	1707 	1683
f 1804 	1931 	1809
f 1822 	1456 	1698
f 1723 	1720 	1824
f 1824 	1720 	1732
f 1823 	1820 	1828
f 1830 	1826 	417
f 1829 	1456 	1822
f 1621 	1825 	1801
f 1833 	1470 	1809
f 1806 	1816 	1800
f 1829 	1822 	931
f 1826 	1830 	1831
f 1826 	1831 	1828
f 1915 	1941 	1827
f 1806 	1825 	1816
f 1734 	1824 	1732
f 1832 	1785 	1827
f 419 	417 	1826
f 1837 	1839 	1835
f 1836 	1837 	1835
f 1834 	1835 	1839
f 1833 	1834 	1839
f 1765 	1751 	1838
f 1829 	1461 	1456
f 1830 	1840 	1831
f 1829 	1713 	1461
f 1840 	1830 	448
f 417 	448 	1830
f 1765 	1838 	1767
f 922 	920 	1840
f 931 	926 	1829
f 810 	922 	1840
f 1761 	1767 	1780
f 1838 	1780 	1767
f 1835 	1931 	1836
f 810 	1840 	448
f 922 	810 	808
f 1940 	1825 	1621
f 1819 	1814 	880
f 870 	880 	1814
f 1842 	1833 	1839
f 1503 	1470 	1842
f 1825 	1936 	1816
f 1799 	1841 	1843
f 48 	573 	1844
f 1940 	1936 	1825
f 1822 	1819 	929
f 880 	888 	1819
f 2021 	1792 	1784
f 929 	931 	1822
f 1844 	1363 	48
f 1799 	1843 	1805
f 1805 	1843 	1707
f 1847 	1363 	1846
f 1780 	1838 	1511
f 1899 	1511 	1838
f 1846 	1844 	1851
f 1941 	1849 	1827
f 1511 	1514 	1780
f 1850 	1851 	1844
f 1844 	1846 	1363
f 1853 	138 	134
f 1855 	127 	1848
f 1827 	1852 	1832
f 134 	1376 	1853
f 1857 	1837 	1858
f 1836 	1858 	1837
f 1827 	1849 	1852
f 1832 	1852 	1859
f 1876 	1723 	1824
f 1862 	1857 	1861
f 1860 	1861 	1857
f 1858 	1860 	1857
f 1852 	616 	1859
f 1852 	611 	616
f 138 	1853 	1856
f 1832 	1859 	1841
f 1863 	1845 	1771
f 1856 	1867 	141
f 1865 	1866 	1868
f 1841 	1869 	1843
f 573 	1864 	1844
f 1841 	1859 	1869
f 1771 	1800 	1863
f 1843 	1714 	1707
f 1863 	1870 	1845
f 1871 	1866 	1865
f 1871 	1865 	1872
f 1843 	1869 	1714
f 1686 	1690 	1511
f 1844 	1864 	1875
f 1867 	1873 	1642
f 601 	1849 	604
f 1874 	1875 	1864
f 1876 	1871 	1872
f 1849 	601 	612
f 1848 	1845 	1870
f 1721 	1723 	1872
f 611 	1852 	612
f 1849 	612 	1852
f 1870 	1877 	1848
f 614 	1859 	616
f 1376 	1486 	1853
f 1939 	1878 	1865
f 1486 	1880 	1853
f 1885 	1881 	1872
f 1486 	1498 	1880
f 1848 	1877 	1855
f 1859 	614 	622
f 169 	2154 	2157
f 1856 	1853 	1880
f 464 	1882 	1916
f 1865 	1883 	1884
f 1865 	1884 	1885
f 1865 	1885 	1872
f 1481 	1376 	1855
f 171 	170 	2159
f 1856 	1886 	1867
f 621 	1869 	622
f 1859 	622 	1869
f 1481 	1855 	1877
f 1880 	1886 	1856
f 1869 	621 	628
f 758 	1882 	464
f 1883 	1865 	1888
f 1875 	1889 	1844
f 213 	1714 	628
f 1481 	1486 	1376
f 631 	1890 	487
f 1850 	1844 	1889
f 1888 	1865 	1887
f 1879 	1887 	1865
f 761 	760 	1882
f 1882 	758 	761
f 1753 	1754 	1872
f 1881 	1753 	1872
f 1885 	1893 	1881
f 1873 	1923 	1900
f 1751 	1765 	1872
f 1888 	1916 	1883
f 1100 	1224 	1102
f 1099 	1224 	1100
f 1088 	1224 	1099
f 1966 	1102 	1224
f 2185 	2187 	358
f 1847 	1846 	1892
f 1851 	1892 	1846
f 1753 	1881 	1893
f 1851 	1850 	1892
f 1964 	1519 	1966
f 1892 	1442 	1847
f 1894 	494 	489
f 1907 	1895 	811
f 1885 	1884 	1893
f 489 	1891 	1894
f 1754 	1899 	1750
f 1816 	1897 	1800
f 1442 	1896 	1444
f 1898 	494 	1894
f 1873 	1670 	1642
f 1838 	1750 	1899
f 1670 	1873 	1900
f 1893 	1899 	1753
f 1896 	1442 	1892
f 1800 	1897 	1863
f 1754 	1753 	1899
f 1897 	1901 	1863
f 1689 	1680 	1902
f 1896 	65 	1444
f 1680 	1900 	1902
f 1863 	1901 	1870
f 1893 	1916 	1882
f 1877 	1870 	1903
f 1893 	1882 	1854
f 1902 	1905 	1689
f 1899 	1893 	1854
f 1890 	2019 	1904
f 65 	1692 	1444
f 1901 	1903 	1870
f 1895 	2034 	812
f 1899 	1854 	1686
f 1491 	1877 	1903
f 1890 	1904 	1906
f 1689 	1905 	1696
f 1686 	1511 	1899
f 1944 	1162 	1163
f 1824 	1871 	1876
f 1944 	1935 	1162
f 1904 	1929 	1906
f 1903 	1517 	1491
f 1890 	1906 	1891
f 1877 	1491 	1481
f 1907 	811 	1909
f 1908 	1894 	1891
f 1878 	1910 	1879
f 1816 	1953 	1897
f 1887 	1879 	1910
f 1891 	1906 	1908
f 1889 	1875 	1912
f 1874 	1912 	1875
f 1907 	1909 	1914
f 1913 	1914 	1909
f 1911 	1913 	1909
f 1894 	1908 	1915
f 1902 	1900 	1926
f 1923 	1926 	1900
f 1889 	1912 	1892
f 1889 	1892 	1850
f 1878 	1949 	1910
f 1894 	1915 	1898
f 1513 	1903 	1901
f 9 	1896 	1892
f 1887 	1910 	1916
f 1887 	1916 	1888
f 1898 	1785 	1757
f 1911 	1909 	69
f 1915 	1785 	1898
f 351 	2203 	2204
f 457 	1910 	1949
f 1903 	1513 	1517
f 811 	1935 	1909
f 1912 	9 	1892
f 2070 	1981 	1905
f 109 	1896 	9
f 1884 	1883 	1916
f 1929 	1904 	1924
f 1916 	1893 	1884
f 1917 	1920 	1958
f 723 	2210 	2211
f 1867 	1921 	1873
f 1991 	1912 	1874
f 457 	464 	1910
f 1912 	137 	9
f 1921 	1867 	1886
f 1910 	464 	1916
f 1921 	1923 	1873
f 60 	1667 	1666
f 1919 	69 	132
f 1915 	1827 	1785
f 1645 	1922 	1733
f 96 	60 	1666
f 1824 	1868 	1866
f 1824 	1866 	1871
f 1911 	1919 	1913
f 1918 	1164 	1165
f 1966 	1224 	1233
f 1927 	1905 	1902
f 1165 	1917 	1918
f 69 	1919 	1911
f 1667 	60 	1925
f 1926 	1927 	1902
f 1917 	1168 	1920
f 1924 	1946 	1929
f 2138 	46 	2137
f 1168 	1917 	1165
f 1924 	1943 	1946
f 1168 	1250 	1920
f 1930 	1932 	1928
f 1865 	1868 	1930
f 1932 	1930 	1868
f 1645 	1177 	1922
f 1906 	1929 	1934
f 1922 	1164 	1918
f 944 	18 	1930
f 1177 	1164 	1922
f 1929 	1948 	1934
f 1933 	1930 	20
f 1834 	1833 	1809
f 1906 	1934 	1908
f 1930 	1933 	1937
f 1930 	1937 	1938
f 1930 	1938 	1939
f 1908 	1941 	1915
f 1921 	1886 	1952
f 566 	1909 	1935
f 1712 	1947 	1940
f 1835 	1834 	1931
f 1809 	1931 	1834
f 1908 	1934 	1941
f 1921 	1955 	1923
f 1933 	1945 	1937
f 582 	566 	1935
f 1944 	582 	1935
f 1879 	1865 	1878
f 1930 	1939 	1865
f 1959 	1927 	1926
f 1959 	2103 	1927
f 65 	96 	1692
f 1949 	1938 	1937
f 1940 	1942 	1936
f 1947 	1942 	1940
f 1163 	1183 	1956
f 1666 	1692 	96
f 1498 	1950 	1880
f 1948 	1929 	1946
f 1498 	1560 	1950
f 1945 	1949 	1937
f 1918 	1917 	1942
f 1956 	1944 	1163
f 1934 	1948 	1951
f 1947 	1733 	1922
f 1880 	1950 	1886
f 1946 	653 	1948
f 1939 	1949 	1878
f 1949 	1939 	1938
f 60 	74 	1925
f 1961 	1183 	1211
f 1950 	1952 	1886
f 74 	1963 	1925
f 1922 	1918 	1947
f 2188 	361 	2187
f 1942 	1947 	1918
f 1934 	1951 	1941
f 1925 	1963 	1931
f 1816 	1936 	1953
f 1941 	1951 	1849
f 1949 	1945 	516
f 1836 	1931 	1858
f 1860 	1858 	1931
f 1897 	1954 	1901
f 1931 	1963 	1860
f 1953 	1954 	1897
f 515 	516 	1945
f 1952 	1955 	1921
f 1896 	109 	65
f 1954 	1513 	1901
f 1849 	1951 	604
f 634 	582 	1944
f 1923 	1957 	1926
f 1942 	1958 	1936
f 1956 	634 	1944
f 1942 	1917 	1958
f 1955 	1957 	1923
f 1953 	1936 	1958
f 1824 	1932 	1868
f 1842 	1759 	1503
f 646 	1946 	648
f 1953 	1960 	1954
f 1956 	678 	634
f 1943 	648 	1946
f 1183 	1961 	1956
f 1943 	640 	648
f 1958 	1960 	1953
f 1957 	1959 	1926
f 1946 	646 	653
f 1960 	1529 	1954
f 20 	34 	1945
f 1857 	1759 	1837
f 1839 	1837 	1759
f 1842 	1839 	1759
f 652 	1948 	653
f 1961 	678 	1956
f 1945 	1933 	20
f 657 	1951 	659
f 659 	1951 	1948
f 691 	678 	1961
f 34 	260 	515
f 1948 	652 	659
f 515 	1945 	34
f 1961 	1211 	1962
f 604 	1951 	657
f 1928 	1932 	1824
f 1211 	1214 	1962
f 1920 	1960 	1958
f 1962 	691 	1961
f 229 	2183 	358
f 1960 	1547 	1529
f 1560 	2142 	1950
f 1962 	953 	691
f 1580 	1224 	1130
f 1144 	1145 	1580
f 1130 	1147 	1580
f 2142 	1952 	1950
f 1920 	1547 	1960
f 1861 	1860 	1963
f 1525 	1524 	1964
f 1518 	1966 	1519
f 1952 	2146 	1955
f 1966 	1233 	1964
f 1233 	1682 	1964
f 1962 	1214 	1984
f 74 	2027 	1963
f 1984 	953 	1962
f 676 	1965 	677
f 677 	1965 	1967
f 1969 	583 	1968
f 2172 	1959 	1957
f 2047 	1982 	2049
f 1544 	1555 	1970
f 490 	583 	1972
f 1553 	389 	1554
f 1862 	2342 	1857
f 1972 	1975 	490
f 462 	490 	1975
f 1979 	1980 	1978
f 1977 	1978 	1980
f 1976 	1977 	1980
f 1975 	471 	462
f 1970 	1555 	389
f 1554 	389 	1555
f 1696 	1905 	1981
f 1051 	1049 	1966
f 1981 	1741 	1696
f 2211 	2212 	723
f 1994 	1984 	1993
f 1980 	1862 	1976
f 1861 	1976 	1862
f 1968 	2049 	1982
f 584 	635 	1986
f 1981 	1985 	1741
f 1982 	471 	1975
f 1982 	1975 	1972
f 1982 	1972 	1969
f 1982 	1969 	1968
f 1986 	1864 	584
f 1994 	1992 	1984
f 1864 	1990 	1991
f 1864 	1991 	1874
f 1544 	1993 	1984
f 1986 	1995 	1990
f 1986 	1990 	1864
f 555 	554 	2222
f 1196 	1971 	2023
f 1970 	1997 	1544
f 1993 	1544 	1997
f 1965 	1989 	1998
f 2038 	1979 	1999
f 1978 	1999 	1979
f 1992 	2000 	1984
f 2129 	478 	1982
f 1973 	1971 	1198
f 99 	1984 	98
f 2000 	98 	1984
f 1196 	1198 	1971
f 1999 	2001 	2038
f 45 	44 	2137
f 1198 	1199 	1973
f 1965 	1998 	1967
f 1967 	1998 	2003
f 1992 	2013 	2000
f 1973 	1199 	1983
f 548 	2006 	2004
f 1199 	1204 	1983
f 2045 	2005 	1986
f 1983 	1204 	1988
f 1967 	2003 	1974
f 99 	953 	1984
f 1970 	389 	481
f 2006 	542 	2007
f 1986 	2005 	2008
f 1986 	2008 	1995
f 1997 	1970 	481
f 1991 	1990 	2009
f 1995 	2009 	1990
f 2012 	548 	2011
f 1993 	481 	1994
f 2013 	1994 	481
f 481 	1993 	1997
f 1985 	2078 	1987
f 2069 	1998 	1989
f 1992 	1994 	2013
f 2009 	1912 	1991
f 1987 	2084 	1996
f 2009 	137 	1912
f 2016 	571 	2014
f 2010 	2123 	1138
f 498 	224 	2013
f 1782 	2017 	1784
f 237 	2175 	2177
f 574 	2022 	2018
f 2177 	2178 	237
f 214 	98 	2000
f 629 	1974 	2019
f 1996 	2017 	1782
f 2013 	214 	2000
f 2017 	2021 	1784
f 2008 	2097 	2009
f 2008 	2009 	1995
f 224 	214 	2013
f 629 	2019 	631
f 2008 	2005 	2097
f 1121 	1120 	1966
f 1119 	1117 	1966
f 1966 	1474 	1121
f 1125 	1121 	1474
f 137 	2009 	174
f 1890 	631 	2019
f 2024 	2019 	1974
f 1792 	2025 	1075
f 574 	2018 	2026
f 1974 	2003 	2024
f 2024 	1904 	2019
f 1977 	1976 	1963
f 1861 	1963 	1976
f 2021 	2025 	1792
f 2192 	2193 	362
f 2018 	2063 	2026
f 1978 	1977 	2027
f 1963 	2027 	1977
f 2024 	1924 	1904
f 2025 	2030 	1075
f 2010 	1142 	2015
f 2032 	579 	2031
f 2026 	2031 	574
f 2010 	1138 	1142
f 150 	2130 	2027
f 945 	2028 	937
f 1148 	2015 	1142
f 2003 	2071 	2076
f 2027 	2130 	2001
f 2028 	945 	2034
f 232 	1077 	2030
f 2015 	1148 	2020
f 2027 	2001 	1999
f 2027 	1999 	1978
f 2076 	2024 	2003
f 581 	579 	2033
f 2028 	2034 	2029
f 2020 	1092 	2023
f 2034 	2128 	2029
f 2024 	2076 	1924
f 1148 	1092 	2020
f 1907 	2128 	1895
f 2090 	2017 	1996
f 2033 	579 	2035
f 1996 	2084 	2090
f 1980 	2342 	1862
f 1979 	2342 	1980
f 2038 	2342 	1979
f 2029 	2128 	2117
f 2090 	2039 	2017
f 2034 	945 	828
f 2036 	2041 	712
f 2001 	2042 	2038
f 2044 	2038 	2042
f 2034 	1895 	2128
f 581 	2033 	2043
f 828 	812 	2034
f 2017 	2039 	2021
f 2021 	2039 	518
f 712 	2041 	676
f 2035 	2072 	2033
f 1986 	635 	2045
f 2041 	1965 	676
f 2040 	2046 	2278
f 2043 	2047 	581
f 1446 	2048 	2036
f 1446 	1467 	2048
f 2036 	2050 	2041
f 362 	361 	2192
f 2040 	2015 	2046
f 581 	2047 	2049
f 2045 	635 	682
f 2021 	518 	2025
f 2048 	2050 	2036
f 2005 	2045 	2051
f 2025 	529 	2030
f 2041 	1989 	1965
f 2050 	1989 	2041
f 2051 	2045 	2053
f 2085 	2086 	2045
f 529 	2025 	518
f 2011 	2004 	2055
f 2004 	2006 	2055
f 2007 	2055 	2006
f 2030 	529 	538
f 2053 	2097 	2051
f 2055 	2007 	2002
f 2030 	538 	232
f 2048 	2114 	2050
f 2061 	2059 	2065
f 2059 	2062 	2065
f 2064 	2065 	2062
f 2114 	2066 	2050
f 2018 	2022 	2063
f 2022 	2016 	2063
f 2050 	2066 	1989
f 518 	2039 	551
f 2054 	2060 	2280
f 2062 	2067 	2064
f 2014 	2063 	2016
f 2052 	904 	2056
f 2089 	2064 	2067
f 2056 	904 	911
f 2056 	911 	2057
f 551 	2039 	547
f 2060 	1971 	2068
f 2069 	1989 	2066
f 2014 	2012 	2063
f 2055 	2063 	2012
f 2011 	2055 	2012
f 2058 	2057 	937
f 1905 	1927 	2070
f 2059 	2165 	2062
f 2003 	1998 	2071
f 2026 	2063 	2031
f 2072 	2031 	2063
f 2058 	937 	2028
f 2069 	2071 	1998
f 2073 	1985 	1981
f 2042 	2075 	2044
f 2070 	2073 	1981
f 2065 	2044 	2061
f 2075 	2061 	2044
f 2071 	2093 	2076
f 2220 	554 	2219
f 2037 	2072 	2035
f 2073 	2078 	1985
f 2222 	554 	2220
f 682 	695 	2080
f 2037 	2032 	2072
f 2031 	2072 	2032
f 2080 	2045 	682
f 1982 	2047 	2072
f 2047 	2043 	2072
f 2043 	2033 	2072
f 2084 	1987 	2078
f 2053 	2045 	2086
f 2010 	2015 	2040
f 2045 	2080 	2085
f 2066 	2083 	2087
f 2078 	2113 	2084
f 2088 	2085 	2080
f 2046 	2020 	2054
f 2083 	702 	2087
f 2020 	2046 	2015
f 2089 	2285 	2064
f 2023 	2060 	2054
f 2066 	2087 	2069
f 2020 	2023 	2054
f 2069 	2087 	2092
f 43 	2150 	2153
f 2089 	2091 	2285
f 2153 	2136 	43
f 44 	43 	2136
f 2060 	2023 	1971
f 1109 	2077 	211
f 2069 	2092 	2071
f 2068 	1973 	2074
f 2158 	2063 	2055
f 695 	2221 	2080
f 1973 	2068 	1971
f 1095 	2079 	2077
f 2164 	2072 	2063
f 2093 	2071 	2092
f 1973 	1983 	2074
f 2078 	2073 	2110
f 2081 	2079 	1001
f 2221 	2094 	2080
f 2076 	2093 	1943
f 2079 	1095 	1001
f 1983 	2270 	2074
f 2082 	2081 	1004
f 1943 	2093 	721
f 2110 	2113 	2078
f 2080 	2094 	2095
f 2080 	2095 	2096
f 2080 	2096 	2088
f 2081 	1001 	1004
f 2076 	1943 	1924
f 2082 	1006 	1068
f 2115 	1232 	1234
f 22 	699 	23
f 2005 	2051 	2097
f 2082 	1004 	1006
f 698 	2083 	699
f 23 	699 	2083
f 751 	2108 	2098
f 701 	2087 	702
f 2100 	299 	372
f 2097 	174 	2009
f 702 	2083 	698
f 210 	2100 	2102
f 2097 	2053 	2086
f 709 	2092 	713
f 2087 	713 	2092
f 2070 	1927 	2103
f 210 	2102 	211
f 2104 	768 	2106
f 2088 	2111 	2085
f 2087 	701 	713
f 2098 	1397 	751
f 2092 	709 	717
f 2070 	2107 	2073
f 211 	2102 	1109
f 751 	1420 	2108
f 716 	2093 	717
f 2092 	717 	2093
f 174 	2097 	2116
f 2103 	2107 	2070
f 1534 	2100 	372
f 640 	1943 	721
f 2107 	2110 	2073
f 721 	2093 	716
f 2106 	2101 	2108
f 2101 	2099 	2108
f 2099 	2098 	2108
f 2105 	1281 	1225
f 1538 	2102 	2100
f 2112 	1467 	1623
f 2086 	2111 	2097
f 2106 	2108 	2055
f 2002 	2104 	2055
f 2106 	2055 	2104
f 1467 	2112 	2048
f 2086 	2085 	2111
f 2096 	2111 	2088
f 2112 	2114 	2048
f 1623 	11 	2112
f 2111 	2116 	2097
f 2109 	1232 	2115
f 2160 	2028 	2029
f 2109 	1225 	1232
f 2119 	1135 	2118
f 2115 	2120 	2148
f 2129 	2118 	1134
f 2113 	2121 	2084
f 2119 	2118 	2129
f 2112 	23 	2114
f 11 	23 	2112
f 2124 	1135 	2119
f 2114 	2083 	2066
f 1146 	1135 	2124
f 23 	2083 	2114
f 2084 	2121 	2090
f 2095 	2271 	2111
f 2095 	2111 	2096
f 2126 	1146 	2125
f 2124 	2125 	1146
f 547 	2039 	2090
f 2095 	2094 	2271
f 350 	2199 	2201
f 2121 	547 	2090
f 350 	2201 	2203
f 2109 	2105 	1225
f 2127 	1982 	2072
f 2072 	2164 	2127
f 2129 	1982 	2127
f 2115 	1234 	2120
f 1919 	2122 	2117
f 2117 	2128 	1919
f 2120 	1234 	1241
f 1919 	132 	2122
f 2123 	2120 	1241
f 2213 	724 	2212
f 1907 	1914 	2128
f 2123 	1241 	1138
f 2128 	1913 	1919
f 2135 	2129 	2127
f 1914 	1913 	2128
f 2075 	2042 	2130
f 2001 	2130 	2042
f 2125 	2124 	2129
f 2119 	2129 	2124
f 2125 	2129 	2135
f 367 	374 	2131
f 2122 	132 	119
f 2133 	327 	326
f 2244 	2121 	2113
f 2133 	326 	2131
f 2121 	638 	547
f 2135 	2127 	2132
f 2162 	181 	222
f 2133 	2134 	327
f 2248 	2250 	2103
f 2135 	2126 	2125
f 2103 	2250 	2107
f 329 	2134 	2140
f 2165 	2130 	181
f 2132 	2205 	2135
f 2144 	56 	2143
f 2130 	2165 	2059
f 2140 	330 	329
f 2130 	2059 	2061
f 2130 	2061 	2075
f 2142 	2146 	1952
f 2147 	2108 	1423
f 1423 	1278 	2147
f 2140 	2148 	330
f 1955 	2169 	1957
f 2108 	2147 	2151
f 2169 	1955 	2146
f 2179 	2056 	2057
f 1435 	1759 	2342
f 2179 	2057 	2058
f 1560 	1574 	2155
f 2151 	2055 	2108
f 2156 	338 	334
f 2055 	2151 	2158
f 2044 	2342 	2038
f 1759 	1857 	2342
f 334 	2152 	2156
f 2155 	2142 	1560
f 2176 	2142 	2155
f 2063 	2158 	2164
f 2058 	2028 	2160
f 2163 	2160 	2029
f 234 	2178 	2180
f 2180 	2182 	234
f 2029 	2117 	2163
f 2185 	358 	2183
f 2162 	2165 	181
f 2163 	2117 	2166
f 360 	358 	2187
f 2155 	1574 	1632
f 2067 	2062 	2165
f 2164 	2158 	2174
f 2147 	1278 	2168
f 2133 	2105 	2134
f 2165 	2356 	2091
f 2195 	2196 	456
f 2134 	2105 	2109
f 1278 	1287 	2168
f 2091 	2089 	2165
f 2171 	2147 	2168
f 2134 	2109 	2140
f 2168 	31 	2171
f 206 	174 	2116
f 1957 	2169 	2172
f 2147 	2171 	2151
f 2151 	2173 	2158
f 2140 	2109 	2115
f 2166 	2122 	2167
f 2181 	2186 	2169
f 2151 	2171 	2173
f 2140 	2115 	2148
f 2174 	2158 	2173
f 2169 	2186 	2172
f 2166 	2117 	2122
f 2122 	119 	2167
f 2173 	57 	2174
f 2148 	2120 	2152
f 2170 	2167 	119
f 356 	355 	2208
f 2164 	2132 	2127
f 2170 	120 	143
f 2156 	2152 	2123
f 2164 	2174 	2132
f 120 	2170 	119
f 2152 	2120 	2123
f 2176 	2146 	2142
f 2168 	16 	31
f 2171 	31 	39
f 2156 	2123 	2010
f 2171 	39 	2173
f 2169 	2146 	2181
f 2183 	229 	2182
f 2010 	2040 	2156
f 57 	2173 	39
f 2176 	2181 	2146
f 2174 	57 	2202
f 2184 	700 	697
f 2174 	2202 	2132
f 2162 	2356 	2165
f 2191 	1166 	2190
f 2189 	2190 	1166
f 2191 	2197 	1166
f 697 	715 	2184
f 2194 	700 	2184
f 456 	2193 	2195
f 2126 	2189 	1146
f 1191 	1166 	2197
f 72 	1191 	2198
f 2197 	2198 	1191
f 2200 	2131 	374
f 2067 	2165 	2089
f 2116 	2337 	206
f 2205 	2132 	2202
f 2190 	2189 	2135
f 2126 	2135 	2189
f 2200 	374 	2194
f 2190 	2135 	2205
f 2191 	2190 	2205
f 2131 	2200 	2209
f 94 	2202 	57
f 2208 	2210 	356
f 292 	297 	2179
f 2335 	246 	206
f 2202 	94 	95
f 297 	299 	2179
f 724 	723 	2212
f 2202 	95 	2205
f 2131 	2209 	2133
f 2198 	2205 	95
f 2198 	95 	72
f 299 	210 	2179
f 2209 	2105 	2133
f 2198 	2197 	2205
f 2191 	2205 	2197
f 668 	2213 	2214
f 2214 	2215 	668
f 210 	211 	2179
f 1824 	1435 	2342
f 15 	2184 	715
f 211 	2077 	2179
f 2155 	2217 	2176
f 2184 	1318 	2194
f 2044 	2065 	2342
f 2065 	2064 	2342
f 2077 	2079 	2179
f 2184 	15 	1318
f 2217 	2155 	1632
f 2200 	2194 	1326
f 2217 	2223 	2176
f 1632 	1400 	2217
f 2225 	562 	2224
f 2194 	1318 	1326
f 2225 	2154 	562
f 2082 	1068 	2179
f 2200 	1326 	1329
f 2094 	2221 	2226
f 2209 	2200 	1329
f 1068 	1070 	2179
f 801 	2178 	784
f 2175 	2145 	782
f 784 	2175 	782
f 2176 	2223 	2181
f 2230 	2234 	2221
f 2209 	1281 	2105
f 1070 	1071 	2179
f 2223 	2227 	2181
f 2209 	1329 	1281
f 766 	2136 	786
f 765 	2136 	766
f 767 	2138 	765
f 771 	2138 	767
f 775 	2143 	772
f 772 	2141 	771
f 2153 	786 	2136
f 2226 	2221 	2228
f 2136 	765 	2137
f 2228 	2271 	2226
f 2137 	765 	2138
f 2139 	771 	2141
f 2181 	2227 	2186
f 2138 	771 	2139
f 2144 	2143 	775
f 2227 	2223 	1405
f 2141 	772 	2143
f 1027 	1028 	2179
f 775 	778 	2144
f 2233 	2221 	2231
f 2230 	2221 	2233
f 956 	2231 	2221
f 2235 	2221 	2234
f 2150 	2149 	798
f 2230 	2233 	2240
f 2228 	2221 	2235
f 1402 	2217 	1400
f 2228 	2235 	2236
f 2237 	2228 	2236
f 795 	2159 	794
f 792 	2154 	791
f 1983 	1988 	2270
f 2217 	1402 	2223
f 786 	2150 	799
f 2153 	2150 	786
f 798 	799 	2150
f 2058 	2160 	2179
f 2231 	2238 	2233
f 2159 	2157 	794
f 2225 	791 	2154
f 793 	2157 	792
f 1405 	2223 	1402
f 2154 	792 	2157
f 2160 	2163 	2179
f 2234 	2240 	2235
f 2227 	1405 	1436
f 793 	794 	2157
f 2163 	2166 	2179
f 2234 	2230 	2240
f 2238 	2240 	2233
f 2149 	2161 	798
f 2159 	795 	2161
f 2239 	2241 	2229
f 795 	798 	2161
f 2166 	2167 	2179
f 2253 	2110 	2107
f 2229 	2241 	2232
f 889 	890 	2193
f 2193 	2192 	889
f 2167 	2170 	2179
f 1046 	2240 	2238
f 2253 	2242 	2110
f 2241 	2262 	2232
f 844 	2185 	839
f 2192 	2188 	879
f 2183 	2182 	837
f 2180 	803 	2182
f 806 	2182 	803
f 2177 	784 	2178
f 803 	2178 	801
f 1046 	2243 	2240
f 2110 	2242 	2113
f 1988 	1566 	2239
f 1046 	1059 	2243
f 2241 	2239 	1772
f 2145 	2144 	779
f 778 	779 	2144
f 779 	782 	2145
f 145 	149 	2179
f 2244 	2113 	2242
f 2175 	784 	2177
f 149 	152 	2179
f 1566 	1772 	2239
f 2178 	803 	2180
f 1772 	1778 	2241
f 152 	153 	2179
f 806 	837 	2182
f 2241 	1778 	2262
f 2121 	2244 	638
f 153 	2288 	2179
f 2247 	50 	2246
f 2183 	837 	2185
f 2185 	844 	2187
f 2288 	2290 	2179
f 837 	839 	2185
f 879 	889 	2192
f 2242 	658 	2244
f 2187 	844 	2188
f 844 	879 	2188
f 2290 	185 	2179
f 658 	2242 	2264
f 2246 	2252 	2247
f 185 	189 	2179
f 890 	892 	2193
f 189 	193 	2179
f 50 	2247 	51
f 2195 	2193 	892
f 1959 	2248 	2103
f 193 	180 	2179
f 892 	901 	2195
f 2249 	64 	63
f 2196 	2195 	901
f 180 	250 	2179
f 901 	902 	2196
f 63 	2232 	2249
f 1959 	2172 	2248
f 905 	906 	2204
f 2179 	250 	251
f 906 	908 	2204
f 2246 	64 	2249
f 909 	910 	2207
f 2207 	2206 	908
f 1171 	2245 	2243
f 2179 	251 	254
f 2246 	2251 	2252
f 1059 	1171 	2243
f 2249 	2251 	2246
f 2179 	254 	2310
f 2262 	2251 	2249
f 2199 	2196 	902
f 2201 	2199 	902
f 902 	903 	2201
f 903 	905 	2201
f 2203 	2201 	905
f 2204 	2203 	905
f 2210 	2208 	910
f 2206 	2204 	908
f 2250 	2253 	2107
f 2240 	2236 	2235
f 2262 	1771 	2251
f 2255 	2257 	2254
f 790 	2222 	924
f 924 	2222 	923
f 791 	2225 	790
f 922 	923 	2219
f 2218 	920 	2219
f 2215 	2214 	917
f 913 	914 	2212
f 2213 	2212 	915
f 916 	2213 	915
f 919 	2216 	917
f 922 	2219 	920
f 2258 	2254 	2257
f 2256 	2248 	2172
f 2252 	127 	2247
f 2208 	2207 	910
f 912 	2210 	910
f 912 	913 	2211
f 2179 	175 	177
f 2258 	2237 	2254
f 1845 	2252 	2251
f 2172 	2186 	2256
f 908 	909 	2207
f 914 	915 	2212
f 179 	2179 	177
f 2256 	2259 	2248
f 2210 	912 	2211
f 916 	917 	2214
f 2240 	2254 	2236
f 2236 	2254 	2237
f 2247 	127 	122
f 2211 	913 	2212
f 184 	2179 	179
f 2254 	2260 	2261
f 2254 	2261 	2255
f 2213 	916 	2214
f 2232 	2262 	2249
f 2248 	2259 	2250
f 919 	920 	2216
f 184 	187 	2179
f 2215 	917 	2216
f 2216 	920 	2218
f 2250 	2263 	2253
f 187 	292 	2179
f 2259 	2263 	2250
f 2219 	923 	2220
f 2263 	2264 	2253
f 1845 	2251 	1771
f 2224 	790 	2225
f 2220 	923 	2222
f 2254 	2240 	2243
f 2252 	1848 	127
f 2222 	790 	2224
f 2265 	2260 	2245
f 2179 	2170 	143
f 2252 	1845 	1848
f 2264 	2242 	2253
f 2260 	2254 	2245
f 143 	145 	2179
f 2243 	2245 	2254
f 1778 	1771 	2262
f 2245 	2303 	2265
f 2266 	90 	2358
f 2267 	2275 	2265
f 2068 	2074 	12
f 68 	21 	67
f 13 	2074 	2270
f 1909 	21 	68
f 2227 	2272 	2186
f 35 	2273 	36
f 2227 	1436 	2272
f 2186 	2272 	2256
f 2094 	2226 	2271
f 2360 	1586 	90
f 2256 	2274 	2259
f 35 	2270 	2273
f 2272 	2274 	2256
f 2271 	2275 	2111
f 90 	89 	2360
f 2229 	36 	2273
f 2259 	2276 	2263
f 2274 	2276 	2259
f 2271 	2261 	2275
f 1909 	566 	21
f 2277 	2264 	2263
f 2239 	2229 	2273
f 2111 	2275 	2116
f 62 	36 	2229
f 2276 	2277 	2263
f 2116 	2275 	2337
f 2277 	712 	2264
f 2229 	2232 	62
f 62 	2232 	63
f 2228 	2237 	2271
f 2258 	2271 	2237
f 2257 	2271 	2258
f 2268 	2275 	2267
f 2179 	1071 	1072
f 2264 	712 	658
f 1072 	1026 	2179
f 2270 	1988 	2273
f 123 	120 	128
f 2261 	2260 	2275
f 2265 	2275 	2260
f 1026 	1027 	2179
f 1988 	2239 	2273
f 2257 	2255 	2271
f 2261 	2271 	2255
f 2272 	1441 	2274
f 135 	123 	128
f 1028 	1029 	2179
f 1441 	1443 	2274
f 1029 	1030 	2179
f 123 	135 	103
f 2274 	1443 	2276
f 2280 	465 	2279
f 2052 	2179 	1030
f 2281 	2282 	2283
f 465 	2280 	2284
f 2276 	1446 	2277
f 2052 	2056 	2179
f 136 	2269 	25
f 66 	2269 	136
f 1443 	1446 	2276
f 35 	465 	13
f 2277 	2036 	712
f 33 	128 	136
f 465 	35 	36
f 2036 	2277 	1446
f 62 	465 	36
f 33 	136 	25
f 2289 	2283 	2286
f 2282 	2286 	2283
f 2040 	2278 	338
f 2287 	73 	71
f 2279 	2278 	2046
f 2091 	2289 	2285
f 71 	93 	2287
f 2279 	2046 	2054
f 2287 	2291 	73
f 2279 	2054 	2280
f 2286 	2285 	2289
f 2281 	2283 	940
f 941 	940 	2283
f 2060 	2284 	2280
f 2287 	2301 	2291
f 2060 	2068 	2284
f 2291 	1401 	73
f 2293 	2283 	2292
f 2284 	2068 	12
f 13 	12 	2074
f 2289 	2296 	2283
f 2292 	2283 	2296
f 2179 	2079 	2081
f 93 	2294 	2297
f 145 	103 	149
f 2081 	2082 	2179
f 2298 	2295 	2296
f 2295 	2292 	2296
f 966 	941 	2299
f 2283 	2299 	941
f 103 	113 	149
f 93 	2297 	2287
f 2283 	2293 	2300
f 2283 	2300 	2299
f 2301 	2287 	2297
f 2267 	2265 	2303
f 152 	116 	153
f 2291 	1449 	1421
f 2291 	2301 	1449
f 1179 	2303 	2245
f 1179 	1188 	2303
f 102 	1662 	2294
f 203 	2288 	153
f 2297 	2294 	1665
f 1662 	1665 	2294
f 116 	203 	153
f 2297 	1671 	2301
f 2290 	2288 	337
f 2297 	1665 	1671
f 2301 	1671 	927
f 1167 	2302 	2305
f 1192 	1167 	2305
f 927 	1449 	2301
f 337 	342 	2290
f 2290 	342 	185
f 14 	38 	2307
f 1171 	1179 	2245
f 2307 	24 	14
f 2304 	2303 	1188
f 2308 	24 	2307
f 1188 	1192 	2304
f 2306 	2308 	2309
f 2304 	1192 	2305
f 2311 	2179 	2310
f 2311 	175 	2179
f 2306 	2309 	1284
f 2302 	2312 	2317
f 2312 	2313 	2319
f 254 	422 	2310
f 2307 	38 	70
f 2308 	2307 	71
f 2313 	2314 	2325
f 2307 	70 	71
f 2308 	73 	2309
f 298 	314 	2311
f 2302 	1210 	2312
f 2308 	71 	73
f 1217 	2313 	2312
f 2309 	73 	1401
f 2309 	1401 	1300
f 1217 	1219 	2313
f 708 	173 	2315
f 2313 	1219 	2314
f 314 	475 	175
f 1231 	2340 	2314
f 177 	175 	475
f 708 	2315 	715
f 2315 	15 	715
f 2315 	14 	15
f 2312 	2316 	2317
f 475 	477 	177
f 173 	191 	17
f 2302 	2317 	2318
f 191 	30 	17
f 2316 	2312 	2320
f 2319 	2320 	2312
f 17 	2315 	173
f 179 	177 	477
f 2319 	2313 	2322
f 2321 	2322 	2313
f 477 	202 	179
f 488 	202 	477
f 2325 	2314 	2324
f 2323 	2324 	2314
f 2313 	2325 	2321
f 502 	506 	488
f 2267 	2303 	2268
f 2326 	2268 	2303
f 2358 	2361 	2266
f 1435 	1384 	1759
f 2327 	2326 	2304
f 2303 	2304 	2326
f 2328 	2327 	2304
f 2328 	2337 	2327
f 541 	1489 	81
f 2329 	2328 	2304
f 541 	1736 	1489
f 523 	528 	81
f 541 	81 	528
f 524 	523 	81
f 534 	524 	81
f 503 	90 	502
f 2266 	506 	90
f 502 	90 	506
f 2305 	2330 	2331
f 495 	90 	493
f 534 	81 	495
f 503 	493 	90
f 2304 	2305 	2329
f 90 	495 	81
f 1586 	2357 	90
f 2332 	2329 	2305
f 2331 	2332 	2305
f 2269 	66 	21
f 66 	67 	21
f 2330 	2305 	2333
f 2334 	2333 	2302
f 2302 	2333 	2305
f 33 	21 	32
f 48 	32 	21
f 2269 	21 	25
f 33 	25 	21
f 2334 	2302 	2318
f 21 	573 	48
f 246 	2335 	2336
f 2337 	2333 	2335
f 2336 	201 	246
f 2335 	206 	2337
f 2335 	2320 	2319
f 2322 	2336 	2319
f 2335 	2319 	2336
f 2317 	2335 	2318
f 2316 	2335 	2317
f 2320 	2335 	2316
f 2323 	2353 	2336
f 2323 	2336 	2324
f 2322 	2321 	2336
f 2321 	2325 	2336
f 2324 	2336 	2325
f 2275 	2268 	2326
f 2275 	2326 	2327
f 2332 	2337 	2329
f 2329 	2337 	2328
f 2275 	2327 	2337
f 2332 	2331 	2337
f 2331 	2330 	2337
f 2333 	2337 	2330
f 2333 	2334 	2335
f 2318 	2335 	2334
f 2295 	2350 	2338
f 2338 	2339 	2292
f 2338 	2292 	2295
f 2338 	1321 	2339
f 1328 	2339 	1321
f 2300 	2293 	2339
f 2292 	2339 	2293
f 2339 	966 	2299
f 2339 	2299 	2300
f 2351 	2352 	2340
f 2353 	2314 	2340
f 2314 	2353 	2323
f 2354 	2340 	2341
f 1231 	1113 	2340
f 2341 	2340 	1113
f 2281 	940 	2342
f 940 	943 	2342
f 2286 	2282 	2342
f 2282 	2281 	2342
f 2064 	2285 	2342
f 2286 	2342 	2285
f 2343 	2345 	2344
f 2347 	2344 	2346
f 2346 	2344 	2345
f 2344 	2338 	2348
f 2344 	2348 	2349
f 2344 	2349 	2343
f 2298 	2350 	2295
f 2348 	2338 	2350
f 2353 	2340 	2352
f 2340 	2354 	2351
f 2354 	2347 	2355
f 2341 	2344 	2354
f 2347 	2354 	2344
f 2344 	1321 	2338
f 2341 	1321 	2344
f 2336 	2355 	201
f 2355 	2162 	201
f 2355 	2356 	2162
f 2296 	2289 	2356
f 2091 	2356 	2289
f 2353 	2352 	2336
f 2355 	2336 	2352
f 2352 	2351 	2355
f 2351 	2354 	2355
f 2346 	2355 	2347
f 2349 	2356 	2355
f 2346 	2345 	2355
f 2345 	2343 	2355
f 2349 	2355 	2343
f 2298 	2296 	2356
f 2298 	2356 	2350
f 2356 	2349 	2348
f 2356 	2348 	2350
f 2358 	90 	2357
f 2357 	2362 	2358
f 2357 	1586 	2359
f 1591 	2359 	1586
f 202 	488 	2361
f 488 	506 	2361
f 202 	2361 	204
f 2361 	2362 	204
f 204 	2362 	207
f 2362 	2357 	2359
f 2358 	2362 	2361
f 506 	2266 	2361
f 1591 	1612 	2362
f 1591 	2362 	2359
f 1930 	1928 	944
# 4704 faces

 #end of obj_1

