# Object Export From Tinkercad Server 2015

mtllib obj.mtl

o obj_0
v -6.9022 		-17.9022 		30
v 16.9022 		-17.9022 		30
v 16.9022 		5.9022 		30
v -6.9022 		5.9022 		30
v -7.5065 		-17.9022 		29.9405
v -7.4949 		-18.0201 		29.9405
v -7.4605 		-18.1334 		29.9405
v -7.4047 		-18.2379 		29.9405
v -7.3295 		-18.3295 		29.9405
v -7.2379 		-18.4047 		29.9405
v -7.1334 		-18.4605 		29.9405
v -7.0201 		-18.4949 		29.9405
v -6.9022 		-18.5065 		29.9405
v 16.9022 		-18.5065 		29.9405
v 17.0201 		-18.4949 		29.9405
v 17.1334 		-18.4605 		29.9405
v 17.2379 		-18.4047 		29.9405
v 17.3295 		-18.3295 		29.9405
v 17.4047 		-18.2379 		29.9405
v 17.4605 		-18.1334 		29.9405
v 17.4949 		-18.0201 		29.9405
v 17.5065 		-17.9022 		29.9405
v 17.5065 		5.9022 		29.9405
v 17.4949 		6.0201 		29.9405
v 17.4605 		6.1334 		29.9405
v 17.4047 		6.2379 		29.9405
v 17.3295 		6.3295 		29.9405
v 17.2379 		6.4047 		29.9405
v 17.1334 		6.4605 		29.9405
v 17.0201 		6.4949 		29.9405
v 16.9022 		6.5065 		29.9405
v -6.9022 		6.5065 		29.9405
v -7.0201 		6.4949 		29.9405
v -7.1334 		6.4605 		29.9405
v -7.2379 		6.4047 		29.9405
v -7.3295 		6.3295 		29.9405
v -7.4047 		6.2379 		29.9405
v -7.4605 		6.1334 		29.9405
v -7.4949 		6.0201 		29.9405
v -7.5065 		5.9022 		29.9405
v -8.0877 		-17.9022 		29.7642
v -8.0649 		-18.1334 		29.7642
v -7.9974 		-18.3558 		29.7642
v -7.8879 		-18.5608 		29.7642
v -7.7404 		-18.7404 		29.7642
v -7.5608 		-18.8879 		29.7642
v -7.3558 		-18.9974 		29.7642
v -7.1334 		-19.0649 		29.7642
v -6.9022 		-19.0877 		29.7642
v 16.9022 		-19.0877 		29.7642
v 17.1334 		-19.0649 		29.7642
v 17.3558 		-18.9974 		29.7642
v 17.5608 		-18.8879 		29.7642
v 17.7404 		-18.7404 		29.7642
v 17.8879 		-18.5608 		29.7642
v 17.9974 		-18.3558 		29.7642
v 18.0649 		-18.1334 		29.7642
v 18.0877 		-17.9022 		29.7642
v 18.0877 		5.9022 		29.7642
v 18.0649 		6.1334 		29.7642
v 17.9974 		6.3558 		29.7642
v 17.8879 		6.5608 		29.7642
v 17.7404 		6.7404 		29.7642
v 17.5608 		6.8879 		29.7642
v 17.3558 		6.9974 		29.7642
v 17.1334 		7.0649 		29.7642
v 16.9022 		7.0877 		29.7642
v -6.9022 		7.0877 		29.7642
v -7.1334 		7.0649 		29.7642
v -7.3558 		6.9974 		29.7642
v -7.5608 		6.8879 		29.7642
v -7.7404 		6.7404 		29.7642
v -7.8879 		6.5608 		29.7642
v -7.9974 		6.3558 		29.7642
v -8.0649 		6.1334 		29.7642
v -8.0877 		5.9022 		29.7642
v -8.6232 		-17.9022 		29.4779
v -8.5902 		-18.2379 		29.4779
v -8.4922 		-18.5608 		29.4779
v -8.3332 		-18.8583 		29.4779
v -8.1191 		-19.1191 		29.4779
v -7.8583 		-19.3332 		29.4779
v -7.5608 		-19.4922 		29.4779
v -7.2379 		-19.5902 		29.4779
v -6.9022 		-19.6232 		29.4779
v 16.9022 		-19.6232 		29.4779
v 17.2379 		-19.5902 		29.4779
v 17.5608 		-19.4922 		29.4779
v 17.8583 		-19.3332 		29.4779
v 18.1191 		-19.1191 		29.4779
v 18.3332 		-18.8583 		29.4779
v 18.4922 		-18.5608 		29.4779
v 18.5902 		-18.2379 		29.4779
v 18.6232 		-17.9022 		29.4779
v 18.6232 		5.9022 		29.4779
v 18.5902 		6.2379 		29.4779
v 18.4922 		6.5608 		29.4779
v 18.3332 		6.8583 		29.4779
v 18.1191 		7.1191 		29.4779
v 17.8583 		7.3332 		29.4779
v 17.5608 		7.4922 		29.4779
v 17.2379 		7.5902 		29.4779
v 16.9022 		7.6232 		29.4779
v -6.9022 		7.6232 		29.4779
v -7.2379 		7.5902 		29.4779
v -7.5608 		7.4922 		29.4779
v -7.8583 		7.3332 		29.4779
v -8.1191 		7.1191 		29.4779
v -8.3332 		6.8583 		29.4779
v -8.4922 		6.5608 		29.4779
v -8.5902 		6.2379 		29.4779
v -8.6232 		5.9022 		29.4779
v -9.0927 		-17.9022 		29.0927
v -9.0506 		-18.3295 		29.0927
v -8.9259 		-18.7404 		29.0927
v -8.7235 		-19.1191 		29.0927
v -8.4511 		-19.4511 		29.0927
v -8.1191 		-19.7235 		29.0927
v -7.7404 		-19.9259 		29.0927
v -7.3295 		-20.0506 		29.0927
v -6.9022 		-20.0927 		29.0927
v 16.9022 		-20.0927 		29.0927
v 17.3295 		-20.0506 		29.0927
v 17.7404 		-19.9259 		29.0927
v 18.1191 		-19.7235 		29.0927
v 18.4511 		-19.4511 		29.0927
v 18.7235 		-19.1191 		29.0927
v 18.9259 		-18.7404 		29.0927
v 19.0506 		-18.3295 		29.0927
v 19.0927 		-17.9022 		29.0927
v 19.0927 		5.9022 		29.0927
v 19.0506 		6.3295 		29.0927
v 18.9259 		6.7404 		29.0927
v 18.7235 		7.1191 		29.0927
v 18.4511 		7.4511 		29.0927
v 18.1191 		7.7235 		29.0927
v 17.7404 		7.9259 		29.0927
v 17.3295 		8.0506 		29.0927
v 16.9022 		8.0927 		29.0927
v -6.9022 		8.0927 		29.0927
v -7.3295 		8.0506 		29.0927
v -7.7404 		7.9259 		29.0927
v -8.1191 		7.7235 		29.0927
v -8.4511 		7.4511 		29.0927
v -8.7235 		7.1191 		29.0927
v -8.9259 		6.7404 		29.0927
v -9.0506 		6.3295 		29.0927
v -9.0927 		5.9022 		29.0927
v -9.4779 		-17.9022 		28.6232
v -9.4284 		-18.4047 		28.6232
v -9.2819 		-18.8879 		28.6232
v -9.0438 		-19.3332 		28.6232
v -8.7235 		-19.7235 		28.6232
v -8.3332 		-20.0438 		28.6232
v -7.8879 		-20.2819 		28.6232
v -7.4047 		-20.4284 		28.6232
v -6.9022 		-20.4779 		28.6232
v 16.9022 		-20.4779 		28.6232
v 17.4047 		-20.4284 		28.6232
v 17.8879 		-20.2819 		28.6232
v 18.3332 		-20.0438 		28.6232
v 18.7235 		-19.7235 		28.6232
v 19.0438 		-19.3332 		28.6232
v 19.2819 		-18.8879 		28.6232
v 19.4284 		-18.4047 		28.6232
v 19.4779 		-17.9022 		28.6232
v 19.4779 		5.9022 		28.6232
v 19.4284 		6.4047 		28.6232
v 19.2819 		6.8879 		28.6232
v 19.0438 		7.3332 		28.6232
v 18.7235 		7.7235 		28.6232
v 18.3332 		8.0438 		28.6232
v 17.8879 		8.2819 		28.6232
v 17.4047 		8.4284 		28.6232
v 16.9022 		8.4779 		28.6232
v -6.9022 		8.4779 		28.6232
v -7.4047 		8.4284 		28.6232
v -7.8879 		8.2819 		28.6232
v -8.3332 		8.0438 		28.6232
v -8.7235 		7.7235 		28.6232
v -9.0438 		7.3332 		28.6232
v -9.2819 		6.8879 		28.6232
v -9.4284 		6.4047 		28.6232
v -9.4779 		5.9022 		28.6232
v -9.7642 		-17.9022 		28.0877
v -9.7092 		-18.4605 		28.0877
v -9.5463 		-18.9974 		28.0877
v -9.2819 		-19.4922 		28.0877
v -8.9259 		-19.9259 		28.0877
v -8.4922 		-20.2819 		28.0877
v -7.9974 		-20.5463 		28.0877
v -7.4605 		-20.7092 		28.0877
v -6.9022 		-20.7642 		28.0877
v 16.9022 		-20.7642 		28.0877
v 17.4605 		-20.7092 		28.0877
v 17.9974 		-20.5463 		28.0877
v 18.4922 		-20.2819 		28.0877
v 18.9259 		-19.9259 		28.0877
v 19.2819 		-19.4922 		28.0877
v 19.5463 		-18.9974 		28.0877
v 19.7092 		-18.4605 		28.0877
v 19.7642 		-17.9022 		28.0877
v 19.7642 		5.9022 		28.0877
v 19.7092 		6.4605 		28.0877
v 19.5463 		6.9974 		28.0877
v 19.2819 		7.4922 		28.0877
v 18.9259 		7.9259 		28.0877
v 18.4922 		8.2819 		28.0877
v 17.9974 		8.5463 		28.0877
v 17.4605 		8.7092 		28.0877
v 16.9022 		8.7642 		28.0877
v -6.9022 		8.7642 		28.0877
v -7.4605 		8.7092 		28.0877
v -7.9974 		8.5463 		28.0877
v -8.4922 		8.2819 		28.0877
v -8.9259 		7.9259 		28.0877
v -9.2819 		7.4922 		28.0877
v -9.5463 		6.9974 		28.0877
v -9.7092 		6.4605 		28.0877
v -9.7642 		5.9022 		28.0877
v -9.9405 		-17.9022 		27.5065
v -9.8821 		-18.4949 		27.5065
v -9.7092 		-19.0649 		27.5065
v -9.4284 		-19.5902 		27.5065
v -9.0506 		-20.0506 		27.5065
v -8.5902 		-20.4284 		27.5065
v -8.0649 		-20.7092 		27.5065
v -7.4949 		-20.8821 		27.5065
v -6.9022 		-20.9405 		27.5065
v 16.9022 		-20.9405 		27.5065
v 17.4949 		-20.8821 		27.5065
v 18.0649 		-20.7092 		27.5065
v 18.5902 		-20.4284 		27.5065
v 19.0506 		-20.0506 		27.5065
v 19.4284 		-19.5902 		27.5065
v 19.7092 		-19.0649 		27.5065
v 19.8821 		-18.4949 		27.5065
v 19.9405 		-17.9022 		27.5065
v 19.9405 		5.9022 		27.5065
v 19.8821 		6.4949 		27.5065
v 19.7092 		7.0649 		27.5065
v 19.4284 		7.5902 		27.5065
v 19.0506 		8.0506 		27.5065
v 18.5902 		8.4284 		27.5065
v 18.0649 		8.7092 		27.5065
v 17.4949 		8.8821 		27.5065
v 16.9022 		8.9405 		27.5065
v -6.9022 		8.9405 		27.5065
v -7.4949 		8.8821 		27.5065
v -8.0649 		8.7092 		27.5065
v -8.5902 		8.4284 		27.5065
v -9.0506 		8.0506 		27.5065
v -9.4284 		7.5902 		27.5065
v -9.7092 		7.0649 		27.5065
v -9.8821 		6.4949 		27.5065
v -9.9405 		5.9022 		27.5065
v -10 		-17.9022 		26.9022
v -9.9405 		-18.5065 		26.9022
v -9.7642 		-19.0877 		26.9022
v -9.4779 		-19.6232 		26.9022
v -9.0927 		-20.0927 		26.9022
v -8.6232 		-20.4779 		26.9022
v -8.0877 		-20.7642 		26.9022
v -7.5065 		-20.9405 		26.9022
v -6.9022 		-21 		26.9022
v 16.9022 		-21 		26.9022
v 17.5065 		-20.9405 		26.9022
v 18.0877 		-20.7642 		26.9022
v 18.6232 		-20.4779 		26.9022
v 19.0927 		-20.0927 		26.9022
v 19.4779 		-19.6232 		26.9022
v 19.7642 		-19.0877 		26.9022
v 19.9405 		-18.5065 		26.9022
v 20 		-17.9022 		26.9022
v 20 		5.9022 		26.9022
v 19.9405 		6.5065 		26.9022
v 19.7642 		7.0877 		26.9022
v 19.4779 		7.6232 		26.9022
v 19.0927 		8.0927 		26.9022
v 18.6232 		8.4779 		26.9022
v 18.0877 		8.7642 		26.9022
v 17.5065 		8.9405 		26.9022
v 16.9022 		9 		26.9022
v -6.9022 		9 		26.9022
v -7.5065 		8.9405 		26.9022
v -8.0877 		8.7642 		26.9022
v -8.6232 		8.4779 		26.9022
v -9.0927 		8.0927 		26.9022
v -9.4779 		7.6232 		26.9022
v -9.7642 		7.0877 		26.9022
v -9.9405 		6.5065 		26.9022
v -10 		5.9022 		26.9022
v -10 		-17.9022 		3.0978
v -9.9405 		-18.5065 		3.0978
v -9.7642 		-19.0877 		3.0978
v -9.4779 		-19.6232 		3.0978
v -9.0927 		-20.0927 		3.0978
v -8.6232 		-20.4779 		3.0978
v -8.0877 		-20.7642 		3.0978
v -7.5065 		-20.9405 		3.0978
v -6.9022 		-21 		3.0978
v 16.9022 		-21 		3.0978
v 17.5065 		-20.9405 		3.0978
v 18.0877 		-20.7642 		3.0978
v 18.6232 		-20.4779 		3.0978
v 19.0927 		-20.0927 		3.0978
v 19.4779 		-19.6232 		3.0978
v 19.7642 		-19.0877 		3.0978
v 19.9405 		-18.5065 		3.0978
v 20 		-17.9022 		3.0978
v 20 		5.9022 		3.0978
v 19.9405 		6.5065 		3.0978
v 19.7642 		7.0877 		3.0978
v 19.4779 		7.6232 		3.0978
v 19.0927 		8.0927 		3.0978
v 18.6232 		8.4779 		3.0978
v 18.0877 		8.7642 		3.0978
v 17.5065 		8.9405 		3.0978
v 16.9022 		9 		3.0978
v -6.9022 		9 		3.0978
v -7.5065 		8.9405 		3.0978
v -8.0877 		8.7642 		3.0978
v -8.6232 		8.4779 		3.0978
v -9.0927 		8.0927 		3.0978
v -9.4779 		7.6232 		3.0978
v -9.7642 		7.0877 		3.0978
v -9.9405 		6.5065 		3.0978
v -10 		5.9022 		3.0978
v -9.9405 		-17.9022 		2.4935
v -9.8821 		-18.4949 		2.4935
v -9.7092 		-19.0649 		2.4935
v -9.4284 		-19.5902 		2.4935
v -9.0506 		-20.0506 		2.4935
v -8.5902 		-20.4284 		2.4935
v -8.0649 		-20.7092 		2.4935
v -7.4949 		-20.8821 		2.4935
v -6.9022 		-20.9405 		2.4935
v 16.9022 		-20.9405 		2.4935
v 17.4949 		-20.8821 		2.4935
v 18.0649 		-20.7092 		2.4935
v 18.5902 		-20.4284 		2.4935
v 19.0506 		-20.0506 		2.4935
v 19.4284 		-19.5902 		2.4935
v 19.7092 		-19.0649 		2.4935
v 19.8821 		-18.4949 		2.4935
v 19.9405 		-17.9022 		2.4935
v 19.9405 		5.9022 		2.4935
v 19.8821 		6.4949 		2.4935
v 19.7092 		7.0649 		2.4935
v 19.4284 		7.5902 		2.4935
v 19.0506 		8.0506 		2.4935
v 18.5902 		8.4284 		2.4935
v 18.0649 		8.7092 		2.4935
v 17.4949 		8.8821 		2.4935
v 16.9022 		8.9405 		2.4935
v -6.9022 		8.9405 		2.4935
v -7.4949 		8.8821 		2.4935
v -8.0649 		8.7092 		2.4935
v -8.5902 		8.4284 		2.4935
v -9.0506 		8.0506 		2.4935
v -9.4284 		7.5902 		2.4935
v -9.7092 		7.0649 		2.4935
v -9.8821 		6.4949 		2.4935
v -9.9405 		5.9022 		2.4935
v -9.7642 		-17.9022 		1.9123
v -9.7092 		-18.4605 		1.9123
v -9.5463 		-18.9974 		1.9123
v -9.2819 		-19.4922 		1.9123
v -8.9259 		-19.9259 		1.9123
v -8.4922 		-20.2819 		1.9123
v -7.9974 		-20.5463 		1.9123
v -7.4605 		-20.7092 		1.9123
v -6.9022 		-20.7642 		1.9123
v 16.9022 		-20.7642 		1.9123
v 17.4605 		-20.7092 		1.9123
v 17.9974 		-20.5463 		1.9123
v 18.4922 		-20.2819 		1.9123
v 18.9259 		-19.9259 		1.9123
v 19.2819 		-19.4922 		1.9123
v 19.5463 		-18.9974 		1.9123
v 19.7092 		-18.4605 		1.9123
v 19.7642 		-17.9022 		1.9123
v 19.7642 		5.9022 		1.9123
v 19.7092 		6.4605 		1.9123
v 19.5463 		6.9974 		1.9123
v 19.2819 		7.4922 		1.9123
v 18.9259 		7.9259 		1.9123
v 18.4922 		8.2819 		1.9123
v 17.9974 		8.5463 		1.9123
v 17.4605 		8.7092 		1.9123
v 16.9022 		8.7642 		1.9123
v -6.9022 		8.7642 		1.9123
v -7.4605 		8.7092 		1.9123
v -7.9974 		8.5463 		1.9123
v -8.4922 		8.2819 		1.9123
v -8.9259 		7.9259 		1.9123
v -9.2819 		7.4922 		1.9123
v -9.5463 		6.9974 		1.9123
v -9.7092 		6.4605 		1.9123
v -9.7642 		5.9022 		1.9123
v -9.4779 		-17.9022 		1.3768
v -9.4284 		-18.4047 		1.3768
v -9.2819 		-18.8879 		1.3768
v -9.0438 		-19.3332 		1.3768
v -8.7235 		-19.7235 		1.3768
v -8.3332 		-20.0438 		1.3768
v -7.8879 		-20.2819 		1.3768
v -7.4047 		-20.4284 		1.3768
v -6.9022 		-20.4779 		1.3768
v 16.9022 		-20.4779 		1.3768
v 17.4047 		-20.4284 		1.3768
v 17.8879 		-20.2819 		1.3768
v 18.3332 		-20.0438 		1.3768
v 18.7235 		-19.7235 		1.3768
v 19.0438 		-19.3332 		1.3768
v 19.2819 		-18.8879 		1.3768
v 19.4284 		-18.4047 		1.3768
v 19.4779 		-17.9022 		1.3768
v 19.4779 		5.9022 		1.3768
v 19.4284 		6.4047 		1.3768
v 19.2819 		6.8879 		1.3768
v 19.0438 		7.3332 		1.3768
v 18.7235 		7.7235 		1.3768
v 18.3332 		8.0438 		1.3768
v 17.8879 		8.2819 		1.3768
v 17.4047 		8.4284 		1.3768
v 16.9022 		8.4779 		1.3768
v -6.9022 		8.4779 		1.3768
v -7.4047 		8.4284 		1.3768
v -7.8879 		8.2819 		1.3768
v -8.3332 		8.0438 		1.3768
v -8.7235 		7.7235 		1.3768
v -9.0438 		7.3332 		1.3768
v -9.2819 		6.8879 		1.3768
v -9.4284 		6.4047 		1.3768
v -9.4779 		5.9022 		1.3768
v -9.0927 		-17.9022 		0.9073
v -9.0506 		-18.3295 		0.9073
v -8.9259 		-18.7404 		0.9073
v -8.7235 		-19.1191 		0.9073
v -8.4511 		-19.4511 		0.9073
v -8.1191 		-19.7235 		0.9073
v -7.7404 		-19.9259 		0.9073
v -7.3295 		-20.0506 		0.9073
v -6.9022 		-20.0927 		0.9073
v 16.9022 		-20.0927 		0.9073
v 17.3295 		-20.0506 		0.9073
v 17.7404 		-19.9259 		0.9073
v 18.1191 		-19.7235 		0.9073
v 18.4511 		-19.4511 		0.9073
v 18.7235 		-19.1191 		0.9073
v 18.9259 		-18.7404 		0.9073
v 19.0506 		-18.3295 		0.9073
v 19.0927 		-17.9022 		0.9073
v 19.0927 		5.9022 		0.9073
v 19.0506 		6.3295 		0.9073
v 18.9259 		6.7404 		0.9073
v 18.7235 		7.1191 		0.9073
v 18.4511 		7.4511 		0.9073
v 18.1191 		7.7235 		0.9073
v 17.7404 		7.9259 		0.9073
v 17.3295 		8.0506 		0.9073
v 16.9022 		8.0927 		0.9073
v -6.9022 		8.0927 		0.9073
v -7.3295 		8.0506 		0.9073
v -7.7404 		7.9259 		0.9073
v -8.1191 		7.7235 		0.9073
v -8.4511 		7.4511 		0.9073
v -8.7235 		7.1191 		0.9073
v -8.9259 		6.7404 		0.9073
v -9.0506 		6.3295 		0.9073
v -9.0927 		5.9022 		0.9073
v -8.6232 		-17.9022 		0.5221
v -8.5902 		-18.2379 		0.5221
v -8.4922 		-18.5608 		0.5221
v -8.3332 		-18.8583 		0.5221
v -8.1191 		-19.1191 		0.5221
v -7.8583 		-19.3332 		0.5221
v -7.5608 		-19.4922 		0.5221
v -7.2379 		-19.5902 		0.5221
v -6.9022 		-19.6232 		0.5221
v 16.9022 		-19.6232 		0.5221
v 17.2379 		-19.5902 		0.5221
v 17.5608 		-19.4922 		0.5221
v 17.8583 		-19.3332 		0.5221
v 18.1191 		-19.1191 		0.5221
v 18.3332 		-18.8583 		0.5221
v 18.4922 		-18.5608 		0.5221
v 18.5902 		-18.2379 		0.5221
v 18.6232 		-17.9022 		0.5221
v 18.6232 		5.9022 		0.5221
v 18.5902 		6.2379 		0.5221
v 18.4922 		6.5608 		0.5221
v 18.3332 		6.8583 		0.5221
v 18.1191 		7.1191 		0.5221
v 17.8583 		7.3332 		0.5221
v 17.5608 		7.4922 		0.5221
v 17.2379 		7.5902 		0.5221
v 16.9022 		7.6232 		0.5221
v -6.9022 		7.6232 		0.5221
v -7.2379 		7.5902 		0.5221
v -7.5608 		7.4922 		0.5221
v -7.8583 		7.3332 		0.5221
v -8.1191 		7.1191 		0.5221
v -8.3332 		6.8583 		0.5221
v -8.4922 		6.5608 		0.5221
v -8.5902 		6.2379 		0.5221
v -8.6232 		5.9022 		0.5221
v -8.0877 		-17.9022 		0.2358
v -8.0649 		-18.1334 		0.2358
v -7.9974 		-18.3558 		0.2358
v -7.8879 		-18.5608 		0.2358
v -7.7404 		-18.7404 		0.2358
v -7.5608 		-18.8879 		0.2358
v -7.3558 		-18.9974 		0.2358
v -7.1334 		-19.0649 		0.2358
v -6.9022 		-19.0877 		0.2358
v 16.9022 		-19.0877 		0.2358
v 17.1334 		-19.0649 		0.2358
v 17.3558 		-18.9974 		0.2358
v 17.5608 		-18.8879 		0.2358
v 17.7404 		-18.7404 		0.2358
v 17.8879 		-18.5608 		0.2358
v 17.9974 		-18.3558 		0.2358
v 18.0649 		-18.1334 		0.2358
v 18.0877 		-17.9022 		0.2358
v 18.0877 		5.9022 		0.2358
v 18.0649 		6.1334 		0.2358
v 17.9974 		6.3558 		0.2358
v 17.8879 		6.5608 		0.2358
v 17.7404 		6.7404 		0.2358
v 17.5608 		6.8879 		0.2358
v 17.3558 		6.9974 		0.2358
v 17.1334 		7.0649 		0.2358
v 16.9022 		7.0877 		0.2358
v -6.9022 		7.0877 		0.2358
v -7.1334 		7.0649 		0.2358
v -7.3558 		6.9974 		0.2358
v -7.5608 		6.8879 		0.2358
v -7.7404 		6.7404 		0.2358
v -7.8879 		6.5608 		0.2358
v -7.9974 		6.3558 		0.2358
v -8.0649 		6.1334 		0.2358
v -8.0877 		5.9022 		0.2358
v -7.5065 		-17.9022 		0.0595
v -7.4949 		-18.0201 		0.0595
v -7.4605 		-18.1334 		0.0595
v -7.4047 		-18.2379 		0.0595
v -7.3295 		-18.3295 		0.0595
v -7.2379 		-18.4047 		0.0595
v -7.1334 		-18.4605 		0.0595
v -7.0201 		-18.4949 		0.0595
v -6.9022 		-18.5065 		0.0595
v 16.9022 		-18.5065 		0.0595
v 17.0201 		-18.4949 		0.0595
v 17.1334 		-18.4605 		0.0595
v 17.2379 		-18.4047 		0.0595
v 17.3295 		-18.3295 		0.0595
v 17.4047 		-18.2379 		0.0595
v 17.4605 		-18.1334 		0.0595
v 17.4949 		-18.0201 		0.0595
v 17.5065 		-17.9022 		0.0595
v 17.5065 		5.9022 		0.0595
v 17.4949 		6.0201 		0.0595
v 17.4605 		6.1334 		0.0595
v 17.4047 		6.2379 		0.0595
v 17.3295 		6.3295 		0.0595
v 17.2379 		6.4047 		0.0595
v 17.1334 		6.4605 		0.0595
v 17.0201 		6.4949 		0.0595
v 16.9022 		6.5065 		0.0595
v -6.9022 		6.5065 		0.0595
v -7.0201 		6.4949 		0.0595
v -7.1334 		6.4605 		0.0595
v -7.2379 		6.4047 		0.0595
v -7.3295 		6.3295 		0.0595
v -7.4047 		6.2379 		0.0595
v -7.4605 		6.1334 		0.0595
v -7.4949 		6.0201 		0.0595
v -7.5065 		5.9022 		0.0595
v -6.9022 		-17.9022 		0
v 16.9022 		-17.9022 		0
v 16.9022 		5.9022 		0
v -6.9022 		5.9022 		0
# 584 vertices

g group_0_1855578

usemtl color_1855578
s 0

f 1 	5 	6
f 1 	6 	7
f 1 	7 	8
f 1 	8 	9
f 1 	9 	10
f 1 	10 	11
f 1 	11 	12
f 1 	12 	13
f 2 	1 	14
f 1 	13 	14
f 2 	14 	15
f 2 	15 	16
f 2 	16 	17
f 2 	17 	18
f 2 	18 	19
f 2 	19 	20
f 2 	20 	21
f 2 	21 	22
f 3 	2 	23
f 2 	22 	23
f 3 	23 	24
f 3 	24 	25
f 3 	25 	26
f 3 	26 	27
f 3 	27 	28
f 3 	28 	29
f 3 	29 	30
f 3 	30 	31
f 4 	3 	32
f 3 	31 	32
f 4 	32 	33
f 4 	33 	34
f 4 	34 	35
f 4 	35 	36
f 4 	36 	37
f 4 	37 	38
f 4 	38 	39
f 4 	39 	40
f 1 	4 	5
f 4 	40 	5
f 6 	5 	42
f 5 	41 	42
f 7 	6 	43
f 6 	42 	43
f 8 	7 	44
f 7 	43 	44
f 9 	8 	45
f 8 	44 	45
f 10 	9 	46
f 9 	45 	46
f 11 	10 	47
f 10 	46 	47
f 12 	11 	48
f 11 	47 	48
f 13 	12 	49
f 12 	48 	49
f 14 	13 	50
f 13 	49 	50
f 15 	14 	51
f 14 	50 	51
f 16 	15 	52
f 15 	51 	52
f 17 	16 	53
f 16 	52 	53
f 18 	17 	54
f 17 	53 	54
f 19 	18 	55
f 18 	54 	55
f 20 	19 	56
f 19 	55 	56
f 21 	20 	57
f 20 	56 	57
f 22 	21 	58
f 21 	57 	58
f 23 	22 	59
f 22 	58 	59
f 24 	23 	60
f 23 	59 	60
f 25 	24 	61
f 24 	60 	61
f 26 	25 	62
f 25 	61 	62
f 27 	26 	63
f 26 	62 	63
f 28 	27 	64
f 27 	63 	64
f 29 	28 	65
f 28 	64 	65
f 30 	29 	66
f 29 	65 	66
f 31 	30 	67
f 30 	66 	67
f 32 	31 	68
f 31 	67 	68
f 33 	32 	69
f 32 	68 	69
f 34 	33 	70
f 33 	69 	70
f 35 	34 	71
f 34 	70 	71
f 36 	35 	72
f 35 	71 	72
f 37 	36 	73
f 36 	72 	73
f 38 	37 	74
f 37 	73 	74
f 39 	38 	75
f 38 	74 	75
f 40 	39 	76
f 39 	75 	76
f 5 	40 	41
f 40 	76 	41
f 42 	41 	78
f 41 	77 	78
f 43 	42 	79
f 42 	78 	79
f 44 	43 	80
f 43 	79 	80
f 45 	44 	81
f 44 	80 	81
f 46 	45 	82
f 45 	81 	82
f 47 	46 	83
f 46 	82 	83
f 48 	47 	84
f 47 	83 	84
f 49 	48 	85
f 48 	84 	85
f 50 	49 	86
f 49 	85 	86
f 51 	50 	87
f 50 	86 	87
f 52 	51 	88
f 51 	87 	88
f 53 	52 	89
f 52 	88 	89
f 54 	53 	90
f 53 	89 	90
f 55 	54 	91
f 54 	90 	91
f 56 	55 	92
f 55 	91 	92
f 57 	56 	93
f 56 	92 	93
f 58 	57 	94
f 57 	93 	94
f 59 	58 	95
f 58 	94 	95
f 60 	59 	96
f 59 	95 	96
f 61 	60 	97
f 60 	96 	97
f 62 	61 	98
f 61 	97 	98
f 63 	62 	99
f 62 	98 	99
f 64 	63 	100
f 63 	99 	100
f 65 	64 	101
f 64 	100 	101
f 66 	65 	102
f 65 	101 	102
f 67 	66 	103
f 66 	102 	103
f 68 	67 	104
f 67 	103 	104
f 69 	68 	105
f 68 	104 	105
f 70 	69 	106
f 69 	105 	106
f 71 	70 	107
f 70 	106 	107
f 72 	71 	108
f 71 	107 	108
f 73 	72 	109
f 72 	108 	109
f 74 	73 	110
f 73 	109 	110
f 75 	74 	111
f 74 	110 	111
f 76 	75 	112
f 75 	111 	112
f 41 	76 	77
f 76 	112 	77
f 78 	77 	114
f 77 	113 	114
f 79 	78 	115
f 78 	114 	115
f 80 	79 	116
f 79 	115 	116
f 81 	80 	117
f 80 	116 	117
f 82 	81 	118
f 81 	117 	118
f 83 	82 	119
f 82 	118 	119
f 84 	83 	120
f 83 	119 	120
f 85 	84 	121
f 84 	120 	121
f 86 	85 	122
f 85 	121 	122
f 87 	86 	123
f 86 	122 	123
f 88 	87 	124
f 87 	123 	124
f 89 	88 	125
f 88 	124 	125
f 90 	89 	126
f 89 	125 	126
f 91 	90 	127
f 90 	126 	127
f 92 	91 	128
f 91 	127 	128
f 93 	92 	129
f 92 	128 	129
f 94 	93 	130
f 93 	129 	130
f 95 	94 	131
f 94 	130 	131
f 96 	95 	132
f 95 	131 	132
f 97 	96 	133
f 96 	132 	133
f 98 	97 	134
f 97 	133 	134
f 99 	98 	135
f 98 	134 	135
f 100 	99 	136
f 99 	135 	136
f 101 	100 	137
f 100 	136 	137
f 102 	101 	138
f 101 	137 	138
f 103 	102 	139
f 102 	138 	139
f 104 	103 	140
f 103 	139 	140
f 105 	104 	141
f 104 	140 	141
f 106 	105 	142
f 105 	141 	142
f 107 	106 	143
f 106 	142 	143
f 108 	107 	144
f 107 	143 	144
f 109 	108 	145
f 108 	144 	145
f 110 	109 	146
f 109 	145 	146
f 111 	110 	147
f 110 	146 	147
f 112 	111 	148
f 111 	147 	148
f 77 	112 	113
f 112 	148 	113
f 114 	113 	150
f 113 	149 	150
f 115 	114 	151
f 114 	150 	151
f 116 	115 	152
f 115 	151 	152
f 117 	116 	153
f 116 	152 	153
f 118 	117 	154
f 117 	153 	154
f 119 	118 	155
f 118 	154 	155
f 120 	119 	156
f 119 	155 	156
f 121 	120 	157
f 120 	156 	157
f 122 	121 	158
f 121 	157 	158
f 123 	122 	159
f 122 	158 	159
f 124 	123 	160
f 123 	159 	160
f 125 	124 	161
f 124 	160 	161
f 126 	125 	162
f 125 	161 	162
f 127 	126 	163
f 126 	162 	163
f 128 	127 	164
f 127 	163 	164
f 129 	128 	165
f 128 	164 	165
f 130 	129 	166
f 129 	165 	166
f 131 	130 	167
f 130 	166 	167
f 132 	131 	168
f 131 	167 	168
f 133 	132 	169
f 132 	168 	169
f 134 	133 	170
f 133 	169 	170
f 135 	134 	171
f 134 	170 	171
f 136 	135 	172
f 135 	171 	172
f 137 	136 	173
f 136 	172 	173
f 138 	137 	174
f 137 	173 	174
f 139 	138 	175
f 138 	174 	175
f 140 	139 	176
f 139 	175 	176
f 141 	140 	177
f 140 	176 	177
f 142 	141 	178
f 141 	177 	178
f 143 	142 	179
f 142 	178 	179
f 144 	143 	180
f 143 	179 	180
f 145 	144 	181
f 144 	180 	181
f 146 	145 	182
f 145 	181 	182
f 147 	146 	183
f 146 	182 	183
f 148 	147 	184
f 147 	183 	184
f 113 	148 	149
f 148 	184 	149
f 150 	149 	186
f 149 	185 	186
f 151 	150 	187
f 150 	186 	187
f 152 	151 	188
f 151 	187 	188
f 153 	152 	189
f 152 	188 	189
f 154 	153 	190
f 153 	189 	190
f 155 	154 	191
f 154 	190 	191
f 156 	155 	192
f 155 	191 	192
f 157 	156 	193
f 156 	192 	193
f 158 	157 	194
f 157 	193 	194
f 159 	158 	195
f 158 	194 	195
f 160 	159 	196
f 159 	195 	196
f 161 	160 	197
f 160 	196 	197
f 162 	161 	198
f 161 	197 	198
f 163 	162 	199
f 162 	198 	199
f 164 	163 	200
f 163 	199 	200
f 165 	164 	201
f 164 	200 	201
f 166 	165 	202
f 165 	201 	202
f 167 	166 	203
f 166 	202 	203
f 168 	167 	204
f 167 	203 	204
f 169 	168 	205
f 168 	204 	205
f 170 	169 	206
f 169 	205 	206
f 171 	170 	207
f 170 	206 	207
f 172 	171 	208
f 171 	207 	208
f 173 	172 	209
f 172 	208 	209
f 174 	173 	210
f 173 	209 	210
f 175 	174 	211
f 174 	210 	211
f 176 	175 	212
f 175 	211 	212
f 177 	176 	213
f 176 	212 	213
f 178 	177 	214
f 177 	213 	214
f 179 	178 	215
f 178 	214 	215
f 180 	179 	216
f 179 	215 	216
f 181 	180 	217
f 180 	216 	217
f 182 	181 	218
f 181 	217 	218
f 183 	182 	219
f 182 	218 	219
f 184 	183 	220
f 183 	219 	220
f 149 	184 	185
f 184 	220 	185
f 186 	185 	222
f 185 	221 	222
f 187 	186 	223
f 186 	222 	223
f 188 	187 	224
f 187 	223 	224
f 189 	188 	225
f 188 	224 	225
f 190 	189 	226
f 189 	225 	226
f 191 	190 	227
f 190 	226 	227
f 192 	191 	228
f 191 	227 	228
f 193 	192 	229
f 192 	228 	229
f 194 	193 	230
f 193 	229 	230
f 195 	194 	231
f 194 	230 	231
f 196 	195 	232
f 195 	231 	232
f 197 	196 	233
f 196 	232 	233
f 198 	197 	234
f 197 	233 	234
f 199 	198 	235
f 198 	234 	235
f 200 	199 	236
f 199 	235 	236
f 201 	200 	237
f 200 	236 	237
f 202 	201 	238
f 201 	237 	238
f 203 	202 	239
f 202 	238 	239
f 204 	203 	240
f 203 	239 	240
f 205 	204 	241
f 204 	240 	241
f 206 	205 	242
f 205 	241 	242
f 207 	206 	243
f 206 	242 	243
f 208 	207 	244
f 207 	243 	244
f 209 	208 	245
f 208 	244 	245
f 210 	209 	246
f 209 	245 	246
f 211 	210 	247
f 210 	246 	247
f 212 	211 	248
f 211 	247 	248
f 213 	212 	249
f 212 	248 	249
f 214 	213 	250
f 213 	249 	250
f 215 	214 	251
f 214 	250 	251
f 216 	215 	252
f 215 	251 	252
f 217 	216 	253
f 216 	252 	253
f 218 	217 	254
f 217 	253 	254
f 219 	218 	255
f 218 	254 	255
f 220 	219 	256
f 219 	255 	256
f 185 	220 	221
f 220 	256 	221
f 222 	221 	258
f 221 	257 	258
f 223 	222 	259
f 222 	258 	259
f 224 	223 	260
f 223 	259 	260
f 225 	224 	261
f 224 	260 	261
f 226 	225 	262
f 225 	261 	262
f 227 	226 	263
f 226 	262 	263
f 228 	227 	264
f 227 	263 	264
f 229 	228 	265
f 228 	264 	265
f 230 	229 	266
f 229 	265 	266
f 231 	230 	267
f 230 	266 	267
f 232 	231 	268
f 231 	267 	268
f 233 	232 	269
f 232 	268 	269
f 234 	233 	270
f 233 	269 	270
f 235 	234 	271
f 234 	270 	271
f 236 	235 	272
f 235 	271 	272
f 237 	236 	273
f 236 	272 	273
f 238 	237 	274
f 237 	273 	274
f 239 	238 	275
f 238 	274 	275
f 240 	239 	276
f 239 	275 	276
f 241 	240 	277
f 240 	276 	277
f 242 	241 	278
f 241 	277 	278
f 243 	242 	279
f 242 	278 	279
f 244 	243 	280
f 243 	279 	280
f 245 	244 	281
f 244 	280 	281
f 246 	245 	282
f 245 	281 	282
f 247 	246 	283
f 246 	282 	283
f 248 	247 	284
f 247 	283 	284
f 249 	248 	285
f 248 	284 	285
f 250 	249 	286
f 249 	285 	286
f 251 	250 	287
f 250 	286 	287
f 252 	251 	288
f 251 	287 	288
f 253 	252 	289
f 252 	288 	289
f 254 	253 	290
f 253 	289 	290
f 255 	254 	291
f 254 	290 	291
f 256 	255 	292
f 255 	291 	292
f 221 	256 	257
f 256 	292 	257
f 258 	257 	294
f 257 	293 	294
f 259 	258 	295
f 258 	294 	295
f 260 	259 	296
f 259 	295 	296
f 261 	260 	297
f 260 	296 	297
f 262 	261 	298
f 261 	297 	298
f 263 	262 	299
f 262 	298 	299
f 264 	263 	300
f 263 	299 	300
f 265 	264 	301
f 264 	300 	301
f 266 	265 	302
f 265 	301 	302
f 267 	266 	303
f 266 	302 	303
f 268 	267 	304
f 267 	303 	304
f 269 	268 	305
f 268 	304 	305
f 270 	269 	306
f 269 	305 	306
f 271 	270 	307
f 270 	306 	307
f 272 	271 	308
f 271 	307 	308
f 273 	272 	309
f 272 	308 	309
f 274 	273 	310
f 273 	309 	310
f 275 	274 	311
f 274 	310 	311
f 276 	275 	312
f 275 	311 	312
f 277 	276 	313
f 276 	312 	313
f 278 	277 	314
f 277 	313 	314
f 279 	278 	315
f 278 	314 	315
f 280 	279 	316
f 279 	315 	316
f 281 	280 	317
f 280 	316 	317
f 282 	281 	318
f 281 	317 	318
f 283 	282 	319
f 282 	318 	319
f 284 	283 	320
f 283 	319 	320
f 285 	284 	321
f 284 	320 	321
f 286 	285 	322
f 285 	321 	322
f 287 	286 	323
f 286 	322 	323
f 288 	287 	324
f 287 	323 	324
f 289 	288 	325
f 288 	324 	325
f 290 	289 	326
f 289 	325 	326
f 291 	290 	327
f 290 	326 	327
f 292 	291 	328
f 291 	327 	328
f 257 	292 	293
f 292 	328 	293
f 294 	293 	330
f 293 	329 	330
f 295 	294 	331
f 294 	330 	331
f 296 	295 	332
f 295 	331 	332
f 297 	296 	333
f 296 	332 	333
f 298 	297 	334
f 297 	333 	334
f 299 	298 	335
f 298 	334 	335
f 300 	299 	336
f 299 	335 	336
f 301 	300 	337
f 300 	336 	337
f 302 	301 	338
f 301 	337 	338
f 303 	302 	339
f 302 	338 	339
f 304 	303 	340
f 303 	339 	340
f 305 	304 	341
f 304 	340 	341
f 306 	305 	342
f 305 	341 	342
f 307 	306 	343
f 306 	342 	343
f 308 	307 	344
f 307 	343 	344
f 309 	308 	345
f 308 	344 	345
f 310 	309 	346
f 309 	345 	346
f 311 	310 	347
f 310 	346 	347
f 312 	311 	348
f 311 	347 	348
f 313 	312 	349
f 312 	348 	349
f 314 	313 	350
f 313 	349 	350
f 315 	314 	351
f 314 	350 	351
f 316 	315 	352
f 315 	351 	352
f 317 	316 	353
f 316 	352 	353
f 318 	317 	354
f 317 	353 	354
f 319 	318 	355
f 318 	354 	355
f 320 	319 	356
f 319 	355 	356
f 321 	320 	357
f 320 	356 	357
f 322 	321 	358
f 321 	357 	358
f 323 	322 	359
f 322 	358 	359
f 324 	323 	360
f 323 	359 	360
f 325 	324 	361
f 324 	360 	361
f 326 	325 	362
f 325 	361 	362
f 327 	326 	363
f 326 	362 	363
f 328 	327 	364
f 327 	363 	364
f 293 	328 	329
f 328 	364 	329
f 330 	329 	366
f 329 	365 	366
f 331 	330 	367
f 330 	366 	367
f 332 	331 	368
f 331 	367 	368
f 333 	332 	369
f 332 	368 	369
f 334 	333 	370
f 333 	369 	370
f 335 	334 	371
f 334 	370 	371
f 336 	335 	372
f 335 	371 	372
f 337 	336 	373
f 336 	372 	373
f 338 	337 	374
f 337 	373 	374
f 339 	338 	375
f 338 	374 	375
f 340 	339 	376
f 339 	375 	376
f 341 	340 	377
f 340 	376 	377
f 342 	341 	378
f 341 	377 	378
f 343 	342 	379
f 342 	378 	379
f 344 	343 	380
f 343 	379 	380
f 345 	344 	381
f 344 	380 	381
f 346 	345 	382
f 345 	381 	382
f 347 	346 	383
f 346 	382 	383
f 348 	347 	384
f 347 	383 	384
f 349 	348 	385
f 348 	384 	385
f 350 	349 	386
f 349 	385 	386
f 351 	350 	387
f 350 	386 	387
f 352 	351 	388
f 351 	387 	388
f 353 	352 	389
f 352 	388 	389
f 354 	353 	390
f 353 	389 	390
f 355 	354 	391
f 354 	390 	391
f 356 	355 	392
f 355 	391 	392
f 357 	356 	393
f 356 	392 	393
f 358 	357 	394
f 357 	393 	394
f 359 	358 	395
f 358 	394 	395
f 360 	359 	396
f 359 	395 	396
f 361 	360 	397
f 360 	396 	397
f 362 	361 	398
f 361 	397 	398
f 363 	362 	399
f 362 	398 	399
f 364 	363 	400
f 363 	399 	400
f 329 	364 	365
f 364 	400 	365
f 366 	365 	402
f 365 	401 	402
f 367 	366 	403
f 366 	402 	403
f 368 	367 	404
f 367 	403 	404
f 369 	368 	405
f 368 	404 	405
f 370 	369 	406
f 369 	405 	406
f 371 	370 	407
f 370 	406 	407
f 372 	371 	408
f 371 	407 	408
f 373 	372 	409
f 372 	408 	409
f 374 	373 	410
f 373 	409 	410
f 375 	374 	411
f 374 	410 	411
f 376 	375 	412
f 375 	411 	412
f 377 	376 	413
f 376 	412 	413
f 378 	377 	414
f 377 	413 	414
f 379 	378 	415
f 378 	414 	415
f 380 	379 	416
f 379 	415 	416
f 381 	380 	417
f 380 	416 	417
f 382 	381 	418
f 381 	417 	418
f 383 	382 	419
f 382 	418 	419
f 384 	383 	420
f 383 	419 	420
f 385 	384 	421
f 384 	420 	421
f 386 	385 	422
f 385 	421 	422
f 387 	386 	423
f 386 	422 	423
f 388 	387 	424
f 387 	423 	424
f 389 	388 	425
f 388 	424 	425
f 390 	389 	426
f 389 	425 	426
f 391 	390 	427
f 390 	426 	427
f 392 	391 	428
f 391 	427 	428
f 393 	392 	429
f 392 	428 	429
f 394 	393 	430
f 393 	429 	430
f 395 	394 	431
f 394 	430 	431
f 396 	395 	432
f 395 	431 	432
f 397 	396 	433
f 396 	432 	433
f 398 	397 	434
f 397 	433 	434
f 399 	398 	435
f 398 	434 	435
f 400 	399 	436
f 399 	435 	436
f 365 	400 	401
f 400 	436 	401
f 402 	401 	438
f 401 	437 	438
f 403 	402 	439
f 402 	438 	439
f 404 	403 	440
f 403 	439 	440
f 405 	404 	441
f 404 	440 	441
f 406 	405 	442
f 405 	441 	442
f 407 	406 	443
f 406 	442 	443
f 408 	407 	444
f 407 	443 	444
f 409 	408 	445
f 408 	444 	445
f 410 	409 	446
f 409 	445 	446
f 411 	410 	447
f 410 	446 	447
f 412 	411 	448
f 411 	447 	448
f 413 	412 	449
f 412 	448 	449
f 414 	413 	450
f 413 	449 	450
f 415 	414 	451
f 414 	450 	451
f 416 	415 	452
f 415 	451 	452
f 417 	416 	453
f 416 	452 	453
f 418 	417 	454
f 417 	453 	454
f 419 	418 	455
f 418 	454 	455
f 420 	419 	456
f 419 	455 	456
f 421 	420 	457
f 420 	456 	457
f 422 	421 	458
f 421 	457 	458
f 423 	422 	459
f 422 	458 	459
f 424 	423 	460
f 423 	459 	460
f 425 	424 	461
f 424 	460 	461
f 426 	425 	462
f 425 	461 	462
f 427 	426 	463
f 426 	462 	463
f 428 	427 	464
f 427 	463 	464
f 429 	428 	465
f 428 	464 	465
f 430 	429 	466
f 429 	465 	466
f 431 	430 	467
f 430 	466 	467
f 432 	431 	468
f 431 	467 	468
f 433 	432 	469
f 432 	468 	469
f 434 	433 	470
f 433 	469 	470
f 435 	434 	471
f 434 	470 	471
f 436 	435 	472
f 435 	471 	472
f 401 	436 	437
f 436 	472 	437
f 438 	437 	474
f 437 	473 	474
f 439 	438 	475
f 438 	474 	475
f 440 	439 	476
f 439 	475 	476
f 441 	440 	477
f 440 	476 	477
f 442 	441 	478
f 441 	477 	478
f 443 	442 	479
f 442 	478 	479
f 444 	443 	480
f 443 	479 	480
f 445 	444 	481
f 444 	480 	481
f 446 	445 	482
f 445 	481 	482
f 447 	446 	483
f 446 	482 	483
f 448 	447 	484
f 447 	483 	484
f 449 	448 	485
f 448 	484 	485
f 450 	449 	486
f 449 	485 	486
f 451 	450 	487
f 450 	486 	487
f 452 	451 	488
f 451 	487 	488
f 453 	452 	489
f 452 	488 	489
f 454 	453 	490
f 453 	489 	490
f 455 	454 	491
f 454 	490 	491
f 456 	455 	492
f 455 	491 	492
f 457 	456 	493
f 456 	492 	493
f 458 	457 	494
f 457 	493 	494
f 459 	458 	495
f 458 	494 	495
f 460 	459 	496
f 459 	495 	496
f 461 	460 	497
f 460 	496 	497
f 462 	461 	498
f 461 	497 	498
f 463 	462 	499
f 462 	498 	499
f 464 	463 	500
f 463 	499 	500
f 465 	464 	501
f 464 	500 	501
f 466 	465 	502
f 465 	501 	502
f 467 	466 	503
f 466 	502 	503
f 468 	467 	504
f 467 	503 	504
f 469 	468 	505
f 468 	504 	505
f 470 	469 	506
f 469 	505 	506
f 471 	470 	507
f 470 	506 	507
f 472 	471 	508
f 471 	507 	508
f 437 	472 	473
f 472 	508 	473
f 474 	473 	510
f 473 	509 	510
f 475 	474 	511
f 474 	510 	511
f 476 	475 	512
f 475 	511 	512
f 477 	476 	513
f 476 	512 	513
f 478 	477 	514
f 477 	513 	514
f 479 	478 	515
f 478 	514 	515
f 480 	479 	516
f 479 	515 	516
f 481 	480 	517
f 480 	516 	517
f 482 	481 	518
f 481 	517 	518
f 483 	482 	519
f 482 	518 	519
f 484 	483 	520
f 483 	519 	520
f 485 	484 	521
f 484 	520 	521
f 486 	485 	522
f 485 	521 	522
f 487 	486 	523
f 486 	522 	523
f 488 	487 	524
f 487 	523 	524
f 489 	488 	525
f 488 	524 	525
f 490 	489 	526
f 489 	525 	526
f 491 	490 	527
f 490 	526 	527
f 492 	491 	528
f 491 	527 	528
f 493 	492 	529
f 492 	528 	529
f 494 	493 	530
f 493 	529 	530
f 495 	494 	531
f 494 	530 	531
f 496 	495 	532
f 495 	531 	532
f 497 	496 	533
f 496 	532 	533
f 498 	497 	534
f 497 	533 	534
f 499 	498 	535
f 498 	534 	535
f 500 	499 	536
f 499 	535 	536
f 501 	500 	537
f 500 	536 	537
f 502 	501 	538
f 501 	537 	538
f 503 	502 	539
f 502 	538 	539
f 504 	503 	540
f 503 	539 	540
f 505 	504 	541
f 504 	540 	541
f 506 	505 	542
f 505 	541 	542
f 507 	506 	543
f 506 	542 	543
f 508 	507 	544
f 507 	543 	544
f 473 	508 	509
f 508 	544 	509
f 510 	509 	546
f 509 	545 	546
f 511 	510 	547
f 510 	546 	547
f 512 	511 	548
f 511 	547 	548
f 513 	512 	549
f 512 	548 	549
f 514 	513 	550
f 513 	549 	550
f 515 	514 	551
f 514 	550 	551
f 516 	515 	552
f 515 	551 	552
f 517 	516 	553
f 516 	552 	553
f 518 	517 	554
f 517 	553 	554
f 519 	518 	555
f 518 	554 	555
f 520 	519 	556
f 519 	555 	556
f 521 	520 	557
f 520 	556 	557
f 522 	521 	558
f 521 	557 	558
f 523 	522 	559
f 522 	558 	559
f 524 	523 	560
f 523 	559 	560
f 525 	524 	561
f 524 	560 	561
f 526 	525 	562
f 525 	561 	562
f 527 	526 	563
f 526 	562 	563
f 528 	527 	564
f 527 	563 	564
f 529 	528 	565
f 528 	564 	565
f 530 	529 	566
f 529 	565 	566
f 531 	530 	567
f 530 	566 	567
f 532 	531 	568
f 531 	567 	568
f 533 	532 	569
f 532 	568 	569
f 534 	533 	570
f 533 	569 	570
f 535 	534 	571
f 534 	570 	571
f 536 	535 	572
f 535 	571 	572
f 537 	536 	573
f 536 	572 	573
f 538 	537 	574
f 537 	573 	574
f 539 	538 	575
f 538 	574 	575
f 540 	539 	576
f 539 	575 	576
f 541 	540 	577
f 540 	576 	577
f 542 	541 	578
f 541 	577 	578
f 543 	542 	579
f 542 	578 	579
f 544 	543 	580
f 543 	579 	580
f 509 	544 	545
f 544 	580 	545
f 546 	545 	581
f 547 	546 	581
f 548 	547 	581
f 549 	548 	581
f 550 	549 	581
f 551 	550 	581
f 552 	551 	581
f 553 	552 	581
f 554 	553 	582
f 553 	581 	582
f 555 	554 	582
f 556 	555 	582
f 557 	556 	582
f 558 	557 	582
f 559 	558 	582
f 560 	559 	582
f 561 	560 	582
f 562 	561 	582
f 563 	562 	583
f 562 	582 	583
f 564 	563 	583
f 565 	564 	583
f 566 	565 	583
f 567 	566 	583
f 568 	567 	583
f 569 	568 	583
f 570 	569 	583
f 571 	570 	583
f 572 	571 	584
f 571 	583 	584
f 573 	572 	584
f 574 	573 	584
f 575 	574 	584
f 576 	575 	584
f 577 	576 	584
f 578 	577 	584
f 579 	578 	584
f 580 	579 	584
f 545 	580 	581
f 580 	584 	581
f 1 	2 	4
f 2 	3 	4
f 581 	584 	582
f 582 	584 	583
# 1164 faces

 #end of obj_0

o obj_1
v -11 		-0.4845 		25.7824
v -11 		2.2115 		25.7824
v 18.6992 		2.4125 		29.7968
v -11 		-0.4845 		4.2176
v -9.1968 		2.5945 		1.736
v 18.1216 		2.3135 		30.3744
v -8.768 		2.6725 		2.0496
v -11 		2.2115 		4.2176
v 15.7824 		-0.4845 		-1
v 18.5152 		2.5075 		29.544
v 15.7824 		2.2115 		-1
v -8.392 		2.6725 		1.608
v -5.7824 		-0.4845 		-1
v -9.7968 		2.5945 		27.0864
v -9.952 		2.5945 		26.4432
v 15.965 		-0.9706 		29.2206
v 16.1584 		-0.9739 		29.1744
v -10.3744 		2.5075 		26.5104
v -10.2032 		2.5075 		27.2192
v 17.3952 		2.2115 		30.744
v 16.5984 		2.2115 		30.936
v 17.3744 		2.3135 		30.6832
v -10.0032 		-0.8675 		25.7824
v 16.5888 		2.3135 		30.872
v -10.432 		-0.7805 		25.7824
v -10.744 		-0.6855 		25.7824
v -10.936 		-0.5865 		25.7824
v 18.0352 		2.4125 		30.2032
v -10.936 		2.3135 		25.7824
v -10.744 		2.4125 		25.7824
v 16.9232 		-0.9455 		0.7088
v -9.0019 		-0.9841 		26.5759
v 17.3152 		2.4125 		30.5024
v -5.7824 		2.2115 		-1
v -7.8928 		2.5075 		0.0752
v 17.0864 		-0.8675 		0.2032
v 21 		-0.4845 		25.7824
v 17.6992 		-0.8675 		0.456
v 21 		2.2115 		25.7824
v 16.5584 		2.4125 		30.6832
v -7.6992 		2.5945 		0.456
v -10.432 		2.5075 		25.7824
v 17.9504 		-0.9455 		1.232
v -9.4272 		-0.9455 		26.36
v -8.9099 		-0.988 		26.7985
v -10.0032 		2.5945 		25.7824
v 16.4432 		-0.8675 		0.048
v 17.8928 		2.5075 		29.9248
v -7.0864 		2.5945 		0.2032
v 17.2192 		2.5075 		30.2032
v -9.2912 		-0.9455 		26.9232
v 17.8928 		-0.7805 		0.0752
v 21 		-0.4845 		4.2176
v -9.1744 		-0.9739 		26.1584
v 16.5104 		2.5075 		30.3744
v -9.1118 		-0.9793 		26.31
v 21 		2.2115 		4.2176
v 15.7824 		-0.4845 		31
v 15.7824 		2.2115 		31
v -7.9504 		2.6725 		1.232
v 17.6992 		2.5945 		29.544
v 16.84 		-0.988 		1.1072
v 16.9621 		-0.9905 		1.1823
v 17.3573 		-0.996 		1.4252
v 17.0864 		2.5945 		29.7968
v -7.4576 		2.6725 		0.9296
v 16.5434 		-0.9835 		0.9847
v 16.7985 		-0.988 		1.0901
v 16.4432 		2.5945 		29.952
v 20.0032 		-0.8675 		4.2176
v 20.432 		2.2115 		1.848
v -5.7824 		-0.4845 		31
v 20.744 		2.2115 		2.6048
v -5.7824 		2.2115 		31
v 20.3744 		2.3135 		1.8784
v 20.432 		-0.7805 		4.2176
v -6.9232 		2.6725 		0.7088
v 18.5152 		-0.7805 		29.544
v 20.6832 		2.3135 		2.6256
v 20.744 		-0.6855 		4.2176
v 20.936 		-0.5865 		4.2176
v 20.432 		2.2115 		28.152
v 20.0032 		2.2115 		28.8496
v 16.31 		-0.9793 		29.1118
v 18.6992 		-0.6855 		29.7968
v 20.2032 		2.4125 		1.9648
v 20.3744 		2.3135 		28.1216
v 19.952 		-0.8675 		3.5568
v 20.5024 		2.4125 		2.6848
v 19.952 		2.3135 		28.8112
v 15.7824 		-0.9676 		29.2642
v 19.4272 		-0.5865 		29.4272
v 20.3744 		-0.7805 		3.4896
v 20.2032 		2.4125 		28.0352
v 18.8112 		-0.5865 		29.952
v -7.3573 		2.7229 		1.4252
v 19.7968 		2.4125 		28.6992
v 20.6832 		-0.6855 		3.4416
v 19.9248 		2.5075 		2.1072
v 18.1216 		-0.5865 		30.3744
v 15.7824 		2.3135 		30.936
v 20.2032 		2.5075 		2.7808
v -7.2412 		2.7229 		1.3539
v 19.472 		-0.4845 		29.472
v 15.7824 		2.4125 		30.744
v -8.8928 		-0.988 		26.84
v 19.9248 		2.5075 		27.8928
v 20.872 		-0.5865 		3.4112
v 18.8496 		-0.4845 		30.0032
v -8.5072 		-0.996 		27.4672
v -6.7985 		2.715 		1.0901
v -8.7299 		-0.9933 		27.1049
v 18.152 		-0.4845 		30.432
v 15.7824 		2.5075 		30.432
v 20.936 		-0.4845 		3.4016
v -6.84 		2.715 		1.1072
v -8.3521 		-1 		27.6493
v -8.4286 		-0.9981 		27.5595
v -6.9621 		2.7174 		1.1823
v 15.7824 		2.5945 		30.0032
v 19.7968 		2.5945 		2.9136
v 20.936 		2.2115 		26.5984
v 20.744 		2.2115 		27.3952
v 16.36 		2.6725 		29.4272
v -6.5984 		2.2115 		30.936
v -6.5434 		2.7104 		0.9847
v 20.872 		2.3135 		26.5888
v -7.3952 		2.2115 		30.744
v 15.7824 		2.6725 		29.472
v 19.4048 		-0.9527 		5.2928
v 20.6832 		2.3135 		27.3744
v -6.5888 		2.3135 		30.872
v -7.3744 		2.3135 		30.6832
v 18.0352 		-0.6855 		30.2032
v 20.0032 		2.2115 		1.1504
v 18.9099 		-0.988 		3.2015
v 18.8928 		-0.988 		3.16
v 19.952 		2.3135 		1.1888
v 17.3152 		-0.6855 		30.5024
v -8.1216 		2.3135 		30.3744
v 15.4416 		2.6859 		29.3456
v 14.7072 		2.6798 		29.4032
v -9.472 		2.2115 		0.528
v 19.1118 		-0.9793 		3.69
v 17.3744 		-0.5865 		30.6832
v -8.8496 		2.2115 		-0.0032
v 19.7968 		2.4125 		1.3008
v -9.4272 		2.3135 		0.5728
v 19.4272 		-0.9455 		3.64
v 20.6832 		2.4125 		26.5584
v 17.3952 		-0.4845 		30.744
v 19.0019 		-0.9841 		3.4241
v -8.8112 		2.3135 		0.048
v 20.5024 		2.4125 		27.3152
v 16.31 		2.7063 		29.1118
v 17.2192 		-0.7805 		30.2032
v 16.1171 		2.7002 		29.1843
v 15.7824 		2.6945 		29.2642
v 16.5104 		-0.7805 		30.3744
v 16.1584 		2.7009 		29.1744
v 20.3744 		2.5075 		26.5104
v 19.2206 		-0.9706 		4.035
v 19.1744 		-0.9739 		3.8416
v 20.2032 		2.5075 		27.2192
v 16.5584 		-0.6855 		30.6832
v -9.2912 		2.4125 		0.7088
v 19.472 		-0.9455 		4.2176
v 19.952 		2.5945 		26.4432
v -8.6992 		2.4125 		0.2032
v -9.4032 		-0.9528 		5.2928
v 19.7968 		2.5945 		27.0864
v 16.5888 		-0.5865 		30.872
v 19.2642 		-0.9676 		4.2176
v -9.1118 		-0.9793 		3.69
v 16.5984 		-0.4845 		30.936
v 19.3456 		-0.9589 		4.5584
v 19.544 		2.5945 		2.3008
v -9.0704 		2.5075 		0.9296
v 19.0704 		2.6725 		2.5424
v -9.4272 		-0.9455 		3.64
v -9.1744 		-0.974 		3.8416
v -8.5152 		2.5075 		0.456
v -9.1843 		-0.9733 		3.8829
v 17.6992 		-0.8675 		29.544
v 19.2912 		2.6725 		3.0768
v 17.0864 		-0.8675 		29.7968
v -9.2642 		-0.9676 		4.2176
v -8.768 		2.5945 		1.232
v 16.4432 		-0.8675 		29.952
v -6.5584 		2.4125 		30.6832
v -9.472 		-0.9455 		4.2176
v -7.3152 		2.4125 		30.5024
v -9.0153 		-0.9835 		3.4566
v -8.264 		2.5945 		0.8032
v 19.2912 		2.4125 		29.2912
v 17.8928 		-0.7805 		29.9248
v -8.0352 		2.4125 		30.2032
v 18.3521 		2.7269 		2.3507
v 19.544 		2.5075 		28.5152
v 19.0704 		2.5075 		29.0704
v 18.5072 		2.723 		2.5328
v 18.5748 		2.7229 		2.6427
v -6.5104 		2.5075 		30.3744
v -7.2192 		2.5075 		30.2032
v 18.6461 		2.7229 		2.7588
v -8.9099 		-0.988 		3.2015
v 20.936 		2.2115 		3.4016
v -5.7824 		-0.7805 		-0.432
v -7.8928 		2.5075 		29.9248
v 18.768 		2.5945 		28.768
v 18.8177 		2.7174 		3.0379
v -8.8928 		-0.988 		3.16
v -5.7824 		-0.6855 		-0.744
v 18.264 		2.5945 		29.1968
v -7.0864 		2.5945 		29.7968
v -5.7824 		-0.5865 		-0.936
v -7.6992 		2.5945 		29.544
v 19.9248 		-0.7805 		27.8928
v -9.3456 		-0.9589 		4.5584
v 20.2032 		-0.6855 		28.0352
v -5.7824 		2.3135 		-0.936
v 19.544 		2.5075 		1.4848
v 19.7968 		-0.6855 		28.6992
v 20.872 		2.3135 		3.4112
v -4.7072 		-0.9528 		29.4032
v 19.1968 		2.5945 		1.736
v -5.7824 		2.4125 		-0.744
v 19.544 		2.5945 		27.6992
v 20.3744 		-0.5865 		28.1216
v 20.936 		2.3135 		4.2176
v -5.7824 		2.5075 		-0.432
v 19.952 		-0.5865 		28.8112
v 19.1968 		2.5945 		28.264
v -5.4416 		-0.9589 		29.3456
v 20.6832 		2.4125 		3.4416
v -7.2192 		-0.7805 		-0.2032
v -8.152 		2.2115 		30.432
v 20.432 		-0.4845 		28.152
v -8.8496 		2.2115 		30.0032
v 20.744 		2.4125 		4.2176
v -6.5104 		-0.7805 		-0.3744
v -9.472 		2.2115 		29.472
v 18.768 		2.6725 		27.9504
v -5.7824 		-0.9455 		29.472
v -8.8112 		2.3135 		29.952
v 18.392 		2.6725 		1.608
v 20.3744 		2.5075 		3.4896
v -9.4272 		2.3135 		29.4272
v -6.5584 		-0.6855 		-0.6832
v -6.36 		-0.9455 		29.4272
v 20.432 		2.5075 		4.2176
v 18.768 		2.6725 		2.0496
v 18.392 		2.6725 		28.392
v 19.952 		2.5945 		3.5568
v -9.4032 		2.6798 		5.2928
v 20.0032 		2.5945 		4.2176
v -9.472 		2.6725 		4.2176
v -9.4272 		2.6725 		3.64
v -8.6992 		2.4125 		29.7968
v -6.5888 		-0.5865 		-0.872
v 20.0032 		-0.4845 		28.8496
v -6.5984 		-0.4845 		-0.936
v 18.0956 		2.7268 		27.9504
v 18.2864 		2.7269 		2.2736
v -8.5152 		2.5075 		29.544
v -9.2642 		2.6945 		4.2176
v -9.2206 		2.6976 		4.035
v 19.7968 		-0.8675 		27.0864
v -8.0352 		-0.6855 		-0.2032
v 19.4048 		2.6796 		5.2928
v -5.7824 		-0.8675 		30.0032
v -7.3152 		-0.6855 		-0.5024
v 20.2032 		-0.7805 		27.2192
v -6.4432 		-0.8675 		29.952
v -9.1744 		2.7009 		3.8416
v -9.1118 		2.7063 		3.69
v -8.1216 		-0.5865 		-0.3744
v 19.4272 		2.6725 		3.64
v -5.7824 		-0.7805 		30.432
v -7.3744 		-0.5865 		-0.6832
v -9.0019 		2.711 		3.4241
v -8.9099 		2.715 		3.2015
v 19.472 		2.6725 		4.2176
v 20.5024 		-0.6855 		27.3152
v 18.9099 		2.715 		3.2015
v 17.6493 		2.7269 		1.6479
v -8.8928 		2.715 		3.16
v 17.5595 		2.725 		1.5714
v -7.3952 		-0.4845 		-0.744
v 20.6832 		-0.5865 		27.3744
v -9.3456 		2.6859 		4.5584
v 17.4672 		2.723 		1.4928
v -6.9232 		2.6725 		29.2912
v -5.7824 		-0.6855 		30.744
v 17.9504 		2.7268 		1.9044
v 20.744 		-0.4845 		27.3952
v -5.7824 		-0.5865 		30.936
v -7.4576 		2.6725 		29.0704
v 18.0288 		2.7268 		1.9712
v -8.152 		-0.4845 		-0.432
v 19.952 		-0.8675 		26.4432
v -6.31 		-0.9793 		0.8882
v 18.8928 		2.715 		3.16
v -6.36 		-0.9455 		0.5728
v -7.9504 		2.6725 		28.768
v 20.3744 		-0.7805 		26.5104
v 19.0153 		2.7104 		3.4566
v -7.3952 		2.2115 		-0.744
v -6.5984 		2.2115 		-0.936
v 18.8496 		2.2115 		-0.0032
v 19.472 		2.2115 		0.528
v -8.1216 		2.3135 		-0.3744
v -5.965 		-0.9706 		0.7794
v -6.1584 		-0.9739 		0.8256
v 19.1118 		2.7063 		3.69
v 18.8112 		2.3135 		0.048
v -6.7985 		2.715 		28.9099
v 20.6832 		-0.6855 		26.5584
v 19.4272 		2.3135 		0.5728
v 17.9504 		2.6725 		28.768
v -5.7824 		-0.9455 		0.528
v -6.5759 		2.711 		29.0019
v 19.1843 		2.7002 		3.8829
v 19.2642 		2.6945 		4.2176
v -5.7824 		-0.9676 		29.2642
v 20.872 		-0.5865 		26.5888
v -7.3744 		2.3135 		-0.6832
v -6.31 		-0.9793 		29.1118
v 19.1744 		2.7009 		3.8416
v -5.7824 		-0.9676 		0.7358
v -6.5888 		2.3135 		-0.872
v -6.84 		2.715 		28.8928
v -7.1049 		2.7202 		28.73
v 19.3456 		2.6859 		4.5584
v -6.1584 		-0.974 		29.1744
v -4.7072 		-0.9527 		0.5952
v -5.4416 		-0.9589 		0.6544
v -6.1171 		-0.9733 		29.1843
v 20.936 		-0.4845 		26.5984
v 18.6992 		2.4125 		0.2032
v -7.2412 		2.7229 		28.6461
v -6.4432 		-0.8675 		0.048
v 19.2912 		2.4125 		0.7088
v 17.4576 		2.6725 		29.0704
v 19.7968 		-0.8675 		2.9136
v -8.0352 		2.4125 		-0.2032
v 18.5152 		2.5075 		0.456
v 20.2032 		-0.7805 		2.7808
v -7.3152 		2.4125 		-0.5024
v 19.0704 		2.5075 		0.9296
v 16.9232 		2.6725 		29.2912
v 18.768 		-0.8675 		28.768
v -7.4672 		2.723 		28.5072
v -6.5584 		2.4125 		-0.6832
v 20.5024 		-0.6855 		2.6848
v 18.264 		-0.8675 		29.1968
v -5.7824 		2.3135 		30.936
v -7.2192 		2.5075 		-0.2032
v 20.6832 		-0.5865 		2.6256
v 19.544 		-0.7805 		28.5152
v -5.7824 		2.4125 		30.744
v -6.5104 		2.5075 		-0.3744
v 18.264 		2.5945 		0.8032
v 17.4672 		2.723 		28.5072
v 17.3573 		2.7229 		28.5748
v 19.0704 		-0.7805 		29.0704
v 18.768 		2.5945 		1.232
v -7.6493 		2.7269 		28.3521
v -5.7824 		2.5075 		30.432
v 20.744 		-0.4845 		2.6048
v -7.5595 		2.725 		28.4286
v 17.2412 		2.7229 		28.6461
v -7.9504 		2.7268 		28.0956
v -8.152 		2.2115 		-0.432
v -5.7824 		2.5945 		30.0032
v -6.4432 		2.5945 		29.952
v 19.9248 		-0.7805 		2.1072
v 16.7985 		2.715 		28.9099
v -8.0288 		2.7268 		28.0288
v -5.7824 		2.6725 		29.472
v 20.2032 		-0.6855 		1.9648
v 16.84 		2.715 		28.8928
v -6.36 		2.6725 		29.4272
v 16.9621 		2.7174 		28.8177
v 19.2912 		-0.6855 		29.2912
v -5.7824 		-0.8675 		-0.0032
v 20.3744 		-0.5865 		1.8784
v -10.0032 		-0.8675 		4.2176
v 16.5434 		2.7104 		29.0153
v -10.432 		-0.7805 		4.2176
v 20.432 		-0.4845 		1.848
v -5.4416 		2.6859 		29.3456
v -10.744 		-0.6855 		4.2176
v -4.7072 		2.6798 		29.4032
v -9.2912 		2.4125 		29.2912
v -10.936 		-0.5865 		4.2176
v 18.768 		-0.9455 		27.9504
v -9.0704 		2.5075 		29.0704
v 18.0288 		2.7268 		28.0288
v 17.7265 		2.7269 		28.2864
v 17.6493 		2.7269 		28.3521
v -6.4432 		2.5945 		0.048
v -9.544 		2.5075 		28.5152
v 19.7968 		-0.6855 		1.3008
v -9.952 		-0.8675 		3.5568
v -5.7824 		2.5945 		-0.0032
v 19.952 		-0.5865 		1.1888
v 18.2864 		-1 		27.7265
v -10.3744 		-0.7805 		3.4896
v -8.264 		2.5945 		29.1968
v -5.7824 		2.6945 		29.2642
v -6.36 		2.6725 		0.5728
v 20.0032 		-0.4845 		1.1504
v -8.768 		2.5945 		28.768
v -5.7824 		2.6725 		0.528
v 18.392 		-0.9455 		28.392
v -5.965 		2.6976 		29.2206
v -10.6832 		-0.6855 		3.4416
v 18.3521 		-1 		2.3507
v -6.1584 		2.7009 		29.1744
v -6.31 		2.7063 		29.1118
v 17.8928 		2.5075 		0.0752
v -6.31 		2.7063 		0.8882
v -10.872 		-0.5865 		3.4112
v 18.6461 		-0.996 		2.7588
v 16.4432 		2.5945 		0.048
v -6.1171 		2.7002 		0.8157
v -5.7824 		2.6945 		0.7358
v 17.0864 		2.5945 		0.2032
v 19.0704 		-0.9455 		2.5424
v 18.5072 		-0.996 		2.5328
v 17.6992 		2.5945 		0.456
v 19.544 		-0.8675 		27.6992
v -6.1584 		2.7009 		0.8256
v 18.4286 		-0.9981 		2.4405
v -10.936 		-0.4845 		3.4016
v -6.5104 		-0.7805 		30.3744
v -5.4416 		2.6859 		0.6544
v -4.7072 		2.6796 		0.5952
v 19.1968 		-0.8675 		28.264
v -7.2192 		-0.7805 		30.2032
v 16.9232 		2.6725 		0.7088
v -9.1968 		2.5945 		28.264
v 18.7299 		-0.9933 		2.8951
v -6.5584 		-0.6855 		30.6832
v 19.2912 		2.6725 		26.9232
v 19.2912 		-0.9455 		3.0768
v -9.544 		2.5945 		27.6992
v -8.0288 		-0.9998 		1.9712
v -10.936 		2.2115 		3.4016
v 19.0704 		2.6725 		27.4576
v -10.936 		2.3135 		4.2176
v -10.872 		2.3135 		3.4112
v -6.5888 		-0.5865 		30.872
v -8.392 		2.6725 		28.392
v 17.4576 		2.6725 		0.9296
v -8.768 		2.6725 		27.9504
v -7.9504 		-0.9998 		1.9044
v 19.544 		-0.8675 		2.3008
v 17.9504 		2.6725 		1.232
v -6.5984 		-0.4845 		30.936
v -10.6832 		2.4125 		3.4416
v 17.9504 		-0.9455 		28.768
v -10.744 		2.4125 		4.2176
v 17.2412 		-0.996 		28.6461
v -10.432 		2.5075 		4.2176
v -10.3744 		2.5075 		3.4896
v -7.6493 		-1 		1.6479
v 17.4576 		-0.9455 		29.0704
v 16.7985 		2.715 		1.0901
v 17.4672 		-0.996 		28.5072
v 18.7299 		2.7202 		27.1049
v 16.5759 		2.711 		0.9981
v -7.3152 		-0.6855 		30.5024
v -8.0352 		-0.6855 		30.2032
v 18.6461 		2.7229 		27.2412
v -9.952 		2.5945 		3.5568
v -10.0032 		2.5945 		4.2176
v 16.84 		2.715 		1.1072
v 17.1049 		2.7202 		1.2701
v 18.4286 		2.725 		27.5595
v 18.3521 		2.7269 		27.6493
v -8.2864 		2.7269 		27.7265
v -7.3744 		-0.5865 		30.6832
v 18.5072 		2.723 		27.4672
v -8.1216 		-0.5865 		30.3744
v 18.392 		-0.9455 		1.608
v -7.4672 		-0.996 		1.4928
v 17.1049 		-0.9933 		28.73
v -9.7968 		-0.8675 		2.9136
v -7.5595 		-0.9981 		1.5714
v 16.9232 		-0.9455 		29.2912
v -10.2032 		-0.7805 		2.7808
v 17.2412 		2.7229 		1.3539
v 18.0956 		-0.9998 		2.0496
v -7.3952 		-0.4845 		30.744
v -9.9248 		-0.7805 		2.1072
v 16.7985 		-0.988 		28.9099
v 16.84 		-0.988 		28.8928
v -9.0704 		2.6725 		27.4576
v 18.768 		-0.9455 		2.0496
v -10.5024 		-0.6855 		2.6848
v -9.2912 		-0.9455 		3.0768
v -9.2912 		2.6725 		26.9232
v 16.5759 		-0.9841 		29.0019
v -10.2032 		-0.6855 		1.9648
v -8.6461 		-0.996 		2.7588
v -9.0704 		-0.9455 		2.5424
v -7.0864 		-0.8675 		29.7968
v -8.8177 		-0.9905 		3.0379
v 18.1216 		-0.5865 		-0.3744
v -7.6992 		-0.8675 		29.544
v -9.4272 		2.6725 		26.36
v -10.6832 		-0.5865 		2.6256
v -7.8928 		-0.7805 		29.9248
v 18.152 		-0.4845 		-0.432
v -10.3744 		-0.5865 		1.8784
v -8.5748 		-0.996 		2.6427
v 19.1968 		-0.8675 		1.736
v 19.4272 		2.6725 		26.36
v -8.3521 		2.7269 		27.6493
v -8.5072 		2.723 		27.4672
v -8.5748 		2.7229 		27.3573
v 16.5104 		-0.7805 		-0.3744
v -10.744 		-0.4845 		2.6048
v -8.5152 		-0.7805 		29.544
v -10.432 		-0.4845 		1.848
v -8.6461 		2.7229 		27.2412
v 19.544 		-0.7805 		1.4848
v 19.1744 		2.7009 		26.1584
v 17.2192 		-0.7805 		-0.2032
v 19.1118 		2.7063 		26.31
v -8.6992 		-0.6855 		29.7968
v 19.0019 		2.711 		26.5759
v 18.9099 		2.715 		26.7985
v -8.9099 		2.715 		26.7985
v 16.5584 		-0.6855 		-0.6832
v 17.3152 		-0.6855 		-0.5024
v 18.0288 		-0.9998 		28.0288
v -8.3521 		-1 		2.3507
v -8.5072 		-0.996 		2.5328
v 18.8928 		2.715 		26.84
v -8.8928 		2.715 		26.84
v -8.8112 		-0.5865 		29.952
v -8.8177 		2.7174 		26.9621
v 18.0352 		-0.6855 		-0.2032
v -9.4272 		-0.5865 		29.4272
v 20.0032 		-0.8675 		25.7824
v 17.9504 		-0.9998 		28.0956
v -8.152 		-0.4845 		30.432
v -9.0153 		2.7104 		26.5434
v 16.5888 		-0.5865 		-0.872
v 20.432 		-0.7805 		25.7824
v -8.8496 		-0.4845 		30.0032
v -9.1118 		2.7063 		26.31
v 17.6493 		-1 		1.6479
v 17.4672 		-0.996 		1.4928
v 20.744 		-0.6855 		25.7824
v -9.472 		-0.4845 		29.472
v 17.6493 		-1 		28.3521
v -9.544 		-0.8675 		2.3008
v 20.936 		-0.5865 		25.7824
v -9.1843 		2.7002 		26.1171
v 18.0288 		-0.9998 		1.9712
v 17.3744 		-0.5865 		-0.6832
v -9.7968 		-0.6855 		1.3008
v 17.5595 		-0.9981 		28.4286
v -9.1744 		2.7009 		26.1584
v 17.7265 		-1 		1.7136
v -9.952 		-0.5865 		1.1888
v -6.5434 		-0.9835 		29.0153
v -10.0032 		-0.4845 		1.1504
v -6.9232 		-0.9455 		29.2912
v -6.7985 		-0.988 		28.9099
v 16.5984 		-0.4845 		-0.936
v -8.768 		-0.9455 		2.0496
v -7.2412 		-0.996 		28.6461
v 17.3952 		-0.4845 		-0.744
v 19.2912 		-0.9455 		26.9232
v -9.2206 		-0.9706 		25.965
v -7.4576 		-0.9455 		29.0704
v -8.2864 		-1 		2.2736
v 18.6461 		-0.996 		27.2412
v -6.9621 		-0.9905 		28.8177
v -9.472 		-0.9455 		25.7824
v 19.2642 		-0.9676 		25.7824
v 19.3456 		-0.9589 		25.4416
v 19.4048 		-0.9527 		24.7072
v -10.744 		2.2115 		2.6048
v 19.0704 		-0.9455 		27.4576
v -9.2642 		-0.9676 		25.7824
v -10.432 		2.2115 		1.848
v 18.8177 		-0.9905 		26.9621
v -10.6832 		2.3135 		2.6256
v 18.0288 		-0.2085 		1.9712
v -9.4032 		-0.9528 		24.7072
v -9.3456 		-0.9589 		25.4416
v 19.472 		-0.9455 		25.7824
v -10.3744 		2.3135 		1.8784
v -6.84 		-0.988 		28.8928
v 18.152 		2.2115 		-0.432
v 18.1216 		2.3135 		-0.3744
v 18.264 		-0.8675 		0.8032
v -7.3573 		-0.996 		28.5748
v 18.768 		-0.8675 		1.232
v 16.5984 		2.2115 		-0.936
v -9.472 		2.6725 		25.7824
v -10.5024 		2.4125 		2.6848
v 17.3952 		2.2115 		-0.744
v -7.9504 		-0.9455 		28.768
v 16.5888 		2.3135 		-0.872
v -10.2032 		2.4125 		1.9648
v -8.392 		-0.9455 		1.608
v 17.3744 		2.3135 		-0.6832
v -9.2642 		2.6945 		25.7824
v 18.5748 		-0.996 		27.3573
v -7.4672 		-0.996 		28.5072
v -9.3456 		2.6859 		25.4416
v -9.4032 		2.6798 		24.7072
v 20.936 		2.3135 		25.7824
v -10.2032 		2.5075 		2.7808
v -9.9248 		2.5075 		2.1072
v 20.744 		2.4125 		25.7824
v -9.1968 		-0.8675 		1.736
v 18.3521 		-1 		27.6493
v 18.5072 		-0.996 		27.4672
v 20.432 		2.5075 		25.7824
v -9.7968 		2.5945 		2.9136
v 16.5584 		2.4125 		-0.6832
v 19.0704 		-0.7805 		0.9296
v 17.3152 		2.4125 		-0.5024
v 19.2912 		-0.6855 		0.7088
v -9.544 		-0.7805 		1.4848
v 18.0352 		2.4125 		-0.2032
v -9.9248 		-0.7805 		27.8928
v -10.0032 		2.2115 		1.1504
v 16.5104 		2.5075 		-0.3744
v -9.952 		2.3135 		1.1888
v 20.0032 		2.5945 		25.7824
v 17.2192 		2.5075 		-0.2032
v -9.7968 		2.4125 		1.3008
v -9.7968 		-0.6855 		28.6992
v -10.2032 		-0.6855 		28.0352
v 19.472 		2.6725 		25.7824
v 19.2642 		2.6945 		25.7824
v 18.5152 		-0.7805 		0.456
v -9.952 		-0.5865 		28.8112
v 19.3456 		2.6859 		25.4416
v 18.6992 		-0.6855 		0.2032
v 19.4048 		2.6796 		24.7072
v -10.3744 		-0.5865 		28.1216
v 19.2206 		2.6976 		25.965
v -7.9504 		-0.9455 		1.232
v 15.7824 		-0.9676 		0.7358
v 15.4416 		-0.9589 		0.6544
v 19.1118 		-0.9793 		26.31
v 14.7072 		-0.9527 		0.5952
v 18.8112 		-0.5865 		0.048
v -7.2412 		-0.996 		1.3539
v -10.0032 		-0.4845 		28.8496
v 15.7824 		-0.9455 		0.528
v -7.6493 		-1 		28.3521
v 16.31 		-0.9793 		0.8882
v 19.4272 		-0.9455 		26.36
v 19.4272 		-0.5865 		0.5728
v -10.432 		-0.4845 		28.152
v 19.1744 		-0.974 		26.1584
v -7.4576 		-0.9455 		0.9296
v 19.1843 		-0.9733 		26.1171
v 18.8496 		-0.4845 		-0.0032
v 16.36 		-0.9455 		0.5728
v 16.1584 		-0.974 		0.8256
v -8.0288 		-0.9998 		28.0288
v 19.472 		-0.4845 		0.528
v 16.1171 		-0.9733 		0.8157
v -7.7265 		-1 		28.2864
v -9.7968 		-0.8675 		27.0864
v 19.0153 		-0.9835 		26.5434
v -10.2032 		-0.7805 		27.2192
v -7.1049 		-0.9933 		1.2701
v -10.5024 		-0.6855 		27.3152
v -6.9232 		-0.9455 		0.7088
v -8.0956 		-0.9998 		27.9504
v 18.9099 		-0.988 		26.7985
v -10.6832 		-0.5865 		27.3744
v 17.2412 		-0.996 		1.3539
v -6.7985 		-0.988 		1.0901
v -6.84 		-0.988 		1.1072
v 15.7824 		-0.8675 		-0.0032
v 17.4576 		-0.9455 		0.9296
v -10.744 		-0.4845 		27.3952
v 18.8928 		-0.988 		26.84
v -6.5759 		-0.9841 		0.9981
v -9.952 		-0.8675 		26.4432
v -10.3744 		-0.7805 		26.5104
v -10.6832 		-0.6855 		26.5584
v -8.264 		-0.8675 		29.1968
v 15.7824 		2.5945 		-0.0032
v -8.768 		-0.8675 		28.768
v -7.6992 		-0.8675 		0.456
v 15.7824 		2.6725 		0.528
v -10.872 		-0.5865 		26.5888
v 16.36 		2.6725 		0.5728
v -9.0704 		-0.7805 		29.0704
v -10.936 		-0.4845 		26.5984
v -9.544 		-0.7805 		28.5152
v -7.0864 		-0.8675 		0.2032
v 15.7824 		2.6945 		0.7358
v 15.4416 		2.6859 		0.6544
v -9.2912 		-0.6855 		29.2912
v 14.7072 		2.6796 		0.5952
v 19.472 		2.2115 		29.472
v 15.965 		2.6976 		0.7794
v 18.8496 		2.2115 		30.0032
v 18.152 		2.2115 		30.432
v 16.36 		-0.9455 		29.4272
v 16.1584 		2.7009 		0.8256
v 16.31 		2.7063 		0.8882
v 19.4272 		2.3135 		29.4272
v -7.8928 		-0.7805 		0.0752
v 18.8112 		2.3135 		29.952
v 15.7824 		-0.9455 		29.472
v -10.0032 		2.2115 		28.8496
v -10.432 		2.2115 		28.152
v -9.952 		2.3135 		28.8112
v -10.3744 		2.3135 		28.1216
v -8.392 		-0.9455 		28.392
v 14.7072 		-0.9528 		29.4032
v 15.4416 		-0.9589 		29.3456
v -8.768 		-0.8675 		1.232
v -9.7968 		2.4125 		28.6992
v -8.264 		-0.8675 		0.8032
v -8.768 		-0.9455 		27.9504
v -9.0704 		-0.7805 		0.9296
v -10.2032 		2.4125 		28.0352
v 15.7824 		-0.8675 		30.0032
v 15.7824 		-0.7805 		-0.432
v 15.7824 		-0.7805 		30.432
v 15.7824 		-0.6855 		30.744
v -9.2912 		-0.6855 		0.7088
v 15.7824 		-0.5865 		30.936
v 15.7824 		-0.6855 		-0.744
v -9.9248 		2.5075 		27.8928
v 15.7824 		-0.5865 		-0.936
v -8.5152 		-0.7805 		0.456
v -8.6992 		-0.6855 		0.2032
v 15.7824 		2.3135 		-0.936
v -9.4272 		-0.5865 		0.5728
v -9.1968 		-0.8675 		28.264
v -10.744 		2.2115 		27.3952
v -10.936 		2.2115 		26.5984
v -8.8112 		-0.5865 		0.048
v -10.6832 		2.3135 		27.3744
v 15.7824 		2.4125 		-0.744
v -9.472 		-0.4845 		0.528
v -10.872 		2.3135 		26.5888
v -9.544 		-0.8675 		27.6992
v 15.7824 		2.5075 		-0.432
v -8.8496 		-0.4845 		-0.0032
v -10.5024 		2.4125 		27.3152
v -8.0956 		2.7268 		2.0496
v -10.6832 		2.4125 		26.5584
v -8.0288 		2.7268 		1.9712
v -7.6493 		2.7269 		1.6479
v -7.7265 		2.7269 		1.7136
v -8.6461 		-0.996 		27.2412
v -7.4672 		2.723 		1.4928
v -9.0704 		-0.9455 		27.4576
v -9.544 		2.5945 		2.3008
v -9.2912 		2.6725 		3.0768
v -9.0704 		2.6725 		2.5424
v -8.7299 		2.7202 		2.8951
v -8.6461 		2.7229 		2.7588
v -8.4286 		2.725 		2.4405
v -8.3521 		2.7269 		2.3507
v -8.5072 		2.723 		2.5328
v -9.544 		2.5075 		1.4848
# 777 vertices

g group_1_11107152

usemtl color_11107152
s 0

f 586 	588 	585
f 592 	588 	586
f 591 	596 	589
f 594 	587 	779
f 603 	599 	602
f 606 	608 	604
f 604 	608 	605
f 1279 	610 	609
f 590 	617 	606
f 1347 	596 	1345
f 591 	1345 	596
f 585 	611 	1286
f 586 	585 	1335
f 587 	612 	1305
f 1305 	612 	590
f 593 	597 	595
f 618 	595 	597
f 612 	617 	590
f 617 	624 	606
f 617 	639 	624
f 634 	639 	617
f 606 	624 	608
f 599 	630 	602
f 594 	632 	587
f 602 	630 	626
f 629 	635 	616
f 625 	633 	619
f 632 	612 	587
f 632 	634 	612
f 620 	1115 	636
f 594 	645 	632
f 621 	641 	623
f 628 	616 	635
f 622 	620 	636
f 612 	634 	617
f 637 	641 	621
f 622 	636 	1230
f 1169 	1164 	628
f 977 	610 	611
f 648 	1078 	1270
f 1078 	1064 	1270
f 645 	649 	632
f 644 	650 	778
f 632 	649 	634
f 649 	653 	634
f 1175 	1199 	1164
f 778 	650 	625
f 642 	643 	656
f 1152 	1139 	638
f 634 	653 	639
f 658 	656 	643
f 633 	625 	661
f 655 	663 	657
f 655 	659 	663
f 657 	663 	808
f 661 	625 	650
f 668 	1300 	601
f 621 	1146 	637
f 661 	996 	633
f 635 	1261 	1278
f 669 	718 	662
f 673 	663 	659
f 666 	674 	667
f 635 	1278 	628
f 666 	671 	674
f 659 	670 	673
f 672 	660 	654
f 600 	675 	742
f 725 	742 	675
f 600 	741 	601
f 677 	660 	672
f 607 	628 	1278
f 676 	693 	679
f 1089 	668 	973
f 688 	693 	676
f 671 	681 	674
f 669 	969 	679
f 642 	759 	643
f 678 	681 	671
f 669 	684 	718
f 685 	643 	605
f 682 	664 	677
f 679 	684 	669
f 605 	608 	685
f 670 	683 	686
f 682 	665 	664
f 692 	665 	682
f 687 	650 	680
f 624 	689 	608
f 677 	664 	660
f 683 	705 	686
f 680 	650 	644
f 1139 	1135 	640
f 640 	638 	1139
f 616 	1120 	629
f 686 	673 	670
f 608 	689 	685
f 678 	783 	681
f 831 	673 	686
f 695 	661 	700
f 698 	689 	624
f 678 	691 	783
f 679 	697 	684
f 624 	639 	698
f 693 	697 	679
f 639 	653 	704
f 697 	735 	684
f 703 	700 	661
f 692 	699 	637
f 653 	713 	704
f 691 	812 	817
f 708 	713 	653
f 650 	703 	661
f 704 	698 	639
f 692 	637 	665
f 687 	703 	650
f 649 	708 	653
f 1296 	1298 	693
f 1296 	693 	688
f 637 	699 	791
f 661 	695 	710
f 1298 	697 	693
f 706 	715 	707
f 714 	760 	751
f 1007 	996 	710
f 706 	711 	715
f 707 	715 	671
f 709 	717 	712
f 717 	709 	716
f 717 	724 	712
f 707 	671 	666
f 700 	1272 	695
f 895 	722 	719
f 719 	722 	659
f 739 	744 	708
f 1072 	1243 	680
f 1351 	1072 	680
f 718 	684 	729
f 719 	659 	655
f 684 	735 	729
f 742 	725 	713
f 718 	729 	723
f 725 	726 	713
f 671 	715 	678
f 722 	731 	670
f 1326 	1321 	797
f 727 	732 	737
f 711 	738 	715
f 731 	683 	670
f 728 	736 	733
f 722 	670 	659
f 741 	600 	742
f 711 	734 	738
f 727 	737 	730
f 738 	678 	715
f 742 	713 	741
f 708 	741 	713
f 744 	741 	708
f 776 	717 	716
f 720 	1031 	736
f 1207 	745 	734
f 744 	601 	741
f 734 	745 	748
f 717 	781 	724
f 740 	723 	749
f 728 	733 	747
f 973 	962 	1089
f 738 	734 	748
f 740 	749 	743
f 731 	806 	683
f 738 	691 	678
f 756 	749 	723
f 738 	748 	691
f 746 	747 	733
f 746 	733 	751
f 1338 	811 	1342
f 732 	753 	737
f 745 	755 	748
f 745 	752 	755
f 729 	756 	723
f 753 	732 	750
f 646 	1063 	652
f 729 	759 	756
f 746 	751 	757
f 735 	759 	729
f 761 	705 	683
f 878 	863 	1323
f 757 	751 	760
f 656 	1325 	642
f 762 	766 	750
f 767 	764 	765
f 772 	778 	762
f 945 	685 	689
f 762 	778 	766
f 672 	654 	733
f 753 	750 	766
f 758 	765 	764
f 705 	761 	769
f 751 	733 	654
f 766 	619 	753
f 766 	625 	619
f 854 	918 	714
f 778 	625 	766
f 918 	908 	757
f 760 	918 	757
f 667 	674 	1303
f 761 	763 	769
f 899 	891 	728
f 913 	899 	747
f 736 	728 	891
f 728 	747 	899
f 770 	773 	1076
f 764 	767 	775
f 771 	775 	767
f 770 	743 	773
f 740 	743 	770
f 658 	643 	685
f 862 	705 	769
f 674 	681 	779
f 940 	662 	780
f 776 	716 	774
f 959 	698 	704
f 758 	764 	777
f 781 	717 	776
f 964 	959 	713
f 776 	793 	781
f 1087 	777 	764
f 740 	770 	768
f 768 	780 	740
f 1320 	855 	828
f 589 	596 	772
f 784 	779 	681
f 989 	764 	775
f 772 	644 	778
f 721 	887 	1028
f 681 	783 	784
f 657 	791 	954
f 784 	594 	779
f 637 	791 	641
f 989 	1074 	764
f 596 	644 	772
f 787 	788 	774
f 866 	865 	790
f 787 	799 	788
f 789 	763 	786
f 776 	774 	788
f 777 	1087 	790
f 704 	713 	959
f 794 	784 	783
f 788 	793 	776
f 718 	780 	662
f 784 	794 	798
f 723 	740 	780
f 718 	723 	780
f 763 	789 	795
f 798 	594 	784
f 801 	793 	788
f 796 	1087 	1094
f 798 	645 	594
f 593 	800 	597
f 799 	801 	788
f 785 	1015 	786
f 795 	789 	1028
f 754 	775 	803
f 597 	846 	618
f 964 	713 	726
f 804 	807 	802
f 771 	803 	775
f 927 	806 	731
f 1320 	863 	855
f 1087 	764 	1074
f 657 	808 	791
f 814 	641 	791
f 1338 	805 	811
f 791 	808 	814
f 761 	683 	806
f 815 	1342 	811
f 813 	816 	804
f 809 	978 	726
f 808 	824 	814
f 812 	827 	817
f 804 	816 	807
f 663 	673 	819
f 807 	676 	969
f 673 	831 	819
f 990 	1342 	815
f 816 	676 	807
f 809 	828 	818
f 783 	691 	817
f 865 	860 	777
f 871 	866 	790
f 796 	871 	790
f 758 	777 	860
f 808 	663 	819
f 817 	794 	783
f 824 	808 	819
f 765 	859 	767
f 771 	767 	851
f 859 	851 	767
f 819 	835 	824
f 806 	810 	761
f 724 	821 	712
f 821 	829 	823
f 821 	724 	829
f 833 	820 	856
f 823 	832 	826
f 803 	875 	754
f 835 	819 	831
f 829 	832 	823
f 817 	827 	837
f 833 	825 	820
f 686 	705 	838
f 825 	833 	797
f 838 	831 	686
f 831 	838 	840
f 817 	837 	794
f 763 	810 	836
f 825 	797 	792
f 843 	829 	724
f 831 	840 	835
f 813 	822 	845
f 833 	800 	797
f 843 	724 	781
f 838 	705 	862
f 833 	844 	800
f 829 	843 	979
f 867 	840 	838
f 813 	845 	816
f 862 	867 	838
f 763 	761 	810
f 844 	846 	597
f 979 	832 	829
f 746 	907 	747
f 707 	666 	880
f 891 	869 	736
f 844 	597 	800
f 667 	845 	822
f 666 	667 	822
f 887 	795 	1028
f 786 	1009 	789
f 843 	781 	849
f 845 	667 	1296
f 793 	849 	781
f 782 	836 	848
f 850 	851 	841
f 830 	848 	836
f 828 	858 	834
f 855 	858 	828
f 883 	848 	830
f 793 	994 	849
f 857 	802 	852
f 842 	851 	859
f 842 	859 	860
f 786 	836 	785
f 782 	785 	836
f 841 	851 	842
f 853 	861 	864
f 836 	786 	763
f 848 	1179 	782
f 883 	1179 	848
f 827 	1066 	847
f 853 	864 	856
f 879 	870 	1179
f 690 	1127 	696
f 856 	844 	833
f 856 	864 	844
f 868 	804 	857
f 868 	813 	804
f 842 	860 	865
f 857 	804 	802
f 1105 	702 	1106
f 847 	983 	837
f 827 	847 	837
f 861 	873 	864
f 864 	846 	844
f 902 	874 	868
f 864 	873 	846
f 875 	841 	839
f 872 	1040 	876
f 874 	813 	868
f 875 	850 	841
f 874 	822 	813
f 1325 	881 	878
f 765 	758 	859
f 777 	790 	865
f 860 	859 	758
f 874 	880 	822
f 877 	882 	799
f 878 	1323 	1325
f 851 	850 	771
f 850 	875 	771
f 803 	771 	875
f 883 	830 	879
f 1336 	884 	861
f 881 	1038 	878
f 839 	754 	875
f 873 	861 	884
f 882 	801 	799
f 884 	958 	873
f 881 	1325 	656
f 887 	769 	795
f 869 	769 	887
f 873 	892 	846
f 893 	846 	892
f 763 	795 	769
f 883 	879 	1179
f 872 	1179 	870
f 893 	618 	846
f 890 	885 	1132
f 869 	891 	769
f 890 	857 	885
f 801 	882 	889
f 719 	1258 	895
f 885 	857 	852
f 1123 	1133 	983
f 886 	888 	898
f 899 	862 	891
f 709 	1045 	658
f 769 	891 	862
f 897 	898 	888
f 894 	903 	895
f 897 	888 	905
f 890 	868 	857
f 900 	903 	894
f 978 	809 	976
f 904 	798 	794
f 902 	868 	890
f 722 	895 	903
f 901 	877 	906
f 908 	867 	907
f 818 	828 	909
f 888 	970 	905
f 897 	1011 	898
f 862 	907 	867
f 1142 	910 	902
f 874 	902 	910
f 892 	911 	915
f 862 	899 	913
f 862 	913 	907
f 905 	914 	897
f 917 	877 	916
f 877 	901 	916
f 892 	915 	893
f 893 	805 	618
f 722 	903 	731
f 854 	867 	918
f 893 	915 	805
f 921 	914 	905
f 922 	834 	919
f 908 	918 	867
f 920 	921 	905
f 834 	912 	919
f 760 	714 	918
f 909 	828 	922
f 877 	917 	882
f 925 	882 	917
f 746 	757 	908
f 907 	746 	908
f 913 	747 	907
f 834 	922 	828
f 900 	924 	927
f 910 	923 	880
f 837 	904 	794
f 720 	736 	869
f 721 	720 	869
f 887 	721 	869
f 911 	938 	915
f 904 	928 	798
f 900 	927 	903
f 910 	880 	874
f 915 	811 	805
f 731 	903 	927
f 753 	619 	930
f 924 	1218 	931
f 880 	923 	707
f 706 	707 	923
f 822 	880 	666
f 896 	933 	911
f 798 	928 	645
f 924 	934 	927
f 1155 	1005 	912
f 929 	677 	672
f 930 	933 	896
f 932 	677 	929
f 933 	938 	911
f 645 	935 	649
f 922 	1001 	909
f 919 	1004 	922
f 924 	931 	934
f 933 	946 	938
f 925 	937 	882
f 942 	946 	933
f 927 	934 	806
f 928 	935 	645
f 938 	811 	915
f 685 	941 	658
f 939 	682 	932
f 649 	935 	708
f 941 	716 	658
f 716 	941 	774
f 889 	957 	1039
f 619 	942 	930
f 945 	774 	941
f 932 	682 	677
f 658 	716 	709
f 940 	768 	1047
f 930 	942 	933
f 685 	945 	941
f 1184 	1168 	917
f 916 	1184 	917
f 1168 	1161 	917
f 837 	984 	904
f 938 	815 	811
f 947 	931 	1006
f 946 	815 	938
f 939 	692 	682
f 1005 	1004 	912
f 1005 	1155 	906
f 906 	1158 	901
f 919 	912 	1004
f 943 	692 	939
f 698 	953 	945
f 942 	619 	633
f 951 	934 	931
f 985 	948 	904
f 882 	955 	889
f 945 	689 	698
f 953 	787 	945
f 931 	947 	951
f 948 	1055 	949
f 698 	959 	953
f 955 	952 	889
f 934 	951 	810
f 943 	699 	692
f 882 	937 	955
f 940 	936 	662
f 943 	954 	699
f 945 	787 	774
f 951 	836 	810
f 730 	958 	884
f 951 	830 	836
f 892 	873 	958
f 952 	957 	889
f 904 	949 	928
f 950 	662 	936
f 737 	896 	730
f 934 	810 	806
f 956 	928 	949
f 953 	960 	787
f 737 	930 	896
f 1246 	1260 	952
f 959 	960 	953
f 896 	958 	730
f 958 	911 	892
f 960 	799 	787
f 896 	911 	958
f 830 	947 	1044
f 930 	737 	753
f 1044 	879 	830
f 964 	967 	959
f 962 	935 	966
f 961 	939 	932
f 970 	888 	926
f 972 	1169 	607
f 807 	969 	944
f 928 	968 	935
f 965 	939 	961
f 609 	974 	607
f 966 	935 	968
f 944 	969 	950
f 971 	965 	988
f 950 	669 	662
f 611 	585 	588
f 988 	991 	971
f 959 	967 	960
f 1273 	905 	970
f 956 	968 	928
f 669 	950 	969
f 971 	943 	965
f 955 	1246 	952
f 967 	877 	960
f 775 	1169 	972
f 826 	832 	1309
f 962 	973 	935
f 926 	792 	970
f 926 	825 	792
f 965 	943 	939
f 1273 	970 	792
f 676 	679 	969
f 960 	877 	799
f 972 	607 	974
f 739 	708 	973
f 991 	975 	971
f 816 	845 	688
f 914 	1012 	897
f 921 	1022 	914
f 973 	708 	935
f 845 	1296 	688
f 974 	609 	977
f 609 	610 	977
f 1018 	1007 	898
f 971 	975 	954
f 1082 	1089 	962
f 1083 	1082 	962
f 966 	1083 	962
f 978 	964 	726
f 976 	995 	964
f 978 	976 	964
f 688 	676 	816
f 995 	1001 	964
f 1049 	1073 	956
f 968 	1073 	966
f 1055 	1049 	949
f 956 	949 	1049
f 1022 	921 	920
f 971 	954 	943
f 1012 	914 	1022
f 719 	655 	975
f 710 	695 	1277
f 1272 	1271 	695
f 977 	611 	980
f 979 	843 	982
f 967 	906 	877
f 942 	633 	986
f 954 	975 	657
f 655 	657 	975
f 843 	849 	982
f 985 	904 	984
f 699 	954 	791
f 982 	987 	979
f 611 	588 	980
f 942 	986 	946
f 995 	976 	909
f 818 	909 	976
f 990 	946 	986
f 972 	989 	775
f 633 	996 	986
f 830 	951 	947
f 818 	976 	809
f 986 	999 	990
f 996 	999 	986
f 974 	993 	972
f 946 	990 	815
f 972 	993 	989
f 994 	793 	801
f 984 	837 	983
f 949 	904 	948
f 997 	975 	991
f 719 	997 	1258
f 998 	982 	849
f 719 	975 	997
f 993 	974 	1002
f 1285 	990 	999
f 984 	1144 	985
f 985 	1151 	948
f 974 	977 	1002
f 994 	998 	849
f 967 	1004 	1005
f 964 	1001 	967
f 1004 	967 	1001
f 980 	1008 	977
f 661 	710 	996
f 977 	1008 	1002
f 906 	967 	1005
f 1012 	999 	1011
f 996 	1011 	999
f 901 	1158 	916
f 1011 	996 	1018
f 994 	801 	889
f 1001 	922 	1004
f 995 	909 	1001
f 1015 	1014 	1009
f 1019 	1014 	1015
f 1007 	1018 	996
f 1021 	855 	863
f 1008 	980 	1020
f 889 	1039 	994
f 947 	1006 	1016
f 980 	588 	1020
f 963 	1039 	957
f 1021 	858 	855
f 1020 	1109 	1008
f 994 	1039 	998
f 847 	1066 	992
f 1021 	1025 	858
f 1034 	1173 	1020
f 1008 	1109 	1098
f 981 	936 	1000
f 1003 	1085 	1019
f 998 	1027 	982
f 748 	812 	691
f 1023 	999 	1022
f 1012 	1022 	999
f 1034 	1020 	588
f 1024 	936 	981
f 1009 	1014 	1028
f 1023 	1022 	920
f 748 	755 	812
f 1029 	1021 	863
f 863 	878 	1029
f 1012 	1011 	897
f 1018 	898 	1011
f 936 	940 	1000
f 982 	1027 	987
f 586 	613 	592
f 614 	1048 	613
f 1271 	1277 	695
f 1047 	1000 	940
f 614 	626 	1048
f 1031 	1028 	1014
f 1017 	852 	802
f 1017 	944 	1024
f 592 	1034 	588
f 1035 	755 	1030
f 1027 	1032 	987
f 592 	1036 	1037
f 1028 	789 	1009
f 802 	944 	1017
f 1026 	1013 	1010
f 944 	950 	1024
f 1013 	1026 	1040
f 592 	1037 	1034
f 1024 	950 	936
f 878 	1038 	1029
f 802 	807 	944
f 1028 	1031 	721
f 613 	1036 	592
f 720 	721 	1031
f 733 	736 	1031
f 1033 	1197 	1042
f 1027 	998 	1041
f 1016 	1013 	1040
f 1068 	1058 	1029
f 947 	1016 	1044
f 613 	1048 	1036
f 1036 	1046 	1037
f 1046 	1036 	1048
f 1045 	1038 	881
f 1041 	998 	1039
f 881 	656 	1045
f 1016 	1040 	1044
f 1072 	1351 	1075
f 1035 	812 	755
f 1048 	1050 	1051
f 929 	1014 	1043
f 812 	1035 	827
f 1048 	1051 	1046
f 1084 	1088 	1032
f 1021 	1058 	1025
f 1031 	1014 	929
f 1056 	1030 	1126
f 1054 	1026 	1057
f 1029 	1058 	1021
f 1031 	929 	672
f 1048 	626 	1050
f 1058 	1059 	1025
f 1031 	672 	733
f 1051 	1050 	1061
f 1060 	1035 	1056
f 1050 	1062 	1061
f 1055 	1053 	1049
f 1030 	1056 	1035
f 1043 	932 	929
f 1026 	1054 	1063
f 1026 	1063 	1064
f 1061 	1212 	1051
f 1099 	1025 	1059
f 1050 	626 	1062
f 630 	1062 	626
f 1035 	1065 	827
f 1066 	827 	1065
f 1062 	841 	842
f 1038 	1068 	1029
f 1009 	786 	1015
f 1067 	1041 	1039
f 1019 	1015 	1179
f 785 	1179 	1015
f 1035 	1069 	1065
f 1062 	842 	1061
f 1052 	1042 	1237
f 1069 	1035 	1060
f 1058 	1070 	1059
f 1068 	1070 	1058
f 630 	841 	1062
f 1070 	1128 	1059
f 1039 	963 	1067
f 1076 	1073 	1053
f 1049 	1053 	1073
f 1107 	1041 	1106
f 989 	993 	1077
f 1247 	651 	1302
f 1040 	1064 	1078
f 1038 	1045 	1080
f 989 	1077 	1074
f 1026 	1064 	1040
f 1053 	770 	1076
f 1077 	1081 	1074
f 968 	956 	1073
f 1068 	1038 	1080
f 870 	1044 	872
f 1075 	1348 	1052
f 1348 	1349 	1052
f 1027 	1041 	1084
f 1073 	1076 	1083
f 1148 	1071 	1079
f 1040 	872 	1044
f 1080 	1134 	1068
f 1078 	876 	1040
f 1082 	1083 	1076
f 1077 	993 	1086
f 1044 	870 	879
f 1027 	1084 	1032
f 993 	1002 	1086
f 1086 	1090 	1077
f 647 	1270 	1064
f 1078 	648 	876
f 646 	647 	1064
f 1063 	646 	1064
f 598 	1032 	1088
f 1054 	1057 	652
f 1094 	1092 	1091
f 1077 	1090 	1081
f 834 	858 	1093
f 1150 	1081 	1090
f 1003 	1079 	1085
f 1089 	1082 	1076
f 1097 	599 	598
f 1093 	858 	1025
f 1002 	1008 	1098
f 1069 	1210 	1065
f 1065 	1209 	1066
f 1014 	1019 	1085
f 1025 	1099 	1093
f 1092 	1094 	1087
f 1087 	796 	790
f 1098 	1086 	1002
f 598 	1088 	1097
f 1091 	1092 	1102
f 1093 	1099 	1096
f 1101 	1090 	1086
f 1160 	1102 	1092
f 1276 	1177 	1056
f 1098 	1101 	1086
f 1047 	768 	1053
f 1101 	1154 	1090
f 1071 	1103 	1085
f 1067 	1105 	1041
f 768 	770 	1053
f 656 	658 	1045
f 1030 	752 	1104
f 1043 	1014 	1085
f 1105 	1106 	1041
f 1090 	1154 	1150
f 709 	712 	1045
f 1080 	1045 	712
f 1104 	1118 	1030
f 1080 	712 	1134
f 821 	1134 	712
f 1106 	694 	1107
f 963 	1267 	1067
f 1067 	701 	1105
f 1099 	1110 	1096
f 1030 	755 	752
f 1085 	1103 	1043
f 631 	1108 	1115
f 1101 	1098 	1111
f 1059 	1117 	1099
f 1104 	1114 	1116
f 940 	780 	768
f 1109 	1111 	1098
f 1103 	1189 	1113
f 1041 	1107 	1084
f 1112 	1084 	1107
f 1115 	620 	631
f 739 	973 	668
f 744 	739 	601
f 668 	601 	739
f 1117 	1110 	1099
f 1083 	966 	1073
f 1118 	1119 	1030
f 1145 	1208 	1092
f 961 	1103 	1113
f 1092 	1208 	1160
f 1360 	1357 	1102
f 1113 	965 	961
f 1104 	1116 	1118
f 1108 	1122 	1115
f 1102 	1160 	1125
f 1120 	1088 	1127
f 1119 	1126 	1030
f 1108 	1121 	1122
f 1115 	1122 	1130
f 1127 	1088 	1129
f 1084 	1129 	1088
f 1126 	1276 	1056
f 961 	1043 	1103
f 1117 	1059 	1128
f 992 	1000 	1123
f 932 	1043 	961
f 1240 	1262 	1116
f 1251 	1240 	1114
f 1116 	1114 	1240
f 1124 	1125 	1160
f 1128 	1131 	1117
f 636 	1115 	1130
f 1084 	1112 	1129
f 1130 	1233 	636
f 965 	1113 	988
f 1156 	1101 	1111
f 1068 	1134 	1070
f 1088 	1120 	1135
f 1123 	1000 	1133
f 1003 	1019 	1179
f 1137 	890 	1132
f 1134 	1138 	1070
f 1137 	902 	890
f 785 	782 	1179
f 1047 	1133 	1000
f 1109 	1173 	1111
f 1135 	1139 	1097
f 1070 	1138 	1128
f 1088 	1135 	1097
f 1138 	1143 	1128
f 902 	1137 	1142
f 1128 	1143 	1131
f 1087 	1145 	1092
f 1146 	910 	1142
f 1121 	1136 	1149
f 1074 	1145 	1087
f 1047 	1144 	1133
f 1055 	1151 	1053
f 1134 	821 	1138
f 823 	1138 	821
f 1143 	1138 	826
f 823 	826 	1138
f 1144 	1047 	1151
f 1136 	1159 	1162
f 826 	1244 	1143
f 1147 	1097 	1152
f 1139 	1152 	1097
f 1136 	1162 	1149
f 1053 	1151 	1047
f 912 	834 	1155
f 1150 	1332 	1324
f 1149 	1122 	1121
f 1154 	1332 	1150
f 1095 	1130 	1122
f 1055 	948 	1151
f 1151 	985 	1144
f 1081 	1145 	1074
f 1153 	1071 	1148
f 1111 	1176 	1156
f 1155 	834 	1157
f 1095 	1122 	1149
f 1101 	1156 	1154
f 834 	1093 	1157
f 983 	847 	1123
f 1130 	1095 	1242
f 1184 	916 	1158
f 1127 	690 	1120
f 616 	640 	1135
f 1135 	1120 	616
f 629 	1120 	690
f 1130 	1242 	1233
f 1166 	1359 	1124
f 1129 	696 	1127
f 1112 	1107 	1350
f 694 	1350 	1107
f 1129 	1112 	696
f 1158 	1155 	1157
f 1133 	1144 	984
f 984 	983 	1133
f 1091 	1102 	1357
f 1125 	1360 	1102
f 1094 	1091 	1356
f 1146 	923 	910
f 1146 	621 	923
f 1190 	1162 	1159
f 638 	628 	1164
f 1149 	1100 	1095
f 640 	628 	638
f 1109 	1020 	1173
f 1149 	1162 	1100
f 1176 	1111 	1173
f 706 	923 	623
f 621 	623 	923
f 1156 	1176 	1220
f 1085 	1079 	1071
f 1164 	1147 	638
f 1175 	1164 	1169
f 593 	595 	1190
f 1178 	1173 	1034
f 1162 	1190 	1193
f 1179 	1148 	1079
f 1165 	1161 	1168
f 1193 	1100 	1162
f 1185 	1100 	1193
f 1034 	1037 	1178
f 1171 	1172 	1182
f 1170 	1171 	1182
f 1178 	1183 	1173
f 1140 	1179 	1141
f 1153 	1179 	1140
f 1179 	1153 	1148
f 876 	1141 	1179
f 1169 	775 	1180
f 1169 	1180 	1181
f 1169 	1181 	1175
f 1167 	1177 	1174
f 1168 	1184 	1157
f 1158 	1157 	1184
f 1079 	1003 	1179
f 1173 	1183 	1176
f 1179 	872 	876
f 607 	1169 	628
f 1185 	900 	894
f 1185 	1186 	900
f 1157 	1165 	1168
f 1202 	1181 	1180
f 1186 	924 	900
f 1192 	1196 	1178
f 1181 	1202 	1175
f 1199 	1175 	1202
f 1178 	1196 	1183
f 1186 	1218 	924
f 1161 	1165 	1188
f 1194 	1188 	1165
f 1071 	627 	1189
f 1187 	1189 	627
f 599 	1191 	630
f 1103 	1071 	1189
f 1192 	1178 	1037
f 599 	1097 	1191
f 1253 	1236 	1170
f 1251 	1114 	1253
f 1171 	1170 	1232
f 1191 	841 	630
f 1046 	1192 	1037
f 1197 	1033 	1166
f 1177 	1163 	1174
f 1171 	1232 	1172
f 937 	925 	1188
f 1199 	1191 	1147
f 1097 	1147 	1191
f 1190 	1198 	1193
f 1167 	1174 	1200
f 1190 	1195 	1198
f 1198 	1186 	1193
f 1203 	1191 	1202
f 1199 	1202 	1191
f 1124 	1160 	1166
f 1225 	1183 	1196
f 623 	1204 	711
f 981 	1200 	1174
f 1051 	1205 	1046
f 1180 	1203 	1202
f 1160 	1197 	1166
f 1193 	1186 	1185
f 1205 	1192 	1046
f 623 	711 	706
f 1188 	1194 	1201
f 1192 	1206 	1196
f 1205 	1206 	1192
f 1237 	1042 	1197
f 1152 	638 	1147
f 1199 	1147 	1164
f 1204 	734 	711
f 1204 	1207 	734
f 754 	1180 	775
f 1051 	1212 	1205
f 1209 	1210 	981
f 841 	1191 	1203
f 1187 	1214 	1189
f 754 	1203 	1180
f 1195 	1215 	1198
f 1096 	1165 	1157
f 1200 	981 	1210
f 1093 	1096 	1157
f 1113 	1189 	1214
f 1195 	1213 	1215
f 1215 	1218 	1198
f 1209 	981 	992
f 1203 	839 	841
f 1207 	1211 	745
f 1217 	1208 	1145
f 1000 	992 	981
f 1203 	754 	839
f 1214 	988 	1113
f 1218 	1186 	1198
f 1214 	1216 	988
f 1217 	1145 	1081
f 1176 	1222 	1220
f 1183 	1222 	1176
f 1217 	1318 	1208
f 1211 	752 	745
f 1221 	1213 	1338
f 1220 	732 	727
f 1211 	1223 	752
f 991 	1216 	1249
f 1221 	1224 	1213
f 1220 	1222 	732
f 1249 	997 	991
f 1216 	991 	988
f 1017 	1174 	1163
f 1225 	1222 	1183
f 1213 	1224 	1215
f 1223 	1104 	752
f 1215 	1006 	1218
f 750 	1222 	1225
f 852 	1017 	1163
f 1215 	1224 	1006
f 1223 	1228 	1104
f 1230 	1187 	622
f 1227 	1265 	1219
f 1017 	1024 	1174
f 1218 	1006 	931
f 1222 	750 	732
f 1230 	1214 	1187
f 1024 	981 	1174
f 1361 	1225 	1196
f 762 	750 	1225
f 1229 	1228 	1232
f 1033 	1345 	1166
f 1221 	1013 	1224
f 1361 	762 	1225
f 1234 	1232 	1228
f 1230 	636 	1233
f 1226 	1235 	1227
f 992 	1066 	1209
f 1209 	1065 	1210
f 1125 	1124 	1358
f 1221 	1010 	1013
f 1224 	1016 	1006
f 1094 	1356 	796
f 1231 	1235 	1226
f 1230 	1233 	1216
f 1228 	1229 	1236
f 1224 	1013 	1016
f 1060 	1056 	1167
f 1167 	1200 	1060
f 1069 	1060 	1200
f 1210 	1069 	1200
f 1249 	1216 	1233
f 1114 	1104 	1236
f 1230 	1216 	1214
f 1161 	1188 	925
f 1201 	937 	1188
f 925 	917 	1161
f 1228 	1236 	1104
f 1239 	1241 	1245
f 1238 	1239 	1245
f 1155 	1158 	906
f 1232 	1170 	1229
f 1229 	1170 	1236
f 1232 	1234 	1172
f 1250 	1235 	1231
f 1233 	1242 	1249
f 1253 	1248 	1251
f 1244 	1250 	1231
f 1095 	1100 	1254
f 1246 	1201 	1194
f 1250 	1275 	1235
f 1075 	1252 	1072
f 1240 	1251 	1248
f 1254 	1242 	1095
f 1242 	1254 	1258
f 1259 	1255 	1256
f 1255 	1247 	1256
f 1242 	1258 	1249
f 1308 	1250 	1244
f 1243 	1072 	1252
f 997 	1249 	1258
f 1248 	1253 	1182
f 1170 	1182 	1253
f 1254 	1100 	894
f 894 	1100 	1185
f 1252 	1075 	1237
f 1258 	1254 	895
f 894 	895 	1254
f 1240 	1248 	1262
f 1238 	1245 	1259
f 1052 	1237 	1075
f 1255 	1259 	1245
f 1263 	1279 	1261
f 664 	1142 	1137
f 1163 	1262 	1248
f 1265 	1263 	1219
f 664 	1146 	1142
f 1243 	1252 	1264
f 1247 	1255 	651
f 1264 	1252 	1266
f 1260 	1246 	1194
f 1207 	824 	1211
f 615 	651 	1255
f 1119 	1118 	1268
f 835 	840 	1211
f 1227 	1235 	1269
f 652 	651 	615
f 1163 	1268 	1262
f 1235 	1275 	1269
f 1269 	1265 	1227
f 1245 	631 	1255
f 1245 	1273 	631
f 1308 	1334 	1250
f 1264 	1266 	1272
f 1276 	1268 	1163
f 1271 	1272 	1266
f 1177 	1276 	1163
f 1274 	1270 	647
f 824 	1207 	1204
f 963 	1257 	1267
f 1277 	888 	886
f 1261 	1279 	1278
f 957 	952 	1260
f 1260 	1257 	957
f 963 	957 	1257
f 1057 	1302 	651
f 885 	1248 	1182
f 652 	615 	646
f 646 	615 	647
f 1259 	1297 	1238
f 1256 	1301 	1259
f 1239 	1238 	1293
f 714 	751 	1172
f 1246 	955 	1201
f 937 	1201 	955
f 1182 	1132 	885
f 1239 	1293 	1241
f 647 	615 	1274
f 1271 	1266 	1277
f 751 	654 	1182
f 1270 	1274 	648
f 660 	1137 	654
f 1278 	609 	607
f 627 	648 	1274
f 1248 	852 	1163
f 652 	1057 	651
f 1279 	609 	1278
f 1265 	1280 	1263
f 885 	852 	1248
f 1165 	1096 	1281
f 1274 	622 	1187
f 1172 	1234 	714
f 888 	1277 	1266
f 1274 	1187 	627
f 1023 	920 	1295
f 1281 	1194 	1165
f 1263 	1280 	1279
f 1141 	876 	648
f 1280 	610 	1279
f 1276 	1126 	1268
f 1126 	1119 	1268
f 835 	1211 	824
f 1237 	1284 	1252
f 1281 	1283 	1194
f 1123 	847 	992
f 854 	1234 	867
f 1282 	1285 	1287
f 1280 	1265 	1286
f 854 	714 	1234
f 1177 	1167 	1056
f 1096 	1110 	1281
f 1269 	1286 	1265
f 648 	627 	1141
f 1140 	1141 	627
f 1182 	1172 	751
f 1280 	611 	610
f 1262 	1268 	1118
f 1118 	1116 	1262
f 1288 	1281 	1110
f 1132 	1182 	654
f 1286 	611 	1280
f 1132 	654 	1137
f 1237 	1316 	1284
f 1236 	1253 	1114
f 1282 	1287 	1010
f 1281 	1288 	1283
f 660 	664 	1137
f 1287 	1026 	1010
f 665 	1146 	664
f 1269 	1289 	1286
f 665 	637 	1146
f 1291 	1252 	1284
f 1140 	627 	1153
f 1071 	1153 	627
f 1288 	1290 	1283
f 1275 	1289 	1269
f 1295 	1293 	1285
f 623 	641 	1204
f 814 	1204 	641
f 1289 	585 	1286
f 620 	615 	1255
f 697 	1299 	735
f 1110 	1117 	1294
f 814 	824 	1204
f 1255 	631 	620
f 735 	604 	759
f 605 	759 	604
f 1285 	1293 	1292
f 585 	1289 	1335
f 605 	643 	759
f 1223 	1211 	840
f 1285 	1023 	1295
f 1294 	1288 	1110
f 867 	1228 	840
f 1223 	840 	1228
f 1289 	1275 	1335
f 622 	1274 	615
f 1288 	1226 	1290
f 1228 	867 	1234
f 1297 	1285 	1292
f 1252 	1291 	1266
f 615 	620 	622
f 1294 	1226 	1288
f 1298 	1299 	697
f 1266 	1291 	926
f 604 	735 	1299
f 1291 	825 	926
f 1297 	1301 	1287
f 1287 	1301 	1302
f 1226 	1227 	1290
f 667 	1303 	1296
f 1285 	1297 	1287
f 926 	888 	1266
f 1117 	1131 	1294
f 1275 	1250 	1334
f 1303 	1305 	1296
f 1275 	1334 	1335
f 1294 	1131 	1231
f 1076 	1300 	1089
f 1284 	1316 	1304
f 587 	1305 	1303
f 601 	1300 	600
f 600 	1300 	1306
f 1026 	1287 	1057
f 826 	1307 	1244
f 1303 	779 	587
f 1291 	1284 	820
f 1294 	1231 	1226
f 1307 	1308 	1244
f 1300 	1076 	773
f 1284 	1304 	820
f 1296 	1305 	1298
f 1244 	1231 	1131
f 1305 	590 	1298
f 825 	1291 	820
f 1287 	1302 	1057
f 1131 	1143 	1244
f 1329 	853 	1304
f 1304 	856 	820
f 826 	1309 	1307
f 1063 	1054 	652
f 1302 	1301 	1247
f 1256 	1247 	1301
f 1304 	853 	856
f 1309 	1310 	1307
f 1298 	590 	1299
f 1306 	675 	600
f 1299 	606 	604
f 1293 	1238 	1292
f 1297 	1259 	1301
f 1292 	1238 	1297
f 1007 	710 	886
f 1277 	886 	710
f 886 	898 	1007
f 1241 	1293 	1295
f 606 	1299 	590
f 1307 	1310 	1308
f 1311 	1257 	1260
f 1241 	1295 	920
f 1272 	700 	1264
f 1264 	687 	1243
f 1303 	674 	779
f 1241 	920 	905
f 1241 	905 	1245
f 1314 	1197 	1160
f 905 	1273 	1245
f 1160 	1208 	1314
f 1314 	1316 	1197
f 1273 	792 	1321
f 1306 	828 	1312
f 809 	1312 	828
f 1306 	1312 	1313
f 1306 	1313 	675
f 1315 	1309 	832
f 1342 	990 	1282
f 1194 	1311 	1260
f 1237 	1197 	1316
f 990 	1285 	1282
f 979 	1315 	832
f 1285 	999 	1023
f 1257 	1311 	1267
f 1317 	1267 	1311
f 1315 	1319 	1309
f 773 	1320 	1300
f 773 	1322 	1320
f 1314 	1208 	1318
f 773 	743 	1322
f 1311 	1194 	1283
f 1300 	1320 	1306
f 1283 	1333 	1311
f 1306 	1320 	828
f 1311 	1333 	1317
f 1309 	1319 	1310
f 1322 	863 	1320
f 1273 	1321 	1108
f 743 	749 	1323
f 1217 	1081 	1150
f 1267 	1317 	701
f 1323 	1322 	743
f 1108 	1321 	1121
f 1150 	1324 	1217
f 863 	1322 	1323
f 1325 	1323 	749
f 1217 	1324 	1318
f 1108 	631 	1273
f 749 	756 	1325
f 979 	987 	1315
f 1330 	1318 	1324
f 756 	759 	642
f 792 	797 	1321
f 642 	1325 	756
f 1327 	1315 	987
f 1121 	1321 	1326
f 1324 	1332 	1336
f 1324 	1336 	1330
f 725 	1313 	1312
f 725 	1312 	726
f 1328 	1326 	800
f 797 	800 	1326
f 1315 	1327 	1319
f 1313 	725 	675
f 1326 	1328 	1136
f 809 	726 	1312
f 1327 	603 	1319
f 1156 	1220 	727
f 1314 	1329 	1316
f 1326 	1136 	1121
f 1300 	668 	1089
f 1314 	1318 	1329
f 800 	593 	1328
f 1316 	1329 	1304
f 1328 	1159 	1136
f 1329 	1330 	853
f 593 	1159 	1328
f 1327 	987 	1032
f 1318 	1330 	1329
f 1190 	1159 	593
f 1032 	598 	1327
f 805 	1331 	595
f 595 	618 	805
f 595 	1331 	1195
f 1195 	1331 	1213
f 1308 	1337 	1334
f 595 	1195 	1190
f 1330 	861 	853
f 1331 	805 	1338
f 1308 	1310 	1337
f 1330 	1336 	861
f 1156 	1339 	1154
f 1337 	1340 	1334
f 1156 	727 	1339
f 1154 	1339 	1332
f 1338 	1213 	1331
f 1332 	1343 	1336
f 1341 	1352 	1317
f 1332 	1339 	1343
f 1334 	1340 	1335
f 1333 	1341 	1317
f 1336 	1343 	884
f 1221 	1338 	1342
f 1335 	613 	586
f 1340 	613 	1335
f 1221 	1342 	1010
f 1282 	1010 	1342
f 730 	884 	1343
f 730 	1343 	1339
f 1290 	1333 	1283
f 730 	1339 	727
f 1333 	1290 	1219
f 687 	680 	1243
f 703 	1264 	700
f 1348 	1075 	1351
f 1290 	1227 	1219
f 1337 	1310 	1344
f 1333 	1219 	1341
f 1263 	1261 	1341
f 1359 	1166 	1345
f 1219 	1263 	1341
f 1319 	1344 	1310
f 1344 	1346 	1337
f 701 	1067 	1267
f 702 	1105 	701
f 694 	1106 	702
f 1348 	644 	1349
f 1346 	1340 	1337
f 596 	1349 	644
f 1340 	1346 	614
f 1347 	1349 	596
f 680 	644 	1351
f 1348 	1351 	644
f 1340 	614 	613
f 687 	1264 	703
f 1344 	1319 	603
f 1042 	1052 	1349
f 1349 	1347 	1042
f 1033 	1042 	1347
f 702 	1352 	694
f 1033 	1347 	1345
f 1344 	602 	1346
f 1350 	694 	1352
f 1358 	1124 	1359
f 603 	602 	1344
f 1317 	702 	701
f 1346 	626 	614
f 1205 	1212 	1353
f 602 	626 	1346
f 1061 	842 	1354
f 702 	1317 	1352
f 1354 	1212 	1061
f 1350 	1352 	696
f 1354 	1355 	1212
f 635 	696 	1352
f 1327 	598 	603
f 842 	865 	1354
f 866 	871 	1354
f 598 	599 	603
f 1354 	1356 	1355
f 1341 	1261 	1352
f 1352 	1261 	635
f 696 	1112 	1350
f 1355 	1353 	1212
f 1353 	1355 	591
f 696 	635 	690
f 629 	690 	635
f 866 	1354 	865
f 616 	628 	640
f 1356 	1354 	871
f 871 	796 	1356
f 1357 	1355 	1356
f 1355 	1358 	591
f 1359 	591 	1358
f 1360 	1358 	1355
f 1357 	1360 	1355
f 1345 	591 	1359
f 1360 	1125 	1358
f 1356 	1091 	1357
f 1206 	1361 	1196
f 1353 	1206 	1205
f 589 	1206 	1353
f 589 	1361 	1206
f 1361 	772 	762
f 589 	772 	1361
f 591 	589 	1353
# 1554 faces

 #end of obj_1

o obj_2
v -11 		-14.348 		25.7824
v 18.6992 		-11.451 		29.7968
v -11 		-11.652 		25.7824
v -9.0019 		-14.8476 		26.5759
v 15.965 		-14.8341 		29.2206
v 16.1584 		-14.8374 		29.1744
v 16.9232 		-14.809 		0.7088
v -9.7968 		-11.269 		27.0864
v 17.0864 		-14.731 		0.2032
v 16.31 		-14.8428 		29.1118
v -9.1968 		-11.269 		1.736
v -9.952 		-11.269 		26.4432
v 18.1216 		-11.55 		30.3744
v -8.768 		-11.191 		2.0496
v -11 		-14.348 		4.2176
v 17.6992 		-14.731 		0.456
v -10.3744 		-11.356 		26.5104
v 18.5152 		-11.356 		29.544
v -10.2032 		-11.356 		27.2192
v -9.4272 		-14.809 		26.36
v 15.7824 		-14.831 		29.2642
v -11 		-11.652 		4.2176
v -8.392 		-11.191 		1.608
v -8.9099 		-14.8515 		26.7985
v 17.9504 		-14.809 		1.232
v 15.7824 		-14.348 		-1
v 15.7824 		-11.652 		-1
v 16.4432 		-14.731 		0.048
v -5.7824 		-14.348 		-1
v -5.7824 		-11.652 		-1
v 15.7824 		-11.652 		31
v -9.2912 		-14.809 		26.9232
v 21 		-14.348 		25.7824
v 17.8928 		-14.644 		0.0752
v 15.7824 		-11.55 		30.936
v 21 		-11.652 		25.7824
v -10.0032 		-14.731 		25.7824
v -9.1744 		-14.8374 		26.1584
v 15.7824 		-11.451 		30.744
v -9.1118 		-14.8428 		26.31
v -10.432 		-14.644 		25.7824
v -10.744 		-14.549 		25.7824
v 15.7824 		-11.356 		30.432
v -10.936 		-14.45 		25.7824
v 16.4432 		-11.269 		29.952
v 17.3952 		-11.652 		30.744
v 15.7824 		-11.269 		30.0032
v 16.5984 		-11.652 		30.936
v 16.84 		-14.8515 		1.1072
v 16.9621 		-14.8539 		1.1823
v 21 		-14.348 		4.2176
v 17.3573 		-14.8594 		1.4252
v 17.3744 		-11.55 		30.6832
v 16.5434 		-14.8469 		0.9847
v 16.7985 		-14.8515 		1.0901
v 21 		-11.652 		4.2176
v 16.5888 		-11.55 		30.872
v 15.7824 		-14.348 		31
v 16.36 		-11.191 		29.4272
v -10.936 		-11.55 		25.7824
v 15.7824 		-11.191 		29.472
v -10.744 		-11.451 		25.7824
v -10.432 		-11.356 		25.7824
v 20.432 		-11.652 		1.848
v 20.744 		-11.652 		2.6048
v -10.0032 		-11.269 		25.7824
v -9.4032 		-14.8163 		5.2928
v 20.3744 		-11.55 		1.8784
v -5.7824 		-14.348 		31
v -9.1118 		-14.8428 		3.69
v 18.0352 		-11.451 		30.2032
v 20.6832 		-11.55 		2.6256
v -5.7824 		-11.652 		31
v 18.5152 		-14.644 		29.544
v 17.3152 		-11.451 		30.5024
v 15.4416 		-11.1776 		29.3456
v 14.7072 		-11.1837 		29.4032
v 16.5584 		-11.451 		30.6832
v -9.4272 		-14.809 		3.64
v -9.1744 		-14.8375 		3.8416
v -9.1843 		-14.8368 		3.8829
v 18.6992 		-14.549 		29.7968
v -8.8928 		-14.8515 		26.84
v 17.8928 		-11.356 		29.9248
v -7.8928 		-11.356 		0.0752
v -8.5072 		-14.8595 		27.4672
v -8.7299 		-14.8567 		27.1049
v 19.4272 		-14.45 		29.4272
v 17.2192 		-11.356 		30.2032
v 16.31 		-11.1572 		29.1118
v -8.3521 		-14.8635 		27.6493
v -8.4286 		-14.8615 		27.5595
v 16.1171 		-11.1632 		29.1843
v -9.2642 		-14.831 		4.2176
v 15.7824 		-11.169 		29.2642
v -7.6992 		-11.269 		0.456
v 18.8112 		-14.45 		29.952
v 16.1584 		-11.1625 		29.1744
v 20.0032 		-14.731 		4.2176
v 16.5104 		-11.356 		30.3744
v -7.0864 		-11.269 		0.2032
v 20.432 		-14.644 		4.2176
v -9.472 		-14.809 		4.2176
v 18.1216 		-14.45 		30.3744
v -6.5984 		-11.652 		30.936
v -9.0153 		-14.8469 		3.4566
v 17.6992 		-11.269 		29.544
v -7.3952 		-11.652 		30.744
v 20.744 		-14.549 		4.2176
v 19.472 		-14.348 		29.472
v -6.5888 		-11.55 		30.872
v 20.936 		-14.45 		4.2176
v 18.8496 		-14.348 		30.0032
v -7.3744 		-11.55 		30.6832
v 17.0864 		-11.269 		29.7968
v 18.152 		-14.348 		30.432
v -8.1216 		-11.55 		30.3744
v -7.9504 		-11.191 		1.232
v 19.952 		-14.731 		3.5568
v 20.3744 		-14.644 		3.4896
v -7.4576 		-11.191 		0.9296
v -8.9099 		-14.8515 		3.2015
v 20.6832 		-14.549 		3.4416
v 18.0352 		-14.549 		30.2032
v -6.5584 		-11.451 		30.6832
v 17.3152 		-14.549 		30.5024
v -8.8928 		-14.8515 		3.16
v -6.9232 		-11.191 		0.7088
v -7.3152 		-11.451 		30.5024
v 20.872 		-14.45 		3.4112
v 17.3744 		-14.45 		30.6832
v -8.0352 		-11.451 		30.2032
v 20.936 		-14.348 		3.4016
v 20.432 		-11.652 		28.152
v 17.3952 		-14.348 		30.744
v -9.3456 		-14.8224 		4.5584
v 20.0032 		-11.652 		28.8496
v -6.5104 		-11.356 		30.3744
v 20.3744 		-11.55 		28.1216
v 19.952 		-11.55 		28.8112
v -7.2192 		-11.356 		30.2032
v 17.2192 		-14.644 		30.2032
v 20.2032 		-11.451 		28.0352
v 16.5104 		-14.644 		30.3744
v 19.4048 		-14.8161 		5.2928
v -7.8928 		-11.356 		29.9248
v 19.7968 		-11.451 		28.6992
v -7.3573 		-11.1406 		1.4252
v 16.5584 		-14.549 		30.6832
v 18.9099 		-14.8515 		3.2015
v 18.8928 		-14.8515 		3.16
v -7.0864 		-11.269 		29.7968
v -7.2412 		-11.1406 		1.3539
v -7.6992 		-11.269 		29.544
v 19.9248 		-11.356 		27.8928
v 19.1118 		-14.8428 		3.69
v -6.7985 		-11.1485 		1.0901
v 16.5888 		-14.45 		30.872
v 19.4272 		-14.809 		3.64
v -6.84 		-11.1485 		1.1072
v 19.0019 		-14.8476 		3.4241
v -6.9621 		-11.1461 		1.1823
v 16.5984 		-14.348 		30.936
v -9.4032 		-11.1837 		5.2928
v 20.936 		-11.652 		26.5984
v 20.744 		-11.652 		27.3952
v -6.5434 		-11.1531 		0.9847
v 20.872 		-11.55 		26.5888
v -9.472 		-11.191 		4.2176
v -9.4272 		-11.191 		3.64
v -4.7072 		-14.8163 		29.4032
v 20.2032 		-11.451 		1.9648
v 19.2206 		-14.8341 		4.035
v 19.1744 		-14.8374 		3.8416
v 17.6992 		-14.731 		29.544
v 20.5024 		-11.451 		2.6848
v -8.152 		-11.652 		30.432
v -8.8496 		-11.652 		30.0032
v -9.472 		-11.652 		29.472
v 17.0864 		-14.731 		29.7968
v 19.472 		-14.809 		4.2176
v -8.8112 		-11.55 		29.952
v -9.472 		-11.652 		0.528
v -5.4416 		-14.8224 		29.3456
v -8.8496 		-11.652 		-0.0032
v -9.4272 		-11.55 		29.4272
v -9.2642 		-11.169 		4.2176
v -9.2206 		-11.1659 		4.035
v 16.4432 		-14.731 		29.952
v -9.4272 		-11.55 		0.5728
v 20.6832 		-11.55 		27.3744
v 19.9248 		-11.356 		2.1072
v 19.2642 		-14.831 		4.2176
v -8.8112 		-11.55 		0.048
v -5.7824 		-14.809 		29.472
v 20.2032 		-11.356 		2.7808
v 17.8928 		-14.644 		29.9248
v -8.6992 		-11.451 		29.7968
v 19.3456 		-14.8224 		4.5584
v -6.36 		-14.809 		29.4272
v 20.6832 		-11.451 		26.5584
v 20.5024 		-11.451 		27.3152
v 19.7968 		-11.269 		2.9136
v -5.7824 		-14.731 		30.0032
v -8.5152 		-11.356 		29.544
v -6.4432 		-14.731 		29.952
v 19.9248 		-14.644 		27.8928
v -9.2912 		-11.451 		0.7088
v -8.6992 		-11.451 		0.2032
v -5.7824 		-14.644 		30.432
v 20.2032 		-14.549 		28.0352
v 20.3744 		-11.356 		26.5104
v -9.1744 		-11.1626 		3.8416
v -9.1118 		-11.1572 		3.69
v 19.7968 		-14.549 		28.6992
v 20.2032 		-11.356 		27.2192
v 20.0032 		-11.652 		1.1504
v -9.0019 		-11.1524 		3.4241
v -8.9099 		-11.1485 		3.2015
v 19.952 		-11.55 		1.1888
v 20.3744 		-14.45 		28.1216
v -9.0704 		-11.356 		0.9296
v -5.7824 		-14.549 		30.744
v 19.952 		-11.269 		26.4432
v 19.952 		-14.45 		28.8112
v 19.7968 		-11.269 		27.0864
v -5.7824 		-14.45 		30.936
v -8.8928 		-11.1485 		3.16
v -8.5152 		-11.356 		0.456
v 19.7968 		-11.451 		1.3008
v 20.432 		-14.348 		28.152
v -6.9232 		-11.191 		29.2912
v -9.3456 		-11.1776 		4.5584
v 20.0032 		-14.348 		28.8496
v -7.4576 		-11.191 		29.0704
v -8.768 		-11.269 		1.232
v 20.936 		-11.652 		3.4016
v 20.872 		-11.55 		3.4112
v 20.936 		-11.55 		4.2176
v -8.264 		-11.269 		0.8032
v -7.9504 		-11.191 		28.768
v -6.31 		-14.8428 		0.8882
v -5.7824 		-14.831 		29.2642
v -6.36 		-14.809 		0.5728
v 19.7968 		-14.731 		27.0864
v 20.6832 		-11.451 		3.4416
v -6.31 		-14.8428 		29.1118
v 20.2032 		-14.644 		27.2192
v 19.544 		-11.269 		2.3008
v 20.744 		-11.451 		4.2176
v -6.7985 		-11.1485 		28.9099
v -6.1584 		-14.8375 		29.1744
v -5.965 		-14.8341 		0.7794
v -6.1584 		-14.8374 		0.8256
v -6.1171 		-14.8368 		29.1843
v -6.5759 		-11.1524 		29.0019
v 20.3744 		-11.356 		3.4896
v -5.7824 		-14.809 		0.528
v 20.432 		-11.356 		4.2176
v 20.5024 		-14.549 		27.3152
v 19.952 		-11.269 		3.5568
v -5.7824 		-14.644 		-0.432
v -6.84 		-11.1485 		28.8928
v -7.1049 		-11.1433 		28.73
v -5.7824 		-14.831 		0.7358
v 20.0032 		-11.269 		4.2176
v -5.7824 		-14.549 		-0.744
v 20.6832 		-14.45 		27.3744
v -5.7824 		-14.45 		-0.936
v -7.2412 		-11.1406 		28.6461
v 19.0704 		-11.191 		2.5424
v 19.2912 		-11.451 		29.2912
v 20.744 		-14.348 		27.3952
v -5.7824 		-11.55 		30.936
v 19.544 		-11.356 		28.5152
v 19.2912 		-11.191 		3.0768
v -5.7824 		-11.55 		-0.936
v 19.0704 		-11.356 		29.0704
v -7.4672 		-11.1405 		28.5072
v -5.7824 		-11.451 		-0.744
v 19.952 		-14.731 		26.4432
v -5.7824 		-11.451 		30.744
v 19.4048 		-11.1839 		5.2928
v -5.7824 		-11.356 		-0.432
v 20.3744 		-14.644 		26.5104
v -5.7824 		-11.356 		30.432
v 19.4272 		-11.191 		3.64
v 18.768 		-11.269 		28.768
v 18.3521 		-11.1365 		2.3507
v -7.2192 		-14.644 		-0.2032
v 19.472 		-11.191 		4.2176
v 20.6832 		-14.549 		26.5584
v -5.7824 		-11.269 		30.0032
v -7.6493 		-11.1365 		28.3521
v -6.5104 		-14.644 		-0.3744
v 18.264 		-11.269 		29.1968
v -6.4432 		-11.269 		29.952
v -7.5595 		-11.1385 		28.4286
v 18.5072 		-11.1405 		2.5328
v 18.5748 		-11.1406 		2.6427
v 18.9099 		-11.1485 		3.2015
v 20.872 		-14.45 		26.5888
v -5.7824 		-11.191 		29.472
v -6.36 		-11.191 		29.4272
v -6.5584 		-14.549 		-0.6832
v 18.8928 		-11.1485 		3.16
v -7.9504 		-11.1367 		28.0956
v 18.6461 		-11.1406 		2.7588
v 19.0153 		-11.1531 		3.4566
v -8.0288 		-11.1367 		28.0288
v 20.936 		-14.348 		26.5984
v 19.1118 		-11.1572 		3.69
v 18.8177 		-11.1461 		3.0379
v -6.5888 		-14.45 		-0.872
v -5.4416 		-11.1776 		29.3456
v 19.544 		-11.269 		27.6992
v -6.5984 		-14.348 		-0.936
v -4.7072 		-11.1837 		29.4032
v 19.1843 		-11.1632 		3.8829
v 19.2642 		-11.169 		4.2176
v 19.1968 		-11.269 		28.264
v 19.1744 		-11.1625 		3.8416
v 19.544 		-11.356 		1.4848
v 18.768 		-14.731 		28.768
v 19.3456 		-11.1776 		4.5584
v -8.0352 		-14.549 		-0.2032
v -9.2912 		-11.451 		29.2912
v -4.7072 		-14.8161 		0.5952
v 18.264 		-14.731 		29.1968
v -5.4416 		-14.8224 		0.6544
v 18.768 		-11.191 		27.9504
v -7.3152 		-14.549 		-0.5024
v -8.1216 		-14.45 		-0.3744
v -9.0704 		-11.356 		29.0704
v -5.7824 		-11.169 		29.2642
v 19.1968 		-11.269 		1.736
v 19.544 		-14.644 		28.5152
v 18.392 		-11.191 		28.392
v -7.3744 		-14.45 		-0.6832
v 19.7968 		-14.731 		2.9136
v -5.965 		-11.1659 		29.2206
v -9.544 		-11.356 		28.5152
v 19.0704 		-14.644 		29.0704
v -6.1584 		-11.1626 		29.1744
v -6.31 		-11.1572 		29.1118
v 20.2032 		-14.644 		2.7808
v 18.392 		-11.191 		1.608
v -8.264 		-11.269 		29.1968
v -7.3952 		-14.348 		-0.744
v 20.5024 		-14.549 		2.6848
v 18.768 		-11.191 		2.0496
v -8.768 		-11.269 		28.768
v 18.0956 		-11.1367 		27.9504
v -6.5104 		-14.644 		30.3744
v 19.2912 		-14.549 		29.2912
v -6.4432 		-14.731 		0.048
v 20.6832 		-14.45 		2.6256
v -7.2192 		-14.644 		30.2032
v -8.152 		-14.348 		-0.432
v -5.7824 		-14.731 		-0.0032
v 20.744 		-14.348 		2.6048
v -6.5584 		-14.549 		30.6832
v -7.3952 		-11.652 		-0.744
v -6.5984 		-11.652 		-0.936
v 19.9248 		-14.644 		2.1072
v 18.768 		-14.809 		27.9504
v -6.5888 		-14.45 		30.872
v 20.2032 		-14.549 		1.9648
v 20.3744 		-14.45 		1.8784
v 18.2864 		-11.1365 		2.2736
v -9.1968 		-11.269 		28.264
v 17.9504 		-11.191 		28.768
v -8.1216 		-11.55 		-0.3744
v -7.3744 		-11.55 		-0.6832
v -6.5984 		-14.348 		30.936
v -6.4432 		-11.269 		0.048
v -9.544 		-11.269 		27.6992
v 17.4576 		-11.191 		29.0704
v -6.5888 		-11.55 		-0.872
v 20.432 		-14.348 		1.848
v -5.7824 		-11.269 		-0.0032
v -8.392 		-11.191 		28.392
v 16.9232 		-11.191 		29.2912
v -8.768 		-11.191 		27.9504
v -6.36 		-11.191 		0.5728
v 17.6493 		-11.1365 		1.6479
v -7.3152 		-14.549 		30.5024
v -5.7824 		-11.191 		0.528
v -8.0352 		-14.549 		30.2032
v 17.5595 		-11.1385 		1.5714
v 19.7968 		-14.549 		1.3008
v -6.31 		-11.1572 		0.8882
v -8.0352 		-11.451 		-0.2032
v 19.952 		-14.45 		1.1888
v 18.2864 		-14.8635 		27.7265
v 17.4672 		-11.1405 		1.4928
v -7.3152 		-11.451 		-0.5024
v 17.9504 		-11.1367 		1.9044
v 20.0032 		-14.348 		1.1504
v 17.4672 		-11.1405 		28.5072
v 17.3573 		-11.1406 		28.5748
v -6.1171 		-11.1632 		0.8157
v -5.7824 		-11.169 		0.7358
v -6.5584 		-11.451 		-0.6832
v 18.392 		-14.809 		28.392
v -6.1584 		-11.1625 		0.8256
v -7.3744 		-14.45 		30.6832
v 18.3521 		-14.8635 		2.3507
v 17.2412 		-11.1406 		28.6461
v -5.4416 		-11.1776 		0.6544
v -8.1216 		-14.45 		30.3744
v -4.7072 		-11.1839 		0.5952
v 18.6461 		-14.8594 		2.7588
v -7.2192 		-11.356 		-0.2032
v 16.7985 		-11.1485 		28.9099
v -6.5104 		-11.356 		-0.3744
v 19.0704 		-14.809 		2.5424
v -8.2864 		-11.1365 		27.7265
v 16.84 		-11.1485 		28.8928
v 18.5072 		-14.8595 		2.5328
v 19.544 		-14.731 		27.6992
v 16.9621 		-11.1461 		28.8177
v 18.4286 		-14.8615 		2.4405
v 18.0288 		-11.1367 		1.9712
v -7.3952 		-14.348 		30.744
v 19.1968 		-14.731 		28.264
v 16.5434 		-11.1531 		29.0153
v -8.152 		-11.652 		-0.432
v 18.8496 		-11.652 		-0.0032
v 19.472 		-11.652 		0.528
v 18.7299 		-14.8567 		2.8951
v -7.0864 		-14.731 		29.7968
v 18.8112 		-11.55 		0.048
v -9.0704 		-11.191 		27.4576
v 19.4272 		-11.55 		0.5728
v 19.2912 		-14.809 		3.0768
v -7.6992 		-14.731 		29.544
v -10.0032 		-14.731 		4.2176
v 18.0288 		-11.1367 		28.0288
v -8.0288 		-14.8633 		1.9712
v -10.432 		-14.644 		4.2176
v 17.7265 		-11.1365 		28.2864
v 17.6493 		-11.1365 		28.3521
v -9.2912 		-11.191 		26.9232
v -7.8928 		-14.644 		29.9248
v -10.744 		-14.549 		4.2176
v -10.936 		-14.45 		4.2176
v -7.9504 		-14.8633 		1.9044
v 19.544 		-14.731 		2.3008
v -9.4272 		-11.191 		26.36
v 17.9504 		-14.809 		28.768
v 17.2412 		-14.8594 		28.6461
v -9.952 		-14.731 		3.5568
v -7.6493 		-14.8635 		1.6479
v -8.3521 		-11.1365 		27.6493
v 18.6992 		-11.451 		0.2032
v -10.3744 		-14.644 		3.4896
v -8.5072 		-11.1405 		27.4672
v -8.5748 		-11.1406 		27.3573
v 17.4576 		-14.809 		29.0704
v 17.4672 		-14.8595 		28.5072
v -8.5152 		-14.644 		29.544
v -7.4672 		-14.8595 		1.4928
v 19.2912 		-11.191 		26.9232
v -8.6992 		-14.549 		29.7968
v -7.5595 		-14.8615 		1.5714
v -8.6461 		-11.1406 		27.2412
v -10.6832 		-14.549 		3.4416
v 19.0704 		-11.191 		27.4576
v -10.872 		-14.45 		3.4112
v -8.9099 		-11.1485 		26.7985
v -8.8112 		-14.45 		29.952
v -8.8928 		-11.1485 		26.84
v -8.8177 		-11.1461 		26.9621
v -9.4272 		-14.45 		29.4272
v 17.1049 		-14.8567 		28.73
v 18.392 		-14.809 		1.608
v -10.936 		-14.348 		3.4016
v -8.152 		-14.348 		30.432
v 18.7299 		-11.1433 		27.1049
v 16.9232 		-14.809 		29.2912
v -9.2912 		-14.809 		3.0768
v 19.2912 		-11.451 		0.7088
v -8.8496 		-14.348 		30.0032
v -8.6461 		-14.8594 		2.7588
v 18.6461 		-11.1406 		27.2412
v -9.0704 		-14.809 		2.5424
v 18.0956 		-14.8633 		2.0496
v -8.8177 		-14.8539 		3.0379
v 16.7985 		-14.8515 		28.9099
v 16.84 		-14.8515 		28.8928
v 18.4286 		-11.1385 		27.5595
v 18.3521 		-11.1365 		27.6493
v -9.472 		-14.348 		29.472
v 18.5152 		-11.356 		0.456
v 19.0704 		-11.356 		0.9296
v 18.768 		-14.809 		2.0496
v 18.5072 		-11.1405 		27.4672
v 16.5759 		-14.8476 		29.0019
v -8.5748 		-14.8594 		2.6427
v -10.936 		-11.652 		3.4016
v -10.936 		-11.55 		4.2176
v -10.872 		-11.55 		3.4112
v -9.0153 		-11.1531 		26.5434
v -6.5434 		-14.8469 		29.0153
v -8.3521 		-14.8635 		2.3507
v -8.5072 		-14.8595 		2.5328
v -9.1118 		-11.1572 		26.31
v 19.4272 		-11.191 		26.36
v -6.9232 		-14.809 		29.2912
v -6.7985 		-14.8515 		28.9099
v 18.264 		-11.269 		0.8032
v -7.2412 		-14.8594 		28.6461
v -9.1843 		-11.1632 		26.1171
v -7.4576 		-14.809 		29.0704
v 19.1744 		-11.1626 		26.1584
v 19.1118 		-11.1572 		26.31
v 18.768 		-11.269 		1.232
v 19.1968 		-14.731 		1.736
v -6.9621 		-14.8539 		28.8177
v -9.1744 		-11.1625 		26.1584
v 19.0019 		-11.1524 		26.5759
v 18.9099 		-11.1485 		26.7985
v -9.544 		-14.731 		2.3008
v -6.84 		-14.8515 		28.8928
v 18.8928 		-11.1485 		26.84
v 19.544 		-14.644 		1.4848
v -7.3573 		-14.8594 		28.5748
v -7.9504 		-14.809 		28.768
v -9.2206 		-14.8341 		25.965
v 20.0032 		-14.731 		25.7824
v 18.0288 		-14.8633 		28.0288
v 20.432 		-14.644 		25.7824
v 17.8928 		-11.356 		0.0752
v -9.472 		-14.809 		25.7824
v -7.4672 		-14.8595 		28.5072
v -9.2642 		-14.831 		25.7824
v 16.4432 		-11.269 		0.048
v 17.0864 		-11.269 		0.2032
v -9.4032 		-14.8163 		24.7072
v -9.3456 		-14.8224 		25.4416
v -8.768 		-14.809 		2.0496
v 17.6992 		-11.269 		0.456
v 20.744 		-14.549 		25.7824
v 17.9504 		-14.8633 		28.0956
v 20.936 		-14.45 		25.7824
v -8.2864 		-14.8635 		2.2736
v -10.6832 		-11.451 		3.4416
v -10.744 		-11.451 		4.2176
v 17.6493 		-14.8635 		1.6479
v 17.4672 		-14.8595 		1.4928
v -8.392 		-14.809 		1.608
v -10.432 		-11.356 		4.2176
v -10.3744 		-11.356 		3.4896
v 17.6493 		-14.8635 		28.3521
v 19.2642 		-14.831 		25.7824
v 19.3456 		-14.8224 		25.4416
v 18.0288 		-14.8633 		1.9712
v -9.472 		-11.191 		25.7824
v 19.4048 		-14.8161 		24.7072
v 17.5595 		-14.8615 		28.4286
v 17.7265 		-14.8635 		1.7136
v -9.2642 		-11.169 		25.7824
v 19.472 		-14.809 		25.7824
v -9.952 		-11.269 		3.5568
v -9.3456 		-11.1776 		25.4416
v -9.4032 		-11.1837 		24.7072
v -10.0032 		-11.269 		4.2176
v -7.6493 		-14.8635 		28.3521
v 16.9232 		-11.191 		0.7088
v 18.0288 		-14.072 		28.0288
v -9.1968 		-14.731 		1.736
v 17.4576 		-11.191 		0.9296
v -8.0288 		-14.8633 		28.0288
v -9.7968 		-14.731 		2.9136
v -10.2032 		-14.644 		2.7808
v -7.7265 		-14.8635 		28.2864
v 20.936 		-11.55 		25.7824
v -9.544 		-14.644 		1.4848
v -9.9248 		-14.644 		2.1072
v 18.0288 		-14.072 		1.9712
v -9.9248 		-14.644 		27.8928
v 20.744 		-11.451 		25.7824
v 17.9504 		-11.191 		1.232
v -10.5024 		-14.549 		2.6848
v -9.7968 		-14.549 		28.6992
v 20.432 		-11.356 		25.7824
v -10.2032 		-14.549 		28.0352
v -10.2032 		-14.549 		1.9648
v 18.264 		-14.731 		0.8032
v 16.7985 		-11.1485 		1.0901
v -8.0956 		-14.8633 		27.9504
v -9.952 		-14.45 		28.8112
v 16.5759 		-11.1524 		0.9981
v 18.768 		-14.731 		1.232
v 20.0032 		-11.269 		25.7824
v -10.3744 		-14.45 		28.1216
v 19.2912 		-14.809 		26.9232
v 16.84 		-11.1485 		1.1072
v 17.1049 		-11.1433 		1.2701
v 19.0704 		-14.644 		0.9296
v 18.6461 		-14.8594 		27.2412
v -10.6832 		-14.45 		2.6256
v -7.9504 		-14.809 		1.232
v 17.2412 		-11.1406 		1.3539
v 19.0704 		-14.809 		27.4576
v -10.3744 		-14.45 		1.8784
v 19.2912 		-14.549 		0.7088
v -10.0032 		-14.348 		28.8496
v -7.2412 		-14.8594 		1.3539
v 18.8177 		-14.8539 		26.9621
v -10.432 		-14.348 		28.152
v 19.472 		-11.191 		25.7824
v -7.4576 		-14.809 		0.9296
v 19.2642 		-11.169 		25.7824
v -10.744 		-14.348 		2.6048
v 19.3456 		-11.1776 		25.4416
v 19.4048 		-11.1839 		24.7072
v -10.432 		-14.348 		1.848
v -8.264 		-14.731 		29.1968
v 19.2206 		-11.1659 		25.965
v 18.1216 		-14.45 		-0.3744
v -9.7968 		-14.731 		27.0864
v -8.768 		-14.731 		28.768
v -10.2032 		-14.644 		27.2192
v 18.5748 		-14.8594 		27.3573
v 18.152 		-14.348 		-0.432
v -9.0704 		-14.644 		29.0704
v -10.5024 		-14.549 		27.3152
v -7.1049 		-14.8567 		1.2701
v -9.544 		-14.644 		28.5152
v -9.7968 		-14.549 		1.3008
v -9.2912 		-14.549 		29.2912
v -6.9232 		-14.809 		0.7088
v -9.952 		-14.45 		1.1888
v 18.3521 		-14.8635 		27.6493
v 18.5072 		-14.8595 		27.4672
v -10.6832 		-14.45 		27.3744
v -10.0032 		-14.348 		1.1504
v -6.7985 		-14.8515 		1.0901
v -6.84 		-14.8515 		1.1072
v 16.5104 		-14.644 		-0.3744
v -10.744 		-14.348 		27.3952
v 17.2192 		-14.644 		-0.2032
v 18.5152 		-14.644 		0.456
v -6.5759 		-14.8476 		0.9981
v -9.952 		-14.731 		26.4432
v -10.744 		-11.652 		2.6048
v 18.6992 		-14.549 		0.2032
v 16.5584 		-14.549 		-0.6832
v -10.432 		-11.652 		1.848
v -10.3744 		-14.644 		26.5104
v -10.6832 		-11.55 		2.6256
v 17.3152 		-14.549 		-0.5024
v -8.392 		-14.809 		28.392
v -10.6832 		-14.549 		26.5584
v -10.3744 		-11.55 		1.8784
v 18.0352 		-14.549 		-0.2032
v 18.8112 		-14.45 		0.048
v 19.4272 		-14.45 		0.5728
v 16.5888 		-14.45 		-0.872
v -7.6992 		-14.731 		0.456
v -10.872 		-14.45 		26.5888
v 18.8496 		-14.348 		-0.0032
v 17.3744 		-14.45 		-0.6832
v 19.1118 		-14.8428 		26.31
v -10.936 		-14.348 		26.5984
v -10.5024 		-11.451 		2.6848
v 19.472 		-14.348 		0.528
v -10.2032 		-11.451 		1.9648
v -7.0864 		-14.731 		0.2032
v 19.4272 		-14.809 		26.36
v 19.1744 		-14.8375 		26.1584
v 19.1843 		-14.8368 		26.1171
v 16.5984 		-14.348 		-0.936
v -10.2032 		-11.356 		2.7808
v -9.9248 		-11.356 		2.1072
v 17.3952 		-14.348 		-0.744
v -9.7968 		-11.269 		2.9136
v -10.0032 		-11.652 		28.8496
v -8.768 		-14.809 		27.9504
v -10.432 		-11.652 		28.152
v -9.952 		-11.55 		28.8112
v 19.0153 		-14.8469 		26.5434
v 17.2412 		-14.8594 		1.3539
v -10.3744 		-11.55 		28.1216
v 17.4576 		-14.809 		0.9296
v -10.0032 		-11.652 		1.1504
v -7.8928 		-14.644 		0.0752
v -9.7968 		-11.451 		28.6992
v -9.952 		-11.55 		1.1888
v -9.7968 		-11.451 		1.3008
v -10.2032 		-11.451 		28.0352
v 18.9099 		-14.8515 		26.7985
v 18.152 		-11.652 		-0.432
v 18.8928 		-14.8515 		26.84
v -9.9248 		-11.356 		27.8928
v 18.1216 		-11.55 		-0.3744
v -9.1968 		-14.731 		28.264
v 16.36 		-14.809 		29.4272
v -10.744 		-11.652 		27.3952
v -9.544 		-14.731 		27.6992
v -10.936 		-11.652 		26.5984
v 16.5984 		-11.652 		-0.936
v -10.6832 		-11.55 		27.3744
v 17.3952 		-11.652 		-0.744
v 15.7824 		-14.809 		29.472
v -10.872 		-11.55 		26.5888
v 16.5888 		-11.55 		-0.872
v 17.3744 		-11.55 		-0.6832
v -10.5024 		-11.451 		27.3152
v 14.7072 		-14.8163 		29.4032
v 15.4416 		-14.8224 		29.3456
v -10.6832 		-11.451 		26.5584
v 15.7824 		-14.731 		30.0032
v 16.5584 		-11.451 		-0.6832
v 15.7824 		-14.644 		30.432
v 17.3152 		-11.451 		-0.5024
v 15.7824 		-14.549 		30.744
v 18.0352 		-11.451 		-0.2032
v 15.7824 		-14.45 		30.936
v 19.472 		-11.652 		29.472
v -8.6461 		-14.8594 		27.2412
v 18.8496 		-11.652 		30.0032
v -8.768 		-14.731 		1.232
v 16.5104 		-11.356 		-0.3744
v 18.152 		-11.652 		30.432
v 19.4272 		-11.55 		29.4272
v -9.0704 		-14.809 		27.4576
v 17.2192 		-11.356 		-0.2032
v -8.264 		-14.731 		0.8032
v 18.8112 		-11.55 		29.952
v -9.0704 		-14.644 		0.9296
v 15.7824 		-14.831 		0.7358
v 15.4416 		-14.8224 		0.6544
v 14.7072 		-14.8161 		0.5952
v -9.2912 		-14.549 		0.7088
v 15.7824 		-14.809 		0.528
v 16.31 		-14.8428 		0.8882
v 16.36 		-14.809 		0.5728
v 16.1584 		-14.8375 		0.8256
v 16.1171 		-14.8368 		0.8157
v -8.5152 		-14.644 		0.456
v -8.6992 		-14.549 		0.2032
v -9.4272 		-14.45 		0.5728
v 15.7824 		-14.731 		-0.0032
v -8.8112 		-14.45 		0.048
v -9.472 		-14.348 		0.528
v -8.8496 		-14.348 		-0.0032
v 15.7824 		-11.269 		-0.0032
v 15.7824 		-11.191 		0.528
v 16.36 		-11.191 		0.5728
v 15.7824 		-11.169 		0.7358
v 15.4416 		-11.1776 		0.6544
v 14.7072 		-11.1839 		0.5952
v 15.965 		-11.1659 		0.7794
v -8.0956 		-11.1367 		2.0496
v 16.1584 		-11.1626 		0.8256
v 16.31 		-11.1572 		0.8882
v -8.0288 		-11.1367 		1.9712
v -7.6493 		-11.1365 		1.6479
v -7.7265 		-11.1365 		1.7136
v -7.4672 		-11.1405 		1.4928
v 15.7824 		-14.644 		-0.432
v -9.544 		-11.269 		2.3008
v -9.2912 		-11.191 		3.0768
v 15.7824 		-14.549 		-0.744
v 15.7824 		-14.45 		-0.936
v -9.0704 		-11.191 		2.5424
v 15.7824 		-11.55 		-0.936
v 15.7824 		-11.451 		-0.744
v 15.7824 		-11.356 		-0.432
v -8.7299 		-11.1433 		2.8951
v -8.6461 		-11.1406 		2.7588
v -8.4286 		-11.1385 		2.4405
v -8.3521 		-11.1365 		2.3507
v -8.5072 		-11.1405 		2.5328
v -9.544 		-11.356 		1.4848
# 778 vertices

g group_2_11107152

usemtl color_11107152
s 0

f 1371 	2061 	1367
f 1364 	1383 	1362
f 1380 	1373 	1378
f 1376 	1362 	1383
f 1375 	1384 	1372
f 1390 	1388 	1387
f 1385 	1393 	1365
f 1366 	1454 	1367
f 1382 	1456 	1366
f 2074 	1437 	1382
f 1367 	1451 	1371
f 1391 	1388 	1390
f 1370 	2005 	1395
f 1381 	1365 	1393
f 1379 	1363 	1633
f 1377 	1370 	1395
f 1377 	1395 	2006
f 1896 	1891 	1381
f 1439 	1404 	1400
f 1390 	1387 	1630
f 2013 	1403 	1402
f 1394 	1417 	1397
f 1757 	1966 	1413
f 2046 	1413 	1966
f 1898 	1924 	1891
f 1412 	1417 	1394
f 1362 	1405 	2024
f 1882 	1869 	1399
f 1414 	1418 	1407
f 1362 	2064 	1364
f 1421 	1364 	2064
f 1406 	1422 	1408
f 1420 	1422 	1406
f 1407 	1418 	1409
f 1409 	1396 	1392
f 1418 	1396 	1409
f 1419 	1392 	1434
f 1374 	1436 	1414
f 2132 	1641 	1645
f 1373 	1427 	1378
f 1378 	1427 	1424
f 1393 	1984 	2008
f 1430 	1419 	1434
f 1418 	1439 	1400
f 1393 	2008 	1381
f 1418 	1400 	1396
f 1425 	1433 	1426
f 1454 	1422 	1420
f 1398 	1381 	2008
f 1375 	2118 	1384
f 1432 	1436 	1374
f 1438 	1422 	1437
f 1436 	1439 	1414
f 1398 	1799 	1896
f 1436 	1461 	1439
f 1450 	1461 	1436
f 1442 	1440 	1441
f 1414 	1439 	1418
f 1379 	1445 	1363
f 1869 	1865 	1401
f 1401 	1399 	1869
f 1365 	1832 	1385
f 1454 	1366 	1456
f 1431 	1441 	1440
f 1443 	1485 	1435
f 1445 	1432 	1363
f 1445 	1450 	1432
f 1379 	1468 	1445
f 1422 	1454 	1456
f 1455 	1464 	1442
f 1432 	1450 	1436
f 1454 	1420 	1459
f 1451 	1459 	1420
f 1449 	1474 	1458
f 1456 	1437 	1422
f 1471 	1474 	1449
f 1443 	1716 	1458
f 1459 	1367 	1454
f 1457 	1462 	1446
f 1464 	1440 	1442
f 1461 	1404 	1439
f 1443 	1465 	1485
f 1780 	1852 	1776
f 1788 	1371 	1451
f 1458 	1465 	1443
f 1425 	1429 	1433
f 1426 	1433 	1599
f 1468 	1476 	1445
f 1466 	1475 	1469
f 1458 	1477 	1465
f 1475 	1466 	1472
f 1431 	1440 	1467
f 1475 	1478 	1469
f 1474 	1477 	1458
f 1445 	1476 	1450
f 1394 	1907 	1412
f 1477 	1496 	1465
f 1476 	1406 	1450
f 1843 	1467 	1440
f 1476 	1420 	1406
f 1406 	1461 	1450
f 1406 	1408 	1461
f 2083 	2085 	1474
f 2083 	1474 	1471
f 1479 	1482 	1601
f 1490 	1475 	1472
f 2085 	1477 	1474
f 1480 	1463 	1460
f 1467 	1483 	1579
f 1461 	1408 	1404
f 1481 	1463 	1480
f 1479 	1509 	1482
f 1475 	1493 	1478
f 1467 	1843 	1483
f 1601 	1482 	1457
f 1484 	1470 	1481
f 1484 	1473 	1470
f 1491 	1473 	1484
f 1481 	1470 	1463
f 1462 	1457 	1489
f 1485 	1465 	1492
f 1486 	1490 	1472
f 1483 	1843 	1488
f 1465 	1496 	1492
f 1493 	1475 	1490
f 1485 	1492 	1487
f 1490 	1507 	1493
f 1489 	1457 	1482
f 1491 	1494 	1412
f 1643 	1396 	1400
f 1497 	1464 	1455
f 1428 	1464 	1497
f 1643 	1400 	1404
f 1654 	1404 	1408
f 1491 	1412 	1473
f 1664 	1654 	1422
f 1408 	1422 	1654
f 1495 	1501 	1498
f 1438 	1664 	1422
f 1499 	1502 	1486
f 1495 	1500 	1501
f 1412 	1494 	1598
f 1499 	1513 	1502
f 1464 	1814 	1440
f 1486 	1502 	1490
f 1506 	1560 	1542
f 1584 	2080 	1588
f 1502 	1507 	1490
f 1430 	1588 	1419
f 1500 	1508 	1501
f 1504 	1508 	1500
f 1434 	1392 	1396
f 1503 	1487 	1510
f 2122 	2124 	1479
f 1464 	1896 	1799
f 1503 	1510 	1505
f 1514 	1482 	1509
f 1515 	1507 	1502
f 1519 	1510 	1487
f 1589 	1580 	1483
f 1488 	1589 	1483
f 1580 	1579 	1483
f 1442 	1549 	1455
f 1441 	1574 	1442
f 1513 	1515 	1502
f 1504 	1636 	1508
f 1518 	1489 	1521
f 1504 	1516 	1636
f 1492 	1519 	1487
f 2082 	1419 	1588
f 1523 	1521 	1489
f 1492 	1524 	1519
f 1517 	1522 	1520
f 1482 	1523 	1489
f 1516 	1677 	1682
f 1647 	1643 	1404
f 1496 	1524 	1492
f 1647 	1404 	1654
f 1525 	1428 	1594
f 1514 	1523 	1482
f 1438 	1679 	1664
f 1489 	1518 	1528
f 1511 	1797 	1522
f 1522 	1797 	1520
f 1753 	1746 	1528
f 1517 	1520 	1535
f 1537 	1433 	1429
f 1534 	1535 	1520
f 1521 	2002 	1518
f 1429 	1533 	1537
f 1534 	1520 	1542
f 1824 	1971 	1509
f 2124 	1824 	1509
f 1478 	1538 	1469
f 1538 	1543 	1539
f 1538 	1478 	1543
f 1686 	1681 	1554
f 1539 	1547 	1540
f 1532 	1556 	1545
f 1541 	1550 	1842
f 1522 	1517 	1670
f 1526 	1552 	1527
f 1541 	1505 	1550
f 1543 	1547 	1539
f 1503 	1505 	1541
f 1526 	1529 	1552
f 1544 	1551 	1555
f 1527 	1552 	1500
f 1533 	1553 	1557
f 1690 	1435 	1558
f 1534 	1542 	1554
f 1548 	1549 	1530
f 1527 	1500 	1495
f 1478 	1559 	1543
f 1544 	1555 	1546
f 1503 	1541 	1536
f 1542 	1560 	1554
f 1536 	1558 	1503
f 1493 	1559 	1478
f 1553 	1564 	1557
f 1543 	1559 	1688
f 1563 	1552 	1529
f 1557 	1537 	1533
f 1529 	1562 	1563
f 1561 	1616 	1556
f 1480 	1520 	1797
f 1618 	1537 	1557
f 1500 	1552 	1504
f 1485 	1558 	1435
f 1688 	1547 	1543
f 1487 	1503 	1558
f 1480 	1460 	1520
f 1485 	1487 	1558
f 1542 	1520 	1460
f 1477 	1407 	1496
f 1493 	1566 	1559
f 1407 	1524 	1496
f 1556 	1567 	1561
f 1565 	1567 	1556
f 1507 	1566 	1493
f 1409 	1392 	1524
f 1392 	1419 	1524
f 1563 	1504 	1552
f 1534 	1680 	1535
f 1560 	1686 	1554
f 1564 	1622 	1557
f 1551 	1570 	1555
f 1507 	1709 	1566
f 1570 	1551 	1569
f 1531 	1549 	1574
f 1531 	1574 	1575
f 1944 	1573 	1562
f 1572 	1576 	1568
f 1562 	1573 	1577
f 1584 	1723 	1571
f 1530 	1549 	1531
f 1715 	1567 	1565
f 1563 	1562 	1577
f 1444 	1834 	1448
f 1563 	1516 	1504
f 1791 	1581 	1578
f 1563 	1577 	1516
f 1571 	2080 	1584
f 1578 	1581 	1429
f 1531 	1575 	1579
f 1573 	1587 	1577
f 1582 	1586 	1572
f 1578 	1429 	1425
f 1573 	1585 	1587
f 1583 	1590 	1569
f 1816 	1453 	1819
f 2082 	1588 	2080
f 1597 	1601 	1583
f 1572 	1586 	1576
f 1673 	1670 	1517
f 1517 	1535 	1673
f 1683 	1673 	1535
f 1583 	1601 	1590
f 1576 	1449 	1716
f 1512 	1667 	1792
f 1586 	1449 	1576
f 1581 	1591 	1533
f 1570 	1569 	1590
f 1426 	1598 	1722
f 1412 	1598 	1417
f 1590 	1446 	1570
f 1591 	1553 	1533
f 1590 	1457 	1446
f 1581 	1533 	1429
f 1601 	1457 	1590
f 1582 	1592 	1595
f 1430 	1736 	1588
f 1593 	1596 	1513
f 1525 	1594 	1530
f 1594 	1548 	1530
f 1591 	1684 	1553
f 1582 	1595 	1586
f 1616 	1702 	1604
f 1676 	1532 	1545
f 1426 	1599 	1598
f 1579 	1575 	1467
f 1431 	1467 	1575
f 1575 	1574 	1431
f 1441 	1431 	1574
f 1600 	1417 	1598
f 1430 	1434 	1466
f 1598 	1599 	1600
f 1513 	1596 	1515
f 1548 	1455 	1549
f 1549 	1442 	1574
f 1594 	1455 	1548
f 1497 	1455 	1594
f 1428 	1497 	1594
f 1592 	1634 	1495
f 1679 	1532 	1676
f 1498 	1595 	1592
f 1495 	1498 	1592
f 1599 	1611 	1600
f 1604 	1545 	1556
f 1433 	1537 	1607
f 1410 	1960 	1416
f 1596 	1602 	1515
f 1537 	1618 	1607
f 1599 	1433 	1607
f 1372 	1384 	1597
f 1611 	1599 	1607
f 1607 	1620 	1611
f 1609 	1568 	1606
f 1597 	1479 	1601
f 1603 	1605 	1615
f 1384 	1479 	1597
f 1614 	1615 	1605
f 1613 	1616 	1561
f 1561 	1608 	1613
f 1612 	1593 	1617
f 1614 	1605 	1619
f 1620 	1607 	1618
f 1384 	2123 	1479
f 1605 	1717 	1721
f 1605 	1721 	1619
f 1614 	1763 	1615
f 1604 	1556 	1616
f 1621 	1572 	1609
f 1557 	1622 	1618
f 1625 	1593 	1624
f 1618 	1622 	1627
f 1593 	1612 	1624
f 1621 	1582 	1572
f 1619 	1626 	1614
f 1609 	1572 	1568
f 1498 	1501 	2089
f 1624 	1886 	1625
f 1618 	1627 	1620
f 1617 	1706 	1866
f 1610 	1564 	1553
f 1653 	1629 	1621
f 1866 	1872 	1617
f 1886 	1624 	1872
f 1593 	1625 	1596
f 1631 	1596 	1625
f 1501 	1508 	1633
f 1648 	1652 	1622
f 1629 	1582 	1621
f 1390 	1630 	1675
f 1613 	1705 	1616
f 1545 	1604 	1676
f 1390 	1725 	1391
f 1629 	1592 	1582
f 1396 	1635 	1434
f 1635 	1472 	1434
f 1629 	1634 	1592
f 1388 	1391 	1638
f 1472 	1635 	1486
f 1674 	1669 	1792
f 1564 	1610 	1637
f 1639 	1633 	1508
f 1527 	1495 	1634
f 1434 	1472 	1466
f 1631 	1640 	1596
f 1508 	1636 	1639
f 1641 	2132 	1638
f 1635 	1396 	1643
f 1639 	1379 	1633
f 1610 	1632 	1637
f 1643 	1486 	1635
f 1564 	1648 	1622
f 1646 	1642 	1892
f 1646 	1609 	1642
f 1647 	1499 	1643
f 1648 	1564 	1637
f 1886 	1881 	1625
f 1881 	1874 	1625
f 1649 	1639 	1636
f 1642 	1609 	1606
f 1643 	1499 	1486
f 1706 	1705 	1608
f 1608 	1866 	1706
f 1612 	1872 	1624
f 1613 	1608 	1705
f 1652 	1627 	1622
f 1639 	1649 	1657
f 1596 	1659 	1602
f 1647 	1658 	1499
f 1646 	1621 	1609
f 1654 	1658 	1647
f 1653 	1621 	1646
f 1658 	1513 	1499
f 1655 	1602 	1659
f 1657 	1379 	1639
f 1596 	1640 	1659
f 1664 	1665 	1654
f 1657 	1468 	1379
f 1651 	1693 	1666
f 1905 	1663 	1653
f 1629 	1653 	1663
f 1662 	1637 	1667
f 1655 	1668 	1602
f 1664 	1702 	1665
f 1651 	1666 	1656
f 1640 	1897 	1659
f 1656 	1666 	1628
f 1654 	1665 	1658
f 1669 	1632 	1661
f 1665 	1593 	1658
f 1602 	1668 	1743
f 1632 	1674 	1637
f 1656 	1628 	1623
f 1637 	1670 	1648
f 1658 	1593 	1513
f 1667 	1637 	1674
f 1666 	1630 	1628
f 1663 	1672 	1634
f 1666 	1675 	1630
f 1672 	1526 	1634
f 1663 	1634 	1629
f 1675 	1700 	1678
f 1632 	1669 	1674
f 1679 	1676 	1664
f 1668 	1655 	1938
f 1659 	1930 	1655
f 1681 	1652 	1680
f 1637 	1662 	1670
f 1673 	1648 	1670
f 1648 	1680 	1652
f 1390 	1675 	1678
f 1677 	1692 	1682
f 1634 	1526 	1527
f 1702 	1705 	1665
f 1669 	1661 	1774
f 1781 	1774 	1661
f 1660 	1781 	1661
f 1390 	1678 	1725
f 1648 	1673 	1683
f 1648 	1683 	1680
f 1650 	1942 	1660
f 1665 	1617 	1593
f 1636 	1516 	1682
f 1844 	1684 	1591
f 1682 	1649 	1636
f 1644 	1652 	1686
f 1681 	1686 	1652
f 1619 	1691 	1626
f 1438 	1532 	1679
f 1644 	1686 	1506
f 1560 	1506 	1686
f 1534 	1554 	1681
f 1680 	1534 	1681
f 1683 	1535 	1680
f 1619 	1689 	1691
f 1690 	1536 	1812
f 1688 	1559 	1695
f 1670 	1662 	1522
f 1511 	1522 	1662
f 1512 	1511 	1662
f 1667 	1512 	1662
f 1682 	1692 	1699
f 1687 	1694 	1700
f 1774 	1792 	1669
f 1696 	1664 	1676
f 1559 	1566 	1695
f 1695 	1703 	1688
f 1696 	1702 	1664
f 1694 	1710 	1700
f 1687 	1700 	1693
f 1610 	1553 	1684
f 1682 	1699 	1649
f 1693 	1675 	1666
f 1693 	1700 	1675
f 1684 	1697 	1610
f 1706 	1665 	1705
f 1701 	1481 	1480
f 1690 	1685 	1435
f 1709 	1507 	1515
f 1707 	1481 	1701
f 1704 	1435 	1685
f 1706 	1617 	1665
f 1678 	1700 	1710
f 1713 	1695 	1566
f 1711 	1484 	1707
f 1725 	1678 	1710
f 1702 	1616 	1705
f 1696 	1604 	1702
f 1676 	1604 	1696
f 1565 	1571 	1715
f 1709 	1713 	1566
f 1697 	1712 	1632
f 1707 	1484 	1481
f 1576 	1716 	1698
f 1692 	1854 	1714
f 1698 	1716 	1704
f 1704 	1443 	1435
f 1715 	1719 	1567
f 1711 	1491 	1484
f 1443 	1704 	1716
f 1720 	1710 	1694
f 1718 	1491 	1711
f 1714 	1800 	1699
f 1692 	1714 	1699
f 1709 	1515 	1602
f 1720 	1789 	1710
f 1449 	1458 	1716
f 1715 	1571 	1723
f 1718 	1494 	1491
f 1725 	1710 	1724
f 1718 	1722 	1494
f 1721 	2107 	1619
f 1586 	1595 	1471
f 1748 	1719 	1715
f 1595 	2083 	1471
f 1717 	1623 	1721
f 1723 	1748 	1715
f 1471 	1449 	1586
f 1743 	1709 	1602
f 1717 	1656 	1623
f 1632 	1610 	1697
f 1671 	1743 	1668
f 2107 	1721 	1623
f 1584 	1588 	1728
f 1709 	1743 	1713
f 1626 	1764 	1614
f 1691 	1771 	1626
f 1726 	1711 	1707
f 1800 	1932 	1803
f 1728 	1723 	1584
f 1729 	1711 	1726
f 1767 	1753 	1615
f 2058 	2051 	1703
f 1730 	1729 	1752
f 1713 	1732 	1695
f 1650 	1712 	1731
f 1708 	1731 	1712
f 1752 	1755 	1730
f 1764 	1626 	1771
f 1730 	1718 	1729
f 1733 	1657 	1649
f 1528 	1518 	2007
f 2002 	2001 	1518
f 1695 	1732 	1703
f 1699 	1733 	1649
f 1729 	1718 	1711
f 1724 	1735 	1740
f 1733 	1739 	1657
f 1588 	1736 	1728
f 1708 	1785 	1731
f 1755 	1741 	1730
f 1661 	1712 	1660
f 1650 	1660 	1712
f 1737 	1742 	1777
f 1732 	1738 	1703
f 1724 	1740 	1725
f 1736 	1786 	1728
f 1725 	1638 	1391
f 1661 	1632 	1712
f 1737 	1749 	1742
f 1730 	1741 	1722
f 1746 	1749 	1737
f 1725 	1740 	1638
f 1777 	1742 	1645
f 1731 	1942 	1650
f 1785 	1942 	1731
f 1781 	1660 	1942
f 1657 	1739 	1468
f 1730 	1722 	1718
f 1736 	1430 	1466
f 1578 	1425 	1741
f 1746 	1737 	1462
f 1468 	1744 	1476
f 1462 	1489 	1746
f 1732 	1713 	1745
f 1722 	1741 	1426
f 1425 	1426 	1741
f 1739 	1744 	1468
f 1494 	1722 	1598
f 1748 	1750 	1719
f 1765 	1641 	1740
f 1744 	1420 	1476
f 1740 	1641 	1638
f 1570 	1446 	1754
f 1751 	1934 	1757
f 1489 	1528 	1746
f 1713 	1743 	1745
f 1734 	1758 	1735
f 1699 	1803 	1733
f 1754 	1758 	1734
f 1764 	1749 	1763
f 1758 	1765 	1735
f 1804 	1761 	1733
f 1760 	1741 	1755
f 1758 	1777 	1765
f 1746 	1763 	1749
f 1775 	1777 	1758
f 1578 	1760 	2030
f 1740 	1735 	1765
f 1578 	1741 	1760
f 1728 	1768 	1723
f 1763 	1746 	1767
f 1753 	1767 	1746
f 1768 	1748 	1723
f 1795 	1805 	1738
f 1446 	1775 	1754
f 1748 	1772 	1750
f 1733 	1762 	1739
f 1770 	1739 	1762
f 1754 	1775 	1758
f 1768 	1772 	1748
f 1773 	1749 	1771
f 1764 	1771 	1749
f 1772 	1833 	1750
f 1773 	1771 	1689
f 1691 	1689 	1771
f 1765 	1645 	1641
f 1764 	1763 	1614
f 1767 	1615 	1763
f 1744 	1780 	1776
f 1777 	1645 	1765
f 2001 	2007 	1518
f 1775 	1446 	1462
f 1750 	1833 	1826
f 1780 	1744 	1783
f 1462 	1737 	1775
f 1779 	1745 	1743
f 1739 	1783 	1744
f 1737 	1777 	1775
f 1736 	1466 	1786
f 1728 	1786 	1768
f 1784 	1778 	1781
f 1774 	1781 	1778
f 1945 	1759 	1708
f 1770 	1783 	1739
f 1546 	1789 	1720
f 1776 	1788 	1744
f 1743 	1671 	1779
f 1724 	1710 	1789
f 1555 	1734 	1546
f 1555 	1754 	1734
f 1820 	1745 	1819
f 1727 	1685 	1766
f 1759 	1747 	1942
f 1785 	1759 	1942
f 1757 	1942 	1751
f 1751 	1942 	1747
f 1734 	1789 	1546
f 1772 	1845 	1833
f 1451 	1420 	1788
f 1789 	1735 	1724
f 1734 	1735 	1789
f 1769 	1858 	1784
f 1754 	1555 	1570
f 1744 	1788 	1420
f 1787 	1685 	1727
f 1774 	1778 	1792
f 1578 	2030 	1791
f 1685 	1690 	1766
f 1732 	1745 	1795
f 1402 	1802 	1398
f 1776 	1860 	1788
f 1561 	1567 	1793
f 1403 	1405 	1808
f 1812 	1766 	1690
f 1790 	1796 	1791
f 1813 	1837 	1770
f 1770 	1762 	1813
f 1822 	1813 	1762
f 1761 	1822 	1762
f 1405 	1362 	1376
f 1405 	1376 	1808
f 1797 	1792 	1778
f 1794 	1796 	1790
f 1782 	1606 	1568
f 1804 	1932 	1761
f 1782 	1698 	1787
f 1732 	1795 	1738
f 1793 	1567 	1719
f 1804 	1733 	1803
f 1667 	1674 	1792
f 1568 	1698 	1782
f 1806 	1793 	1719
f 1698 	1704 	1787
f 1738 	1805 	1369
f 1719 	1750 	1806
f 1799 	1398 	1802
f 1787 	1704 	1685
f 1793 	1806 	1798
f 1803 	1699 	1800
f 1792 	1797 	1512
f 1568 	1576 	1698
f 1511 	1512 	1797
f 1402 	1403 	1802
f 1807 	1802 	1403
f 1581 	1791 	1796
f 2083 	1595 	1498
f 1801 	1913 	1809
f 1811 	1373 	1369
f 1750 	1826 	1806
f 1805 	1811 	1369
f 1403 	1808 	1807
f 1762 	1733 	1761
f 1824 	2124 	1827
f 1376 	1383 	1862
f 1803 	1932 	1804
f 1581 	1796 	1591
f 1714 	1854 	1932
f 1799 	1814 	1464
f 1701 	1778 	1810
f 1800 	1714 	1932
f 1854 	1853 	1932
f 1779 	1816 	1745
f 1802 	1818 	1799
f 1810 	1707 	1701
f 1786 	1466 	1469
f 1810 	1726 	1707
f 1538 	1840 	1469
f 1816 	1819 	1745
f 1799 	1818 	1814
f 1815 	1809 	1965
f 1577 	1677 	1516
f 1806 	1823 	1798
f 1819 	1447 	1820
f 1577 	1587 	1677
f 1671 	1953 	1779
f 1779 	1452 	1816
f 1701 	1797 	1778
f 1701 	1480 	1797
f 1818 	1802 	1829
f 1807 	1829 	1802
f 1822 	1821 	1813
f 1826 	1823 	1806
f 1745 	1820 	1795
f 1828 	1795 	1820
f 1830 	1587 	1825
f 1808 	1831 	1807
f 1807 	1831 	1829
f 1830 	1677 	1587
f 1827 	2122 	1815
f 2122 	2123 	1815
f 1832 	1805 	1834
f 1677 	1830 	1692
f 1834 	1805 	1835
f 1795 	1835 	1805
f 1833 	1836 	1826
f 1842 	1837 	1821
f 1831 	1808 	1839
f 1813 	1821 	1837
f 1768 	1840 	1772
f 1808 	1376 	1839
f 1794 	1817 	1844
f 1786 	1840 	1768
f 1841 	1825 	1887
f 1839 	1977 	1831
f 1840 	1845 	1772
f 1862 	1977 	1839
f 1794 	1844 	1796
f 1964 	1831 	1977
f 1821 	1541 	1842
f 1847 	1830 	1841
f 1783 	1770 	1837
f 1839 	1376 	1862
f 1825 	1841 	1830
f 1850 	1848 	1846
f 1591 	1796 	1844
f 1845 	1855 	1833
f 1837 	1842 	1852
f 1817 	2081 	1856
f 1830 	1853 	1692
f 1854 	1692 	1853
f 1833 	1855 	1836
f 1364 	1421 	1383
f 1383 	1421 	1863
f 1817 	1857 	1844
f 1851 	1852 	1842
f 1863 	1421 	1910
f 1423 	1910 	1421
f 1830 	1859 	1853
f 1423 	1424 	1910
f 1488 	1843 	1850
f 1848 	1850 	1843
f 1817 	1856 	1857
f 1859 	1830 	1847
f 1786 	1469 	1840
f 1846 	1848 	1861
f 1840 	1538 	1845
f 1539 	1845 	1538
f 1903 	1861 	1848
f 1795 	1828 	1835
f 1855 	1845 	1540
f 1539 	1540 	1845
f 1383 	1863 	1864
f 1805 	1832 	1865
f 1540 	1970 	1855
f 1859 	1932 	1853
f 1608 	1561 	1866
f 1383 	1864 	1862
f 2138 	2135 	1861
f 2057 	1972 	1841
f 1887 	2057 	1841
f 1844 	1857 	1684
f 1805 	1865 	1811
f 1866 	1561 	1871
f 1861 	1903 	1868
f 1860 	1851 	1842
f 1561 	1793 	1871
f 1869 	1811 	1865
f 1849 	1858 	1769
f 1867 	1868 	1903
f 1825 	1585 	1870
f 1872 	1866 	1871
f 1870 	1883 	1825
f 1778 	1784 	1858
f 1873 	1856 	1895
f 1825 	1587 	1585
f 1812 	1536 	1821
f 1879 	1857 	1856
f 1870 	1877 	1878
f 1856 	1873 	1879
f 1858 	1838 	1880
f 1875 	1811 	1882
f 1869 	1882 	1811
f 1857 	1879 	1697
f 1536 	1541 	1821
f 1843 	1440 	1936
f 1876 	1874 	1881
f 1778 	1858 	1810
f 1883 	1884 	1825
f 1879 	1712 	1697
f 1879 	1708 	1712
f 1880 	1810 	1858
f 1857 	1697 	1684
f 1843 	1885 	1848
f 1881 	1886 	1871
f 1872 	1871 	1886
f 1870 	1878 	1883
f 1834 	1444 	1832
f 1365 	1401 	1865
f 1865 	1832 	1365
f 1385 	1832 	1444
f 1690 	1558 	1536
f 1884 	1887 	1825
f 1871 	1876 	1881
f 1873 	1945 	1708
f 1936 	1885 	1843
f 1880 	1956 	1888
f 1835 	1448 	1834
f 1828 	1820 	2084
f 1447 	2084 	1820
f 1835 	1828 	1448
f 1851 	1776 	1852
f 1860 	1776 	1851
f 1459 	1451 	1367
f 1371 	1788 	1860
f 1874 	1876 	1889
f 1890 	1889 	1876
f 2027 	2045 	1878
f 2034 	2027 	1877
f 1878 	1877 	2027
f 1873 	1708 	1879
f 1783 	1837 	1780
f 1852 	1780 	1837
f 1880 	1888 	1726
f 1399 	1381 	1891
f 1888 	1729 	1726
f 1785 	1708 	1759
f 1401 	1381 	1399
f 1885 	1936 	1941
f 1640 	1631 	1889
f 1941 	1940 	1885
f 1880 	1726 	1810
f 1891 	1875 	1399
f 1756 	1766 	1893
f 1867 	2136 	1868
f 1801 	2118 	1908
f 1898 	1891 	1896
f 1894 	1646 	1892
f 1894 	1653 	1646
f 1846 	1861 	2135
f 1868 	2138 	1861
f 1850 	1846 	2134
f 1889 	1890 	1897
f 1729 	1888 	1752
f 1653 	1894 	1905
f 1893 	1766 	1906
f 1784 	1942 	1769
f 1896 	1901 	1902
f 1896 	1902 	1898
f 1907 	1663 	1905
f 1863 	1909 	1864
f 1784 	1781 	1942
f 1909 	1863 	1910
f 1398 	1896 	1381
f 1913 	1801 	1908
f 1798 	1876 	1871
f 1812 	1906 	1766
f 1927 	1902 	1901
f 1907 	1672 	1663
f 1793 	1798 	1871
f 1932 	1893 	1906
f 1910 	1914 	1915
f 1907 	1394 	1672
f 1902 	1927 	1898
f 1924 	1898 	1927
f 1867 	1903 	1908
f 1397 	1526 	1394
f 1394 	1526 	1672
f 1373 	1920 	1427
f 1910 	1915 	1909
f 1373 	1811 	1920
f 1920 	1530 	1427
f 1812 	1916 	1906
f 1822 	1922 	1821
f 1924 	1920 	1875
f 1811 	1875 	1920
f 1910 	1424 	1914
f 1918 	1921 	1925
f 1917 	1918 	1925
f 1873 	1895 	1904
f 1915 	1914 	1926
f 1874 	1889 	1631
f 1897 	1640 	1889
f 1631 	1625 	1874
f 1916 	1812 	1922
f 1914 	1929 	1926
f 1928 	1920 	1927
f 1924 	1927 	1920
f 1821 	1922 	1812
f 1612 	1617 	1872
f 1838 	1919 	1923
f 1926 	2040 	1915
f 1427 	1929 	1914
f 1424 	1427 	1914
f 1901 	1928 	1927
f 1929 	1530 	1531
f 1903 	1913 	1908
f 1882 	1399 	1875
f 1924 	1875 	1891
f 1965 	1809 	1913
f 1929 	1531 	1926
f 1911 	1386 	1923
f 1930 	1897 	1890
f 1931 	1900 	1899
f 1885 	1933 	1848
f 1896 	1464 	1901
f 1900 	1931 	1934
f 1885 	1940 	1933
f 1848 	1933 	1903
f 1427 	1530 	1929
f 1932 	1906 	1916
f 1822 	1932 	1922
f 1530 	1920 	1928
f 2035 	1982 	1917
f 2034 	1877 	2035
f 1918 	1917 	1978
f 1440 	1814 	1936
f 1893 	1932 	1756
f 1428 	1928 	1901
f 1919 	1838 	1849
f 1918 	1978 	1921
f 1428 	1901 	1464
f 1814 	1818 	1937
f 1858 	1849 	1838
f 1936 	1814 	1937
f 1916 	1922 	1932
f 1822 	1761 	1932
f 1928 	1525 	1530
f 1937 	1941 	1936
f 1397 	1939 	1529
f 1928 	1428 	1525
f 1942 	1919 	1849
f 1397 	1529 	1526
f 1911 	1942 	1912
f 1923 	1942 	1911
f 1942 	1923 	1919
f 1757 	1912 	1942
f 1934 	1904 	1900
f 1939 	1562 	1529
f 1940 	2094 	1933
f 1849 	1769 	1942
f 1890 	1938 	1930
f 1939 	1944 	1562
f 1904 	1945 	1873
f 1937 	1818 	1946
f 1904 	1934 	1945
f 1940 	2098 	2094
f 1829 	1946 	1818
f 1944 	1948 	1573
f 1946 	1950 	1937
f 1949 	1990 	1943
f 1952 	1931 	1955
f 1956 	1838 	1386
f 1937 	1950 	1941
f 1941 	1950 	1993
f 1951 	1956 	1386
f 1948 	1585 	1573
f 1880 	1838 	1956
f 1946 	1968 	1950
f 1948 	1957 	1585
f 1947 	1958 	1949
f 1908 	2137 	1867
f 1931 	1952 	1960
f 1931 	1960 	1961
f 1954 	1958 	1947
f 1850 	2134 	1488
f 1940 	1941 	1993
f 2100 	1415 	2120
f 1829 	1831 	1964
f 1951 	1962 	1956
f 1934 	1961 	1966
f 1931 	1961 	1934
f 1964 	1946 	1829
f 1888 	1956 	1962
f 1934 	1751 	1945
f 1747 	1945 	1751
f 1671 	1935 	1953
f 1964 	1968 	1946
f 1973 	1958 	1954
f 1957 	1870 	1585
f 1757 	1934 	1966
f 1938 	1655 	1930
f 1938 	1935 	1668
f 1671 	1668 	1935
f 1970 	1973 	1954
f 1945 	1747 	1759
f 1957 	1974 	1870
f 1980 	2000 	1968
f 1973 	2004 	1958
f 1930 	1659 	1897
f 1963 	1972 	1967
f 1827 	1975 	1824
f 1960 	1410 	1961
f 1411 	1961 	1410
f 1961 	2046 	1966
f 1411 	2046 	1961
f 1976 	1974 	1978
f 1979 	1978 	1974
f 1952 	1955 	1416
f 1876 	1798 	1981
f 1823 	1981 	1798
f 1968 	1964 	1980
f 1974 	1976 	1982
f 1981 	1890 	1876
f 1971 	1824 	1975
f 1977 	1980 	1964
f 1877 	1870 	1982
f 1981 	1985 	1890
f 1974 	1982 	1870
f 1975 	1827 	1965
f 1972 	1959 	1967
f 1978 	1917 	1976
f 1976 	1917 	1982
f 1989 	1981 	1823
f 1815 	1965 	1827
f 1963 	1967 	1987
f 1978 	1979 	1921
f 1986 	2013 	1984
f 1981 	1989 	1985
f 1990 	1986 	1943
f 1727 	1987 	1967
f 1962 	1752 	1888
f 1989 	1992 	1985
f 1971 	1975 	1991
f 1962 	1969 	1752
f 1823 	1826 	1994
f 1991 	1975 	1995
f 1968 	1996 	1950
f 1994 	1989 	1823
f 1950 	1996 	1993
f 1949 	1958 	1999
f 1989 	1947 	1992
f 1958 	2004 	1999
f 1994 	1947 	1989
f 1999 	1990 	1949
f 1997 	1998 	1727
f 1948 	1944 	1620
f 1996 	1968 	2000
f 1988 	2056 	1790
f 1620 	1957 	1948
f 1755 	1969 	2021
f 2021 	1760 	1755
f 1947 	1949 	1992
f 2000 	1980 	2049
f 1987 	1727 	1998
f 1969 	1755 	1752
f 1826 	1836 	1994
f 1991 	1995 	2002
f 2001 	2002 	1995
f 1994 	1836 	1954
f 1389 	2003 	2005
f 1997 	1727 	1756
f 1977 	1862 	2009
f 1766 	1756 	1727
f 2009 	2012 	1977
f 2006 	1951 	1377
f 2007 	1605 	1603
f 1994 	1954 	1947
f 1980 	2012 	2049
f 2005 	1370 	1389
f 1984 	2013 	2008
f 1970 	1954 	1836
f 2006 	1962 	1951
f 1836 	1855 	1970
f 1980 	1977 	2012
f 2006 	1395 	2010
f 1782 	1967 	1959
f 2014 	2009 	1862
f 2003 	2015 	2005
f 2008 	1402 	1398
f 2001 	1995 	2007
f 2006 	2010 	1969
f 2013 	1402 	2008
f 2021 	1969 	2010
f 1990 	2017 	1986
f 1862 	1864 	2014
f 1974 	1957 	1652
f 2014 	2018 	2009
f 2003 	2011 	2015
f 2006 	1969 	1962
f 1974 	1652 	1979
f 2005 	2015 	2019
f 1606 	1782 	1959
f 1986 	2017 	2013
f 1782 	1787 	1967
f 2009 	2018 	2012
f 2017 	1403 	2013
f 1787 	1727 	1967
f 1605 	2007 	1995
f 1395 	2005 	2019
f 1470 	1905 	1894
f 2010 	2020 	2021
f 2019 	2010 	1395
f 1756 	1932 	1997
f 1859 	1998 	1932
f 1997 	1932 	1998
f 1470 	1907 	1905
f 1965 	2023 	1975
f 2017 	1990 	2024
f 2029 	2031 	2014
f 1983 	1988 	2025
f 1999 	2024 	1990
f 1988 	1790 	2025
f 2014 	2031 	2018
f 2017 	1405 	1403
f 1847 	1841 	1963
f 1963 	1987 	1847
f 1859 	1847 	1987
f 1998 	1859 	1987
f 2016 	1935 	1938
f 2011 	2022 	2026
f 2024 	1405 	2017
f 2022 	2036 	2039
f 1864 	2029 	2014
f 1999 	2028 	2024
f 2025 	2020 	1983
f 2022 	2039 	2026
f 1965 	2092 	2023
f 2020 	2025 	2030
f 1909 	2029 	1864
f 2026 	2015 	2011
f 2004 	2028 	1999
f 2028 	1362 	2024
f 2020 	2030 	2021
f 2032 	1975 	2023
f 1983 	2019 	2015
f 1362 	2028 	2064
f 1983 	2015 	2026
f 1760 	2021 	2030
f 2019 	1983 	2020
f 2019 	2020 	2010
f 2062 	2064 	2004
f 2064 	2028 	2004
f 2053 	2018 	2031
f 1473 	1907 	1470
f 2035 	2033 	2034
f 1915 	2037 	1909
f 1473 	1412 	1907
f 1973 	2043 	2004
f 2030 	2025 	1791
f 1790 	1791 	2025
f 2037 	2029 	1909
f 1600 	1939 	1397
f 1975 	2032 	1995
f 2029 	2038 	2031
f 2027 	2034 	2033
f 1611 	1944 	1600
f 2029 	2037 	2038
f 1995 	2032 	1717
f 1970 	2043 	1973
f 2062 	2004 	2043
f 1915 	2040 	2037
f 2026 	1988 	1983
f 1644 	1921 	1979
f 1890 	2016 	1938
f 2033 	2035 	1925
f 2026 	2039 	1988
f 1540 	2041 	1970
f 1506 	1542 	1921
f 2041 	2043 	1970
f 1542 	1460 	1925
f 1917 	1925 	2035
f 1935 	2016 	1953
f 2042 	1953 	2016
f 1463 	1894 	1460
f 1540 	1547 	2044
f 2016 	1890 	1985
f 1985 	2060 	2016
f 1388 	2036 	1387
f 1416 	1415 	1368
f 2044 	2041 	1540
f 2044 	2047 	2041
f 2016 	2060 	2042
f 2027 	2033 	2045
f 1547 	2051 	2044
f 1939 	1600 	1944
f 1953 	2042 	1452
f 1611 	1620 	1944
f 2041 	2047 	2043
f 1605 	1995 	1717
f 1959 	2045 	2033
f 2012 	2052 	2049
f 2018 	2052 	2012
f 2049 	1551 	1544
f 2048 	2046 	1411
f 1925 	1921 	1542
f 2049 	2052 	1551
f 1892 	1925 	1460
f 2051 	1547 	1688
f 2023 	2092 	2050
f 2051 	2054 	2044
f 1892 	1460 	1894
f 1463 	1470 	1894
f 1410 	1368 	1411
f 2053 	2052 	2018
f 1884 	1883 	2055
f 2032 	2023 	1651
f 2051 	2058 	2054
f 1410 	1416 	1368
f 2023 	2050 	1651
f 2044 	2054 	2047
f 1921 	1644 	1506
f 1569 	2052 	2053
f 1959 	2055 	2045
f 1397 	1417 	1600
f 2036 	2065 	2039
f 2067 	2056 	2039
f 1988 	2039 	2056
f 2051 	1688 	1703
f 1411 	1368 	2048
f 2052 	1569 	1551
f 1957 	1620 	1627
f 2053 	2031 	2139
f 1386 	1413 	2048
f 1583 	1569 	2053
f 1957 	1627 	1652
f 2046 	2048 	1413
f 1979 	1652 	1644
f 2139 	1583 	2053
f 2057 	2055 	1959
f 2058 	1380 	2054
f 2056 	1794 	1790
f 1972 	2057 	1959
f 2048 	1377 	1951
f 2056 	2059 	1794
f 2048 	1951 	1386
f 2059 	1817 	1794
f 1912 	1757 	1413
f 2058 	1703 	1738
f 2059 	2081 	1817
f 1738 	1369 	2058
f 2063 	2090 	2042
f 1912 	1386 	1911
f 1842 	2061 	1860
f 2067 	2039 	2065
f 2060 	2063 	2042
f 2043 	2066 	2062
f 1367 	2061 	1366
f 1366 	2061 	2068
f 1642 	2033 	1925
f 2043 	2047 	2066
f 2066 	2069 	2062
f 2061 	1842 	1550
f 1925 	1892 	1642
f 1912 	1413 	1386
f 1550 	2076 	2061
f 2062 	2069 	2064
f 2061 	2076 	2068
f 2069 	1421 	2064
f 2033 	1606 	1959
f 2065 	2071 	2067
f 1992 	2060 	1985
f 2065 	2070 	2071
f 1642 	1606 	2033
f 2071 	2059 	2067
f 1386 	1838 	1923
f 1366 	2068 	1382
f 2060 	1992 	1943
f 2072 	2066 	2047
f 1992 	1949 	1943
f 2054 	2072 	2047
f 2057 	1887 	2055
f 1887 	1884 	2055
f 2072 	2075 	2066
f 2067 	2059 	2056
f 2072 	1378 	2075
f 2068 	2074 	1382
f 2075 	2069 	2066
f 2069 	2075 	1423
f 1656 	1717 	2032
f 1377 	2048 	1368
f 2060 	1943 	2063
f 2032 	1651 	1656
f 1368 	1370 	1377
f 1986 	1984 	2063
f 1532 	2073 	1556
f 2068 	1556 	2073
f 2073 	2074 	2068
f 1972 	1963 	1841
f 2104 	1687 	2050
f 1943 	1986 	2063
f 2069 	1423 	1421
f 2045 	2055 	1883
f 1883 	1878 	2045
f 1550 	2078 	2076
f 1550 	1505 	2078
f 1982 	2035 	1877
f 2050 	1693 	1651
f 1565 	1556 	2076
f 2068 	2076 	1556
f 2050 	1687 	1693
f 1380 	2072 	2054
f 1452 	1779 	1953
f 1453 	1816 	1452
f 2070 	2079 	2071
f 1565 	2076 	1571
f 2078 	1571 	2076
f 1505 	1510 	2080
f 1380 	1378 	2072
f 2075 	1424 	1423
f 2080 	2078 	1505
f 2070 	2077 	2079
f 1477 	2088 	1407
f 2078 	2080 	1571
f 1753 	1528 	1603
f 2007 	1603 	1528
f 1603 	1615 	1753
f 2079 	2081 	2071
f 1378 	1424 	2075
f 1447 	1819 	1453
f 2082 	2080 	1510
f 1524 	1407 	1409
f 1510 	1519 	2082
f 1519 	1524 	1419
f 2002 	1521 	1991
f 1991 	1514 	1971
f 2081 	2059 	2071
f 1419 	2082 	1519
f 2058 	1369 	1380
f 2085 	2088 	1477
f 1369 	1373 	1380
f 2086 	1913 	1903
f 1437 	2074 	2073
f 1437 	2073 	1438
f 2087 	2077 	2132
f 1456 	1382 	1437
f 1438 	2073 	1532
f 1903 	1933 	2086
f 2087 	2091 	2077
f 1498 	2089 	2083
f 2086 	2092 	1913
f 2061 	1371 	1860
f 2077 	2091 	2079
f 2089 	2093 	2083
f 1453 	2090 	1447
f 2084 	1447 	2090
f 2079 	1895 	2081
f 1363 	2093 	2089
f 1965 	1913 	2092
f 2042 	1453 	1452
f 2079 	2091 	1895
f 2089 	1633 	1363
f 2083 	2093 	2085
f 1453 	2042 	2090
f 2081 	1895 	1856
f 2093 	1374 	2085
f 2086 	1933 	2094
f 2084 	2090 	1448
f 2087 	1900 	2091
f 1393 	1448 	2090
f 1432 	1374 	2093
f 2085 	1374 	2088
f 2087 	1899 	1900
f 2063 	1984 	2090
f 2088 	1414 	1407
f 2091 	1904 	1895
f 2090 	1984 	1393
f 1414 	2088 	1374
f 2091 	1900 	1904
f 1448 	1828 	2084
f 2089 	1501 	1633
f 1448 	1393 	1444
f 1385 	1444 	1393
f 1993 	2098 	1940
f 2096 	2097 	2099
f 2095 	2096 	2099
f 1432 	2093 	1363
f 1365 	1381 	1401
f 2105 	2094 	2098
f 2098 	1993 	2106
f 2098 	2106 	2108
f 2098 	2108 	2105
f 2103 	2101 	2102
f 2100 	2102 	2101
f 2049 	2109 	2000
f 2104 	2092 	2086
f 2094 	2104 	2086
f 2101 	2103 	2099
f 2095 	2099 	2103
f 2092 	2104 	2050
f 2104 	2105 	1687
f 1368 	1415 	2101
f 2100 	2101 	1415
f 2104 	2094 	2105
f 2101 	1370 	1368
f 1996 	2106 	1993
f 1389 	2101 	2099
f 2099 	2107 	1389
f 2106 	2110 	2108
f 1370 	2101 	1389
f 1623 	2125 	2107
f 2105 	1694 	1687
f 2105 	2108 	1694
f 2000 	2109 	1996
f 1955 	2120 	1415
f 2106 	1996 	2109
f 2102 	2119 	2103
f 2103 	2117 	2095
f 2096 	2115 	2097
f 2110 	2106 	2109
f 2108 	1720 	1694
f 1416 	1955 	1415
f 2108 	2110 	1720
f 2096 	2095 	2115
f 1546 	1720 	2110
f 1544 	2109 	2049
f 2111 	1742 	2112
f 2111 	2112 	2113
f 1544 	1546 	2109
f 2110 	2109 	1546
f 2111 	2113 	1899
f 2113 	1931 	1899
f 1514 	1509 	1971
f 1523 	1991 	1521
f 2122 	1827 	2124
f 2116 	2115 	2112
f 2112 	2115 	2114
f 1749 	2116 	2112
f 1809 	1815 	2123
f 1801 	2121 	2118
f 2117 	2112 	2114
f 2121 	1384 	2118
f 2117 	2119 	2113
f 2113 	2119 	2120
f 2112 	2117 	2113
f 1931 	2113 	1955
f 2122 	1479 	2123
f 2121 	2123 	1384
f 2113 	2120 	1955
f 1960 	1952 	1416
f 2120 	2119 	2100
f 2102 	2100 	2119
f 2117 	2103 	2119
f 2114 	2095 	2117
f 2115 	2095 	2114
f 1509 	1479 	2124
f 2097 	2115 	2116
f 2097 	1689 	1619
f 2097 	1619 	2099
f 1514 	1991 	1523
f 1619 	2107 	2099
f 1801 	1809 	2121
f 2123 	2121 	1809
f 2133 	1645 	2111
f 1742 	2111 	1645
f 1749 	2112 	1742
f 1749 	1773 	2116
f 2137 	1908 	2118
f 1689 	2097 	2116
f 1773 	1689 	2116
f 2037 	2040 	2126
f 2107 	2125 	2003
f 1926 	1531 	2127
f 2003 	2125 	2011
f 2003 	1389 	2107
f 2125 	1623 	2128
f 1628 	2128 	1623
f 2127 	2040 	1926
f 2011 	2125 	2128
f 1628 	1630 	2129
f 1628 	2129 	2128
f 2127 	2130 	2040
f 2128 	2129 	2022
f 2128 	2022 	2011
f 1630 	1387 	2129
f 2129 	2036 	2022
f 1387 	2036 	2129
f 2130 	2126 	2040
f 2065 	2036 	1388
f 2130 	1375 	2126
f 1638 	2131 	1388
f 1388 	2131 	2070
f 2070 	2131 	2077
f 1388 	2070 	2065
f 1531 	1579 	2127
f 2132 	2131 	1638
f 1580 	2127 	1579
f 2132 	2077 	2131
f 1645 	2133 	2132
f 1580 	1589 	2127
f 2087 	2132 	2133
f 2134 	2127 	1589
f 2087 	2133 	1899
f 2111 	1899 	2133
f 2135 	2130 	2134
f 2127 	2134 	2130
f 2137 	1375 	2136
f 2130 	2136 	1375
f 2136 	2130 	2138
f 2135 	2138 	2130
f 2118 	1375 	2137
f 2136 	1867 	2137
f 2138 	1868 	2136
f 2134 	1846 	2135
f 1589 	1488 	2134
f 2038 	2139 	2031
f 2126 	2038 	2037
f 1372 	2038 	2126
f 1372 	2139 	2038
f 2139 	1597 	1583
f 1372 	1597 	2139
f 1375 	1372 	2126
# 1556 faces

 #end of obj_2

o obj_3
v -11 		4.9189 		22.2115
v -11 		4.9189 		19.5155
v 18.6992 		8.9333 		19.3145
v 15.965 		8.3571 		22.6976
v -9.0019 		5.7124 		22.711
v 16.1584 		8.3109 		22.7009
v -9.7968 		6.2229 		19.1325
v 16.31 		8.2483 		22.7063
v -11 		-16.6459 		22.2115
v -9.952 		5.5797 		19.1325
v 18.1216 		9.5109 		19.4135
v -10.3744 		5.6469 		19.2195
v -9.1968 		-19.1275 		19.1325
v -10.2032 		6.3557 		19.2195
v 18.5152 		8.6805 		19.2195
v -11 		-16.6459 		19.5155
v 16.9232 		-20.1547 		22.6725
v -8.768 		-18.8139 		19.0545
v 15.7824 		-21.8635 		22.2115
v -9.4272 		5.4965 		22.6725
v 15.7824 		-21.8635 		19.5155
v 15.7824 		8.4007 		22.6945
v -8.9099 		5.935 		22.715
v -5.7824 		-21.8635 		22.2115
v 17.0864 		-20.6603 		22.5945
v -5.7824 		-21.8635 		19.5155
v 17.6992 		-20.4075 		22.5945
v 21 		4.9189 		22.2115
v 21 		4.9189 		19.5155
v -9.2912 		6.0597 		22.6725
v -10.0032 		4.9189 		22.5945
v 15.7824 		10.1365 		19.5155
v -9.1744 		5.2949 		22.7009
v 17.9504 		-19.6315 		22.6725
v 15.7824 		10.0725 		19.4135
v -9.1118 		5.4466 		22.7063
v -8.392 		-19.2555 		19.0545
v 17.3952 		9.8805 		19.5155
v -10.432 		4.9189 		22.5075
v 16.5984 		10.0725 		19.5155
v 15.7824 		9.8805 		19.3145
v -10.744 		4.9189 		22.4125
v 16.4432 		-20.8155 		22.5945
v 17.3744 		9.8197 		19.4135
v 16.5888 		10.0085 		19.4135
v -10.936 		4.9189 		22.3135
v 15.7824 		9.5685 		19.2195
v 21 		-16.6459 		22.2115
v 17.8928 		-20.7883 		22.5075
v 16.4432 		9.0885 		19.1325
v 15.7824 		9.1397 		19.1325
v 21 		-16.6459 		19.5155
v 15.7824 		10.1365 		22.2115
v -10.936 		4.9189 		19.4135
v -10.744 		4.9189 		19.3145
v 16.36 		8.5637 		19.0545
v 15.7824 		8.6085 		19.0545
v -10.432 		4.9189 		19.2195
v 18.0352 		9.3397 		19.3145
v 16.84 		-19.7563 		22.715
v 16.9621 		-19.6812 		22.7174
v 17.3573 		-19.4382 		22.7229
v -10.0032 		4.9189 		19.1325
v 17.3152 		9.6389 		19.3145
v 16.5434 		-19.8788 		22.7104
v 16.7985 		-19.7734 		22.715
v -5.7824 		10.1365 		22.2115
v 16.5584 		9.8197 		19.3145
v -5.7824 		10.1365 		19.5155
v 20.432 		-19.0155 		19.5155
v 18.5152 		8.6805 		22.5075
v 20.744 		-18.2587 		19.5155
v 15.4416 		8.4821 		19.0411
v 14.7072 		8.5397 		19.0472
v 20.3744 		-18.9851 		19.4135
v 17.8928 		9.0613 		19.2195
v 20.6832 		-18.2379 		19.4135
v -7.8928 		-20.7883 		19.2195
v 17.2192 		9.3397 		19.2195
v 18.6992 		8.9333 		22.4125
v -7.6992 		-20.4075 		19.1325
v 16.31 		8.2483 		19.0207
v 20.2032 		-18.8987 		19.3145
v 16.5104 		9.5109 		19.2195
v 16.1171 		8.3208 		19.0267
v 15.7824 		8.4007 		19.0324
v 19.4272 		8.5637 		22.3135
v 20.5024 		-18.1787 		19.3145
v -7.0864 		-20.6603 		19.1325
v 16.1584 		8.3109 		19.026
v 18.8112 		9.0885 		22.3135
v 17.6992 		8.6805 		19.1325
v -8.8928 		5.9765 		22.715
v -9.4032 		-15.5707 		22.6798
v -8.5072 		6.6037 		22.723
v -8.7299 		6.2414 		22.7202
v 18.1216 		9.5109 		22.3135
v 17.0864 		8.9333 		19.1325
v 19.9248 		-18.7563 		19.2195
v -9.1118 		-17.1735 		22.7063
v -8.3521 		6.7859 		22.7269
v -8.4286 		6.696 		22.725
v 19.472 		8.6085 		22.2115
v -7.9504 		-19.6315 		19.0545
v 20.2032 		-18.0827 		19.2195
v 18.8496 		9.1397 		22.2115
v 18.152 		9.5685 		22.2115
v -6.5984 		10.0725 		19.5155
v -9.4272 		-17.2235 		22.6725
v -7.4576 		-19.9339 		19.0545
v -9.1744 		-17.0219 		22.7009
v -7.3952 		9.8805 		19.5155
v -9.1843 		-16.9805 		22.7002
v -6.5888 		10.0085 		19.4135
v -7.3744 		9.8197 		19.4135
v -8.1216 		9.5109 		19.4135
v -9.2642 		-16.6459 		22.6945
v -6.9232 		-20.1547 		19.0545
v 20.0032 		-16.6459 		22.5945
v 18.0352 		9.3397 		22.4125
v 17.3152 		9.6389 		22.4125
v -9.472 		-16.6459 		22.6725
v 20.432 		-16.6459 		22.5075
v -9.0153 		-17.4069 		22.7104
v 20.744 		-16.6459 		22.4125
v 20.432 		7.2885 		19.5155
v 17.3744 		9.8197 		22.3135
v 19.7968 		-17.9499 		19.1325
v 20.0032 		7.9861 		19.5155
v 20.936 		-16.6459 		22.3135
v 20.3744 		7.2581 		19.4135
v -6.5584 		9.8197 		19.3145
v 17.3952 		9.8805 		22.2115
v 19.952 		7.9477 		19.4135
v -7.3152 		9.6389 		19.3145
v 20.2032 		7.1717 		19.3145
v 19.952 		-17.3067 		22.5945
v -8.0352 		9.3397 		19.3145
v -8.9099 		-17.662 		22.715
v 19.7968 		7.8357 		19.3145
v 17.2192 		9.3397 		22.5075
v 20.3744 		-17.3739 		22.5075
v 16.5104 		9.5109 		22.5075
v -6.5104 		9.5109 		19.2195
v 20.6832 		-17.4219 		22.4125
v 20.0032 		-19.7131 		19.5155
v 16.5584 		9.8197 		22.4125
v 19.9248 		7.0293 		19.2195
v -7.2192 		9.3397 		19.2195
v 19.952 		-19.6747 		19.4135
v -7.8928 		9.0613 		19.2195
v -7.3573 		-19.4382 		19.004
v 20.872 		-17.4523 		22.3135
v 19.7968 		-19.5627 		19.3145
v 16.5888 		10.0085 		22.3135
v 20.936 		-17.4619 		22.2115
v -7.0864 		8.9333 		19.1325
v -7.2412 		-19.5096 		19.004
v 20.936 		5.7349 		19.5155
v 20.744 		6.5317 		19.5155
v 16.5984 		10.0725 		22.2115
v -7.6992 		8.6805 		19.1325
v 20.872 		5.7253 		19.4135
v -6.7985 		-19.7734 		19.012
v 20.6832 		6.5109 		19.4135
v -4.7072 		8.5397 		22.6798
v -6.84 		-19.7563 		19.012
v -6.9621 		-19.6812 		19.0095
v 19.4048 		-15.5707 		22.6796
v 17.6992 		8.6805 		22.5945
v 18.9099 		-17.662 		22.715
v 18.8928 		-17.7035 		22.715
v -6.5434 		-19.8788 		19.0165
v 17.0864 		8.9333 		22.5945
v -5.4416 		8.4821 		22.6859
v 20.6832 		5.6949 		19.3145
v 19.1118 		-17.1735 		22.7063
v 20.5024 		6.4517 		19.3145
v 19.544 		-18.5627 		19.1325
v 16.4432 		9.0885 		22.5945
v -8.152 		9.5685 		19.5155
v 19.0704 		-18.3211 		19.0545
v -8.8496 		9.1397 		19.5155
v -5.7824 		8.6085 		22.6725
v 19.4272 		-17.2235 		22.6725
v 19.0019 		-17.4394 		22.711
v -9.472 		8.6085 		19.5155
v 17.8928 		9.0613 		22.5075
v -9.472 		-20.3355 		19.5155
v -6.36 		8.5637 		22.6725
v 20.3744 		5.6469 		19.2195
v -8.8112 		9.0885 		19.4135
v -8.8496 		-20.8667 		19.5155
v 19.2912 		-17.7867 		19.0545
v -9.4272 		8.5637 		19.4135
v -9.4272 		-20.2907 		19.4135
v -8.8928 		-17.7035 		22.715
v -8.8112 		-20.8155 		19.4135
v 19.2206 		-16.8285 		22.6976
v 19.1744 		-17.0219 		22.7009
v -8.6992 		8.9333 		19.3145
v -5.7824 		9.1397 		22.5945
v -6.4432 		9.0885 		22.5945
v -9.3456 		-16.3051 		22.6859
v 18.3521 		-18.5128 		19
v 19.9248 		7.0293 		22.5075
v 19.472 		-16.6459 		22.6725
v -5.7824 		9.5685 		22.5075
v 20.2032 		6.3557 		19.2195
v 20.2032 		7.1717 		22.4125
v 18.5072 		-18.3307 		19.004
v 18.5748 		-18.2208 		19.004
v 19.2642 		-16.6459 		22.6945
v 19.7968 		7.8357 		22.4125
v -8.5152 		8.6805 		19.2195
v 18.6461 		-18.1047 		19.004
v -9.2912 		-20.1547 		19.3145
v 19.952 		5.5797 		19.1325
v 19.7968 		6.2229 		19.1325
v 19.3456 		-16.3051 		22.6859
v -8.6992 		-20.6603 		19.3145
v 20.3744 		7.2581 		22.3135
v -5.7824 		9.8805 		22.4125
v 18.8177 		-17.8256 		19.0095
v -5.7824 		10.0725 		22.3135
v 19.952 		7.9477 		22.3135
v -9.0704 		-19.9339 		19.2195
v 20.432 		7.2885 		22.2115
v 20.0032 		7.9861 		22.2115
v -8.5152 		-20.4075 		19.2195
v 19.544 		-19.3787 		19.2195
v 19.1968 		-19.1275 		19.1325
v -6.9232 		8.4277 		19.0545
v -5.7824 		8.4007 		22.6945
v -6.31 		8.2483 		22.7063
v -8.768 		-19.6315 		19.1325
v 19.7968 		6.2229 		22.5945
v 20.936 		-17.4619 		19.5155
v -7.4576 		8.2069 		19.0545
v 20.872 		-17.4523 		19.4135
v 18.392 		-19.2555 		19.0545
v 19.2912 		8.4277 		19.3145
v 20.2032 		6.3557 		22.5075
v 20.936 		-16.6459 		19.4135
v -8.264 		-20.0603 		19.1325
v -6.1584 		8.3109 		22.7009
v 18.768 		-18.8139 		19.0545
v -6.1171 		8.3208 		22.7002
v -7.9504 		7.9045 		19.0545
v 19.544 		7.6517 		19.2195
v 19.0704 		8.2069 		19.2195
v 20.6832 		-17.4219 		19.3145
v 20.5024 		6.4517 		22.4125
v 20.744 		-16.6459 		19.3145
v -6.7985 		8.0465 		19.012
v 20.3744 		-17.3739 		19.2195
v -6.5759 		8.1384 		19.0159
v 18.768 		7.9045 		19.1325
v 20.6832 		6.5109 		22.3135
v -5.7824 		-21.2955 		22.5075
v 20.432 		-16.6459 		19.2195
v 18.264 		8.3333 		19.1325
v 20.744 		6.5317 		22.2115
v 18.2864 		-18.5899 		19
v -5.7824 		10.0725 		19.4135
v -6.84 		8.0293 		19.012
v -7.1049 		7.8665 		19.0067
v -5.7824 		-21.6075 		22.4125
v -5.7824 		-21.7995 		22.3135
v -5.7824 		9.8805 		19.3145
v 19.952 		5.5797 		22.5945
v -7.2412 		7.7827 		19.004
v -5.7824 		9.5685 		19.2195
v 20.3744 		5.6469 		22.5075
v -5.7824 		-21.7995 		19.4135
v 19.544 		6.8357 		19.1325
v -5.7824 		-21.6075 		19.3145
v -7.4672 		7.6437 		19.004
v -5.7824 		9.1397 		19.1325
v 20.6832 		5.6949 		22.4125
v -6.4432 		9.0885 		19.1325
v 17.6493 		-19.2155 		19
v -5.7824 		-21.2955 		19.2195
v 19.1968 		7.4005 		19.1325
v 17.5595 		-19.2921 		19.0019
v 20.872 		5.7253 		22.3135
v 19.952 		-17.3067 		19.1325
v -5.7824 		8.6085 		19.0545
v 17.4672 		-19.3707 		19.004
v -6.36 		8.5637 		19.0545
v -9.4032 		-15.5707 		19.0472
v -7.2192 		-21.0667 		22.5075
v 17.9504 		-18.9591 		19.0002
v 18.768 		7.0869 		19.0545
v -7.6493 		7.4886 		19
v -6.5104 		-21.2379 		22.5075
v -9.472 		-16.6459 		19.0545
v -9.4272 		-17.2235 		19.0545
v 18.0288 		-18.8923 		19.0002
v -7.5595 		7.5651 		19.0019
v 20.936 		5.7349 		22.2115
v 18.392 		7.5285 		19.0545
v 20.0032 		-16.6459 		19.1325
v -6.5584 		-21.5467 		22.4125
v -7.9504 		7.2321 		19.0002
v 18.8496 		-20.8667 		19.5155
v 19.472 		-20.3355 		19.5155
v -5.4416 		8.4821 		19.0411
v -4.7072 		8.5397 		19.0472
v 18.8112 		-20.8155 		19.4135
v -9.2642 		-16.6459 		19.0324
v -9.2206 		-16.8285 		19.0294
v 19.4272 		-20.2907 		19.4135
v 18.768 		7.9045 		22.5945
v -6.5888 		-21.7355 		22.3135
v 18.264 		8.3333 		22.5945
v -6.5984 		-21.7995 		22.2115
v 18.0956 		7.0869 		19.0002
v 19.4048 		-15.5707 		19.0473
v -9.1744 		-17.0219 		19.0261
v -9.1118 		-17.1735 		19.0207
v -8.0288 		7.1653 		19.0002
v 19.4272 		-17.2235 		19.0545
v -9.0019 		-17.4394 		19.0159
v 19.544 		7.6517 		22.5075
v -8.9099 		-17.662 		19.012
v 19.0704 		8.2069 		22.5075
v 19.472 		-16.6459 		19.0545
v -5.7824 		8.4007 		19.0324
v -8.0352 		-21.0667 		22.4125
v 18.9099 		-17.662 		19.012
v -8.8928 		-17.7035 		19.012
v -5.965 		8.3571 		19.0294
v -7.3152 		-21.3659 		22.4125
v 18.8928 		-17.7035 		19.012
v -6.1584 		8.3109 		19.0261
v -6.31 		8.2483 		19.0207
v -9.3456 		-16.3051 		19.0411
v -8.1216 		-21.2379 		22.3135
v 19.0153 		-17.4069 		19.0165
v -7.3744 		-21.5467 		22.3135
v 18.6992 		-20.6603 		19.3145
v 19.1118 		-17.1735 		19.0207
v 19.2912 		8.4277 		22.4125
v -6.31 		-19.9752 		22.7063
v -6.5104 		9.5109 		22.5075
v 19.2912 		-20.1547 		19.3145
v -6.36 		-20.2907 		22.6725
v 17.9504 		7.9045 		19.0545
v 19.1843 		-16.9805 		19.0267
v 19.2642 		-16.6459 		19.0324
v -7.3952 		-21.6075 		22.2115
v -7.2192 		9.3397 		22.5075
v 19.1744 		-17.0219 		19.026
v 17.4576 		8.2069 		19.0545
v 18.5152 		-20.4075 		19.2195
v -5.965 		-20.0841 		22.6976
v -6.1584 		-20.0379 		22.7009
v 19.0704 		-19.9339 		19.2195
v 19.3456 		-16.3051 		19.0411
v -9.2912 		8.4277 		19.3145
v -5.7824 		-20.3355 		22.6725
v 18.768 		7.0869 		22.6725
v 16.9232 		8.4277 		19.0545
v -8.152 		-21.2955 		22.2115
v -9.0704 		8.2069 		19.2195
v -5.7824 		-20.1277 		22.6945
v 18.264 		-20.0603 		19.1325
v -9.544 		7.6517 		19.2195
v 19.7968 		-17.9499 		22.5945
v -6.5584 		9.8197 		22.4125
v -4.7072 		-20.2683 		22.6796
v -5.4416 		-20.2091 		22.6859
v 18.2864 		6.863 		22.7269
v 18.768 		-19.6315 		19.1325
v -7.3952 		-21.6075 		19.5155
v -6.5984 		-21.7995 		19.5155
v 20.2032 		-18.0827 		22.5075
v -8.1216 		-21.2379 		19.4135
v -6.4432 		-20.8155 		22.5945
v -7.3744 		-21.5467 		19.4135
v 17.4672 		7.6437 		19.004
v 17.3573 		7.7113 		19.004
v 18.392 		7.5285 		22.6725
v 20.5024 		-18.1787 		22.4125
v -6.5888 		10.0085 		22.3135
v -6.5888 		-21.7355 		19.4135
v -5.7824 		-20.8667 		22.5945
v 17.2412 		7.7827 		19.004
v 20.6832 		-18.2379 		22.3135
v 16.7985 		8.0465 		19.012
v -6.5984 		10.0725 		22.2115
v -8.264 		8.3333 		19.1325
v 16.84 		8.0293 		19.012
v 19.544 		6.8357 		22.5945
v 20.744 		-18.2587 		22.2115
v 16.9621 		7.9543 		19.0095
v -8.768 		7.9045 		19.1325
v -8.0352 		-21.0667 		19.3145
v 19.1968 		7.4005 		22.5945
v -7.3152 		-21.3659 		19.3145
v 16.5434 		8.1519 		19.0165
v 19.9248 		-18.7563 		22.5075
v -6.4432 		-20.8155 		19.1325
v -7.3152 		9.6389 		22.4125
v -6.5584 		-21.5467 		19.3145
v 20.2032 		-18.8987 		22.4125
v -8.0352 		9.3397 		22.4125
v 17.8928 		-20.7883 		19.2195
v -5.7824 		-20.8667 		19.1325
v 20.3744 		-18.9851 		22.3135
v -7.2192 		-21.0667 		19.2195
v 16.4432 		-20.8155 		19.1325
v -7.3744 		9.8197 		22.3135
v 17.0864 		-20.6603 		19.1325
v -6.36 		-20.2907 		19.0545
v -6.5104 		-21.2379 		19.2195
v 17.6992 		-20.4075 		19.1325
v -8.1216 		9.5109 		22.3135
v 18.0288 		7.1653 		19.0002
v 17.7265 		7.4229 		19
v 17.6493 		7.4886 		19
v -5.7824 		-20.3355 		19.0545
v -6.31 		-19.9752 		19.0207
v 16.9232 		-20.1547 		19.0545
v -9.1968 		7.4005 		19.1325
v -7.3952 		9.8805 		22.2115
v -6.1171 		-20.0477 		19.0267
v -5.7824 		-20.1277 		19.0324
v -6.1584 		-20.0379 		19.026
v 17.4576 		-19.9339 		19.0545
v -8.152 		-21.2955 		19.5155
v -9.544 		6.8357 		19.1325
v -5.4416 		-20.2091 		19.0411
v -4.7072 		-20.2683 		19.0473
v 20.432 		-19.0155 		22.2115
v 17.9504 		7.9045 		22.6725
v 19.2912 		6.0597 		19.0545
v 17.9504 		-19.6315 		19.0545
v -8.392 		7.5285 		19.0545
v -7.0864 		8.9333 		22.5945
v 17.2412 		7.7827 		22.7229
v -8.768 		7.0869 		19.0545
v -7.6992 		8.6805 		22.5945
v 19.0704 		6.5941 		19.0545
v 16.7985 		-19.7734 		19.012
v -10.0032 		-16.6459 		22.5945
v 16.5759 		-19.8654 		19.0159
v 19.7968 		-19.5627 		22.4125
v 17.4576 		8.2069 		22.6725
v -10.432 		-16.6459 		22.5075
v 17.4672 		7.6437 		22.723
v -7.8928 		9.0613 		22.5075
v 16.84 		-19.7563 		19.012
v 17.1049 		-19.5934 		19.0067
v 19.952 		-19.6747 		22.3135
v -10.744 		-16.6459 		22.4125
v 18.7299 		6.2414 		19.0067
v 17.2412 		-19.5096 		19.004
v -10.936 		-16.6459 		22.3135
v 18.6461 		6.3777 		19.004
v -8.5152 		8.6805 		22.5075
v -8.0288 		-18.8923 		22.7268
v 18.4286 		6.696 		19.0019
v 18.3521 		6.7859 		19
v -8.6992 		8.9333 		22.4125
v 17.1049 		7.8665 		22.7202
v -8.2864 		6.863 		19
v -9.952 		-17.3067 		22.5945
v 18.5072 		6.6037 		19.004
v 16.9232 		8.4277 		22.6725
v -10.3744 		-17.3739 		22.5075
v -7.9504 		-18.9591 		22.7268
v 18.1216 		-21.2379 		22.3135
v -8.8112 		9.0885 		22.3135
v 16.7985 		8.0465 		22.715
v -9.4272 		8.5637 		22.3135
v 16.84 		8.0293 		22.715
v -10.6832 		-17.4219 		22.4125
v 19.4272 		5.4965 		19.0545
v -8.152 		9.5685 		22.2115
v 18.152 		-21.2955 		22.2115
v -7.6493 		-19.2155 		22.7269
v -10.872 		-17.4523 		22.3135
v 20.0032 		-19.7131 		22.2115
v -8.8496 		9.1397 		22.2115
v 16.5759 		8.1384 		22.711
v -9.0704 		6.5941 		19.0545
v 18.3521 		-18.5128 		22.7269
v -7.4672 		-19.3707 		22.723
v -9.472 		8.6085 		22.2115
v 16.5104 		-21.2379 		22.5075
v -7.5595 		-19.2921 		22.725
v 18.6461 		-18.1047 		22.7229
v -10.936 		-17.4619 		22.2115
v -9.2912 		6.0597 		19.0545
v 17.2192 		-21.0667 		22.5075
v 19.0704 		-18.3211 		22.6725
v 18.5072 		-18.3307 		22.723
v 18.4286 		-18.4229 		22.725
v 16.5584 		-21.5467 		22.4125
v 17.3152 		-21.3659 		22.4125
v -9.4272 		5.4965 		19.0545
v 18.0352 		-21.0667 		22.4125
v 19.1744 		5.2949 		19.0261
v 19.1118 		5.4466 		19.0207
v -9.2912 		-17.7867 		22.6725
v 19.0019 		5.7124 		19.0159
v 18.9099 		5.935 		19.012
v -10.936 		-17.4619 		19.5155
v -8.3521 		6.7859 		19
v -8.6461 		-18.1047 		22.7229
v 16.5888 		-21.7355 		22.3135
v -10.936 		-16.6459 		19.4135
v -10.872 		-17.4523 		19.4135
v -9.0704 		-18.3211 		22.6725
v 18.7299 		-17.9684 		22.7202
v -8.8177 		-17.8256 		22.7174
v -8.5072 		6.6037 		19.004
v -8.5748 		6.4938 		19.004
v 17.3744 		-21.5467 		22.3135
v 18.8928 		5.9765 		19.012
v 19.2912 		-17.7867 		22.6725
v -8.6461 		6.3777 		19.004
v -8.5748 		-18.2208 		22.7229
v -10.6832 		-17.4219 		19.3145
v 20.0032 		4.9189 		22.5945
v -10.744 		-16.6459 		19.3145
v -8.9099 		5.935 		19.012
v 16.5984 		-21.7995 		22.2115
v 20.432 		4.9189 		22.5075
v -8.8928 		5.9765 		19.012
v -8.8177 		6.0986 		19.0095
v -10.432 		-16.6459 		19.2195
v -10.3744 		-17.3739 		19.2195
v -8.3521 		-18.5128 		22.7269
v -8.5072 		-18.3307 		22.723
v 19.544 		-18.5627 		22.5945
v 17.3952 		-21.6075 		22.2115
v -9.0153 		5.6799 		19.0165
v 18.0288 		7.1653 		22.7268
v -9.952 		-17.3067 		19.1325
v -10.0032 		-16.6459 		19.1325
v -9.1118 		5.4466 		19.0207
v 18.152 		-21.2955 		19.5155
v 17.9504 		7.2321 		22.7268
v 18.1216 		-21.2379 		19.4135
v -6.5434 		8.1519 		22.7104
v -9.544 		-18.5627 		22.5945
v -6.9232 		8.4277 		22.6725
v -6.7985 		8.0465 		22.715
v 16.5984 		-21.7995 		19.5155
v 17.3952 		-21.6075 		19.5155
v -7.2412 		7.7827 		22.7229
v 17.6493 		7.4886 		22.7269
v 16.5888 		-21.7355 		19.4135
v -9.7968 		-17.9499 		22.5945
v -7.4576 		8.2069 		22.6725
v 17.3744 		-21.5467 		19.4135
v 18.392 		-19.2555 		22.6725
v -6.9621 		7.9543 		22.7174
v -10.2032 		-18.0827 		22.5075
v 17.5595 		7.5651 		22.725
v -6.84 		8.0293 		22.715
v -9.9248 		-18.7563 		22.5075
v 18.0956 		-18.8139 		22.7268
v -8.768 		-18.8139 		22.6725
v 20.744 		4.9189 		22.4125
v -7.3573 		7.7113 		22.7229
v -10.5024 		-18.1787 		22.4125
v -8.2864 		-18.5899 		22.7269
v 20.936 		4.9189 		22.3135
v -7.9504 		7.9045 		22.6725
v -9.1843 		5.2536 		19.0267
v 16.5584 		-21.5467 		19.3145
v 18.768 		-18.8139 		22.6725
v 17.3152 		-21.3659 		19.3145
v -10.2032 		-18.8987 		22.4125
v -8.392 		-19.2555 		22.6725
v -7.4672 		7.6437 		22.723
v 18.0352 		-21.0667 		19.3145
v -9.1744 		5.2949 		19.026
v 16.5104 		-21.2379 		19.2195
v -10.6832 		-18.2379 		22.3135
v 17.2192 		-21.0667 		19.2195
v 19.2912 		6.0597 		22.6725
v -9.1968 		-19.1275 		22.5945
v -10.3744 		-18.9851 		22.3135
v 18.6461 		6.3777 		22.7229
v -9.2206 		5.1016 		22.6976
v 19.0704 		6.5941 		22.6725
v 19.1968 		-19.1275 		22.5945
v 18.8177 		6.0986 		22.7174
v -9.544 		-19.3787 		22.5075
v -9.472 		4.9189 		22.6725
v 19.2642 		4.9189 		22.6945
v 19.3456 		4.5781 		22.6859
v -10.744 		-18.2587 		22.2115
v 19.4048 		3.8437 		22.6796
v -9.2642 		4.9189 		22.6945
v -10.432 		-19.0155 		22.2115
v 15.7824 		-20.1277 		22.6945
v 15.4416 		-20.2091 		22.6859
v 14.7072 		-20.2683 		22.6796
v 19.472 		4.9189 		22.6725
v -9.4032 		3.8437 		22.6798
v -9.3456 		4.5781 		22.6859
v 19.544 		-19.3787 		22.5075
v 15.7824 		-20.3355 		22.6725
v 18.5748 		6.4938 		22.7229
v 16.31 		-19.9752 		22.7063
v -9.7968 		-19.5627 		22.4125
v -9.952 		-19.6747 		22.3135
v 16.36 		-20.2907 		22.6725
v 16.1584 		-20.0379 		22.7009
v 20.936 		4.9189 		19.4135
v -10.0032 		-19.7131 		22.2115
v 16.1171 		-20.0477 		22.7002
v 18.3521 		6.7859 		22.7269
v 18.5072 		6.6037 		22.723
v -9.472 		4.9189 		19.0545
v 20.744 		4.9189 		19.3145
v 17.6493 		-19.2155 		22.7269
v 17.4672 		-19.3707 		22.723
v 20.432 		4.9189 		19.2195
v -9.2642 		4.9189 		19.0324
v -9.3456 		4.5781 		19.0411
v -9.4032 		3.8437 		19.0472
v 20.0032 		4.9189 		19.1325
v 18.0288 		-18.8923 		22.7268
v -10.744 		-18.2587 		19.5155
v -10.432 		-19.0155 		19.5155
v -10.6832 		-18.2379 		19.4135
v 17.7265 		-19.1498 		22.7269
v -10.3744 		-18.9851 		19.4135
v 19.472 		4.9189 		19.0545
v -7.9504 		-19.6315 		22.6725
v 19.2642 		4.9189 		19.0324
v -7.2412 		-19.5096 		22.7229
v 15.7824 		-20.8667 		22.5945
v 19.3456 		4.5781 		19.0411
v -7.6493 		7.4886 		22.7269
v 19.4048 		3.8437 		19.0473
v -7.4576 		-19.9339 		22.6725
v 19.2206 		5.1016 		19.0294
v -9.9248 		7.0293 		22.5075
v -8.0288 		7.1653 		22.7268
v -9.7968 		7.8357 		22.4125
v -10.2032 		7.1717 		22.4125
v -7.7265 		7.4229 		22.7269
v -10.5024 		-18.1787 		19.3145
v -10.2032 		-18.8987 		19.3145
v -9.952 		7.9477 		22.3135
v 19.1118 		5.4466 		22.7063
v -10.3744 		7.2581 		22.3135
v -7.1049 		-19.5934 		22.7202
v 19.4272 		5.4965 		22.6725
v 19.1744 		5.2949 		22.7009
v -8.0956 		7.0869 		22.7268
v 19.1843 		5.2536 		22.7002
v -10.0032 		7.9861 		22.2115
v -6.9232 		-20.1547 		22.6725
v -10.432 		7.2885 		22.2115
v 18.0288 		-18.8923 		21.9355
v -6.7985 		-19.7734 		22.715
v -6.84 		-19.7563 		22.715
v 18.264 		-20.0603 		22.5945
v -9.7968 		6.2229 		22.5945
v 18.768 		-19.6315 		22.5945
v -6.5759 		-19.8654 		22.711
v 19.0153 		5.6799 		22.7104
v -10.2032 		6.3557 		22.5075
v -8.264 		8.3333 		22.5945
v 19.0704 		-19.9339 		22.5075
v -10.5024 		6.4517 		22.4125
v -8.768 		7.9045 		22.5945
v 19.2912 		-20.1547 		22.4125
v 18.9099 		5.935 		22.715
v -9.0704 		8.2069 		22.5075
v -7.6992 		-20.4075 		22.5945
v -10.6832 		6.5109 		22.3135
v -9.544 		7.6517 		22.5075
v 18.8928 		5.9765 		22.715
v -10.744 		6.5317 		22.2115
v -9.2912 		8.4277 		22.4125
v -7.0864 		-20.6603 		22.5945
v 18.5152 		-20.4075 		22.5075
v -10.2032 		-18.0827 		19.2195
v -9.952 		5.5797 		22.5945
v -9.9248 		-18.7563 		19.2195
v 18.6992 		-20.6603 		22.4125
v -10.3744 		5.6469 		22.5075
v 15.7824 		-20.8667 		19.1325
v -9.7968 		-17.9499 		19.1325
v -10.6832 		5.6949 		22.4125
v 15.7824 		-20.3355 		19.0545
v 16.36 		-20.2907 		19.0545
v 18.8112 		-20.8155 		22.3135
v 19.4272 		-20.2907 		22.3135
v -7.8928 		-20.7883 		22.5075
v 18.8496 		-20.8667 		22.2115
v -10.872 		5.7253 		22.3135
v -10.0032 		-19.7131 		19.5155
v 19.472 		-20.3355 		22.2115
v -10.936 		5.7349 		22.2115
v -9.952 		-19.6747 		19.4135
v -8.392 		7.5285 		22.6725
v -9.7968 		-19.5627 		19.3145
v -8.768 		7.0869 		22.6725
v 15.7824 		-20.1277 		19.0324
v -10.0032 		7.9861 		19.5155
v -8.768 		-19.6315 		22.5945
v 15.4416 		-20.2091 		19.0411
v -10.432 		7.2885 		19.5155
v 14.7072 		-20.2683 		19.0473
v -9.952 		7.9477 		19.4135
v 15.965 		-20.0841 		19.0294
v 17.2412 		-19.5096 		22.7229
v -8.264 		-20.0603 		22.5945
v -10.3744 		7.2581 		19.4135
v 16.36 		8.5637 		22.6725
v 19.472 		8.6085 		19.5155
v 18.8496 		9.1397 		19.5155
v 17.4576 		-19.9339 		22.6725
v 16.1584 		-20.0379 		19.0261
v 16.31 		-19.9752 		19.0207
v 18.152 		9.5685 		19.5155
v -9.0704 		-19.9339 		22.5075
v 19.4272 		8.5637 		19.4135
v -9.7968 		7.8357 		19.3145
v 15.7824 		8.6085 		22.6725
v 18.8112 		9.0885 		19.4135
v -9.1968 		7.4005 		22.5945
v -10.2032 		7.1717 		19.3145
v 14.7072 		8.5397 		22.6798
v 15.4416 		8.4821 		22.6859
v -9.2912 		-20.1547 		22.4125
v -9.544 		6.8357 		22.5945
v -9.9248 		7.0293 		19.2195
v 15.7824 		9.1397 		22.5945
v 15.7824 		-21.2955 		22.5075
v 15.7824 		9.5685 		22.5075
v 15.7824 		9.8805 		22.4125
v 15.7824 		-21.6075 		22.4125
v -10.744 		6.5317 		19.5155
v -8.5152 		-20.4075 		22.5075
v -10.936 		5.7349 		19.5155
v -10.6832 		6.5109 		19.4135
v 15.7824 		-21.7995 		22.3135
v 15.7824 		10.0725 		22.3135
v -10.872 		5.7253 		19.4135
v -8.6461 		6.3777 		22.7229
v -8.6992 		-20.6603 		22.4125
v -10.5024 		6.4517 		19.3145
v 15.7824 		-21.7995 		19.4135
v -9.4272 		-20.2907 		22.3135
v -10.6832 		5.6949 		19.3145
v -9.0704 		6.5941 		22.6725
v 15.7824 		-21.6075 		19.3145
v -8.8112 		-20.8155 		22.3135
v 15.7824 		-21.2955 		19.2195
v -9.472 		-20.3355 		22.2115
v -8.8496 		-20.8667 		22.2115
v -8.0956 		-18.8139 		19.0002
v -8.0288 		-18.8923 		19.0002
v -7.6493 		-19.2155 		19
v -7.7265 		-19.1498 		19
v -7.4672 		-19.3707 		19.004
v -9.544 		-18.5627 		19.1325
v -9.2912 		-17.7867 		19.0545
v -9.0704 		-18.3211 		19.0545
v -8.7299 		-17.9684 		19.0067
v -8.6461 		-18.1047 		19.004
v -8.4286 		-18.4229 		19.0019
v -8.3521 		-18.5128 		19
v -8.5072 		-18.3307 		19.004
v -9.544 		-19.3787 		19.2195
# 777 vertices

g group_3_11107152

usemtl color_11107152
s 0

f 2141 	2155 	2140
f 2147 	2860 	2145
f 2153 	2149 	2151
f 2148 	2140 	2155
f 2158 	2163 	2160
f 2154 	2142 	2381
f 2163 	2165 	2160
f 2162 	2169 	2144
f 2143 	2224 	2145
f 2161 	2225 	2143
f 2875 	2212 	2161
f 2229 	2221 	2145
f 2159 	2144 	2169
f 2157 	2176 	2152
f 2407 	2883 	2399
f 2831 	2181 	2178
f 2596 	2590 	2181
f 2183 	2184 	2177
f 2167 	2191 	2168
f 2207 	2186 	2180
f 2164 	2636 	2188
f 2187 	2191 	2167
f 2177 	2184 	2179
f 2179 	2174 	2171
f 2140 	2185 	2841
f 2166 	2164 	2188
f 2734 	2729 	2159
f 2184 	2174 	2179
f 2140 	2886 	2141
f 2150 	2203 	2183
f 2193 	2141 	2886
f 2166 	2188 	2826
f 2193 	2653 	2141
f 2192 	2171 	2208
f 2739 	2765 	2729
f 2189 	2196 	2190
f 2184 	2207 	2180
f 2194 	2653 	2193
f 2721 	2683 	2172
f 2195 	2196 	2189
f 2184 	2180 	2174
f 2142 	2198 	2871
f 2201 	2598 	2857
f 2598 	2594 	2857
f 2149 	2202 	2151
f 2871 	2198 	2150
f 2151 	2202 	2197
f 2904 	2176 	2903
f 2157 	2903 	2176
f 2206 	2192 	2208
f 2198 	2203 	2150
f 2224 	2196 	2195
f 2203 	2207 	2183
f 2203 	2223 	2207
f 2218 	2223 	2203
f 2183 	2207 	2184
f 2213 	2196 	2212
f 2154 	2215 	2142
f 2169 	2807 	2828
f 2209 	2216 	2211
f 2169 	2828 	2159
f 2209 	2214 	2216
f 2211 	2216 	2379
f 2215 	2198 	2142
f 2215 	2218 	2198
f 2224 	2143 	2225
f 2154 	2231 	2215
f 2170 	2159 	2828
f 2198 	2218 	2203
f 2219 	2259 	2210
f 2196 	2224 	2225
f 2220 	2228 	2217
f 2227 	2216 	2214
f 2224 	2195 	2229
f 2221 	2229 	2195
f 2223 	2186 	2207
f 2225 	2212 	2196
f 2214 	2222 	2227
f 2898 	2416 	2900
f 2229 	2145 	2224
f 2226 	2245 	2230
f 2683 	2679 	2175
f 2175 	2172 	2683
f 2144 	2668 	2162
f 2242 	2245 	2226
f 2533 	2617 	2530
f 2541 	2147 	2221
f 2219 	2483 	2230
f 2219 	2236 	2259
f 2231 	2237 	2215
f 2230 	2236 	2219
f 2222 	2238 	2244
f 2215 	2237 	2218
f 2237 	2189 	2218
f 2238 	2267 	2244
f 2237 	2195 	2189
f 2230 	2246 	2236
f 2244 	2227 	2222
f 2189 	2223 	2218
f 2245 	2246 	2230
f 2178 	2590 	2170
f 2243 	2249 	2384
f 2246 	2272 	2236
f 2178 	2181 	2590
f 2189 	2190 	2223
f 2252 	2248 	2250
f 2223 	2190 	2186
f 2247 	2254 	2251
f 2239 	2250 	2248
f 2861 	2862 	2245
f 2861 	2245 	2242
f 2384 	2249 	2220
f 2254 	2247 	2253
f 2862 	2246 	2245
f 2254 	2255 	2251
f 2228 	2220 	2257
f 2248 	2252 	2261
f 2256 	2261 	2252
f 2395 	2227 	2244
f 2274 	2254 	2253
f 2259 	2236 	2266
f 2239 	2248 	2263
f 2254 	2277 	2255
f 2236 	2272 	2266
f 2259 	2266 	2260
f 2646 	2263 	2248
f 2409 	2174 	2180
f 2265 	2273 	2268
f 2608 	2248 	2261
f 2409 	2180 	2186
f 2265 	2270 	2273
f 2418 	2186 	2190
f 2167 	2711 	2187
f 2427 	2418 	2196
f 2190 	2196 	2418
f 2213 	2427 	2196
f 2271 	2274 	2253
f 2463 	2460 	2263
f 2277 	2254 	2274
f 2274 	2290 	2277
f 2270 	2279 	2273
f 2257 	2220 	2249
f 2263 	2646 	2278
f 2362 	2882 	2364
f 2275 	2279 	2270
f 2276 	2262 	2258
f 2206 	2364 	2192
f 2281 	2262 	2276
f 2208 	2171 	2174
f 2280 	2260 	2286
f 2283 	2288 	2271
f 2284 	2264 	2281
f 2283 	2296 	2288
f 2280 	2286 	2282
f 2284 	2269 	2264
f 2275 	2389 	2279
f 2446 	2289 	2285
f 2292 	2269 	2284
f 2275 	2287 	2389
f 2285 	2289 	2214
f 2271 	2288 	2274
f 2294 	2286 	2260
f 2281 	2264 	2262
f 2288 	2290 	2274
f 2285 	2214 	2209
f 2287 	2415 	2423
f 2266 	2294 	2260
f 2889 	2192 	2364
f 2289 	2293 	2222
f 2297 	2249 	2291
f 2292 	2295 	2187
f 2301 	2290 	2288
f 2412 	2409 	2186
f 2266 	2300 	2294
f 2291 	2249 	2243
f 2412 	2186 	2418
f 2293 	2238 	2222
f 2289 	2222 	2214
f 2272 	2300 	2266
f 2292 	2187 	2269
f 2296 	2301 	2288
f 2213 	2448 	2427
f 2298 	2304 	2299
f 2303 	2257 	2306
f 2187 	2295 	2377
f 2298 	2302 	2304
f 2293 	2370 	2238
f 2299 	2304 	2270
f 2307 	2306 	2257
f 2249 	2307 	2257
f 2308 	2359 	2346
f 2299 	2270 	2265
f 2297 	2307 	2249
f 2257 	2303 	2312
f 2199 	2593 	2205
f 2270 	2304 	2275
f 2563 	2555 	2312
f 2305 	2323 	2314
f 2302 	2317 	2304
f 2313 	2319 	2610
f 2318 	2267 	2238
f 2302 	2315 	2317
f 2313 	2282 	2319
f 2317 	2275 	2304
f 2306 	2805 	2303
f 2280 	2282 	2313
f 2455 	2210 	2327
f 2629 	2778 	2291
f 2907 	2629 	2291
f 2255 	2320 	2251
f 2316 	2325 	2324
f 2320 	2331 	2322
f 2320 	2255 	2331
f 2280 	2313 	2309
f 2322 	2334 	2326
f 2309 	2327 	2280
f 2267 	2318 	2333
f 2329 	2387 	2323
f 2331 	2334 	2322
f 2328 	2335 	2337
f 2318 	2321 	2333
f 2310 	2662 	2325
f 2259 	2327 	2210
f 2260 	2280 	2327
f 2336 	2646 	2657
f 2328 	2337 	2332
f 2259 	2260 	2327
f 2316 	2324 	2339
f 2323 	2342 	2329
f 2255 	2340 	2331
f 2462 	2267 	2333
f 2246 	2177 	2272
f 2341 	2342 	2323
f 2177 	2300 	2272
f 2277 	2340 	2255
f 2179 	2171 	2300
f 2171 	2192 	2300
f 2331 	2340 	2500
f 2233 	2261 	2343
f 2338 	2339 	2324
f 2338 	2324 	2346
f 2761 	2330 	2315
f 2315 	2330 	2348
f 2500 	2334 	2331
f 2317 	2315 	2348
f 2317 	2287 	2275
f 2362 	2510 	2347
f 2349 	2353 	2345
f 2317 	2348 	2287
f 2277 	2354 	2340
f 2485 	2342 	2341
f 2290 	2354 	2277
f 2338 	2346 	2352
f 2330 	2358 	2348
f 2330 	2357 	2358
f 2355 	2321 	2351
f 2347 	2882 	2362
f 2335 	2360 	2337
f 2360 	2335 	2356
f 2290 	2532 	2354
f 2361 	2365 	2349
f 2352 	2346 	2359
f 2889 	2364 	2882
f 2349 	2365 	2353
f 2321 	2355 	2363
f 2353 	2226 	2483
f 2365 	2226 	2353
f 2232 	2671 	2235
f 2276 	2258 	2324
f 2346 	2324 	2258
f 2350 	2638 	2351
f 2355 	2656 	2363
f 2458 	2499 	2308
f 2361 	2367 	2368
f 2206 	2531 	2364
f 2366 	2369 	2356
f 2499 	2490 	2352
f 2359 	2499 	2352
f 2650 	2241 	2658
f 2375 	2384 	2366
f 2486 	2370 	2293
f 2361 	2368 	2365
f 2482 	2479 	2316
f 2493 	2482 	2339
f 2325 	2316 	2479
f 2316 	2339 	2482
f 2387 	2472 	2373
f 2366 	2384 	2369
f 2447 	2305 	2314
f 2311 	2474 	2656
f 2211 	2377 	2535
f 2360 	2356 	2369
f 2206 	2208 	2247
f 2187 	2377 	2191
f 2369 	2217 	2360
f 2448 	2305 	2447
f 2299 	2265 	2402
f 2369 	2220 	2217
f 2384 	2220 	2369
f 2268 	2368 	2367
f 2265 	2268 	2367
f 2268 	2273 	2868
f 2318 	2238 	2370
f 2373 	2314 	2323
f 2368 	2268 	2861
f 2370 	2371 	2318
f 2372 	2378 	2296
f 2273 	2279 	2381
f 2211 	2379 	2377
f 2383 	2191 	2377
f 2377 	2379 	2383
f 2296 	2378 	2301
f 2382 	2345 	2376
f 2379 	2393 	2383
f 2385 	2387 	2329
f 2329 	2374 	2385
f 2390 	2381 	2279
f 2216 	2227 	2391
f 2227 	2395 	2391
f 2279 	2389 	2390
f 2321 	2371 	2386
f 2378 	2388 	2301
f 2152 	2176 	2375
f 2379 	2216 	2391
f 2390 	2154 	2381
f 2373 	2323 	2387
f 2393 	2379 	2391
f 2375 	2243 	2384
f 2391 	2400 	2393
f 2392 	2349 	2382
f 2176 	2243 	2375
f 2392 	2361 	2349
f 2382 	2349 	2345
f 2321 	2318 	2371
f 2397 	2390 	2389
f 2394 	2372 	2396
f 2687 	2690 	2396
f 2703 	2405 	2690
f 2419 	2398 	2392
f 2385 	2475 	2387
f 2314 	2373 	2447
f 2390 	2397 	2401
f 2398 	2361 	2392
f 2256 	2343 	2261
f 2174 	2404 	2208
f 2406 	2372 	2405
f 2401 	2154 	2390
f 2404 	2253 	2208
f 2398 	2367 	2361
f 2372 	2394 	2405
f 2401 	2231 	2154
f 2344 	2386 	2403
f 2253 	2404 	2271
f 2398 	2402 	2367
f 2380 	2403 	2386
f 2405 	2703 	2406
f 2208 	2253 	2247
f 2396 	2476 	2687
f 2404 	2174 	2409
f 2438 	2403 	2380
f 2372 	2406 	2378
f 2411 	2378 	2406
f 2409 	2271 	2404
f 2351 	2386 	2350
f 2344 	2350 	2386
f 2412 	2283 	2409
f 2386 	2351 	2321
f 2413 	2410 	2666
f 2413 	2382 	2410
f 2403 	2803 	2344
f 2438 	2803 	2403
f 2409 	2283 	2271
f 2239 	2263 	2460
f 2471 	2465 	2278
f 2336 	2471 	2278
f 2278 	2463 	2263
f 2432 	2421 	2803
f 2410 	2382 	2376
f 2411 	2417 	2378
f 2898 	2414 	2416
f 2459 	2451 	2252
f 2256 	2252 	2451
f 2250 	2459 	2252
f 2412 	2420 	2283
f 2418 	2420 	2412
f 2413 	2392 	2382
f 2415 	2433 	2423
f 2400 	2391 	2395
f 2419 	2392 	2413
f 2422 	2900 	2416
f 2244 	2267 	2426
f 2389 	2287 	2423
f 2343 	2477 	2233
f 2420 	2296 	2283
f 2707 	2425 	2419
f 2423 	2397 	2389
f 2398 	2419 	2425
f 2703 	2700 	2406
f 2700 	2693 	2406
f 2424 	2570 	2428
f 2549 	2900 	2422
f 2427 	2429 	2418
f 2476 	2475 	2374
f 2374 	2687 	2476
f 2394 	2690 	2405
f 2385 	2374 	2475
f 2427 	2472 	2429
f 2378 	2439 	2388
f 2418 	2429 	2420
f 2434 	2388 	2439
f 2438 	2380 	2432
f 2378 	2417 	2439
f 2426 	2395 	2244
f 2423 	2433 	2441
f 2395 	2426 	2442
f 2443 	2431 	2473
f 2425 	2440 	2402
f 2429 	2372 	2420
f 2434 	2444 	2388
f 2395 	2442 	2400
f 2425 	2402 	2398
f 2438 	2432 	2803
f 2424 	2803 	2421
f 2423 	2441 	2397
f 2426 	2267 	2462
f 2420 	2372 	2296
f 2443 	2435 	2431
f 2467 	2442 	2426
f 2462 	2467 	2426
f 2435 	2443 	2407
f 2402 	2440 	2299
f 2298 	2299 	2440
f 2285 	2843 	2446
f 2367 	2402 	2265
f 2448 	2447 	2427
f 2338 	2489 	2339
f 2435 	2407 	2399
f 2445 	2452 	2446
f 2450 	2451 	2436
f 2479 	2470 	2325
f 2449 	2452 	2445
f 2363 	2656 	2474
f 2351 	2633 	2355
f 2443 	2408 	2407
f 2289 	2446 	2452
f 2472 	2475 	2429
f 2443 	2454 	2408
f 2429 	2396 	2372
f 2417 	2719 	2439
f 2437 	2451 	2459
f 2437 	2459 	2460
f 2480 	2456 	2454
f 2388 	2444 	2579
f 2436 	2451 	2437
f 2455 	2309 	2576
f 2454 	2456 	2163
f 2213 	2305 	2448
f 2433 	2604 	2457
f 2454 	2163 	2408
f 2444 	2434 	2789
f 2439 	2781 	2434
f 2437 	2460 	2463
f 2457 	2559 	2441
f 2468 	2427 	2447
f 2433 	2457 	2441
f 2455 	2453 	2210
f 2468 	2472 	2427
f 2466 	2210 	2453
f 2474 	2333 	2363
f 2470 	2333 	2474
f 2477 	2436 	2430
f 2476 	2429 	2475
f 2321 	2363 	2333
f 2477 	2450 	2436
f 2470 	2479 	2333
f 2289 	2452 	2293
f 2469 	2478 	2480
f 2250 	2239 	2459
f 2463 	2278 	2465
f 2460 	2459 	2239
f 2530 	2626 	2541
f 2476 	2396 	2429
f 2478 	2491 	2480
f 2353 	2483 	2464
f 2451 	2450 	2256
f 2450 	2477 	2256
f 2343 	2256 	2477
f 2469 	2480 	2473
f 2482 	2462 	2479
f 2430 	2233 	2477
f 2680 	2685 	2559
f 2464 	2483 	2466
f 2473 	2454 	2443
f 2472 	2387 	2475
f 2468 	2373 	2472
f 2447 	2373 	2468
f 2466 	2219 	2210
f 2333 	2479 	2462
f 2449 	2481 	2486
f 2341 	2347 	2485
f 2473 	2480 	2454
f 2219 	2466 	2483
f 2449 	2486 	2452
f 2490 	2467 	2489
f 2488 	2401 	2397
f 2485 	2492 	2342
f 2462 	2489 	2467
f 2293 	2452 	2486
f 2226 	2230 	2483
f 2441 	2488 	2397
f 2462 	2482 	2493
f 2462 	2493 	2489
f 2456 	2480 	2491
f 2488 	2494 	2401
f 2481 	2720 	2495
f 2365 	2368 	2242
f 2491 	2504 	2515
f 2515 	2516 	2491
f 2368 	2861 	2242
f 2481 	2498 	2486
f 2484 	2487 	2497
f 2242 	2226 	2365
f 2458 	2467 	2499
f 2496 	2497 	2487
f 2481 	2495 	2498
f 2496 	2487 	2501
f 2456 	2516 	2163
f 2486 	2498 	2370
f 2490 	2499 	2467
f 2401 	2494 	2231
f 2359 	2308 	2499
f 2487 	2527 	2501
f 2496 	2567 	2497
f 2338 	2352 	2490
f 2489 	2338 	2490
f 2493 	2339 	2489
f 2231 	2503 	2237
f 2504 	2491 	2478
f 2500 	2340 	2505
f 2310 	2325 	2470
f 2311 	2310 	2470
f 2474 	2311 	2470
f 2494 	2503 	2231
f 2501 	2506 	2496
f 2340 	2354 	2505
f 2504 	2571 	2515
f 2485 	2347 	2510
f 2503 	2195 	2237
f 2456 	2491 	2516
f 2507 	2495 	2548
f 2165 	2163 	2516
f 2544 	2492 	2485
f 2514 	2498 	2495
f 2512 	2506 	2501
f 2511 	2512 	2501
f 2495 	2507 	2514
f 2510 	2544 	2485
f 2498 	2514 	2371
f 2441 	2560 	2488
f 2509 	2281 	2276
f 2514 	2386 	2371
f 2517 	2281 	2509
f 2362 	2364 	2525
f 2514 	2380 	2386
f 2561 	2521 	2488
f 2498 	2371 	2370
f 2515 	2520 	2526
f 2527 	2487 	2519
f 2525 	2510 	2362
f 2524 	2284 	2517
f 2380 	2507 	2578
f 2515 	2526 	2516
f 2505 	2508 	2500
f 2516 	2414 	2165
f 2578 	2432 	2380
f 2516 	2526 	2414
f 2779 	2501 	2527
f 2517 	2284 	2281
f 2488 	2522 	2494
f 2528 	2494 	2522
f 2519 	2399 	2527
f 2519 	2435 	2399
f 2524 	2292 	2284
f 2779 	2527 	2399
f 2364 	2531 	2525
f 2532 	2290 	2301
f 2529 	2292 	2524
f 2530 	2503 	2533
f 2506 	2568 	2496
f 2512 	2573 	2506
f 2536 	2533 	2503
f 2531 	2566 	2525
f 2526 	2416 	2414
f 2569 	2563 	2497
f 2494 	2536 	2503
f 2529 	2295 	2292
f 2537 	2505 	2354
f 2529 	2535 	2295
f 2360 	2217 	2538
f 2574 	2573 	2511
f 2528 	2536 	2494
f 2568 	2506 	2573
f 2532 	2537 	2354
f 2531 	2206 	2247
f 2518 	2540 	2520
f 2312 	2303 	2809
f 2805 	2804 	2303
f 2380 	2514 	2507
f 2503 	2530 	2541
f 2538 	2540 	2518
f 2540 	2545 	2520
f 2221 	2195 	2541
f 2540 	2556 	2545
f 2544 	2547 	2492
f 2551 	2556 	2540
f 2545 	2526 	2520
f 2503 	2541 	2195
f 2542 	2524 	2517
f 2543 	2549 	2556
f 2545 	2416 	2526
f 2546 	2524 	2542
f 2543 	2562 	2549
f 2502 	2453 	2523
f 2555 	2562 	2543
f 2556 	2549 	2422
f 2217 	2551 	2538
f 2525 	2553 	2510
f 2581 	2606 	2528
f 2528 	2522 	2581
f 2591 	2581 	2522
f 2521 	2591 	2522
f 2539 	2453 	2502
f 2538 	2551 	2540
f 2555 	2543 	2228
f 2532 	2301 	2388
f 2561 	2702 	2521
f 2553 	2544 	2510
f 2453 	2455 	2523
f 2228 	2257 	2555
f 2544 	2558 	2547
f 2545 	2422 	2416
f 2579 	2532 	2388
f 2556 	2422 	2545
f 2461 	2579 	2444
f 2576 	2523 	2455
f 2553 	2558 	2544
f 2561 	2488 	2560
f 2835 	2549 	2562
f 2532 	2579 	2537
f 2551 	2217 	2228
f 2534 	2376 	2345
f 2558 	2614 	2547
f 2507 	2548 	2557
f 2228 	2543 	2551
f 2534 	2464 	2539
f 2543 	2556 	2551
f 2560 	2441 	2559
f 2257 	2312 	2555
f 2878 	2869 	2508
f 2522 	2488 	2521
f 2547 	2614 	2605
f 2345 	2464 	2534
f 2464 	2466 	2539
f 2537 	2565 	2505
f 2531 	2247 	2566
f 2539 	2466 	2453
f 2550 	2546 	2588
f 2568 	2562 	2567
f 2560 	2694 	2561
f 2525 	2566 	2553
f 2345 	2353 	2464
f 2588 	2595 	2550
f 2555 	2567 	2562
f 2505 	2565 	2508
f 2550 	2529 	2546
f 2564 	2554 	2552
f 2603 	2758 	2604
f 2554 	2564 	2570
f 2567 	2555 	2569
f 2563 	2569 	2555
f 2902 	2332 	2571
f 2902 	2571 	2504
f 2546 	2529 	2524
f 2337 	2518 	2332
f 2558 	2625 	2614
f 2337 	2538 	2518
f 2348 	2415 	2287
f 2595 	2575 	2550
f 2559 	2457 	2680
f 2518 	2571 	2332
f 2348 	2358 	2415
f 2565 	2572 	2508
f 2571 	2520 	2515
f 2557 	2554 	2570
f 2518 	2520 	2571
f 2538 	2337 	2360
f 2507 	2557 	2578
f 2550 	2575 	2535
f 2329 	2342 	2580
f 2557 	2570 	2578
f 2261 	2734 	2586
f 2550 	2535 	2529
f 2170 	2590 	2586
f 2285 	2209 	2575
f 2584 	2358 	2577
f 2148 	2185 	2140
f 2565 	2537 	2582
f 2535 	2575 	2211
f 2209 	2211 	2575
f 2580 	2342 	2492
f 2295 	2535 	2377
f 2585 	2564 	2587
f 2592 	2580 	2492
f 2537 	2579 	2582
f 2584 	2415 	2358
f 2492 	2547 	2592
f 2580 	2592 	2583
f 2415 	2584 	2433
f 2564 	2585 	2593
f 2564 	2593 	2594
f 2750 	2204 	2865
f 2574 	2562 	2573
f 2568 	2573 	2562
f 2591 	2589 	2581
f 2512 	2511 	2573
f 2570 	2594 	2598
f 2547 	2605 	2592
f 2564 	2594 	2570
f 2568 	2567 	2496
f 2569 	2497 	2567
f 2185 	2599 	2596
f 2597 	2577 	2661
f 2421 	2578 	2424
f 2804 	2809 	2303
f 2566 	2247 	2251
f 2320 	2620 	2251
f 2627 	2635 	2572
f 2570 	2424 	2578
f 2600 	2584 	2597
f 2596 	2181 	2185
f 2577 	2597 	2584
f 2598 	2428 	2570
f 2592 	2601 	2583
f 2148 	2634 	2599
f 2578 	2421 	2432
f 2599 	2185 	2148
f 2584 	2603 	2433
f 2604 	2433 	2603
f 2610 	2606 	2589
f 2605 	2601 	2592
f 2586 	2608 	2261
f 2584 	2609 	2603
f 2200 	2857 	2594
f 2598 	2201 	2428
f 2199 	2200 	2594
f 2593 	2199 	2594
f 2581 	2589 	2606
f 2609 	2584 	2600
f 2590 	2611 	2586
f 2585 	2587 	2205
f 2607 	2582 	2579
f 2586 	2611 	2608
f 2602 	2718 	2612
f 2589 	2313 	2610
f 2536 	2528 	2606
f 2579 	2461 	2607
f 2609 	2759 	2603
f 2611 	2590 	2618
f 2614 	2616 	2605
f 2822 	2732 	2597
f 2661 	2822 	2597
f 2606 	2610 	2617
f 2659 	2582 	2658
f 2596 	2618 	2590
f 2629 	2907 	2632
f 2553 	2620 	2558
f 2615 	2617 	2610
f 2599 	2623 	2596
f 2599 	2634 	2623
f 2566 	2620 	2553
f 2620 	2625 	2558
f 2596 	2623 	2618
f 2624 	2575 	2595
f 2565 	2582 	2627
f 2285 	2624 	2843
f 2622 	2612 	2776
f 2285 	2575 	2624
f 2625 	2630 	2614
f 2565 	2627 	2572
f 2614 	2630 	2616
f 2626 	2615 	2610
f 2182 	2631 	2636
f 2572 	2635 	2146
f 2634 	2737 	2623
f 2636 	2164 	2182
f 2623 	2737 	2723
f 2577 	2357 	2619
f 2638 	2637 	2633
f 2639 	2637 	2638
f 2632 	2905 	2622
f 2905 	2906 	2622
f 2619 	2647 	2577
f 2642 	2149 	2146
f 2155 	2649 	2634
f 2148 	2155 	2634
f 2631 	2641 	2636
f 2576 	2309 	2589
f 2631 	2640 	2641
f 2635 	2642 	2146
f 2577 	2358 	2357
f 2636 	2641 	2643
f 2141 	2653 	2155
f 2194 	2667 	2653
f 2619 	2644 	2645
f 2197 	2673 	2194
f 2309 	2313 	2589
f 2188 	2636 	2643
f 2643 	2830 	2188
f 2628 	2715 	2639
f 2155 	2653 	2654
f 2647 	2648 	2577
f 2633 	2637 	2656
f 2607 	2650 	2582
f 2566 	2251 	2620
f 2657 	2655 	2651
f 2155 	2654 	2649
f 2619 	2645 	2647
f 2650 	2658 	2582
f 2640 	2652 	2660
f 2658 	2234 	2659
f 2662 	2656 	2637
f 2652 	2669 	2678
f 2461 	2798 	2607
f 2607 	2240 	2650
f 2648 	2661 	2577
f 2652 	2678 	2660
f 2660 	2641 	2640
f 2655 	2657 	2646
f 2646 	2336 	2278
f 2793 	2810 	2645
f 2797 	2793 	2644
f 2645 	2644 	2793
f 2651 	2655 	2664
f 2613 	2643 	2641
f 2656 	2355 	2633
f 2582 	2659 	2627
f 2663 	2627 	2659
f 2706 	2664 	2655
f 2653 	2665 	2654
f 2613 	2641 	2660
f 2643 	2613 	2837
f 2665 	2653 	2667
f 2643 	2837 	2830
f 2656 	2662 	2311
f 2655 	2726 	2706
f 2310 	2311 	2662
f 2668 	2635 	2671
f 2915 	2912 	2664
f 2667 	2673 	2674
f 2324 	2325 	2662
f 2671 	2635 	2672
f 2627 	2672 	2635
f 2455 	2327 	2309
f 2664 	2706 	2676
f 2626 	2530 	2615
f 2147 	2541 	2626
f 2145 	2221 	2147
f 2667 	2674 	2665
f 2627 	2663 	2672
f 2617 	2533 	2606
f 2660 	2621 	2613
f 2675 	2676 	2706
f 2660 	2678 	2621
f 2635 	2668 	2679
f 2669 	2691 	2678
f 2509 	2637 	2677
f 2667 	2194 	2673
f 2674 	2673 	2681
f 2160 	2691 	2158
f 2635 	2679 	2642
f 2673 	2682 	2681
f 2692 	2678 	2691
f 2513 	2523 	2680
f 2621 	2678 	2692
f 2684 	2621 	2692
f 2620 	2320 	2625
f 2322 	2625 	2320
f 2670 	2413 	2666
f 2630 	2625 	2326
f 2322 	2326 	2625
f 2670 	2419 	2413
f 2662 	2637 	2509
f 2326 	2800 	2630
f 2662 	2509 	2276
f 2374 	2329 	2687
f 2680 	2523 	2685
f 2662 	2276 	2324
f 2681 	2833 	2674
f 2684 	2449 	2445
f 2646 	2688 	2655
f 2684 	2686 	2449
f 2202 	2682 	2673
f 2197 	2202 	2673
f 2682 	2436 	2437
f 2687 	2329 	2689
f 2677 	2517 	2509
f 2686 	2481 	2449
f 2329 	2580 	2689
f 2686 	2720 	2481
f 2576 	2685 	2523
f 2682 	2437 	2681
f 2646 	2696 	2688
f 2633 	2351 	2638
f 2690 	2687 	2689
f 2726 	2655 	2688
f 2639 	2638 	2803
f 2350 	2803 	2638
f 2202 	2436 	2682
f 2696 	2646 	2248
f 2248 	2608 	2696
f 2691 	2698 	2692
f 2576 	2694 	2685
f 2608 	2611 	2701
f 2691 	2695 	2698
f 2591 	2702 	2589
f 2698 	2686 	2692
f 2697 	2693 	2700
f 2696 	2608 	2701
f 2701 	2704 	2696
f 2694 	2576 	2702
f 2710 	2914 	2675
f 2700 	2703 	2689
f 2690 	2689 	2703
f 2692 	2686 	2684
f 2589 	2702 	2576
f 2701 	2717 	2704
f 2651 	2664 	2912
f 2676 	2915 	2664
f 2657 	2651 	2911
f 2689 	2697 	2700
f 2683 	2642 	2679
f 2693 	2697 	2708
f 2712 	2708 	2697
f 2419 	2670 	2707
f 2701 	2611 	2709
f 2769 	2699 	2705
f 2711 	2425 	2707
f 2618 	2709 	2611
f 2709 	2717 	2701
f 2695 	2716 	2698
f 2718 	2602 	2710
f 2417 	2411 	2708
f 2695 	2714 	2716
f 2716 	2720 	2698
f 2591 	2521 	2702
f 2702 	2561 	2694
f 2713 	2642 	2721
f 2683 	2721 	2642
f 2604 	2513 	2457
f 2675 	2706 	2710
f 2720 	2686 	2698
f 2615 	2530 	2617
f 2536 	2606 	2533
f 2706 	2718 	2710
f 2722 	2714 	2898
f 2628 	2705 	2715
f 2708 	2712 	2719
f 2618 	2623 	2723
f 2685 	2694 	2560
f 2560 	2559 	2685
f 2722 	2724 	2714
f 2776 	2612 	2718
f 2671 	2232 	2668
f 2144 	2175 	2679
f 2679 	2668 	2144
f 2162 	2668 	2232
f 2723 	2709 	2618
f 2672 	2235 	2671
f 2663 	2659 	2891
f 2234 	2891 	2659
f 2672 	2663 	2235
f 2727 	2717 	2709
f 2714 	2724 	2716
f 2637 	2639 	2715
f 2716 	2548 	2720
f 2723 	2727 	2709
f 2716 	2724 	2548
f 2727 	2752 	2717
f 2172 	2159 	2729
f 2711 	2440 	2425
f 2720 	2548 	2495
f 2711 	2167 	2440
f 2175 	2159 	2172
f 2696 	2704 	2688
f 2298 	2440 	2168
f 2167 	2168 	2440
f 2699 	2731 	2715
f 2722 	2554 	2724
f 2729 	2713 	2172
f 2726 	2688 	2733
f 2722 	2552 	2554
f 2677 	2637 	2715
f 2724 	2557 	2548
f 2739 	2729 	2734
f 2724 	2554 	2557
f 2727 	2723 	2740
f 2733 	2688 	2704
f 2728 	2732 	2730
f 2583 	2697 	2689
f 2580 	2583 	2689
f 2737 	2740 	2723
f 2733 	2867 	2726
f 2736 	2738 	2744
f 2735 	2736 	2744
f 2715 	2731 	2677
f 2756 	2727 	2740
f 2731 	2808 	2747
f 2737 	2634 	2770
f 2770 	2740 	2737
f 2542 	2731 	2747
f 2742 	2743 	2748
f 2741 	2742 	2748
f 2747 	2546 	2542
f 2734 	2745 	2746
f 2734 	2746 	2739
f 2717 	2751 	2704
f 2728 	2730 	2749
f 2799 	2784 	2735
f 2797 	2644 	2799
f 2736 	2735 	2780
f 2542 	2677 	2731
f 2170 	2734 	2159
f 2502 	2749 	2730
f 2517 	2677 	2542
f 2736 	2780 	2738
f 2751 	2717 	2752
f 2766 	2746 	2745
f 2546 	2747 	2588
f 2746 	2766 	2739
f 2765 	2739 	2766
f 2168 	2755 	2302
f 2757 	2753 	2754
f 2753 	2750 	2754
f 2628 	2639 	2803
f 2727 	2756 	2752
f 2149 	2760 	2202
f 2168 	2302 	2298
f 2758 	2759 	2502
f 2149 	2642 	2760
f 2755 	2315 	2302
f 2350 	2344 	2803
f 2755 	2761 	2315
f 2842 	2756 	2771
f 2765 	2760 	2713
f 2642 	2713 	2760
f 2749 	2502 	2759
f 2761 	2764 	2330
f 2649 	2770 	2634
f 2771 	2740 	2770
f 2740 	2771 	2756
f 2741 	2748 	2757
f 2767 	2760 	2766
f 2765 	2766 	2760
f 2758 	2502 	2513
f 2753 	2757 	2748
f 2764 	2357 	2330
f 2745 	2767 	2766
f 2764 	2768 	2357
f 2602 	2903 	2710
f 2772 	2770 	2649
f 2676 	2675 	2913
f 2721 	2172 	2713
f 2765 	2713 	2729
f 2649 	2654 	2772
f 2768 	2619 	2357
f 2657 	2911 	2336
f 2772 	2774 	2770
f 2734 	2261 	2745
f 2233 	2745 	2261
f 2156 	2204 	2753
f 2523 	2513 	2502
f 2770 	2774 	2771
f 2436 	2202 	2760
f 2768 	2775 	2619
f 2233 	2767 	2745
f 2693 	2708 	2411
f 2719 	2417 	2708
f 2411 	2406 	2693
f 2394 	2396 	2690
f 2170 	2586 	2734
f 2748 	2182 	2753
f 2748 	2779 	2182
f 2777 	2775 	2780
f 2534 	2730 	2725
f 2760 	2767 	2436
f 2430 	2436 	2767
f 2782 	2780 	2775
f 2753 	2182 	2164
f 2767 	2233 	2430
f 2781 	2719 	2712
f 2376 	2534 	2725
f 2534 	2539 	2730
f 2632 	2783 	2629
f 2587 	2865 	2204
f 2773 	2699 	2769
f 2757 	2856 	2741
f 2754 	2864 	2757
f 2742 	2741 	2852
f 2778 	2629 	2783
f 2539 	2502 	2730
f 2742 	2852 	2743
f 2790 	2772 	2654
f 2205 	2587 	2204
f 2513 	2604 	2758
f 2680 	2457 	2513
f 2758 	2603 	2759
f 2665 	2790 	2654
f 2788 	2814 	2785
f 2775 	2777 	2784
f 2790 	2791 	2772
f 2728 	2749 	2600
f 2609 	2600 	2749
f 2759 	2609 	2749
f 2644 	2619 	2784
f 2783 	2632 	2776
f 2787 	2794 	2788
f 2712 	2789 	2781
f 2775 	2784 	2619
f 2792 	2794 	2787
f 2622 	2776 	2632
f 2780 	2735 	2777
f 2777 	2735 	2784
f 2780 	2782 	2738
f 2778 	2783 	2795
f 2799 	2796 	2797
f 2715 	2705 	2699
f 2795 	2783 	2801
f 2793 	2797 	2796
f 2819 	2783 	2776
f 2802 	2794 	2792
f 2803 	2769 	2705
f 2783 	2819 	2825
f 2800 	2802 	2792
f 2762 	2803 	2763
f 2773 	2803 	2762
f 2803 	2773 	2769
f 2428 	2763 	2803
f 2802 	2823 	2794
f 2763 	2428 	2201
f 2796 	2799 	2744
f 2705 	2628 	2803
f 2735 	2744 	2799
f 2803 	2424 	2428
f 2461 	2786 	2798
f 2795 	2801 	2805
f 2789 	2434 	2781
f 2789 	2786 	2444
f 2461 	2444 	2786
f 2804 	2805 	2801
f 2781 	2439 	2719
f 2699 	2173 	2808
f 2809 	2487 	2484
f 2264 	2707 	2670
f 2806 	2808 	2173
f 2264 	2711 	2707
f 2731 	2699 	2808
f 2793 	2796 	2810
f 2697 	2583 	2812
f 2601 	2812 	2583
f 2811 	2831 	2807
f 2804 	2801 	2809
f 2812 	2712 	2697
f 2725 	2810 	2796
f 2761 	2393 	2764
f 2806 	2813 	2808
f 2814 	2811 	2785
f 2400 	2442 	2764
f 2812 	2815 	2712
f 2747 	2808 	2813
f 2487 	2809 	2801
f 2648 	2647 	2817
f 2725 	2817 	2810
f 2813 	2588 	2747
f 2818 	2812 	2601
f 2788 	2794 	2820
f 2813 	2816 	2588
f 2794 	2823 	2820
f 2812 	2818 	2815
f 2820 	2814 	2788
f 2818 	2821 	2815
f 2393 	2761 	2755
f 2595 	2816 	2838
f 2732 	2822 	2725
f 2822 	2817 	2725
f 2601 	2605 	2824
f 2838 	2624 	2595
f 2776 	2858 	2819
f 2725 	2730 	2732
f 2816 	2595 	2588
f 2824 	2818 	2601
f 2772 	2791 	2774
f 2818 	2787 	2821
f 2308 	2346 	2738
f 2824 	2787 	2818
f 2847 	2774 	2791
f 2346 	2666 	2744
f 2826 	2806 	2166
f 2674 	2827 	2665
f 2262 	2670 	2666
f 2807 	2831 	2828
f 2787 	2788 	2821
f 2826 	2813 	2806
f 2827 	2790 	2665
f 2801 	2783 	2825
f 2790 	2829 	2791
f 2827 	2829 	2790
f 2854 	2574 	2743
f 2826 	2188 	2830
f 2738 	2782 	2308
f 2801 	2825 	2519
f 2828 	2178 	2170
f 2826 	2830 	2816
f 2674 	2833 	2827
f 2831 	2178 	2828
f 2400 	2764 	2393
f 2814 	2834 	2811
f 2838 	2816 	2830
f 2826 	2816 	2813
f 2832 	2835 	2836
f 2458 	2782 	2467
f 2519 	2487 	2801
f 2811 	2834 	2831
f 2458 	2308 	2782
f 2744 	2738 	2346
f 2834 	2181 	2831
f 2258 	2666 	2346
f 2605 	2616 	2824
f 2824 	2616 	2792
f 2830 	2837 	2838
f 2613 	2621 	2840
f 2834 	2814 	2841
f 2824 	2792 	2787
f 2820 	2841 	2814
f 2819 	2858 	2839
f 2834 	2185 	2181
f 2800 	2792 	2616
f 2410 	2796 	2744
f 2840 	2837 	2613
f 2819 	2431 	2825
f 2841 	2185 	2834
f 2837 	2840 	2843
f 2616 	2630 	2800
f 2744 	2666 	2410
f 2819 	2839 	2431
f 2771 	2845 	2842
f 2820 	2844 	2841
f 2774 	2845 	2771
f 2837 	2843 	2838
f 2796 	2376 	2725
f 2842 	2335 	2328
f 2435 	2519 	2825
f 2823 	2844 	2820
f 2842 	2845 	2335
f 2825 	2431 	2435
f 2410 	2376 	2796
f 2844 	2140 	2841
f 2624 	2838 	2843
f 2847 	2845 	2774
f 2846 	2786 	2789
f 2840 	2621 	2445
f 2885 	2469 	2839
f 2140 	2844 	2886
f 2822 	2661 	2817
f 2661 	2648 	2817
f 2356 	2845 	2847
f 2884 	2886 	2823
f 2886 	2844 	2823
f 2839 	2473 	2431
f 2445 	2621 	2684
f 2843 	2840 	2446
f 2445 	2446 	2840
f 2839 	2469 	2473
f 2802 	2853 	2823
f 2712 	2846 	2789
f 2845 	2356 	2335
f 2750 	2753 	2204
f 2916 	2847 	2791
f 2786 	2846 	2798
f 2848 	2798 	2846
f 2262 	2666 	2258
f 2563 	2312 	2484
f 2809 	2484 	2312
f 2484 	2497 	2563
f 2262 	2264 	2670
f 2600 	2597 	2728
f 2732 	2728 	2597
f 2846 	2712 	2815
f 2832 	2836 	2552
f 2800 	2853 	2802
f 2269 	2711 	2264
f 2815 	2872 	2846
f 2836 	2564 	2552
f 2810 	2817 	2647
f 2647 	2645 	2810
f 2884 	2823 	2853
f 2269 	2187 	2711
f 2846 	2872 	2848
f 2805 	2306 	2795
f 2795 	2297 	2778
f 2784 	2799 	2644
f 2168 	2191 	2755
f 2383 	2755 	2191
f 2854 	2852 	2835
f 2326 	2850 	2800
f 2798 	2848 	2240
f 2383 	2393 	2755
f 2850 	2853 	2800
f 2835 	2852 	2849
f 2851 	2718 	2706
f 2156 	2205 	2204
f 2768 	2764 	2442
f 2835 	2574 	2854
f 2326 	2334 	2855
f 2246 	2866 	2177
f 2706 	2726 	2851
f 2467 	2775 	2442
f 2768 	2442 	2775
f 2300 	2177 	2179
f 2856 	2835 	2849
f 2851 	2858 	2718
f 2775 	2467 	2782
f 2855 	2850 	2326
f 2366 	2356 	2847
f 2855 	2859 	2850
f 2851 	2885 	2858
f 2916 	2366 	2847
f 2334 	2869 	2855
f 2776 	2718 	2858
f 2862 	2866 	2246
f 2856 	2864 	2836
f 2836 	2864 	2865
f 2850 	2859 	2853
f 2835 	2856 	2836
f 2268 	2868 	2861
f 2610 	2860 	2626
f 2863 	2857 	2200
f 2851 	2726 	2867
f 2145 	2860 	2143
f 2143 	2860 	2870
f 2868 	2871 	2861
f 2860 	2610 	2319
f 2564 	2836 	2587
f 2319 	2879 	2860
f 2869 	2334 	2500
f 2860 	2879 	2870
f 2142 	2871 	2868
f 2869 	2873 	2855
f 2868 	2381 	2142
f 2863 	2200 	2156
f 2861 	2871 	2862
f 2836 	2865 	2587
f 2205 	2156 	2199
f 2871 	2150 	2862
f 2869 	2878 	2873
f 2143 	2870 	2161
f 2855 	2873 	2859
f 2199 	2156 	2200
f 2593 	2585 	2205
f 2865 	2864 	2750
f 2754 	2750 	2864
f 2751 	2733 	2704
f 2852 	2741 	2849
f 2856 	2757 	2864
f 2849 	2741 	2856
f 2857 	2863 	2201
f 2862 	2150 	2866
f 2751 	2876 	2733
f 2743 	2852 	2854
f 2869 	2500 	2508
f 2877 	2897 	2848
f 2866 	2183 	2177
f 2173 	2201 	2863
f 2870 	2875 	2161
f 2183 	2866 	2150
f 2733 	2876 	2867
f 2872 	2877 	2848
f 2743 	2511 	2501
f 2743 	2501 	2748
f 2868 	2273 	2381
f 2501 	2779 	2748
f 2863 	2166 	2806
f 2892 	2867 	2876
f 2863 	2806 	2173
f 2779 	2399 	2880
f 2305 	2874 	2323
f 2870 	2323 	2874
f 2874 	2875 	2870
f 2900 	2549 	2832
f 2821 	2872 	2815
f 2549 	2835 	2832
f 2878 	2153 	2873
f 2895 	2751 	2752
f 2835 	2562 	2574
f 2319 	2881 	2879
f 2876 	2895 	2899
f 2872 	2821 	2785
f 2574 	2511 	2743
f 2319 	2282 	2881
f 2876 	2899 	2892
f 2821 	2788 	2785
f 2201 	2173 	2763
f 2762 	2763 	2173
f 2341 	2323 	2879
f 2870 	2879 	2323
f 2779 	2880 	2631
f 2878 	2508 	2572
f 2872 	2785 	2877
f 2631 	2880 	2640
f 2572 	2146 	2878
f 2811 	2807 	2877
f 2341 	2879 	2347
f 2881 	2347 	2879
f 2631 	2182 	2779
f 2762 	2173 	2773
f 2699 	2773 	2173
f 2842 	2901 	2756
f 2282 	2286 	2882
f 2753 	2164 	2156
f 2785 	2811 	2877
f 2880 	2399 	2883
f 2882 	2881 	2282
f 2640 	2880 	2883
f 2881 	2882 	2347
f 2867 	2885 	2851
f 2888 	2883 	2408
f 2407 	2408 	2883
f 2853 	2887 	2884
f 2889 	2882 	2286
f 2883 	2888 	2652
f 2240 	2607 	2798
f 2241 	2650 	2240
f 2858 	2885 	2839
f 2286 	2294 	2889
f 2166 	2863 	2156
f 2853 	2859 	2887
f 2887 	2890 	2884
f 2888 	2669 	2652
f 2156 	2164 	2166
f 2294 	2300 	2192
f 2885 	2892 	2469
f 2883 	2652 	2640
f 2234 	2658 	2241
f 2884 	2890 	2886
f 2888 	2408 	2158
f 2163 	2158 	2408
f 2890 	2193 	2886
f 2192 	2889 	2294
f 2867 	2892 	2885
f 2669 	2888 	2158
f 2669 	2158 	2691
f 2414 	2894 	2160
f 2893 	2887 	2859
f 2212 	2875 	2874
f 2212 	2874 	2213
f 2160 	2165 	2414
f 2873 	2893 	2859
f 2895 	2876 	2751
f 2160 	2894 	2695
f 2893 	2896 	2887
f 2225 	2161 	2212
f 2893 	2151 	2896
f 2695 	2894 	2714
f 2213 	2874 	2305
f 2896 	2890 	2887
f 2160 	2695 	2691
f 2890 	2896 	2194
f 2894 	2414 	2898
f 2890 	2194 	2193
f 2898 	2714 	2894
f 2153 	2893 	2873
f 2860 	2147 	2626
f 2153 	2151 	2893
f 2896 	2197 	2194
f 2151 	2197 	2896
f 2722 	2898 	2900
f 2241 	2897 	2234
f 2891 	2234 	2897
f 2892 	2478 	2469
f 2722 	2900 	2552
f 2892 	2899 	2478
f 2878 	2146 	2153
f 2848 	2241 	2240
f 2832 	2552 	2900
f 2146 	2149 	2153
f 2756 	2901 	2752
f 2241 	2848 	2897
f 2895 	2752 	2901
f 2891 	2897 	2235
f 2895 	2902 	2899
f 2169 	2235 	2897
f 2895 	2901 	2902
f 2899 	2504 	2478
f 2899 	2902 	2504
f 2877 	2807 	2897
f 2897 	2807 	2169
f 2235 	2663 	2891
f 2328 	2901 	2842
f 2235 	2169 	2232
f 2332 	2902 	2901
f 2332 	2901 	2328
f 2162 	2232 	2169
f 2297 	2291 	2778
f 2307 	2795 	2306
f 2905 	2632 	2907
f 2144 	2159 	2175
f 2914 	2710 	2903
f 2905 	2243 	2906
f 2176 	2906 	2243
f 2904 	2906 	2176
f 2291 	2243 	2907
f 2905 	2907 	2243
f 2297 	2795 	2307
f 2612 	2622 	2906
f 2906 	2904 	2612
f 2602 	2612 	2904
f 2602 	2904 	2903
f 2913 	2675 	2914
f 2827 	2833 	2908
f 2681 	2437 	2909
f 2909 	2833 	2681
f 2909 	2910 	2833
f 2437 	2463 	2909
f 2465 	2471 	2909
f 2909 	2911 	2910
f 2910 	2908 	2833
f 2157 	2908 	2910
f 2465 	2909 	2463
f 2911 	2909 	2471
f 2471 	2336 	2911
f 2912 	2910 	2911
f 2910 	2913 	2157
f 2914 	2157 	2913
f 2915 	2913 	2910
f 2912 	2915 	2910
f 2903 	2157 	2914
f 2915 	2676 	2913
f 2911 	2651 	2912
f 2829 	2916 	2791
f 2908 	2829 	2827
f 2152 	2829 	2908
f 2908 	2157 	2152
f 2152 	2916 	2829
f 2916 	2375 	2366
f 2152 	2375 	2916
# 1554 faces

 #end of obj_3

o obj_4
v -11 		4.9189 		9.2115
v 18.6992 		8.9333 		6.3145
v -11 		4.9189 		6.5155
v -9.0019 		5.7124 		9.711
v 15.965 		8.3571 		9.6976
v 16.1584 		8.3109 		9.7009
v -9.7968 		6.2229 		6.1325
v -9.952 		5.5797 		6.1325
v 16.31 		8.2483 		9.7063
v 16.9232 		-20.1547 		9.6725
v -10.3744 		5.6469 		6.2195
v -9.1968 		-19.1275 		6.1325
v 17.0864 		-20.6603 		9.5945
v 18.1216 		9.5109 		6.4135
v -11 		-16.6459 		9.2115
v -10.2032 		6.3557 		6.2195
v 17.6992 		-20.4075 		9.5945
v 15.7824 		8.4007 		9.6945
v -8.768 		-18.8139 		6.0545
v 18.5152 		8.6805 		6.2195
v -11 		-16.6459 		6.5155
v 15.7824 		-21.8635 		9.2115
v 17.9504 		-19.6315 		9.6725
v 15.7824 		-21.8635 		6.5155
v -8.392 		-19.2555 		6.0545
v 16.4432 		-20.8155 		9.5945
v -9.4272 		5.4965 		9.6725
v -5.7824 		-21.8635 		9.2115
v -8.9099 		5.935 		9.715
v 15.7824 		10.1365 		6.5155
v -5.7824 		-21.8635 		6.5155
v 21 		4.9189 		9.2115
v 15.7824 		10.0725 		6.4135
v 21 		4.9189 		6.5155
v -10.0032 		4.9189 		9.5945
v 17.8928 		-20.7883 		9.5075
v 15.7824 		9.8805 		6.3145
v -9.2912 		6.0597 		9.6725
v 17.3952 		9.8805 		6.5155
v -10.432 		4.9189 		9.5075
v 16.5984 		10.0725 		6.5155
v -9.1744 		5.2949 		9.7009
v -10.744 		4.9189 		9.4125
v 17.3744 		9.8197 		6.4135
v 15.7824 		9.5685 		6.2195
v -9.1118 		5.4466 		9.7063
v -10.936 		4.9189 		9.3135
v 16.4432 		9.0885 		6.1325
v 16.5888 		10.0085 		6.4135
v 15.7824 		9.1397 		6.1325
v 16.84 		-19.7563 		9.715
v 16.9621 		-19.6812 		9.7174
v 17.3573 		-19.4382 		9.7229
v 21 		-16.6459 		9.2115
v 16.5434 		-19.8788 		9.7104
v 16.7985 		-19.7734 		9.715
v 16.36 		8.5637 		6.0545
v 21 		-16.6459 		6.5155
v 15.7824 		10.1365 		9.2115
v -10.936 		4.9189 		6.4135
v 15.7824 		8.6085 		6.0545
v 20.432 		-19.0155 		6.5155
v -10.744 		4.9189 		6.3145
v 20.744 		-18.2587 		6.5155
v 20.3744 		-18.9851 		6.4135
v -10.432 		4.9189 		6.2195
v 18.0352 		9.3397 		6.3145
v 20.6832 		-18.2379 		6.4135
v -10.0032 		4.9189 		6.1325
v 15.4416 		8.4821 		6.0411
v 14.7072 		8.5397 		6.0472
v -7.8928 		-20.7883 		6.2195
v -5.7824 		10.1365 		9.2115
v 17.3152 		9.6389 		6.3145
v 20.2032 		-18.8987 		6.3145
v -7.6992 		-20.4075 		6.1325
v -5.7824 		10.1365 		6.5155
v 20.5024 		-18.1787 		6.3145
v 18.5152 		8.6805 		9.5075
v 16.5584 		9.8197 		6.3145
v -7.0864 		-20.6603 		6.1325
v 16.31 		8.2483 		6.0207
v 16.1171 		8.3208 		6.0267
v 15.7824 		8.4007 		6.0324
v -9.4032 		-15.5707 		9.6798
v 17.8928 		9.0613 		6.2195
v 19.9248 		-18.7563 		6.2195
v 18.6992 		8.9333 		9.4125
v 17.2192 		9.3397 		6.2195
v -9.1118 		-17.1735 		9.7063
v 20.2032 		-18.0827 		6.2195
v -7.9504 		-19.6315 		6.0545
v 19.4272 		8.5637 		9.3135
v 20.0032 		-16.6459 		9.5945
v 16.5104 		9.5109 		6.2195
v 18.8112 		9.0885 		9.3135
v 20.432 		-16.6459 		9.5075
v -9.4272 		-17.2235 		9.6725
v -7.4576 		-19.9339 		6.0545
v -9.1744 		-17.0219 		9.7009
v 17.6992 		8.6805 		6.1325
v 19.7968 		-17.9499 		6.1325
v 20.744 		-16.6459 		9.4125
v -9.1843 		-16.9805 		9.7002
v 18.1216 		9.5109 		9.3135
v 20.936 		-16.6459 		9.3135
v 17.0864 		8.9333 		6.1325
v 19.472 		8.6085 		9.2115
v 16.1584 		8.3109 		6.026
v 18.8496 		9.1397 		9.2115
v -6.9232 		-20.1547 		6.0545
v 18.152 		9.5685 		9.2115
v -9.2642 		-16.6459 		9.6945
v 20.0032 		-19.7131 		6.5155
v 19.952 		-19.6747 		6.4135
v -9.472 		-16.6459 		9.6725
v -8.8928 		5.9765 		9.715
v -8.5072 		6.6037 		9.723
v -8.7299 		6.2414 		9.7202
v 19.7968 		-19.5627 		6.3145
v 19.952 		-17.3067 		9.5945
v -8.3521 		6.7859 		9.7269
v -8.4286 		6.696 		9.725
v 18.0352 		9.3397 		9.4125
v 20.3744 		-17.3739 		9.5075
v -9.0153 		-17.4069 		9.7104
v -7.3573 		-19.4382 		6.004
v 17.3152 		9.6389 		9.4125
v 20.6832 		-17.4219 		9.4125
v -6.5984 		10.0725 		6.5155
v -7.3952 		9.8805 		6.5155
v 20.432 		7.2885 		6.5155
v 20.0032 		7.9861 		6.5155
v -7.2412 		-19.5096 		6.004
v 17.3744 		9.8197 		9.3135
v -6.5888 		10.0085 		6.4135
v 20.3744 		7.2581 		6.4135
v -7.3744 		9.8197 		6.4135
v 20.872 		-17.4523 		9.3135
v 19.952 		7.9477 		6.4135
v -6.7985 		-19.7734 		6.012
v 17.3952 		9.8805 		9.2115
v -8.1216 		9.5109 		6.4135
v -6.84 		-19.7563 		6.012
v 20.936 		-17.4619 		9.2115
v 20.2032 		7.1717 		6.3145
v -6.9621 		-19.6812 		6.0095
v 19.544 		-18.5627 		6.1325
v 19.7968 		7.8357 		6.3145
v 17.2192 		9.3397 		9.5075
v 16.5104 		9.5109 		9.5075
v 19.0704 		-18.3211 		6.0545
v -6.5434 		-19.8788 		6.0165
v 16.5584 		9.8197 		9.4125
v 19.4048 		-15.5707 		9.6796
v 19.2912 		-17.7867 		6.0545
v 19.9248 		7.0293 		6.2195
v -6.5584 		9.8197 		6.3145
v -7.3152 		9.6389 		6.3145
v 16.5888 		10.0085 		9.3135
v -8.0352 		9.3397 		6.3145
v -9.472 		-20.3355 		6.5155
v -8.8496 		-20.8667 		6.5155
v 20.936 		5.7349 		6.5155
v 16.5984 		10.0725 		9.2115
v 20.744 		6.5317 		6.5155
v -9.4272 		-20.2907 		6.4135
v 20.872 		5.7253 		6.4135
v 18.3521 		-18.5128 		6
v -6.5104 		9.5109 		6.2195
v -8.8112 		-20.8155 		6.4135
v 20.6832 		6.5109 		6.4135
v 18.9099 		-17.662 		9.715
v 18.8928 		-17.7035 		9.715
v -7.2192 		9.3397 		6.2195
v 18.5072 		-18.3307 		6.004
v 18.5748 		-18.2208 		6.004
v -7.8928 		9.0613 		6.2195
v 19.1118 		-17.1735 		9.7063
v 18.6461 		-18.1047 		6.004
v 17.6992 		8.6805 		9.5945
v 19.4272 		-17.2235 		9.6725
v 19.0019 		-17.4394 		9.711
v 17.0864 		8.9333 		9.5945
v -7.0864 		8.9333 		6.1325
v 18.8177 		-17.8256 		6.0095
v 20.6832 		5.6949 		6.3145
v -7.6992 		8.6805 		6.1325
v -9.2912 		-20.1547 		6.3145
v -4.7072 		8.5397 		9.6798
v 20.5024 		6.4517 		6.3145
v 16.4432 		9.0885 		9.5945
v -8.6992 		-20.6603 		6.3145
v -8.9099 		-17.662 		9.715
v 17.8928 		9.0613 		9.5075
v 19.2206 		-16.8285 		9.6976
v 19.1744 		-17.0219 		9.7009
v 19.544 		-19.3787 		6.2195
v -8.8928 		-17.7035 		9.715
v -5.4416 		8.4821 		9.6859
v 19.1968 		-19.1275 		6.1325
v -9.0704 		-19.9339 		6.2195
v -8.5152 		-20.4075 		6.2195
v 20.3744 		5.6469 		6.2195
v -5.7824 		8.6085 		9.6725
v -8.152 		9.5685 		6.5155
v -9.3456 		-16.3051 		9.6859
v 20.2032 		6.3557 		6.2195
v 18.392 		-19.2555 		6.0545
v -8.8496 		9.1397 		6.5155
v -6.36 		8.5637 		9.6725
v -9.472 		8.6085 		6.5155
v 18.768 		-18.8139 		6.0545
v 19.9248 		7.0293 		9.5075
v -8.8112 		9.0885 		6.4135
v 19.952 		5.5797 		6.1325
v -9.4272 		8.5637 		6.4135
v -8.768 		-19.6315 		6.1325
v 20.2032 		7.1717 		9.4125
v 19.7968 		6.2229 		6.1325
v 19.472 		-16.6459 		9.6725
v 19.7968 		7.8357 		9.4125
v -8.264 		-20.0603 		6.1325
v -5.7824 		9.1397 		9.5945
v -6.4432 		9.0885 		9.5945
v -8.6992 		8.9333 		6.3145
v 19.2642 		-16.6459 		9.6945
v 20.3744 		7.2581 		9.3135
v -5.7824 		9.5685 		9.5075
v 19.952 		7.9477 		9.3135
v 19.3456 		-16.3051 		9.6859
v 20.432 		7.2885 		9.2115
v 18.2864 		-18.5899 		6
v -8.5152 		8.6805 		6.2195
v -9.4032 		-15.5707 		6.0472
v -5.7824 		-21.2955 		9.5075
v -5.7824 		9.8805 		9.4125
v 20.0032 		7.9861 		9.2115
v -9.472 		-16.6459 		6.0545
v -9.4272 		-17.2235 		6.0545
v -5.7824 		-21.6075 		9.4125
v -5.7824 		-21.7995 		9.3135
v -5.7824 		10.0725 		9.3135
v 17.6493 		-19.2155 		6
v -5.7824 		-21.7995 		6.4135
v 20.936 		-17.4619 		6.5155
v -5.7824 		-21.6075 		6.3145
v 17.5595 		-19.2921 		6.0019
v 19.7968 		6.2229 		9.5945
v 20.872 		-17.4523 		6.4135
v -5.7824 		-21.2955 		6.2195
v 20.2032 		6.3557 		9.5075
v 20.936 		-16.6459 		6.4135
v 17.4672 		-19.3707 		6.004
v 17.9504 		-18.9591 		6.0002
v -6.9232 		8.4277 		6.0545
v 19.2912 		8.4277 		6.3145
v 20.6832 		-17.4219 		6.3145
v 18.0288 		-18.8923 		6.0002
v -7.2192 		-21.0667 		9.5075
v 20.5024 		6.4517 		9.4125
v -7.4576 		8.2069 		6.0545
v 19.544 		7.6517 		6.2195
v -6.5104 		-21.2379 		9.5075
v 20.744 		-16.6459 		6.3145
v -5.7824 		8.4007 		9.6945
v -9.2642 		-16.6459 		6.0324
v -9.2206 		-16.8285 		6.0294
v -6.31 		8.2483 		9.7063
v 20.3744 		-17.3739 		6.2195
v -7.9504 		7.9045 		6.0545
v -6.5584 		-21.5467 		9.4125
v 18.8496 		-20.8667 		6.5155
v 20.432 		-16.6459 		6.2195
v 20.6832 		6.5109 		9.3135
v 19.472 		-20.3355 		6.5155
v 19.0704 		8.2069 		6.2195
v -6.1584 		8.3109 		9.7009
v 19.952 		-17.3067 		6.1325
v 18.8112 		-20.8155 		6.4135
v -6.1171 		8.3208 		9.7002
v 19.4272 		-20.2907 		6.4135
v 20.744 		6.5317 		9.2115
v 20.0032 		-16.6459 		6.1325
v -6.7985 		8.0465 		6.012
v -6.5888 		-21.7355 		9.3135
v -9.1744 		-17.0219 		6.0261
v -9.1118 		-17.1735 		6.0207
v -6.5759 		8.1384 		6.0159
v 19.952 		5.5797 		9.5945
v 18.768 		7.9045 		6.1325
v -6.5984 		-21.7995 		9.2115
v -9.0019 		-17.4394 		6.0159
v -8.9099 		-17.662 		6.012
v 20.3744 		5.6469 		9.5075
v -6.84 		8.0293 		6.012
v -7.1049 		7.8665 		6.0067
v 18.264 		8.3333 		6.1325
v 18.6992 		-20.6603 		6.3145
v 19.4048 		-15.5707 		6.0473
v -8.0352 		-21.0667 		9.4125
v -7.2412 		7.7827 		6.004
v 19.2912 		-20.1547 		6.3145
v 20.6832 		5.6949 		9.4125
v -7.3152 		-21.3659 		9.4125
v -8.8928 		-17.7035 		6.012
v 19.4272 		-17.2235 		6.0545
v 20.872 		5.7253 		9.3135
v -8.1216 		-21.2379 		9.3135
v -9.3456 		-16.3051 		6.0411
v 18.5152 		-20.4075 		6.2195
v -7.4672 		7.6437 		6.004
v 19.472 		-16.6459 		6.0545
v 19.0704 		-19.9339 		6.2195
v -7.3744 		-21.5467 		9.3135
v 18.9099 		-17.662 		6.012
v 19.544 		6.8357 		6.1325
v 20.936 		5.7349 		9.2115
v 18.8928 		-17.7035 		6.012
v 19.1968 		7.4005 		6.1325
v -7.3952 		-21.6075 		9.2115
v -5.7824 		10.0725 		6.4135
v 19.0153 		-17.4069 		6.0165
v -7.6493 		7.4886 		6
v 18.264 		-20.0603 		6.1325
v 19.1118 		-17.1735 		6.0207
v -7.5595 		7.5651 		6.0019
v 18.768 		-19.6315 		6.1325
v -5.7824 		9.8805 		6.3145
v 18.768 		7.0869 		6.0545
v 19.1843 		-16.9805 		6.0267
v -7.9504 		7.2321 		6.0002
v 19.2642 		-16.6459 		6.0324
v -6.31 		-19.9752 		9.7063
v -5.7824 		9.5685 		6.2195
v -8.152 		-21.2955 		9.2115
v -6.36 		-20.2907 		9.6725
v -8.0288 		7.1653 		6.0002
v 19.1744 		-17.0219 		6.026
v 18.392 		7.5285 		6.0545
v -5.7824 		9.1397 		6.1325
v 19.3456 		-16.3051 		6.0411
v -6.4432 		9.0885 		6.1325
v -7.3952 		-21.6075 		6.5155
v -6.5984 		-21.7995 		6.5155
v -5.7824 		8.6085 		6.0545
v -8.1216 		-21.2379 		6.4135
v -6.36 		8.5637 		6.0545
v -7.3744 		-21.5467 		6.4135
v 17.8928 		-20.7883 		6.2195
v -6.5888 		-21.7355 		6.4135
v -5.965 		-20.0841 		9.6976
v -6.1584 		-20.0379 		9.7009
v 19.7968 		-17.9499 		9.5945
v 16.4432 		-20.8155 		6.1325
v 18.0956 		7.0869 		6.0002
v 17.0864 		-20.6603 		6.1325
v -5.7824 		-20.3355 		9.6725
v -9.2912 		8.4277 		6.3145
v 20.2032 		-18.0827 		9.5075
v 17.6992 		-20.4075 		6.1325
v 18.768 		7.9045 		9.5945
v -5.4416 		8.4821 		6.0411
v -4.7072 		8.5397 		6.0472
v 18.264 		8.3333 		9.5945
v -5.7824 		-20.1277 		9.6945
v 20.5024 		-18.1787 		9.4125
v -9.0704 		8.2069 		6.2195
v -8.0352 		-21.0667 		6.3145
v -4.7072 		-20.2683 		9.6796
v -5.4416 		-20.2091 		9.6859
v 16.9232 		-20.1547 		6.0545
v 19.544 		7.6517 		9.5075
v -9.544 		7.6517 		6.2195
v 20.6832 		-18.2379 		9.3135
v -6.4432 		-20.8155 		9.5945
v 19.0704 		8.2069 		9.5075
v 17.4576 		-19.9339 		6.0545
v 20.744 		-18.2587 		9.2115
v -5.7824 		-20.8667 		9.5945
v -8.264 		8.3333 		6.1325
v 17.9504 		-19.6315 		6.0545
v -8.768 		7.9045 		6.1325
v -5.7824 		8.4007 		6.0324
v 19.9248 		-18.7563 		9.5075
v 17.9504 		7.9045 		6.0545
v -5.965 		8.3571 		6.0294
v 16.7985 		-19.7734 		6.012
v -6.1584 		8.3109 		6.0261
v 20.2032 		-18.8987 		9.4125
v 19.2912 		8.4277 		9.4125
v 16.5759 		-19.8654 		6.0159
v 17.4576 		8.2069 		6.0545
v -7.3152 		-21.3659 		6.3145
v 20.3744 		-18.9851 		9.3135
v 16.84 		-19.7563 		6.012
v 17.1049 		-19.5934 		6.0067
v -6.5584 		-21.5467 		6.3145
v 17.2412 		-19.5096 		6.004
v -6.4432 		-20.8155 		6.1325
v 16.9232 		8.4277 		6.0545
v -6.31 		8.2483 		6.0207
v 20.432 		-19.0155 		9.2115
v -5.7824 		-20.8667 		6.1325
v 18.768 		7.0869 		9.6725
v -9.1968 		7.4005 		6.1325
v -7.2192 		-21.0667 		6.2195
v -6.5104 		-21.2379 		6.2195
v -9.544 		6.8357 		6.1325
v 17.4672 		7.6437 		6.004
v 17.3573 		7.7113 		6.004
v -6.5104 		9.5109 		9.5075
v 19.7968 		-19.5627 		9.4125
v 18.1216 		-21.2379 		9.3135
v 18.2864 		6.863 		9.7269
v 19.952 		-19.6747 		9.3135
v -7.2192 		9.3397 		9.5075
v -8.392 		7.5285 		6.0545
v 17.2412 		7.7827 		6.004
v -8.152 		-21.2955 		6.5155
v 20.0032 		-19.7131 		9.2115
v -8.768 		7.0869 		6.0545
v 18.392 		7.5285 		9.6725
v 18.152 		-21.2955 		9.2115
v -6.5584 		9.8197 		9.4125
v -6.36 		-20.2907 		6.0545
v 18.3521 		-18.5128 		9.7269
v -5.7824 		-20.3355 		6.0545
v 18.6461 		-18.1047 		9.7229
v 16.5104 		-21.2379 		9.5075
v -6.31 		-19.9752 		6.0207
v -6.5888 		10.0085 		9.3135
v -10.0032 		-16.6459 		9.5945
v 16.7985 		8.0465 		6.012
v 19.544 		6.8357 		9.5945
v 17.2192 		-21.0667 		9.5075
v -10.432 		-16.6459 		9.5075
v -6.1171 		-20.0477 		6.0267
v -5.7824 		-20.1277 		6.0324
v 16.84 		8.0293 		6.012
v 16.9621 		7.9543 		6.0095
v 19.1968 		7.4005 		9.5945
v -6.1584 		-20.0379 		6.026
v 16.5584 		-21.5467 		9.4125
v -10.744 		-16.6459 		9.4125
v 17.3152 		-21.3659 		9.4125
v -6.5984 		10.0725 		9.2115
v -5.4416 		-20.2091 		6.0411
v -4.7072 		-20.2683 		6.0473
v -10.936 		-16.6459 		9.3135
v 16.5434 		8.1519 		6.0165
v 18.0352 		-21.0667 		9.4125
v -8.2864 		6.863 		6
v 19.0704 		-18.3211 		9.6725
v 18.5072 		-18.3307 		9.723
v 18.4286 		-18.4229 		9.725
v 16.5888 		-21.7355 		9.3135
v -9.952 		-17.3067 		9.5945
v -8.0288 		-18.8923 		9.7268
v 17.3744 		-21.5467 		9.3135
v -7.3152 		9.6389 		9.4125
v -10.3744 		-17.3739 		9.5075
v -8.0352 		9.3397 		9.4125
v -7.9504 		-18.9591 		9.7268
v 18.7299 		-17.9684 		9.7202
v -10.6832 		-17.4219 		9.4125
v -9.0704 		6.5941 		6.0545
v 16.5984 		-21.7995 		9.2115
v 19.2912 		-17.7867 		9.6725
v 17.9504 		7.9045 		9.6725
v -10.872 		-17.4523 		9.3135
v 17.3952 		-21.6075 		9.2115
v -9.2912 		6.0597 		6.0545
v 17.2412 		7.7827 		9.7229
v -7.6493 		-19.2155 		9.7269
v 18.0288 		7.1653 		6.0002
v 17.7265 		7.4229 		6
v 17.6493 		7.4886 		6
v -10.936 		-17.4619 		9.2115
v 17.4576 		8.2069 		9.6725
v 17.4672 		7.6437 		9.723
v -7.4672 		-19.3707 		9.723
v -7.3744 		9.8197 		9.3135
v -7.5595 		-19.2921 		9.725
v 19.544 		-18.5627 		9.5945
v 18.152 		-21.2955 		6.5155
v -8.1216 		9.5109 		9.3135
v 18.1216 		-21.2379 		6.4135
v 16.5984 		-21.7995 		6.5155
v -7.3952 		9.8805 		9.2115
v 17.3952 		-21.6075 		6.5155
v 19.2912 		6.0597 		6.0545
v 16.5888 		-21.7355 		6.4135
v -10.936 		-17.4619 		6.5155
v -10.936 		-16.6459 		6.4135
v -10.872 		-17.4523 		6.4135
v 17.3744 		-21.5467 		6.4135
v -9.4272 		5.4965 		6.0545
v -9.2912 		-17.7867 		9.6725
v 19.0704 		6.5941 		6.0545
v 17.1049 		7.8665 		9.7202
v -8.6461 		-18.1047 		9.7229
v -9.0704 		-18.3211 		9.6725
v -8.8177 		-17.8256 		9.7174
v 16.9232 		8.4277 		9.6725
v -7.0864 		8.9333 		9.5945
v -8.3521 		6.7859 		6
v -10.6832 		-17.4219 		6.3145
v -7.6992 		8.6805 		9.5945
v -10.744 		-16.6459 		6.3145
v -8.5072 		6.6037 		6.004
v 18.392 		-19.2555 		9.6725
v -8.5748 		6.4938 		6.004
v 16.7985 		8.0465 		9.715
v 16.84 		8.0293 		9.715
v 18.7299 		6.2414 		6.0067
v -8.5748 		-18.2208 		9.7229
v -10.432 		-16.6459 		6.2195
v -10.3744 		-17.3739 		6.2195
v -7.8928 		9.0613 		9.5075
v 18.6461 		6.3777 		6.004
v -8.6461 		6.3777 		6.004
v 18.0956 		-18.8139 		9.7268
v -8.3521 		-18.5128 		9.7269
v 16.5759 		8.1384 		9.711
v -8.5072 		-18.3307 		9.723
v 18.4286 		6.696 		6.0019
v 18.3521 		6.7859 		6
v -8.9099 		5.935 		6.012
v -9.952 		-17.3067 		6.1325
v 18.5072 		6.6037 		6.004
v 18.768 		-18.8139 		9.6725
v -10.0032 		-16.6459 		6.1325
v -8.8928 		5.9765 		6.012
v -8.8177 		6.0986 		6.0095
v -8.5152 		8.6805 		9.5075
v -8.6992 		8.9333 		9.4125
v 19.4272 		5.4965 		6.0545
v -9.0153 		5.6799 		6.0165
v -9.7968 		-17.9499 		9.5945
v 16.5584 		-21.5467 		6.3145
v -9.1118 		5.4466 		6.0207
v -8.8112 		9.0885 		9.3135
v -10.2032 		-18.0827 		9.5075
v 17.3152 		-21.3659 		6.3145
v -9.4272 		8.5637 		9.3135
v -9.9248 		-18.7563 		9.5075
v 19.1744 		5.2949 		6.0261
v 19.1118 		5.4466 		6.0207
v 18.0352 		-21.0667 		6.3145
v -9.1843 		5.2536 		6.0267
v 19.1968 		-19.1275 		9.5945
v -8.152 		9.5685 		9.2115
v 19.0019 		5.7124 		6.0159
v 18.9099 		5.935 		6.012
v 16.5104 		-21.2379 		6.2195
v -10.5024 		-18.1787 		9.4125
v -8.8496 		9.1397 		9.2115
v -9.1744 		5.2949 		6.026
v 17.2192 		-21.0667 		6.2195
v -10.2032 		-18.8987 		9.4125
v 18.8928 		5.9765 		6.012
v 18.0288 		7.1653 		9.7268
v -9.472 		8.6085 		9.2115
v 19.544 		-19.3787 		9.5075
v 20.0032 		4.9189 		9.5945
v 17.9504 		7.2321 		9.7268
v -10.6832 		-18.2379 		9.3135
v -9.544 		-18.5627 		9.5945
v -6.5434 		8.1519 		9.7104
v 20.432 		4.9189 		9.5075
v 15.7824 		-20.1277 		9.6945
v 15.4416 		-20.2091 		9.6859
v -10.3744 		-18.9851 		9.3135
v 14.7072 		-20.2683 		9.6796
v -6.9232 		8.4277 		9.6725
v 20.744 		4.9189 		9.4125
v -6.7985 		8.0465 		9.715
v 17.6493 		7.4886 		9.7269
v 15.7824 		-20.3355 		9.6725
v 16.31 		-19.9752 		9.7063
v 20.936 		4.9189 		9.3135
v -7.2412 		7.7827 		9.7229
v -9.2206 		5.1016 		9.6976
v -7.4576 		8.2069 		9.6725
v -10.744 		-18.2587 		9.2115
v 17.5595 		7.5651 		9.725
v -6.9621 		7.9543 		9.7174
v 16.36 		-20.2907 		9.6725
v -9.472 		4.9189 		9.6725
v -10.432 		-19.0155 		9.2115
v 16.1584 		-20.0379 		9.7009
v 16.1171 		-20.0477 		9.7002
v -8.768 		-18.8139 		9.6725
v -9.2642 		4.9189 		9.6945
v 18.0288 		7.1653 		8.9355
v 19.2642 		4.9189 		9.6945
v 19.3456 		4.5781 		9.6859
v -6.84 		8.0293 		9.715
v 19.4048 		3.8437 		9.6796
v -9.4032 		3.8437 		9.6798
v -9.3456 		4.5781 		9.6859
v -8.2864 		-18.5899 		9.7269
v 19.472 		4.9189 		9.6725
v -7.3573 		7.7113 		9.7229
v -8.392 		-19.2555 		9.6725
v 17.6493 		-19.2155 		9.7269
v 17.4672 		-19.3707 		9.723
v 19.2912 		6.0597 		9.6725
v -7.9504 		7.9045 		9.6725
v 18.0288 		-18.8923 		9.7268
v 18.6461 		6.3777 		9.7229
v -7.4672 		7.6437 		9.723
v -9.472 		4.9189 		6.0545
v -9.1968 		-19.1275 		9.5945
v 17.7265 		-19.1498 		9.7269
v 19.0704 		6.5941 		9.6725
v -9.2642 		4.9189 		6.0324
v 18.8177 		6.0986 		9.7174
v -9.3456 		4.5781 		6.0411
v -9.4032 		3.8437 		6.0472
v 15.7824 		-20.8667 		9.5945
v -9.7968 		-19.5627 		9.4125
v -9.952 		-19.6747 		9.3135
v -9.544 		-19.3787 		9.5075
v -10.0032 		-19.7131 		9.2115
v 18.5748 		6.4938 		9.7229
v 18.0288 		-18.8923 		8.9355
v 15.7824 		-20.8667 		6.1325
v -10.744 		-18.2587 		6.5155
v -10.432 		-19.0155 		6.5155
v 15.7824 		-20.3355 		6.0545
v -10.6832 		-18.2379 		6.4135
v -7.6493 		7.4886 		9.7269
v 16.36 		-20.2907 		6.0545
v 20.936 		4.9189 		6.4135
v 18.3521 		6.7859 		9.7269
v 18.5072 		6.6037 		9.723
v -10.3744 		-18.9851 		6.4135
v -7.9504 		-19.6315 		9.6725
v 18.264 		-20.0603 		9.5945
v 15.7824 		-20.1277 		6.0324
v -7.2412 		-19.5096 		9.7229
v 20.744 		4.9189 		6.3145
v -8.0288 		7.1653 		9.7268
v 18.768 		-19.6315 		9.5945
v 15.4416 		-20.2091 		6.0411
v 14.7072 		-20.2683 		6.0473
v 20.432 		4.9189 		6.2195
v 15.965 		-20.0841 		6.0294
v -7.4576 		-19.9339 		9.6725
v -7.7265 		7.4229 		9.7269
v 19.0704 		-19.9339 		9.5075
v -10.5024 		-18.1787 		6.3145
v 16.1584 		-20.0379 		6.0261
v 16.31 		-19.9752 		6.0207
v -10.2032 		-18.8987 		6.3145
v -9.9248 		7.0293 		9.5075
v 20.0032 		4.9189 		6.1325
v -9.7968 		7.8357 		9.4125
v -10.2032 		-18.0827 		6.2195
v -10.2032 		7.1717 		9.4125
v -9.9248 		-18.7563 		6.2195
v -8.0956 		7.0869 		9.7268
v -9.952 		7.9477 		9.3135
v 19.472 		4.9189 		6.0545
v -9.7968 		-17.9499 		6.1325
v 19.2642 		4.9189 		6.0324
v -7.1049 		-19.5934 		9.7202
v -10.3744 		7.2581 		9.3135
v 19.1118 		5.4466 		9.7063
v 19.3456 		4.5781 		6.0411
v 19.4048 		3.8437 		6.0473
v -6.9232 		-20.1547 		9.6725
v 19.2206 		5.1016 		6.0294
v 19.2912 		-20.1547 		9.4125
v 19.4272 		5.4965 		9.6725
v -10.0032 		7.9861 		9.2115
v 19.1744 		5.2949 		9.7009
v -10.0032 		-19.7131 		6.5155
v 19.1843 		5.2536 		9.7002
v -10.432 		7.2885 		9.2115
v -6.7985 		-19.7734 		9.715
v -6.84 		-19.7563 		9.715
v -9.952 		-19.6747 		6.4135
v -9.7968 		-19.5627 		6.3145
v -8.264 		8.3333 		9.5945
v -6.5759 		-19.8654 		9.711
v -8.768 		7.9045 		9.5945
v -9.7968 		6.2229 		9.5945
v 18.5152 		-20.4075 		9.5075
v 19.0153 		5.6799 		9.7104
v 18.6992 		-20.6603 		9.4125
v -10.2032 		6.3557 		9.5075
v -9.0704 		8.2069 		9.5075
v 15.7824 		-21.2955 		9.5075
v -9.544 		7.6517 		9.5075
v -10.5024 		6.4517 		9.4125
v -9.2912 		8.4277 		9.4125
v 18.8112 		-20.8155 		9.3135
v -7.6992 		-20.4075 		9.5945
v 15.7824 		-21.6075 		9.4125
v 18.9099 		5.935 		9.715
v 19.4272 		-20.2907 		9.3135
v -10.6832 		6.5109 		9.3135
v 15.7824 		-21.7995 		9.3135
v 18.8496 		-20.8667 		9.2115
v 18.8928 		5.9765 		9.715
v -7.0864 		-20.6603 		9.5945
v 19.472 		-20.3355 		9.2115
v -10.744 		6.5317 		9.2115
v 15.7824 		-21.7995 		6.4135
v -9.952 		5.5797 		9.5945
v -8.392 		7.5285 		9.6725
v 15.7824 		-21.6075 		6.3145
v -10.3744 		5.6469 		9.5075
v 15.7824 		-21.2955 		6.2195
v -10.6832 		5.6949 		9.4125
v -7.8928 		-20.7883 		9.5075
v -8.768 		7.0869 		9.6725
v 17.2412 		-19.5096 		9.7229
v -10.872 		5.7253 		9.3135
v 17.4576 		-19.9339 		9.6725
v -10.936 		5.7349 		9.2115
v 19.472 		8.6085 		6.5155
v 18.8496 		9.1397 		6.5155
v 18.152 		9.5685 		6.5155
v 19.4272 		8.5637 		6.4135
v -8.768 		-19.6315 		9.5945
v 18.8112 		9.0885 		6.4135
v 16.36 		8.5637 		9.6725
v -9.1968 		7.4005 		9.5945
v -8.264 		-20.0603 		9.5945
v -10.0032 		7.9861 		6.5155
v -10.432 		7.2885 		6.5155
v 15.7824 		8.6085 		9.6725
v -9.952 		7.9477 		6.4135
v -9.544 		6.8357 		9.5945
v -10.3744 		7.2581 		6.4135
v -9.0704 		-19.9339 		9.5075
v 14.7072 		8.5397 		9.6798
v -9.7968 		7.8357 		6.3145
v 15.4416 		8.4821 		9.6859
v -10.2032 		7.1717 		6.3145
v -9.2912 		-20.1547 		9.4125
v 15.7824 		9.1397 		9.5945
v -8.6461 		6.3777 		9.7229
v 15.7824 		9.5685 		9.5075
v -9.9248 		7.0293 		6.2195
v -9.0704 		6.5941 		9.6725
v -8.5152 		-20.4075 		9.5075
v 15.7824 		9.8805 		9.4125
v -8.6992 		-20.6603 		9.4125
v 15.7824 		10.0725 		9.3135
v -9.4272 		-20.2907 		9.3135
v -8.8112 		-20.8155 		9.3135
v -10.744 		6.5317 		6.5155
v -10.936 		5.7349 		6.5155
v -9.472 		-20.3355 		9.2115
v -10.6832 		6.5109 		6.4135
v -8.8496 		-20.8667 		9.2115
v -10.872 		5.7253 		6.4135
v -10.5024 		6.4517 		6.3145
v -8.0956 		-18.8139 		6.0002
v -10.6832 		5.6949 		6.3145
v -8.0288 		-18.8923 		6.0002
v -7.6493 		-19.2155 		6
v -7.7265 		-19.1498 		6
v -7.4672 		-19.3707 		6.004
v -9.544 		-18.5627 		6.1325
v -9.2912 		-17.7867 		6.0545
v -9.0704 		-18.3211 		6.0545
v -8.7299 		-17.9684 		6.0067
v -8.6461 		-18.1047 		6.004
v -8.4286 		-18.4229 		6.0019
v -8.3521 		-18.5128 		6
v -8.5072 		-18.3307 		6.004
v -9.544 		-19.3787 		6.2195
# 778 vertices

g group_4_11107152

usemtl color_11107152
s 0

f 2925 	3647 	2922
f 2919 	2931 	2917
f 2932 	2924 	2927
f 2937 	2931 	2919
f 2936 	2918 	3173
f 2921 	2999 	2922
f 2934 	3000 	2921
f 3659 	2986 	2934
f 2935 	2941 	2928
f 2944 	2940 	2938
f 2922 	2998 	2925
f 2947 	2940 	2944
f 2945 	2954 	2920
f 2929 	3352 	2952
f 2933 	2929 	2952
f 2943 	2920 	2954
f 2996 	2961 	2953
f 2933 	2952 	3607
f 3632 	2959 	2956
f 2960 	2965 	2955
f 2948 	2974 	2950
f 2955 	2965 	2957
f 2969 	3315 	3637
f 3315 	3313 	3637
f 2917 	2963 	3638
f 2957 	2949 	2946
f 2970 	2974 	2948
f 2965 	2949 	2957
f 2919 	2917 	3674
f 2930 	2990 	2960
f 2964 	2977 	2966
f 2976 	2919 	3674
f 3682 	2941 	3680
f 2973 	2977 	2964
f 2976 	3411 	2919
f 2935 	3680 	2941
f 2965 	2996 	2953
f 2979 	3411 	2976
f 2975 	2946 	2993
f 2965 	2953 	2949
f 2944 	2938 	3158
f 3506 	3500 	2943
f 2924 	2985 	2927
f 2978 	2984 	2980
f 2999 	2977 	2973
f 2978 	2981 	2984
f 2927 	2985 	2982
f 2980 	2984 	3166
f 2987 	2977 	2986
f 2989 	2975 	2993
f 2983 	2990 	2930
f 2994 	2984 	2981
f 2990 	2996 	2960
f 2999 	2921 	3000
f 2981 	2991 	2994
f 2992 	2997 	2988
f 2990 	3011 	2996
f 3005 	3011 	2990
f 3631 	3163 	3633
f 2960 	2996 	2965
f 2977 	2999 	3000
f 3361 	2959 	2963
f 2936 	3002 	2918
f 3511 	3534 	3500
f 3475 	3458 	2958
f 3002 	2983 	2918
f 3002 	3005 	2983
f 2991 	3003 	3007
f 2936 	3017 	3002
f 3004 	3040 	2995
f 3003 	3018 	3007
f 2983 	3005 	2990
f 3007 	2994 	2991
f 3186 	2994 	3007
f 3011 	2961 	2996
f 3009 	3026 	3012
f 3008 	3015 	3139
f 3024 	3026 	3009
f 3020 	3014 	3016
f 3004 	3307 	3012
f 3004 	3021 	3040
f 3012 	3021 	3004
f 2954 	3606 	3629
f 2954 	3629 	2943
f 3017 	3023 	3002
f 3139 	3015 	2992
f 3006 	3016 	3014
f 2999 	2973 	3025
f 2998 	3025 	2973
f 3002 	3023 	3005
f 3000 	2986 	2977
f 3023 	2964 	3005
f 2951 	2943 	3629
f 3012 	3028 	3021
f 3025 	2922 	2999
f 2997 	2992 	3027
f 3023 	2973 	2964
f 3026 	3028 	3012
f 3356 	3431 	3350
f 3367 	2925 	2998
f 2964 	3011 	3005
f 3028 	3058 	3021
f 2964 	2966 	3011
f 3027 	2992 	3015
f 3192 	3031 	3030
f 3014 	3020 	3032
f 3029 	3032 	3020
f 3011 	2966 	2961
f 3030 	3031 	2981
f 3458 	3455 	2962
f 2962 	2958 	3458
f 2920 	3445 	2945
f 3641 	3642 	3026
f 3641 	3026 	3024
f 2948 	3498 	2970
f 3030 	2981 	2978
f 3642 	3028 	3026
f 3031 	3036 	2991
f 3036 	3003 	2991
f 3037 	3013 	3010
f 3031 	2991 	2981
f 3041 	3013 	3037
f 3036 	3114 	3003
f 3045 	3019 	3041
f 3040 	3021 	3051
f 3021 	3058 	3051
f 3050 	3015 	3043
f 3045 	3022 	3019
f 3040 	3051 	3044
f 3055 	3022 	3045
f 3043 	3015 	3008
f 3041 	3019 	3013
f 3046 	3054 	3047
f 3048 	3056 	3049
f 3048 	3053 	3056
f 3054 	3046 	3052
f 3057 	3027 	3060
f 3054 	3059 	3047
f 2967 	3312 	2972
f 3063 	3060 	3027
f 3015 	3063 	3027
f 3053 	3065 	3056
f 3055 	3061 	2970
f 3064 	3018 	3003
f 3062 	3065 	3053
f 3055 	2970 	3022
f 3050 	3063 	3015
f 3075 	3054 	3052
f 3027 	3057 	3069
f 3245 	2949 	2953
f 2970 	3061 	3162
f 3245 	2953 	2961
f 3054 	3077 	3059
f 3257 	2961 	2966
f 3066 	3044 	3070
f 3262 	3257 	2977
f 2966 	2977 	3257
f 2987 	3262 	2977
f 3347 	3342 	3069
f 3066 	3070 	3067
f 3062 	3179 	3065
f 3018 	3064 	3072
f 3006 	3014 	3042
f 3076 	3070 	3044
f 3062 	3073 	3179
f 3060 	3600 	3057
f 3415 	3042 	3014
f 3153 	3668 	3159
f 3074 	3075 	3052
f 3064 	3068 	3072
f 2989 	3159 	2975
f 3374 	3014 	3032
f 3398 	3559 	3043
f 3685 	3398 	3043
f 3077 	3054 	3075
f 3051 	3076 	3044
f 3073 	3233 	3236
f 2993 	2946 	2949
f 3075 	3094 	3077
f 3223 	3018 	3072
f 3374 	3456 	3014
f 3051 	3081 	3076
f 3071 	3147 	3137
f 3058 	3081 	3051
f 3078 	3083 	3087
f 3080 	3088 	3082
f 3086 	3091 	3074
f 3080 	3084 	3088
f 3078 	3087 	3079
f 3082 	3088 	3053
f 3086 	3101 	3091
f 3074 	3091 	3075
f 3082 	3053 	3048
f 3670 	2975 	3159
f 3091 	3094 	3075
f 3096 	3068 	3093
f 3251 	3245 	2961
f 3251 	2961 	3257
f 3053 	3088 	3062
f 2987 	3280 	3262
f 3095 	3099 	3098
f 3104 	3094 	3091
f 3084 	3107 	3088
f 3100 	3108 	3421
f 3101 	3104 	3091
f 3068 	3096 	3102
f 3100 	3067 	3108
f 3066 	3067 	3100
f 3210 	3209 	3110
f 3083 	3109 	3087
f 3281 	2995 	3111
f 3089 	3385 	3099
f 3109 	3083 	3105
f 3092 	3371 	3093
f 3096 	3381 	3102
f 3042 	3415 	3110
f 3095 	3098 	3113
f 3066 	3100 	3097
f 3219 	3114 	3036
f 3097 	3111 	3066
f 3084 	3103 	3107
f 3107 	3062 	3088
f 3106 	3121 	3116
f 3040 	3111 	2995
f 3044 	3066 	3111
f 3118 	3119 	3105
f 3064 	3003 	3114
f 3115 	3415 	3420
f 3134 	3139 	3118
f 3114 	3117 	3064
f 3118 	3139 	3119
f 3560 	3120 	3103
f 3040 	3044 	3111
f 3103 	3120 	3124
f 3028 	2955 	3058
f 3109 	3105 	3119
f 2955 	3081 	3058
f 3001 	3032 	3123
f 3119 	2988 	3109
f 2957 	2946 	3081
f 2946 	2975 	3081
f 3107 	3103 	3124
f 3107 	3073 	3062
f 3119 	2992 	2988
f 3059 	3122 	3047
f 3029 	3123 	3032
f 3139 	2992 	3119
f 3122 	3131 	3126
f 3107 	3124 	3073
f 3122 	3059 	3131
f 3127 	3197 	3121
f 3126 	3133 	3128
f 3120 	3136 	3124
f 3112 	3113 	3098
f 3112 	3098 	3137
f 3120 	3132 	3136
f 3415 	3014 	3456
f 3131 	3133 	3126
f 3135 	3138 	3130
f 3068 	3117 	3129
f 3121 	3141 	3127
f 3140 	3141 	3121
f 3059 	3142 	3131
f 3112 	3137 	3143
f 3209 	3204 	3042
f 3222 	3210 	3110
f 3115 	3222 	3110
f 3006 	3042 	3204
f 3077 	3142 	3059
f 2928 	2941 	3134
f 3131 	3142 	3275
f 3016 	3203 	3020
f 3029 	3020 	3184
f 3203 	3184 	3020
f 3144 	3146 	3135
f 3068 	3064 	3117
f 3134 	3008 	3139
f 3135 	3146 	3138
f 2941 	3008 	3134
f 3275 	3133 	3131
f 3153 	3341 	3145
f 3138 	3009 	3307
f 3143 	3137 	3147
f 3146 	3009 	3138
f 3123 	3226 	3001
f 3328 	3141 	3140
f 3085 	3129 	3149
f 3077 	3150 	3142
f 3094 	3150 	3077
f 3125 	3149 	3129
f 3145 	3668 	3153
f 3144 	3148 	3154
f 3037 	3010 	3098
f 3137 	3098 	3010
f 3175 	3149 	3125
f 3144 	3154 	3146
f 3216 	3258 	3071
f 3094 	3297 	3150
f 3258 	3249 	3143
f 3147 	3258 	3143
f 3093 	3129 	3092
f 3085 	3092 	3129
f 3242 	3239 	3095
f 3255 	3242 	3113
f 3099 	3095 	3239
f 3095 	3113 	3242
f 3129 	3093 	3068
f 3082 	3048 	3199
f 3090 	3235 	3381
f 3149 	3544 	3085
f 3175 	3544 	3149
f 2944 	3158 	3202
f 2980 	3162 	3295
f 2970 	3162 	2974
f 3171 	3160 	3544
f 3033 	3450 	3035
f 3670 	3159 	3668
f 2944 	3261 	2947
f 3049 	3154 	3148
f 3048 	3049 	3148
f 3423 	3039 	3427
f 3631 	3161 	3163
f 2980 	3166 	3162
f 3169 	2974 	3162
f 3049 	3056 	3644
f 3162 	3166 	3169
f 3164 	3294 	3170
f 3167 	3633 	3163
f 2989 	3363 	3159
f 3168 	3130 	3165
f 3166 	3181 	3169
f 3056 	3065 	3173
f 3197 	3303 	3182
f 2984 	2994 	3174
f 2994 	3186 	3174
f 3279 	3106 	3116
f 3175 	3125 	3171
f 2989 	2993 	3046
f 3172 	3178 	3101
f 3166 	2984 	3174
f 3181 	3166 	3174
f 3280 	3106 	3279
f 3174 	3190 	3181
f 3177 	3135 	3168
f 3182 	3116 	3121
f 3183 	3184 	3155
f 3101 	3178 	3104
f 3175 	3171 	3544
f 3164 	3544 	3160
f 3177 	3144 	3135
f 3176 	3221 	3188
f 3168 	3135 	3130
f 3190 	3174 	3186
f 3030 	3626 	3192
f 3176 	3188 	3180
f 3220 	3191 	3177
f 3007 	3018 	3195
f 3193 	3173 	3065
f 3178 	3187 	3104
f 3180 	3188 	3157
f 3191 	3144 	3177
f 3065 	3179 	3193
f 3189 	3198 	3192
f 3195 	3186 	3007
f 3186 	3195 	3200
f 3193 	2936 	3173
f 3180 	3157 	3152
f 3196 	3198 	3189
f 3031 	3192 	3198
f 3191 	3148 	3144
f 3186 	3200 	3190
f 3191 	3199 	3148
f 3156 	3184 	3203
f 3156 	3203 	3204
f 3188 	3158 	3157
f 3195 	3018 	3223
f 3201 	3172 	3205
f 3188 	3202 	3158
f 3229 	3200 	3195
f 3155 	3184 	3156
f 3223 	3229 	3195
f 3207 	3193 	3179
f 3202 	3231 	3208
f 3194 	3197 	3127
f 3127 	3185 	3194
f 3193 	3207 	3214
f 2944 	3202 	3208
f 3112 	3247 	3113
f 3031 	3198 	3036
f 3213 	3172 	3212
f 3239 	3232 	3099
f 3172 	3201 	3212
f 2944 	3208 	3261
f 3211 	3206 	3482
f 3102 	3381 	3235
f 3093 	3345 	3096
f 3211 	3168 	3206
f 3214 	2936 	3193
f 3212 	3515 	3213
f 3205 	3318 	3486
f 3214 	3017 	2936
f 3206 	3168 	3165
f 3196 	3215 	3219
f 3156 	3204 	3209
f 3172 	3213 	3178
f 3218 	3178 	3213
f 3211 	3177 	3168
f 3196 	3219 	3198
f 3220 	3177 	3211
f 3036 	3198 	3219
f 3182 	3121 	3197
f 3215 	3466 	3227
f 3493 	3224 	3220
f 3191 	3220 	3224
f 3217 	3225 	3231
f 3215 	3230 	3219
f 3218 	3228 	3178
f 3225 	3237 	3231
f 3215 	3227 	3230
f 3217 	3231 	3221
f 3219 	3230 	3114
f 3221 	3202 	3188
f 3221 	3231 	3202
f 3486 	3494 	3205
f 3515 	3212 	3494
f 3194 	3305 	3197
f 3116 	3182 	3279
f 3235 	3072 	3102
f 3232 	3072 	3235
f 3068 	3102 	3072
f 3224 	3234 	3199
f 3515 	3504 	3213
f 3504 	3499 	3213
f 3233 	3246 	3236
f 3232 	3239 	3072
f 2949 	3238 	2993
f 3226 	3155 	3151
f 3318 	3305 	3185
f 3185 	3486 	3318
f 3201 	3494 	3212
f 3194 	3185 	3305
f 3238 	3052 	2993
f 3208 	3231 	3237
f 3226 	3183 	3155
f 3052 	3238 	3074
f 3178 	3243 	3187
f 3179 	3073 	3236
f 3261 	3208 	3237
f 3236 	3207 	3179
f 2993 	3052 	3046
f 3241 	3227 	3266
f 3242 	3223 	3239
f 3240 	3187 	3243
f 3016 	3006 	3203
f 3042 	3110 	3209
f 3204 	3203 	3006
f 3238 	2949 	3245
f 3072 	3239 	3223
f 3178 	3228 	3243
f 3244 	3230 	3227
f 3184 	3183 	3029
f 3183 	3226 	3029
f 3123 	3029 	3226
f 3151 	3001 	3226
f 3245 	3074 	3238
f 3227 	3241 	3244
f 3672 	3252 	3225
f 3240 	3248 	3187
f 3249 	3229 	3247
f 3230 	3244 	3117
f 3252 	3237 	3225
f 3228 	3529 	3243
f 3251 	3086 	3245
f 3244 	3129 	3117
f 3223 	3247 	3229
f 3244 	3125 	3129
f 3230 	3117 	3114
f 3187 	3248 	3334
f 3223 	3242 	3255
f 3223 	3255 	3247
f 3236 	3246 	3256
f 3245 	3086 	3074
f 3224 	3199 	3191
f 3252 	3336 	3237
f 3261 	3237 	3260
f 3251 	3259 	3086
f 3125 	3241 	3298
f 3257 	3259 	3251
f 3298 	3171 	3125
f 3216 	3229 	3258
f 3236 	3256 	3207
f 3199 	3234 	3082
f 3080 	3082 	3234
f 3259 	3101 	3086
f 3148 	3199 	3048
f 3125 	3244 	3241
f 3249 	3258 	3229
f 3262 	3264 	3257
f 3147 	3071 	3258
f 3248 	3240 	3568
f 3243 	3550 	3240
f 3112 	3143 	3249
f 3247 	3112 	3249
f 3255 	3113 	3247
f 3262 	3303 	3264
f 3260 	3265 	3267
f 3089 	3099 	3232
f 3090 	3089 	3232
f 3235 	3090 	3232
f 3257 	3264 	3259
f 3264 	3172 	3259
f 3250 	3253 	3269
f 3260 	3267 	3261
f 3261 	3161 	2947
f 3268 	3269 	3253
f 3261 	3267 	3161
f 3268 	3253 	3274
f 3259 	3172 	3101
f 3246 	3444 	3272
f 3253 	3292 	3296
f 3253 	3296 	3274
f 3270 	3041 	3037
f 3268 	3354 	3269
f 3276 	3041 	3270
f 3241 	3266 	3277
f 3274 	3282 	3268
f 3314 	3163 	3267
f 3280 	3279 	3262
f 3267 	3163 	3161
f 3283 	3045 	3276
f 3275 	3142 	3284
f 3272 	3392 	3256
f 3281 	3097 	3386
f 3274 	3287 	3282
f 3246 	3272 	3256
f 3303 	3305 	3264
f 3142 	3150 	3284
f 3276 	3045 	3041
f 3284 	3290 	3275
f 3264 	3205 	3172
f 3274 	3286 	3287
f 3288 	3273 	3271
f 3273 	3288 	3294
f 3283 	3055 	3045
f 3291 	3055 	3283
f 3297 	3094 	3104
f 2987 	3106 	3280
f 3281 	3278 	2995
f 3291 	3061 	3055
f 3277 	3273 	3294
f 3291 	3295 	3061
f 3392 	3512 	3393
f 3241 	3277 	3298
f 3293 	2995 	3278
f 3299 	3284 	3150
f 3277 	3294 	3298
f 3300 	3262 	3279
f 3292 	3152 	3296
f 3297 	3299 	3150
f 3292 	3180 	3152
f 3300 	3303 	3262
f 3302 	3214 	3207
f 3109 	2988 	3285
f 3138 	3307 	3289
f 3304 	3288 	3308
f 3256 	3302 	3207
f 3282 	3355 	3268
f 3287 	3364 	3282
f 3289 	3307 	3293
f 3301 	3283 	3276
f 3302 	3309 	3214
f 3293 	3004 	2995
f 3263 	3310 	3265
f 3306 	3283 	3301
f 3359 	3347 	3269
f 3004 	3293 	3307
f 3311 	3306 	3329
f 3285 	3310 	3263
f 3288 	3304 	3312
f 3288 	3312 	3313
f 3310 	3314 	3265
f 3329 	3332 	3311
f 3355 	3282 	3364
f 3297 	3104 	3187
f 3310 	3324 	3314
f 3311 	3291 	3306
f 3323 	3324 	3310
f 3497 	2971 	3572
f 3069 	3057 	3604
f 3600 	3599 	3057
f 3267 	3265 	3314
f 3334 	3297 	3187
f 3294 	3313 	3315
f 3009 	3012 	3307
f 3214 	3309 	3017
f 3254 	3334 	3248
f 3288 	3313 	3294
f 3306 	3291 	3283
f 3146 	3154 	3024
f 3017 	3317 	3023
f 3297 	3334 	3299
f 3160 	3298 	3164
f 3154 	3049 	3024
f 3332 	3319 	3311
f 3294 	3164 	3298
f 3318 	3264 	3305
f 3309 	3317 	3017
f 3316 	3320 	3324
f 3024 	3009 	3146
f 3315 	3170 	3294
f 3316 	3344 	3320
f 3641 	3024 	3049
f 3342 	3344 	3316
f 3311 	3319 	3295
f 3317 	2973 	3023
f 3665 	3658 	3290
f 3298 	3160 	3171
f 3299 	3322 	3284
f 2988 	3323 	3285
f 3311 	3295 	3291
f 3318 	3205 	3264
f 3030 	2978 	3319
f 3285 	3323 	3310
f 2968 	3637 	3313
f 3315 	2969 	3170
f 2967 	2968 	3313
f 3312 	2967 	3313
f 3284 	3322 	3290
f 3314 	3167 	3163
f 3256 	3393 	3302
f 3303 	3197 	3305
f 3300 	3182 	3303
f 3279 	3182 	3300
f 3295 	3319 	2980
f 2978 	2980 	3319
f 3304 	3308 	2972
f 3324 	3167 	3314
f 3140 	3145 	3328
f 3061 	3295 	3162
f 3323 	2988 	2997
f 3394 	3326 	3302
f 2997 	3316 	3323
f 3316 	3324 	3323
f 3322 	3325 	3290
f 3328 	3333 	3141
f 3079 	3336 	3252
f 3260 	3237 	3336
f 3324 	3320 	3167
f 3087 	3263 	3079
f 3087 	3285 	3263
f 3337 	3319 	3332
f 3328 	3145 	3341
f 3263 	3336 	3079
f 3030 	3337 	3626
f 3322 	3299 	3338
f 3342 	3316 	2997
f 3336 	3265 	3260
f 3030 	3319 	3337
f 3263 	3265 	3336
f 3377 	3333 	3328
f 3285 	3087 	3109
f 2997 	3027 	3342
f 3341 	3377 	3328
f 3349 	3506 	2951
f 3299 	3334 	3338
f 2956 	3353 	2951
f 3302 	3327 	3309
f 2963 	2917 	2931
f 3153 	3159 	3348
f 3335 	3309 	3327
f 3027 	3069 	3342
f 3032 	3506 	3349
f 2942 	3346 	3352
f 3348 	3341 	3153
f 3317 	3356 	3350
f 3355 	3344 	3354
f 3352 	2929 	2942
f 3356 	3317 	3357
f 3342 	3354 	3344
f 3349 	2951 	3353
f 3309 	3357 	3317
f 3383 	3389 	3325
f 3354 	3342 	3359
f 3347 	3359 	3342
f 3346 	3362 	3352
f 3335 	3357 	3309
f 3353 	2956 	3361
f 2956 	2959 	3361
f 3350 	3367 	3317
f 3321 	3278 	3339
f 3159 	3363 	3348
f 3346 	3360 	3362
f 3352 	3362 	3368
f 3365 	3344 	3364
f 3355 	3364 	3344
f 3358 	3278 	3321
f 3363 	3406 	3348
f 3365 	3364 	3286
f 3287 	3286 	3364
f 3361 	2963 	3366
f 2952 	3352 	3368
f 3369 	3338 	3334
f 3278 	3281 	3339
f 3355 	3354 	3268
f 3359 	3269 	3354
f 3368 	3609 	2952
f 2963 	2931 	3366
f 3599 	3604 	3057
f 3371 	3370 	3345
f 3372 	3370 	3371
f 3386 	3339 	3281
f 3363 	2989 	3046
f 3351 	3165 	3130
f 3349 	3374 	3032
f 3351 	3289 	3358
f 3360 	3373 	3376
f 3334 	3254 	3369
f 3353 	3378 	3349
f 3373 	3384 	3388
f 3377 	3379 	3333
f 3429 	3338 	3427
f 3373 	3388 	3376
f 3130 	3289 	3351
f 3376 	3362 	3360
f 3349 	3378 	3374
f 3289 	3293 	3358
f 3358 	3293 	3278
f 3330 	3368 	3362
f 3130 	3138 	3289
f 3330 	3362 	3376
f 3343 	3448 	3372
f 2998 	2973 	3367
f 3368 	3330 	3616
f 3345 	3370 	3381
f 3368 	3616 	3609
f 3322 	3338 	3383
f 3378 	3353 	3382
f 3375 	3522 	3380
f 3317 	3367 	2973
f 3353 	3361 	3382
f 3366 	3387 	3361
f 3350 	3441 	3367
f 3385 	3381 	3370
f 3322 	3383 	3325
f 3390 	3417 	3335
f 3335 	3327 	3390
f 3397 	3390 	3327
f 3326 	3397 	3327
f 3398 	3685 	3400
f 3361 	3387 	3382
f 3394 	3512 	3326
f 3376 	3340 	3330
f 3381 	3096 	3345
f 3376 	3388 	3340
f 3325 	3389 	2923
f 3394 	3302 	3393
f 3384 	3405 	3388
f 3381 	3385 	3090
f 3391 	3380 	3556
f 3387 	3366 	3395
f 2940 	3405 	2938
f 3089 	3090 	3385
f 3407 	3388 	3405
f 3393 	3256 	3392
f 3366 	2931 	3395
f 3098 	3099 	3385
f 3340 	3388 	3407
f 3402 	3340 	3407
f 3348 	3399 	3341
f 3327 	3302 	3326
f 3395 	3502 	3387
f 3399 	3377 	3341
f 3410 	3546 	3395
f 3377 	3403 	3379
f 3387 	3502 	3484
f 3393 	3512 	3394
f 3397 	3396 	3390
f 3272 	3444 	3512
f 3399 	3403 	3377
f 3402 	3196 	3189
f 3402 	3404 	3196
f 3392 	3272 	3512
f 3444 	3443 	3512
f 3403 	3459 	3379
f 3410 	3395 	2931
f 3404 	3215 	3196
f 3270 	3370 	3401
f 3404 	3466 	3215
f 2919 	3411 	2937
f 3400 	3683 	3391
f 3683 	3684 	3391
f 3379 	3459 	3453
f 3124 	3233 	3073
f 2979 	3426 	3411
f 2982 	3434 	2979
f 3124 	3136 	3233
f 3363 	3046 	3406
f 3348 	3406 	3399
f 2937 	3410 	2931
f 3385 	3370 	3270
f 2937 	3411 	3412
f 3405 	3413 	3407
f 3385 	3270 	3037
f 3414 	2924 	2923
f 3385 	3037 	3098
f 2937 	3412 	3410
f 3416 	3136 	3408
f 3389 	3414 	2923
f 3403 	3474 	3459
f 3401 	3276 	3270
f 3421 	3417 	3396
f 3390 	3396 	3417
f 3420 	3419 	3418
f 3345 	3093 	3371
f 3416 	3233 	3136
f 3372 	3371 	3544
f 3092 	3544 	3371
f 3233 	3416 	3246
f 3127 	3141 	3422
f 3411 	3424 	3412
f 3369 	3423 	3338
f 3396 	3100 	3421
f 3424 	3411 	3426
f 3357 	3335 	3417
f 3419 	3420 	3415
f 3415 	3115 	3110
f 3423 	3427 	3338
f 3418 	3419 	3433
f 3422 	3141 	3333
f 3417 	3421 	3431
f 3510 	3433 	3419
f 3427 	3034 	3429
f 3426 	3434 	3435
f 3432 	3408 	3478
f 3254 	3580 	3369
f 3369 	3038 	3423
f 3436 	3422 	3333
f 3485 	3531 	3419
f 3333 	3379 	3436
f 3430 	3431 	3421
f 3422 	3436 	3425
f 3437 	3416 	3432
f 3419 	3531 	3510
f 3426 	3435 	3424
f 3693 	3690 	3433
f 3408 	3432 	3416
f 3338 	3429 	3383
f 3438 	3383 	3429
f 3433 	3510 	3442
f 3416 	3443 	3246
f 3444 	3246 	3443
f 3379 	3453 	3436
f 3426 	2979 	3434
f 3527 	3428 	3439
f 3435 	3434 	3446
f 3440 	3442 	3510
f 3416 	3447 	3443
f 3434 	3449 	3446
f 3447 	3416 	3437
f 3406 	3046 	3047
f 3122 	3469 	3047
f 3445 	3389 	3450
f 3446 	3583 	3435
f 3441 	3430 	3421
f 3405 	3409 	3413
f 2985 	3449 	3434
f 2982 	2985 	3434
f 3413 	3404 	3407
f 3450 	3389 	3451
f 3383 	3451 	3389
f 3436 	3452 	3425
f 3449 	3155 	3156
f 3447 	3512 	3443
f 3407 	3404 	3402
f 3383 	3438 	3451
f 3449 	3156 	3446
f 3624 	3535 	3432
f 3478 	3624 	3432
f 3453 	3452 	3436
f 3389 	3445 	3455
f 3343 	3439 	3448
f 2985 	3155 	3449
f 3386 	3097 	3396
f 3408 	3132 	3454
f 3389 	3455 	3414
f 3374 	3378 	3460
f 3454 	3470 	3408
f 3097 	3100 	3396
f 3458 	3414 	3455
f 3409 	3461 	3413
f 3370 	3372 	3448
f 3374 	3460 	3456
f 3408 	3136 	3132
f 3460 	3463 	3456
f 3409 	3457 	3461
f 3461 	3466 	3413
f 3459 	3462 	3453
f 3454 	3464 	3465
f 3281 	3111 	3097
f 3466 	3404 	3413
f 3399 	3469 	3403
f 3428 	3468 	3448
f 3430 	3350 	3431
f 3441 	3350 	3430
f 3025 	2998 	2922
f 2925 	3367 	3441
f 3406 	3469 	3399
f 3470 	3471 	3408
f 3469 	3474 	3403
f 3472 	3457 	3631
f 3460 	3378 	3473
f 3401 	3370 	3448
f 3357 	3417 	3356
f 3431 	3356 	3417
f 3467 	3414 	3475
f 3458 	3475 	3414
f 3472 	3476 	3457
f 3378 	3382 	3473
f 3454 	3465 	3470
f 3473 	3477 	3460
f 3448 	3468 	3401
f 3474 	3480 	3459
f 3457 	3476 	3461
f 3471 	3478 	3408
f 3461 	3266 	3466
f 3459 	3480 	3462
f 3460 	3477 	3463
f 3461 	3476 	3266
f 3468 	3562 	3481
f 3539 	3463 	3477
f 3587 	3608 	3465
f 3595 	3587 	3464
f 3465 	3464 	3587
f 3331 	3339 	3479
f 3466 	3266 	3227
f 3406 	3047 	3469
f 3301 	3468 	3481
f 3469 	3122 	3474
f 3126 	3474 	3122
f 3472 	3273 	3476
f 3480 	3474 	3128
f 3126 	3128 	3474
f 3481 	3306 	3301
f 3382 	3387 	3484
f 3472 	3271 	3273
f 3128 	3594 	3480
f 3479 	3339 	3483
f 3476 	3277 	3266
f 3185 	3127 	3486
f 3476 	3273 	3277
f 3415 	3485 	3419
f 3484 	3473 	3382
f 3487 	3211 	3482
f 3456 	3485 	3415
f 3487 	3220 	3211
f 3490 	3477 	3473
f 3486 	3127 	3492
f 3127 	3422 	3492
f 3386 	3483 	3339
f 3512 	3479 	3483
f 3484 	3490 	3473
f 3450 	3033 	3445
f 2920 	2962 	3455
f 3455 	3445 	2920
f 2945 	3445 	3033
f 3490 	3540 	3477
f 3489 	3491 	3496
f 3488 	3489 	3496
f 3301 	3401 	3468
f 3451 	3035 	3450
f 3438 	3429 	3663
f 3034 	3663 	3429
f 3451 	3438 	3035
f 3494 	3486 	3492
f 3220 	3487 	3493
f 3498 	3224 	3493
f 3463 	3485 	3456
f 3477 	3540 	3539
f 3386 	3495 	3483
f 2958 	2943 	3500
f 3397 	3503 	3396
f 2962 	2943 	2958
f 3495 	3386 	3503
f 3519 	3692 	3440
f 3498 	3234 	3224
f 3490 	3484 	3507
f 3396 	3503 	3386
f 3276 	3401 	3301
f 3509 	3505 	3508
f 3418 	3433 	3690
f 3442 	3693 	3433
f 3420 	3418 	3689
f 3500 	3467 	2958
f 3498 	2948 	3234
f 3501 	3499 	3504
f 3505 	3497 	3508
f 3511 	3500 	3506
f 3080 	3234 	2950
f 2948 	2950 	3234
f 3512 	3483 	3495
f 3397 	3512 	3503
f 3306 	3481 	3329
f 3479 	3512 	3331
f 3504 	3515 	3492
f 3494 	3492 	3515
f 3343 	3372 	3544
f 3506 	3032 	3517
f 3506 	3517 	3518
f 3506 	3518 	3511
f 3492 	3501 	3504
f 3514 	3516 	3520
f 3513 	3514 	3520
f 3495 	3503 	3512
f 3397 	3326 	3512
f 3522 	3375 	3519
f 3092 	3085 	3544
f 3488 	3496 	3509
f 3505 	3509 	3496
f 3499 	3501 	3521
f 3526 	3521 	3501
f 2951 	3506 	2943
f 3536 	3518 	3517
f 3440 	3510 	3519
f 3502 	3507 	3484
f 3518 	3536 	3511
f 3534 	3511 	3536
f 3510 	3522 	3519
f 3228 	3218 	3521
f 3542 	3490 	3507
f 2924 	3530 	2985
f 3556 	3380 	3522
f 2924 	3414 	3530
f 2926 	2971 	3505
f 3530 	3155 	2985
f 3502 	3546 	3507
f 3534 	3530 	3467
f 3414 	3467 	3530
f 3521 	3526 	3529
f 3496 	3296 	3538
f 3537 	3530 	3536
f 3534 	3536 	3530
f 3496 	2942 	3505
f 3532 	3428 	3527
f 3496 	3538 	2942
f 3517 	3537 	3536
f 3528 	3535 	3533
f 3505 	2942 	2929
f 3475 	2958 	3467
f 3534 	3467 	3500
f 3152 	3612 	3296
f 3539 	3671 	3661
f 3541 	3531 	3485
f 3540 	3671 	3539
f 3425 	3501 	3492
f 3422 	3425 	3492
f 3001 	3517 	3032
f 3507 	3547 	3542
f 3541 	3485 	3463
f 3308 	3572 	2971
f 3541 	3656 	3531
f 3490 	3542 	3540
f 3509 	3566 	3488
f 3508 	3571 	3509
f 3489 	3488 	3563
f 3489 	3563 	3491
f 3535 	3525 	3533
f 3448 	3439 	3428
f 2972 	3308 	2971
f 3528 	3533 	3543
f 3502 	3395 	3546
f 3547 	3507 	3546
f 3542 	3547 	3596
f 3544 	3527 	3439
f 3321 	3543 	3533
f 3597 	3591 	3513
f 3595 	3464 	3597
f 3514 	3513 	3588
f 3499 	3521 	3218
f 3529 	3228 	3521
f 3218 	3213 	3499
f 3523 	3544 	3524
f 3532 	3544 	3523
f 3544 	3532 	3527
f 3170 	3524 	3544
f 3514 	3588 	3516
f 3375 	3680 	3519
f 3524 	3170 	2969
f 3201 	3205 	3494
f 3442 	3440 	3691
f 3549 	3546 	3410
f 3545 	3320 	3548
f 3439 	3343 	3544
f 3545 	3548 	3551
f 3420 	3689 	3115
f 3544 	3164 	3170
f 3410 	3412 	3549
f 3549 	3555 	3546
f 2950 	3552 	3084
f 3553 	3554 	3321
f 3545 	3551 	3271
f 3550 	3529 	3526
f 3546 	3555 	3547
f 3551 	3288 	3271
f 2950 	3084 	3080
f 3552 	3103 	3084
f 3428 	2939 	3562
f 3564 	3563 	3548
f 3543 	3321 	3554
f 3557 	3562 	2939
f 3552 	3560 	3103
f 3548 	3563 	3558
f 3570 	3573 	3549
f 3468 	3428 	3562
f 3549 	3573 	3555
f 3344 	3564 	3548
f 3155 	3530 	3537
f 3553 	3321 	3331
f 3001 	3537 	3517
f 3566 	3548 	3558
f 3339 	3331 	3321
f 3570 	3549 	3412
f 3557 	3569 	3562
f 3537 	3151 	3155
f 3566 	3571 	3551
f 3551 	3571 	3572
f 3424 	3570 	3412
f 3400 	3567 	3398
f 3537 	3001 	3151
f 3560 	3565 	3120
f 3548 	3566 	3551
f 3351 	3533 	3525
f 3288 	3551 	3308
f 3559 	3398 	3567
f 3526 	3568 	3550
f 3602 	3555 	3573
f 3565 	3132 	3120
f 3435 	3577 	3424
f 3565 	3575 	3132
f 3165 	3351 	3525
f 3577 	3570 	3424
f 3351 	3358 	3533
f 3551 	3572 	3308
f 3570 	3579 	3573
f 3358 	3321 	3533
f 3577 	3579 	3570
f 3567 	3400 	3556
f 3312 	3304 	2972
f 3572 	3571 	3497
f 3508 	3497 	3571
f 3575 	3454 	3132
f 3578 	3614 	3574
f 3566 	3509 	3571
f 3558 	3488 	3566
f 3563 	3488 	3558
f 3391 	3556 	3400
f 3331 	3512 	3553
f 3447 	3554 	3512
f 3553 	3512 	3554
f 3491 	3563 	3564
f 3575 	3582 	3454
f 3435 	3583 	3577
f 3437 	3432 	3528
f 3528 	3543 	3437
f 3447 	3437 	3543
f 3554 	3447 	3543
f 3491 	3286 	3274
f 3491 	3274 	3496
f 3576 	3586 	3578
f 3274 	3296 	3496
f 3559 	3567 	3585
f 3581 	3586 	3576
f 3584 	3582 	3588
f 3589 	3588 	3582
f 3585 	3567 	3590
f 3481 	3562 	3569
f 3582 	3584 	3591
f 3254 	3561 	3580
f 3464 	3454 	3591
f 3569 	3329 	3481
f 3568 	3240 	3550
f 3568 	3561 	3248
f 3254 	3248 	3561
f 3582 	3591 	3454
f 3597 	3593 	3595
f 3569 	3592 	3329
f 3598 	3586 	3581
f 3547 	3601 	3596
f 3555 	3601 	3547
f 3588 	3513 	3584
f 3584 	3513 	3591
f 3550 	3243 	3529
f 3594 	3598 	3581
f 3596 	3083 	3078
f 3587 	3595 	3593
f 3596 	3601 	3083
f 3588 	3589 	3516
f 3598 	3627 	3586
f 3332 	3592 	3620
f 3585 	3590 	3600
f 3602 	3601 	3555
f 3620 	3337 	3332
f 3599 	3600 	3590
f 3592 	3332 	3329
f 3501 	3425 	3603
f 3105 	3601 	3602
f 3452 	3603 	3425
f 3593 	3597 	3520
f 3604 	3253 	3250
f 3603 	3526 	3501
f 3513 	3520 	3597
f 3601 	3105 	3083
f 3694 	3602 	3573
f 3607 	3557 	2933
f 3603 	3605 	3526
f 3118 	3105 	3602
f 3694 	3118 	3602
f 3607 	3569 	3557
f 3633 	3167 	3320
f 3599 	3590 	3604
f 3587 	3593 	3608
f 3344 	3548 	3320
f 3344 	3365 	3564
f 3611 	3603 	3452
f 3607 	2952 	3609
f 3286 	3491 	3564
f 3365 	3286 	3564
f 3603 	3611 	3605
f 3607 	3609 	3592
f 3525 	3608 	3593
f 3610 	3632 	3606
f 3538 	3296 	3612
f 3253 	3604 	3590
f 3620 	3592 	3609
f 3614 	3610 	3574
f 3538 	3612 	3346
f 3611 	3613 	3605
f 3607 	3592 	3569
f 3346 	3612 	3360
f 3452 	3453 	3615
f 3556 	3617 	3567
f 3019 	3493 	3487
f 3346 	2942 	3538
f 3471 	3470 	3619
f 3019 	3498 	3493
f 3612 	3152 	3618
f 3157 	3618 	3152
f 3615 	3611 	3452
f 3611 	3576 	3613
f 3525 	3619 	3608
f 3360 	3612 	3618
f 3609 	3616 	3620
f 3578 	3586 	3621
f 3615 	3576 	3611
f 3586 	3627 	3621
f 3157 	3158 	3622
f 3157 	3622 	3618
f 3560 	3181 	3565
f 3556 	3649 	3617
f 3330 	3340 	3623
f 3618 	3622 	3373
f 3621 	3614 	3578
f 3190 	3200 	3565
f 3576 	3578 	3613
f 3622 	3384 	3373
f 3625 	3567 	3617
f 3623 	3616 	3330
f 3453 	3462 	3615
f 3618 	3373 	3360
f 3616 	3623 	3626
f 3624 	3619 	3525
f 3158 	2938 	3622
f 3535 	3624 	3525
f 3615 	3462 	3581
f 3616 	3626 	3620
f 3384 	3622 	2938
f 3615 	3581 	3576
f 3337 	3620 	3626
f 3384 	2938 	3405
f 3623 	3340 	3189
f 3161 	3628 	2940
f 3567 	3625 	3590
f 3594 	3581 	3462
f 2940 	2947 	3161
f 3590 	3625 	3292
f 3462 	3480 	3594
f 2940 	3628 	3409
f 3606 	3632 	3629
f 3206 	3593 	3520
f 3189 	3340 	3402
f 3409 	3628 	3457
f 3181 	3560 	3552
f 3520 	3482 	3206
f 3626 	3623 	3192
f 3189 	3192 	3623
f 2940 	3409 	3405
f 3628 	3161 	3631
f 3593 	3165 	3525
f 3497 	3505 	2971
f 3630 	3561 	3568
f 3206 	3165 	3593
f 3629 	2956 	2951
f 3631 	3457 	3628
f 3253 	3590 	3292
f 3632 	2956 	3629
f 3071 	3137 	3516
f 3614 	3634 	3610
f 3137 	3010 	3520
f 3472 	3631 	3633
f 3013 	3487 	3010
f 3624 	3478 	3619
f 3478 	3471 	3619
f 3472 	3633 	3271
f 3526 	3630 	3568
f 3610 	3634 	3632
f 3545 	3271 	3633
f 3634 	2959 	3632
f 2926 	2972 	2971
f 3617 	3649 	3635
f 3561 	3630 	3580
f 3636 	3580 	3630
f 3545 	3633 	3320
f 3516 	3589 	3071
f 3630 	3526 	3605
f 3625 	3617 	3176
f 3605 	3648 	3630
f 3535 	3528 	3432
f 3630 	3648 	3636
f 3617 	3635 	3176
f 3190 	3565 	3181
f 3608 	3619 	3470
f 3470 	3465 	3608
f 3634 	3614 	3638
f 3621 	3638 	3614
f 3180 	3292 	3625
f 3591 	3597 	3464
f 3634 	2963 	2959
f 3580 	3636 	3038
f 3625 	3176 	3180
f 3216 	3589 	3229
f 3638 	2963 	3634
f 3216 	3071 	3589
f 3667 	3217 	3635
f 3520 	3516 	3137
f 3621 	3640 	3638
f 3482 	3520 	3010
f 3028 	3643 	2955
f 3482 	3010 	3487
f 3627 	3640 	3621
f 3639 	3637 	2968
f 3635 	3221 	3176
f 3081 	2955 	2957
f 3013 	3019 	3487
f 3640 	2917 	3638
f 3635 	3217 	3221
f 3022 	3498 	3019
f 3022 	2970 	3498
f 2917 	3640 	3674
f 2950 	2974 	3552
f 3169 	3552 	2974
f 3639 	2968 	2926
f 3169 	3181 	3552
f 3642 	3643 	3028
f 3674 	3640 	3673
f 3627 	3673 	3640
f 3347 	3069 	3250
f 3604 	3250 	3069
f 3250 	3269 	3347
f 2972 	2926 	2967
f 3575 	3565 	3200
f 3627 	3598 	3673
f 2967 	2926 	2968
f 3229 	3582 	3200
f 3575 	3200 	3582
f 3049 	3644 	3641
f 3600 	3060 	3585
f 3585 	3050 	3559
f 3582 	3229 	3589
f 3637 	3639 	2969
f 3644 	3646 	3641
f 3594 	3651 	3598
f 2939 	2969 	3639
f 3645 	3522 	3510
f 3651 	3673 	3598
f 2918 	3646 	3644
f 3644 	3173 	2918
f 3639 	2933 	3557
f 3510 	3531 	3645
f 3639 	3557 	2939
f 3645 	3649 	3522
f 3641 	3646 	3642
f 3128 	3650 	3594
f 3646 	2930 	3642
f 3650 	3651 	3594
f 3421 	3647 	3441
f 3128 	3133 	3653
f 2922 	3647 	2921
f 2921 	3647 	3652
f 2983 	2930 	3646
f 3654 	3666 	3636
f 3647 	3421 	3108
f 3556 	3522 	3649
f 3642 	2930 	3643
f 3108 	3662 	3647
f 3647 	3662 	3652
f 3648 	3654 	3636
f 3653 	3650 	3128
f 3643 	2960 	2955
f 3653 	3655 	3650
f 2969 	2939 	3524
f 3523 	3524 	2939
f 2960 	3643 	2930
f 3133 	3658 	3653
f 3644 	3056 	3173
f 3645 	3531 	3656
f 3650 	3655 	3651
f 2921 	3652 	2934
f 3613 	3648 	3605
f 3523 	2939 	3532
f 3428 	3532 	2939
f 3505 	2929 	2926
f 3648 	3613 	3574
f 3652 	3659 	2934
f 3613 	3578 	3574
f 2983 	3646 	2918
f 3658 	3133 	3275
f 3658 	3660 	3653
f 3648 	3574 	3654
f 2933 	3639 	2926
f 3541 	3463 	3539
f 3106 	3657 	3121
f 3652 	3121 	3657
f 3657 	3659 	3652
f 3610 	3606 	3654
f 3574 	3610 	3654
f 2926 	2929 	2933
f 3539 	3661 	3541
f 3658 	3665 	3660
f 3541 	3661 	3656
f 3653 	3660 	3655
f 3038 	3369 	3580
f 3039 	3423 	3038
f 3669 	3656 	3661
f 3108 	3664 	3662
f 3034 	3427 	3039
f 3108 	3067 	3664
f 3658 	3275 	3290
f 3661 	3671 	3672
f 3140 	3121 	3662
f 3652 	3662 	3121
f 3661 	3672 	3669
f 3542 	3596 	3078
f 3140 	3662 	3145
f 3664 	3145 	3662
f 3645 	3667 	3649
f 3067 	3070 	3668
f 3645 	3656 	3667
f 3649 	3667 	3635
f 3665 	2932 	3660
f 3039 	3666 	3034
f 3668 	3664 	3067
f 3667 	3669 	3217
f 3663 	3034 	3666
f 3664 	3668 	3145
f 3636 	3039 	3038
f 3656 	3669 	3667
f 3670 	3668 	3070
f 3070 	3076 	3670
f 3039 	3636 	3666
f 3076 	3081 	2975
f 3665 	3290 	3325
f 3663 	3666 	3035
f 2954 	3035 	3666
f 3325 	2923 	3665
f 2975 	3670 	3076
f 3654 	3606 	3666
f 3669 	3225 	3217
f 3669 	3672 	3225
f 3666 	3606 	2954
f 3542 	3675 	3540
f 3035 	3438 	3663
f 3542 	3078 	3675
f 3540 	3675 	3671
f 2986 	3659 	3657
f 2986 	3657 	2987
f 3671 	3677 	3672
f 3651 	3676 	3673
f 3035 	2954 	3033
f 3671 	3675 	3677
f 3000 	2934 	2986
f 3672 	3677 	3252
f 3651 	3655 	3676
f 2945 	3033 	2954
f 3676 	3678 	3673
f 2987 	3657 	3106
f 2920 	2943 	2962
f 3079 	3252 	3677
f 3673 	3678 	3674
f 3079 	3677 	3675
f 3079 	3675 	3078
f 3678 	2976 	3674
f 3647 	2925 	3441
f 3050 	3043 	3559
f 3063 	3585 	3060
f 3683 	3400 	3685
f 3679 	3676 	3655
f 3692 	3519 	3680
f 3660 	3679 	3655
f 3679 	3681 	3676
f 3679 	2927 	3681
f 3681 	3678 	3676
f 3678 	3681 	2979
f 3683 	3008 	3684
f 2941 	3684 	3008
f 3678 	2979 	2976
f 3682 	3684 	2941
f 2932 	3679 	3660
f 2932 	2927 	3679
f 3681 	2982 	2979
f 3043 	3008 	3685
f 3683 	3685 	3008
f 2927 	2982 	3681
f 3050 	3585 	3063
f 3665 	2923 	2932
f 2923 	2924 	2932
f 3380 	3391 	3684
f 3684 	3682 	3380
f 3375 	3380 	3682
f 3375 	3682 	3680
f 3691 	3440 	3692
f 3577 	3583 	3686
f 3446 	3156 	3687
f 3687 	3583 	3446
f 3687 	3688 	3583
f 3156 	3209 	3687
f 3210 	3222 	3687
f 3687 	3689 	3688
f 3688 	3686 	3583
f 3686 	3688 	2935
f 3210 	3687 	3209
f 3689 	3687 	3222
f 3222 	3115 	3689
f 3690 	3688 	3689
f 3688 	3691 	2935
f 3692 	2935 	3691
f 3693 	3691 	3688
f 3690 	3693 	3688
f 3680 	2935 	3692
f 3693 	3442 	3691
f 3689 	3418 	3690
f 3579 	3694 	3573
f 3686 	3579 	3577
f 2928 	3579 	3686
f 2928 	3694 	3579
f 3694 	3134 	3118
f 2928 	3134 	3694
f 2935 	2928 	3686
# 1556 faces

 #end of obj_4

o obj_5
v 0.348 		-22 		25.7824
v -2.348 		-22 		25.7824
v -2.549 		7.6992 		29.7968
v 0.8341 		4.965 		29.2206
v 0.8374 		5.1584 		29.1744
v 0.8476 		-20.0019 		26.5759
v -2.731 		-20.7968 		27.0864
v 0.8428 		5.31 		29.1118
v -2.731 		-20.952 		26.4432
v 0.348 		-22 		4.2176
v 0.809 		5.9232 		0.7088
v -2.45 		7.1216 		30.3744
v -2.644 		-21.3744 		26.5104
v -2.731 		-20.1968 		1.736
v 0.731 		6.0864 		0.2032
v -2.809 		-19.768 		2.0496
v -2.644 		-21.2032 		27.2192
v 0.731 		6.6992 		0.456
v -2.348 		-22 		4.2176
v -2.644 		7.5152 		29.544
v 0.809 		-20.4272 		26.36
v 0.831 		4.7824 		29.2642
v 0.348 		4.7824 		-1
v -2.348 		4.7824 		-1
v -2.809 		-19.392 		1.608
v 0.8515 		-19.9099 		26.7985
v 0.809 		6.9504 		1.232
v 0.348 		-16.7824 		-1
v 0.731 		5.4432 		0.048
v -2.348 		-16.7824 		-1
v 0.348 		10 		25.7824
v -2.348 		10 		25.7824
v -2.348 		4.7824 		31
v 0.731 		-21.0032 		25.7824
v -2.45 		4.7824 		30.936
v 0.644 		6.8928 		0.0752
v -2.549 		4.7824 		30.744
v 0.644 		-21.432 		25.7824
v -2.348 		6.3952 		30.744
v -2.348 		5.5984 		30.936
v 0.549 		-21.744 		25.7824
v -2.45 		6.3744 		30.6832
v -2.644 		4.7824 		30.432
v 0.45 		-21.936 		25.7824
v -2.45 		5.5888 		30.872
v -2.731 		5.4432 		29.952
v -2.731 		4.7824 		30.0032
v 0.348 		10 		4.2176
v -2.348 		10 		4.2176
v 0.8515 		5.84 		1.1072
v 0.8539 		5.9621 		1.1823
v 0.8594 		6.3573 		1.4252
v 0.348 		4.7824 		31
v -2.45 		-21.936 		25.7824
v -2.809 		5.36 		29.4272
v 0.8469 		5.5434 		0.9847
v 0.8515 		5.7985 		1.0901
v -2.809 		4.7824 		29.472
v -2.549 		-21.744 		25.7824
v -2.348 		9.432 		1.848
v -2.644 		-21.432 		25.7824
v -2.348 		9.744 		2.6048
v -2.549 		7.0352 		30.2032
v -2.45 		9.3744 		1.8784
v 0.809 		-20.2912 		26.9232
v -2.644 		-18.8928 		0.0752
v -2.549 		6.3152 		30.5024
v -2.45 		9.6832 		2.6256
v 0.8374 		-20.1744 		26.1584
v 0.8428 		-20.1118 		26.31
v 0.8163 		-20.4032 		5.2928
v 0.348 		-16.7824 		31
v -2.8224 		4.4416 		29.3456
v -2.8163 		3.7072 		29.4032
v -2.549 		5.5584 		30.6832
v -2.731 		-18.6992 		0.456
v -2.348 		-16.7824 		31
v 0.644 		7.5152 		29.544
v -2.731 		-21.0032 		25.7824
v -2.549 		9.2032 		1.9648
v -2.644 		6.8928 		29.9248
v -2.731 		-18.0864 		0.2032
v -2.549 		9.5024 		2.6848
v -2.644 		6.2192 		30.2032
v 0.549 		7.6992 		29.7968
v -2.8428 		5.31 		29.1118
v 0.8428 		-20.1118 		3.69
v -2.8368 		5.1171 		29.1843
v -2.831 		4.7824 		29.2642
v -2.8375 		5.1584 		29.1744
v -2.644 		5.5104 		30.3744
v 0.45 		8.4272 		29.4272
v -2.644 		8.9248 		2.1072
v -2.809 		-18.9504 		1.232
v -2.731 		6.6992 		29.544
v -2.644 		9.2032 		2.7808
v 0.45 		7.8112 		29.952
v 0.809 		-20.4272 		3.64
v 0.8375 		-20.1744 		3.8416
v 0.8368 		-20.1843 		3.8829
v -2.809 		-18.4576 		0.9296
v -2.731 		6.0864 		29.7968
v 0.45 		7.1216 		30.3744
v 0.348 		8.472 		29.472
v -2.731 		8.7968 		2.9136
v 0.348 		7.8496 		30.0032
v 0.348 		7.152 		30.432
v -2.809 		-17.9232 		0.7088
v 0.831 		-20.2642 		4.2176
v 0.809 		-20.472 		4.2176
v 0.8515 		-19.8928 		26.84
v 0.8469 		-20.0153 		3.4566
v 0.8595 		-19.5072 		27.4672
v 0.8567 		-19.7299 		27.1049
v -2.348 		9.0032 		1.1504
v -2.45 		8.952 		1.1888
v 0.8635 		-19.3521 		27.6493
v 0.8615 		-19.4286 		27.5595
v 0.549 		7.0352 		30.2032
v -2.549 		8.7968 		1.3008
v 0.549 		6.3152 		30.5024
v -2.8594 		-18.3573 		1.4252
v -2.348 		-17.5984 		30.936
v -2.348 		9.432 		28.152
v -2.348 		-18.3952 		30.744
v -2.348 		9.0032 		28.8496
v -2.45 		-17.5888 		30.872
v -2.45 		9.3744 		28.1216
v 0.45 		6.3744 		30.6832
v -2.45 		-18.3744 		30.6832
v -2.8594 		-18.2412 		1.3539
v -2.45 		8.952 		28.8112
v -2.45 		-19.1216 		30.3744
v 0.348 		6.3952 		30.744
v -2.549 		9.2032 		28.0352
v -2.8515 		-17.7985 		1.0901
v -2.549 		8.7968 		28.6992
v 0.8515 		-19.9099 		3.2015
v -2.8515 		-17.84 		1.1072
v -2.8539 		-17.9621 		1.1823
v 0.644 		6.2192 		30.2032
v 0.644 		5.5104 		30.3744
v 0.8515 		-19.8928 		3.16
v -2.644 		8.9248 		27.8928
v -2.8469 		-17.5434 		0.9847
v 0.549 		5.5584 		30.6832
v -2.731 		8.544 		2.3008
v -2.549 		-17.5584 		30.6832
v -2.549 		-18.3152 		30.5024
v -2.809 		8.0704 		2.5424
v 0.8224 		-20.3456 		4.5584
v -2.549 		-19.0352 		30.2032
v -2.348 		9.936 		26.5984
v -2.809 		8.2912 		3.0768
v 0.45 		5.5888 		30.872
v -2.348 		9.744 		27.3952
v -2.45 		9.872 		26.5888
v -2.348 		-20.472 		0.528
v 0.348 		5.5984 		30.936
v -2.644 		-17.5104 		30.3744
v -2.348 		-19.8496 		-0.0032
v -2.45 		9.6832 		27.3744
v -2.45 		-20.4272 		0.5728
v 0.8163 		-15.7072 		29.4032
v -2.644 		-18.2192 		30.2032
v 0.731 		9.0032 		4.2176
v -2.45 		-19.8112 		0.048
v 0.644 		9.432 		4.2176
v -2.644 		-18.8928 		29.9248
v -2.8635 		7.3521 		2.3507
v 0.549 		9.744 		4.2176
v 0.731 		6.6992 		29.544
v -2.8595 		7.5072 		2.5328
v -2.8594 		7.5748 		2.6427
v 0.8224 		-16.4416 		29.3456
v -2.731 		-18.0864 		29.7968
v -2.549 		9.6832 		26.5584
v 0.731 		6.0864 		29.7968
v -2.731 		-18.6992 		29.544
v -2.549 		9.5024 		27.3152
v -2.8594 		7.6461 		2.7588
v 0.809 		-16.7824 		29.472
v 0.731 		5.4432 		29.952
v -2.549 		-20.2912 		0.7088
v -2.8539 		7.8177 		3.0379
v -2.549 		-19.6992 		0.2032
v 0.809 		-17.36 		29.4272
v -2.644 		9.3744 		26.5104
v 0.644 		6.8928 		29.9248
v -2.644 		9.2032 		27.2192
v -2.8163 		-20.4032 		5.2928
v -2.731 		8.952 		26.4432
v -2.644 		-20.0704 		0.9296
v 0.731 		-16.7824 		30.0032
v -2.731 		8.7968 		27.0864
v -2.644 		8.544 		1.4848
v 0.731 		-17.4432 		29.952
v -2.348 		-19.152 		30.432
v -2.809 		-20.472 		4.2176
v -2.809 		-20.4272 		3.64
v -2.348 		-19.8496 		30.0032
v -2.644 		-19.5152 		0.456
v 0.45 		9.936 		4.2176
v -2.348 		-20.472 		29.472
v -2.731 		8.1968 		1.736
v 0.644 		-16.7824 		30.432
v 0.644 		8.9248 		27.8928
v 0.549 		9.2032 		28.0352
v 0.731 		8.952 		3.5568
v 0.549 		8.7968 		28.6992
v -2.809 		7.392 		1.608
v -2.731 		-19.768 		1.232
v 0.644 		9.3744 		3.4896
v -2.809 		7.768 		2.0496
v -2.831 		-20.2642 		4.2176
v -2.8341 		-20.2206 		4.035
v 0.549 		-16.7824 		30.744
v 0.45 		9.3744 		28.1216
v 0.549 		9.6832 		3.4416
v -2.731 		-19.264 		0.8032
v 0.45 		-16.7824 		30.936
v 0.45 		8.952 		28.8112
v -2.8374 		-20.1744 		3.8416
v -2.8428 		-20.1118 		3.69
v -2.45 		-19.8112 		29.952
v 0.45 		9.872 		3.4112
v -2.8476 		-20.0019 		3.4241
v -2.45 		-20.4272 		29.4272
v -2.8515 		-19.9099 		3.2015
v 0.348 		9.432 		28.152
v 0.348 		9.936 		3.4016
v 0.348 		9.0032 		28.8496
v -2.549 		8.2912 		29.2912
v -2.8515 		-19.8928 		3.16
v 0.644 		-16.7824 		-0.432
v -2.644 		8.544 		28.5152
v -2.8224 		-20.3456 		4.5584
v 0.549 		-16.7824 		-0.744
v 0.831 		-16.7824 		29.2642
v -2.644 		8.0704 		29.0704
v -2.549 		-19.6992 		29.7968
v 0.8161 		8.4048 		5.2928
v 0.8428 		-17.31 		29.1118
v 0.45 		-16.7824 		-0.936
v 0.731 		8.7968 		27.0864
v 0.644 		9.2032 		27.2192
v 0.8515 		7.9099 		3.2015
v 0.8375 		-17.1584 		29.1744
v 0.8515 		7.8928 		3.16
v 0.8428 		-17.31 		0.8882
v 0.8368 		-17.1171 		29.1843
v 0.809 		-17.36 		0.5728
v -2.45 		-16.7824 		-0.936
v 0.8428 		8.1118 		3.69
v -2.549 		-16.7824 		-0.744
v -2.731 		7.768 		28.768
v -2.644 		-16.7824 		-0.432
v 0.549 		9.5024 		27.3152
v 0.809 		8.4272 		3.64
v 0.8476 		8.0019 		3.4241
v 0.8341 		-16.965 		0.7794
v 0.8374 		-17.1584 		0.8256
v -2.731 		7.264 		29.1968
v -2.8635 		7.2864 		2.2736
v 0.809 		-16.7824 		0.528
v 0.45 		9.6832 		27.3744
v -2.644 		-19.5152 		29.544
v 0.831 		-16.7824 		0.7358
v -2.45 		-16.7824 		30.936
v 0.348 		9.744 		27.3952
v 0.8341 		8.2206 		4.035
v 0.8374 		8.1744 		3.8416
v 0.8161 		-15.7072 		0.5952
v 0.8224 		-16.4416 		0.6544
v -2.549 		-16.7824 		30.744
v 0.731 		8.952 		26.4432
v 0.731 		-17.4432 		0.048
v -2.8635 		6.6493 		1.6479
v 0.644 		-18.2192 		-0.2032
v -2.731 		8.544 		27.6992
v 0.809 		8.472 		4.2176
v -2.644 		-16.7824 		30.432
v 0.644 		-17.5104 		-0.3744
v -2.8615 		6.5595 		1.5714
v 0.644 		9.3744 		26.5104
v 0.731 		-16.7824 		-0.0032
v -2.8595 		6.4672 		1.4928
v -2.731 		8.1968 		28.264
v 0.549 		-17.5584 		-0.6832
v -2.8633 		6.9504 		1.9044
v -2.731 		-16.7824 		30.0032
v -2.731 		-17.4432 		29.952
v 0.549 		9.6832 		26.5584
v -2.8633 		7.0288 		1.9712
v -2.809 		-16.7824 		29.472
v 0.45 		9.872 		26.5888
v -2.809 		-17.36 		29.4272
v 0.45 		-17.5888 		-0.872
v -2.809 		7.768 		27.9504
v -2.809 		-17.9232 		29.2912
v 0.348 		-17.5984 		-0.936
v 0.831 		8.2642 		4.2176
v -2.809 		-18.4576 		29.0704
v 0.348 		9.936 		26.5984
v -2.731 		-17.4432 		0.048
v -2.809 		7.392 		28.392
v 0.8224 		8.3456 		4.5584
v -2.8224 		-16.4416 		29.3456
v -2.8163 		-15.7072 		29.4032
v -2.731 		-16.7824 		-0.0032
v -2.809 		-18.9504 		28.768
v 0.549 		-19.0352 		-0.2032
v 0.549 		-18.3152 		-0.5024
v -2.809 		-17.36 		0.5728
v 0.45 		-19.1216 		-0.3744
v -2.809 		-16.7824 		0.528
v -2.8515 		-17.7985 		28.9099
v 0.731 		7.768 		28.768
v 0.45 		-18.3744 		-0.6832
v -2.8428 		-17.31 		0.8882
v -2.8476 		-17.5759 		29.0019
v 0.731 		7.264 		29.1968
v -2.8633 		7.0956 		27.9504
v -2.8368 		-17.1171 		0.8157
v -2.831 		-16.7824 		0.7358
v -2.831 		-16.7824 		29.2642
v -2.8375 		-17.1584 		0.8256
v 0.348 		-18.3952 		-0.744
v -2.8515 		-17.84 		28.8928
v -2.8567 		-18.1049 		28.73
v -2.348 		7.8496 		-0.0032
v -2.8341 		-16.965 		29.2206
v -2.348 		8.472 		0.528
v -2.8224 		-16.4416 		0.6544
v -2.8161 		-15.7072 		0.5952
v -2.45 		7.8112 		0.048
v -2.8374 		-17.1584 		29.1744
v -2.8428 		-17.31 		29.1118
v -2.45 		8.4272 		0.5728
v -2.348 		9.936 		3.4016
v -2.8594 		-18.2412 		28.6461
v -2.45 		9.872 		3.4112
v -2.45 		9.936 		4.2176
v 0.348 		-19.152 		-0.432
v 0.8633 		-19.0288 		1.9712
v 0.644 		8.544 		28.5152
v -2.549 		9.6832 		3.4416
v -2.8595 		-18.4672 		28.5072
v 0.644 		8.0704 		29.0704
v -2.348 		-18.3952 		-0.744
v -2.549 		9.744 		4.2176
v -2.348 		-17.5984 		-0.936
v -2.45 		-19.1216 		-0.3744
v 0.8633 		-18.9504 		1.9044
v -2.549 		7.6992 		0.2032
v -2.45 		-18.3744 		-0.6832
v -2.809 		6.9504 		28.768
v -2.644 		9.3744 		3.4896
v -2.644 		9.432 		4.2176
v -2.45 		-17.5888 		-0.872
v -2.549 		8.2912 		0.7088
v -2.8635 		-18.6493 		28.3521
v -2.731 		8.952 		3.5568
v -2.809 		6.4576 		29.0704
v 0.549 		8.2912 		29.2912
v -2.8615 		-18.5595 		28.4286
v 0.644 		-17.5104 		30.3744
v 0.8635 		-18.6493 		1.6479
v -2.731 		9.0032 		4.2176
v -2.8633 		-18.9504 		28.0956
v 0.644 		-18.2192 		30.2032
v -2.809 		5.9232 		29.2912
v 0.8595 		-18.4672 		1.4928
v -2.8633 		-19.0288 		28.0288
v 0.8615 		-18.5595 		1.5714
v 0.549 		-17.5584 		30.6832
v -2.549 		-19.0352 		-0.2032
v 0.809 		7.768 		27.9504
v -2.549 		-18.3152 		-0.5024
v -2.8161 		8.4048 		5.2928
v -2.8595 		6.4672 		28.5072
v -2.8594 		6.3573 		28.5748
v 0.45 		-17.5888 		30.872
v -2.549 		-17.5584 		-0.6832
v -2.809 		8.4272 		3.64
v 0.8635 		7.2864 		27.7265
v 0.809 		-20.2912 		3.0768
v -2.8594 		6.2412 		28.6461
v -2.809 		8.472 		4.2176
v -2.549 		-20.2912 		29.2912
v -2.644 		-18.2192 		-0.2032
v 0.8594 		-19.6461 		2.7588
v 0.348 		-17.5984 		30.936
v 0.809 		-20.0704 		2.5424
v -2.8515 		5.7985 		28.9099
v 0.8539 		-19.8177 		3.0379
v -2.644 		-17.5104 		-0.3744
v -2.8515 		7.9099 		3.2015
v 0.809 		7.392 		28.392
v -2.8515 		5.84 		28.8928
v -2.644 		-20.0704 		29.0704
v -2.8539 		5.9621 		28.8177
v -2.8515 		7.8928 		3.16
v -2.644 		7.5152 		0.456
v -2.644 		-20.544 		28.5152
v -2.8469 		8.0153 		3.4566
v 0.8594 		-19.5748 		2.6427
v -2.644 		8.0704 		0.9296
v -2.348 		-19.152 		-0.432
v 0.549 		-18.3152 		30.5024
v -2.8428 		8.1118 		3.69
v 0.549 		-19.0352 		30.2032
v 0.731 		8.544 		27.6992
v -2.731 		-19.264 		29.1968
v 0.8635 		-19.3521 		2.3507
v 0.8595 		-19.5072 		2.5328
v -2.8368 		8.1843 		3.8829
v -2.831 		8.2642 		4.2176
v -2.731 		-19.768 		28.768
v 0.731 		8.1968 		28.264
v 0.45 		-18.3744 		30.6832
v -2.731 		7.264 		0.8032
v -2.8375 		8.1744 		3.8416
v 0.45 		-19.1216 		30.3744
v -2.731 		7.768 		1.232
v -2.8469 		5.5434 		29.0153
v 0.731 		-21.0032 		4.2176
v -2.8224 		8.3456 		4.5584
v 0.644 		-21.432 		4.2176
v 0.348 		-18.3952 		30.744
v 0.549 		-21.744 		4.2176
v 0.45 		-21.936 		4.2176
v 0.731 		8.7968 		2.9136
v -2.8633 		7.0288 		28.0288
v -2.8635 		6.7265 		28.2864
v -2.8635 		6.6493 		28.3521
v 0.644 		9.2032 		2.7808
v -2.644 		6.8928 		0.0752
v -2.731 		-20.1968 		28.264
v 0.731 		-20.952 		3.5568
v 0.731 		-18.0864 		29.7968
v 0.549 		9.5024 		2.6848
v 0.809 		6.9504 		28.768
v 0.731 		-18.6992 		29.544
v -2.731 		5.4432 		0.048
v 0.644 		-21.3744 		3.4896
v -2.731 		-20.544 		27.6992
v 0.8594 		6.2412 		28.6461
v 0.45 		9.6832 		2.6256
v 0.644 		-18.8928 		29.9248
v 0.549 		-21.6832 		3.4416
v -2.809 		-19.392 		28.392
v 0.809 		6.4576 		29.0704
v 0.8595 		6.4672 		28.5072
v -2.809 		-19.768 		27.9504
v 0.731 		-20.544 		2.3008
v 0.45 		-21.872 		3.4112
v -2.809 		8.2912 		26.9232
v 0.348 		9.744 		2.6048
v -2.809 		8.0704 		27.4576
v 0.644 		8.9248 		2.1072
v 0.644 		-19.5152 		29.544
v 0.348 		-21.936 		3.4016
v 0.549 		-19.6992 		29.7968
v 0.549 		9.2032 		1.9648
v 0.8567 		6.1049 		28.73
v 0.45 		9.3744 		1.8784
v -2.8567 		7.7299 		27.1049
v -2.731 		6.0864 		0.2032
v 0.809 		5.9232 		29.2912
v -2.731 		6.6992 		0.456
v 0.809 		-19.768 		2.0496
v 0.45 		-19.8112 		29.952
v -2.8594 		7.6461 		27.2412
v 0.8635 		-19.2864 		2.2736
v 0.348 		9.432 		1.848
v 0.45 		-20.4272 		29.4272
v 0.8515 		5.7985 		28.9099
v -2.8615 		7.4286 		27.5595
v 0.8515 		5.84 		28.8928
v -2.8635 		7.3521 		27.6493
v 0.348 		-19.152 		30.432
v 0.809 		-19.392 		1.608
v -2.8635 		-19.2864 		27.7265
v -2.809 		5.9232 		0.7088
v -2.8595 		7.5072 		27.4672
v 0.348 		-19.8496 		30.0032
v 0.8476 		5.5759 		29.0019
v -2.809 		6.4576 		0.9296
v 0.549 		8.7968 		1.3008
v 0.348 		-20.472 		29.472
v 0.731 		-20.1968 		1.736
v 0.45 		8.952 		1.1888
v -2.809 		8.4272 		26.36
v -2.809 		6.9504 		1.232
v 0.348 		9.0032 		1.1504
v -2.809 		-20.0704 		27.4576
v 0.644 		-20.544 		1.4848
v -2.8515 		5.7985 		1.0901
v -2.348 		-21.936 		3.4016
v -2.8476 		5.5759 		0.9981
v 0.8469 		-17.5434 		29.0153
v -2.45 		-21.936 		4.2176
v -2.45 		-21.872 		3.4112
v -2.8374 		8.1744 		26.1584
v -2.8428 		8.1118 		26.31
v -2.809 		-20.2912 		26.9232
v -2.8515 		5.84 		1.1072
v -2.8567 		6.1049 		1.2701
v 0.809 		-17.9232 		29.2912
v -2.8476 		8.0019 		26.5759
v -2.8515 		7.9099 		26.7985
v 0.8515 		-17.7985 		28.9099
v -2.8594 		6.2412 		1.3539
v 0.8594 		-18.2412 		28.6461
v -2.8515 		7.8928 		26.84
v -2.549 		-21.6832 		3.4416
v -2.549 		-21.744 		4.2176
v -2.809 		-20.4272 		26.36
v 0.809 		-18.4576 		29.0704
v 0.8539 		-17.9621 		28.8177
v -2.644 		-21.432 		4.2176
v -2.644 		-21.3744 		3.4896
v 0.731 		9.0032 		25.7824
v 0.809 		-18.9504 		1.232
v 0.644 		9.432 		25.7824
v 0.8515 		-17.84 		28.8928
v -2.8635 		-19.3521 		27.6493
v 0.8594 		-18.2412 		1.3539
v -2.8595 		-19.5072 		27.4672
v -2.8594 		-19.5748 		27.3573
v 0.45 		7.1216 		-0.3744
v 0.8635 		7.3521 		2.3507
v 0.8633 		7.0288 		28.0288
v 0.549 		9.744 		25.7824
v 0.8594 		-18.3573 		28.5748
v 0.8594 		7.6461 		2.7588
v 0.45 		9.936 		25.7824
v 0.809 		-18.4576 		0.9296
v 0.809 		-18.9504 		28.768
v -2.8594 		-19.6461 		27.2412
v 0.348 		7.152 		-0.432
v 0.809 		8.0704 		2.5424
v 0.8595 		7.5072 		2.5328
v -2.731 		-20.952 		3.5568
v 0.8615 		7.4286 		2.4405
v -2.731 		-21.0032 		4.2176
v 0.8595 		-18.4672 		28.5072
v -2.8515 		-19.9099 		26.7985
v 0.831 		8.2642 		25.7824
v 0.8224 		8.3456 		25.4416
v -2.8515 		-19.8928 		26.84
v 0.8161 		8.4048 		24.7072
v -2.8539 		-19.8177 		26.9621
v 0.644 		5.5104 		-0.3744
v 0.8633 		6.9504 		28.0956
v 0.644 		6.2192 		-0.2032
v 0.809 		8.472 		25.7824
v 0.8567 		-18.1049 		1.2701
v 0.8567 		7.7299 		2.8951
v -2.8469 		-20.0153 		26.5434
v 0.549 		5.5584 		-0.6832
v 0.809 		-17.9232 		0.7088
v 0.809 		8.2912 		3.0768
v 0.549 		6.3152 		-0.5024
v -2.8428 		-20.1118 		26.31
v 0.8635 		6.6493 		28.3521
v 0.731 		-20.7968 		2.9136
v 0.549 		7.0352 		-0.2032
v 0.644 		-21.2032 		2.7808
v -2.8368 		-20.1843 		26.1171
v 0.8515 		-17.7985 		1.0901
v 0.8515 		-17.84 		1.1072
v 0.644 		-20.9248 		2.1072
v 0.45 		5.5888 		-0.872
v -2.8375 		-20.1744 		26.1584
v 0.45 		6.3744 		-0.6832
v 0.8635 		-18.6493 		28.3521
v 0.731 		8.544 		2.3008
v 0.8476 		-17.5759 		0.9981
v 0.549 		-21.5024 		2.6848
v 0.8615 		6.5595 		28.4286
v 0.8633 		-19.0288 		28.0288
v 0.549 		-21.2032 		1.9648
v 0.348 		5.5984 		-0.936
v 0.8341 		-20.2206 		25.965
v 0.8635 		-18.7265 		28.2864
v 0.072 		7.0288 		28.0288
v 0.348 		6.3952 		-0.744
v 0.731 		-18.6992 		0.456
v 0.809 		-20.472 		25.7824
v 0.831 		-20.2642 		25.7824
v 0.45 		-21.6832 		2.6256
v -2.45 		9.936 		25.7824
v 0.8163 		-20.4032 		24.7072
v 0.8224 		-20.3456 		25.4416
v 0.809 		8.2912 		26.9232
v 0.731 		-18.0864 		0.2032
v 0.45 		-21.3744 		1.8784
v 0.8594 		7.6461 		27.2412
v -2.549 		9.744 		25.7824
v 0.809 		7.392 		1.608
v 0.8633 		-19.0956 		27.9504
v -2.644 		9.432 		25.7824
v 0.809 		8.0704 		27.4576
v 0.8539 		7.8177 		26.9621
v 0.348 		-21.744 		2.6048
v -2.809 		-20.472 		25.7824
v -2.731 		9.0032 		25.7824
v 0.348 		-21.432 		1.848
v 0.644 		-18.8928 		0.0752
v -2.831 		-20.2642 		25.7824
v -2.348 		7.152 		-0.432
v -2.8224 		-20.3456 		25.4416
v -2.8163 		-20.4032 		24.7072
v -2.809 		8.472 		25.7824
v -2.45 		7.1216 		-0.3744
v -2.831 		8.2642 		25.7824
v -2.8224 		8.3456 		25.4416
v -2.8161 		8.4048 		24.7072
v 0.549 		-20.7968 		1.3008
v -2.8341 		8.2206 		25.965
v 0.731 		-19.264 		29.1968
v -2.348 		5.5984 		-0.936
v -2.348 		6.3952 		-0.744
v 0.45 		-20.952 		1.1888
v -2.45 		5.5888 		-0.872
v 0.731 		-19.768 		28.768
v 0.8633 		7.0956 		2.0496
v -2.45 		6.3744 		-0.6832
v 0.8594 		7.5748 		27.3573
v 0.348 		-21.0032 		1.1504
v 0.644 		-20.0704 		29.0704
v 0.809 		7.768 		2.0496
v 0.731 		-19.768 		1.232
v 0.644 		-20.544 		28.5152
v 0.8635 		7.3521 		27.6493
v 0.8595 		7.5072 		27.4672
v 0.549 		-20.2912 		29.2912
v 0.644 		-20.9248 		27.8928
v 0.731 		-19.264 		0.8032
v -2.549 		5.5584 		-0.6832
v -2.549 		6.3152 		-0.5024
v 0.549 		-20.7968 		28.6992
v 0.549 		-21.2032 		28.0352
v 0.644 		-20.0704 		0.9296
v -2.549 		7.0352 		-0.2032
v 0.45 		-20.952 		28.8112
v -2.644 		5.5104 		-0.3744
v 0.45 		-21.3744 		28.1216
v -2.644 		6.2192 		-0.2032
v -2.348 		-21.744 		2.6048
v -2.348 		-21.432 		1.848
v -2.45 		-21.6832 		2.6256
v 0.549 		-20.2912 		0.7088
v -2.45 		-21.3744 		1.8784
v 0.348 		-21.0032 		28.8496
v 0.731 		8.1968 		1.736
v 0.348 		-21.432 		28.152
v 0.831 		4.7824 		0.7358
v 0.8224 		4.4416 		0.6544
v 0.8428 		8.1118 		26.31
v 0.8161 		3.7072 		0.5952
v -2.549 		-21.5024 		2.6848
v 0.644 		8.544 		1.4848
v 0.644 		-19.5152 		0.456
v 0.809 		-19.392 		28.392
v 0.731 		-20.7968 		27.0864
v 0.809 		8.4272 		26.36
v -2.549 		-21.2032 		1.9648
v 0.8375 		8.1744 		26.1584
v 0.8368 		8.1843 		26.1171
v 0.644 		-21.2032 		27.2192
v 0.809 		4.7824 		0.528
v 0.8428 		5.31 		0.8882
v 0.549 		-19.6992 		0.2032
v 0.809 		-19.768 		27.9504
v 0.549 		-21.5024 		27.3152
v 0.809 		5.36 		0.5728
v 0.45 		-20.4272 		0.5728
v 0.8375 		5.1584 		0.8256
v 0.8368 		5.1171 		0.8157
v 0.45 		-19.8112 		0.048
v 0.8469 		8.0153 		26.5434
v 0.45 		-21.6832 		27.3744
v 0.8635 		6.6493 		1.6479
v 0.8595 		6.4672 		1.4928
v -2.644 		-21.2032 		2.7808
v 0.348 		-21.744 		27.3952
v 0.348 		-20.472 		0.528
v -2.644 		-20.9248 		2.1072
v 0.348 		-19.8496 		-0.0032
v 0.809 		5.36 		29.4272
v 0.8633 		7.0288 		1.9712
v 0.731 		-20.952 		26.4432
v 0.8515 		7.9099 		26.7985
v -2.731 		-20.7968 		2.9136
v 0.731 		-20.1968 		28.264
v 0.8635 		6.7265 		1.7136
v 0.809 		4.7824 		29.472
v 0.644 		-21.3744 		26.5104
v 0.8515 		7.8928 		26.84
v 0.549 		-21.6832 		26.5584
v 0.731 		-20.544 		27.6992
v -2.348 		-21.0032 		1.1504
v -2.45 		-20.952 		1.1888
v 0.45 		-21.872 		26.5888
v -2.549 		-20.7968 		1.3008
v 0.348 		-21.936 		26.5984
v -2.8633 		-19.0956 		2.0496
v 0.731 		4.7824 		-0.0032
v -2.8633 		-19.0288 		1.9712
v -2.8635 		-18.6493 		1.6479
v 0.072 		7.0288 		1.9712
v -2.8635 		-18.7265 		1.7136
v -2.8595 		-18.4672 		1.4928
v 0.731 		7.264 		0.8032
v 0.8163 		3.7072 		29.4032
v 0.8224 		4.4416 		29.3456
v 0.8594 		-19.6461 		27.2412
v -2.348 		-21.0032 		28.8496
v -2.348 		-21.432 		28.152
v 0.731 		7.768 		1.232
v -2.45 		-20.952 		28.8112
v -2.348 		8.472 		29.472
v -2.731 		4.7824 		-0.0032
v -2.348 		7.8496 		30.0032
v 0.809 		-20.0704 		27.4576
v -2.348 		7.152 		30.432
v -2.45 		-21.3744 		28.1216
v 0.731 		4.7824 		30.0032
v -2.809 		4.7824 		0.528
v 0.644 		8.0704 		0.9296
v -2.45 		8.4272 		29.4272
v -2.809 		5.36 		0.5728
v -2.731 		-20.544 		2.3008
v -2.45 		7.8112 		29.952
v 0.644 		4.7824 		30.432
v -2.549 		-20.7968 		28.6992
v 0.549 		8.2912 		0.7088
v -2.809 		-20.2912 		3.0768
v -2.831 		4.7824 		0.7358
v 0.549 		4.7824 		30.744
v -2.549 		-21.2032 		28.0352
v -2.8224 		4.4416 		0.6544
v -2.8161 		3.7072 		0.5952
v -2.809 		-20.0704 		2.5424
v 0.45 		4.7824 		30.936
v -2.8341 		4.965 		0.7794
v -2.8374 		5.1584 		0.8256
v -2.8428 		5.31 		0.8882
v -2.644 		-20.9248 		27.8928
v 0.644 		7.5152 		0.456
v 0.549 		7.6992 		0.2032
v -2.348 		-21.744 		27.3952
v -2.348 		-21.936 		26.5984
v -2.8567 		-19.7299 		2.8951
v -2.45 		-21.6832 		27.3744
v -2.45 		-21.872 		26.5888
v 0.45 		7.8112 		0.048
v -2.8594 		-19.6461 		2.7588
v 0.45 		8.4272 		0.5728
v 0.644 		4.7824 		-0.432
v -2.549 		-21.5024 		27.3152
v 0.348 		7.8496 		-0.0032
v -2.8615 		-19.4286 		2.4405
v -2.8635 		-19.3521 		2.3507
v -2.549 		-21.6832 		26.5584
v 0.549 		4.7824 		-0.744
v 0.45 		4.7824 		-0.936
v 0.348 		8.472 		0.528
v -2.8595 		-19.5072 		2.5328
v -2.45 		4.7824 		-0.936
v -2.549 		4.7824 		-0.744
v -2.644 		4.7824 		-0.432
v 0.8594 		6.2412 		1.3539
v -2.644 		-20.544 		1.4848
v 0.809 		6.4576 		0.9296
# 778 vertices

g group_5_11107152

usemtl color_11107152
s 0

f 3702 	4387 	3699
f 3696 	3713 	3695
f 3711 	3703 	3707
f 3704 	3695 	3713
f 3710 	3719 	3708
f 3714 	3697 	3927
f 3720 	3759 	3700
f 3698 	3782 	3699
f 3716 	3783 	3698
f 4413 	3767 	3716
f 3717 	3722 	3718
f 3724 	3718 	3722
f 3699 	3780 	3702
f 3709 	4251 	3730
f 3712 	3709 	3730
f 4395 	3735 	3732
f 3769 	3737 	3731
f 3712 	3730 	4447
f 3736 	3739 	3733
f 3725 	3743 	3726
f 4463 	4457 	3932
f 3742 	3743 	3725
f 3695 	3738 	4401
f 3733 	3739 	3734
f 3734 	3729 	3727
f 3739 	3729 	3734
f 3746 	4208 	4470
f 4208 	4203 	4470
f 3695 	4403 	3696
f 3748 	3696 	4450
f 3706 	3761 	3736
f 3710 	4404 	3719
f 3740 	3752 	3741
f 3749 	3752 	3740
f 3747 	3727 	3771
f 3739 	3769 	3731
f 3739 	3731 	3729
f 3697 	3757 	4431
f 4431 	3757 	3706
f 3715 	3700 	3759
f 3782 	3752 	3749
f 4468 	3949 	4469
f 3754 	3762 	3756
f 3766 	3747 	3771
f 3754 	3758 	3762
f 3757 	3761 	3706
f 3756 	3762 	4036
f 3761 	3769 	3736
f 3768 	3752 	3767
f 3761 	3785 	3769
f 4285 	4280 	3715
f 3778 	3785 	3761
f 3703 	3773 	3707
f 3736 	3769 	3739
f 3707 	3773 	3755
f 3714 	3775 	3697
f 3770 	3776 	3760
f 3777 	3762 	3758
f 3782 	3698 	3783
f 3775 	3757 	3697
f 4286 	4306 	4280
f 3775 	3778 	3757
f 3758 	3774 	3777
f 4270 	4260 	3763
f 3714 	3789 	3775
f 3752 	3782 	3783
f 3757 	3778 	3761
f 3779 	3813 	3772
f 3782 	3749 	3784
f 3780 	3784 	3749
f 3783 	3767 	3752
f 3785 	3737 	3769
f 3784 	3699 	3782
f 3774 	3787 	3790
f 4094 	4174 	4089
f 4120 	3702 	3780
f 3786 	3800 	3791
f 3798 	3800 	3786
f 3787 	3799 	3790
f 3794 	3792 	3793
f 3790 	3777 	3774
f 3779 	4059 	3791
f 3788 	3795 	3914
f 3789 	3796 	3775
f 3779 	3797 	3813
f 3759 	4362 	4389
f 3791 	3797 	3779
f 4052 	3777 	3790
f 3759 	4389 	3715
f 3788 	3816 	3795
f 3781 	3793 	3792
f 3775 	3796 	3778
f 3796 	3740 	3778
f 3914 	3795 	3770
f 3796 	3749 	3740
f 3728 	3715 	4389
f 3740 	3785 	3778
f 3803 	3804 	3794
f 3791 	3801 	3797
f 3740 	3741 	3785
f 3776 	3770 	3802
f 3800 	3801 	3791
f 3785 	3741 	3737
f 3801 	3828 	3797
f 3804 	3792 	3794
f 4260 	4255 	3764
f 3764 	3763 	4260
f 3700 	4243 	3720
f 3802 	3770 	3795
f 4419 	4421 	3800
f 4419 	3800 	3798
f 3781 	3792 	3806
f 4421 	3801 	3800
f 4027 	3810 	3809
f 4081 	3806 	3792
f 3809 	3810 	3758
f 3809 	3758 	3754
f 3810 	3814 	3774
f 4407 	4410 	3788
f 3728 	4121 	4285
f 3813 	3797 	3823
f 3814 	3787 	3774
f 3797 	3828 	3823
f 3810 	3774 	3758
f 3969 	3729 	3731
f 3818 	3826 	3820
f 3813 	3823 	3815
f 3817 	3824 	3819
f 3818 	3822 	3826
f 3969 	3731 	3737
f 3825 	3795 	3816
f 3985 	3737 	3741
f 3824 	3817 	3821
f 3989 	3985 	3752
f 3741 	3752 	3985
f 3824 	3827 	3819
f 3814 	3890 	3787
f 3768 	3989 	3752
f 3830 	3802 	3833
f 3806 	3832 	3921
f 3822 	3831 	3826
f 3829 	3831 	3822
f 3911 	4437 	3915
f 3766 	3915 	3747
f 3806 	4081 	3832
f 3834 	3833 	3802
f 3843 	3824 	3821
f 3795 	3834 	3802
f 3771 	3727 	3729
f 3744 	4202 	3751
f 3824 	3846 	3827
f 3825 	3834 	3795
f 3802 	3830 	3839
f 3829 	3930 	3831
f 3835 	3815 	3840
f 3829 	3838 	3930
f 3832 	4081 	3837
f 3841 	3799 	3787
f 3835 	3840 	3836
f 4014 	4008 	3839
f 3849 	3840 	3815
f 3842 	3843 	3821
f 3838 	3974 	3982
f 4442 	3747 	3915
f 3846 	3824 	3843
f 3845 	3804 	3803
f 3765 	3804 	3845
f 3833 	4267 	3830
f 3843 	3863 	3846
f 3823 	3849 	3815
f 3976 	3969 	3737
f 3799 	3841 	3848
f 4067 	4223 	3816
f 4410 	4067 	3816
f 3976 	3737 	3985
f 3768 	4003 	3989
f 3823 	3853 	3849
f 3847 	3856 	3850
f 3841 	3844 	3848
f 3828 	3853 	3823
f 3847 	3851 	3856
f 3850 	3856 	3822
f 3854 	3859 	3842
f 3852 	3857 	3861
f 3854 	3870 	3859
f 4079 	3799 	3848
f 3850 	3822 	3818
f 3842 	3859 	3843
f 3852 	3861 	3855
f 3859 	3863 	3843
f 3804 	4134 	3792
f 3822 	3856 	3829
f 3858 	3876 	3869
f 3873 	3863 	3859
f 3851 	3874 	3856
f 3870 	3873 	3859
f 3851 	3871 	3874
f 3804 	4285 	4121
f 3874 	3829 	3856
f 3875 	3844 	3868
f 3872 	3877 	4164
f 3872 	3836 	3877
f 3835 	3836 	3872
f 3928 	3923 	3832
f 3837 	3928 	3832
f 3923 	3921 	3832
f 3857 	3880 	3861
f 4016 	3772 	3883
f 3794 	3910 	3803
f 3793 	3917 	3794
f 4295 	3882 	3871
f 3880 	3857 	3878
f 3871 	3882 	3884
f 3844 	3875 	3879
f 3835 	3872 	3866
f 3881 	3945 	3876
f 3866 	3883 	3835
f 3874 	3871 	3884
f 3874 	3838 	3829
f 3874 	3884 	3838
f 3867 	4238 	3868
f 3875 	4254 	3879
f 3813 	3883 	3772
f 3882 	3889 	3884
f 3885 	3765 	3931
f 3876 	3891 	3881
f 3815 	3835 	3883
f 3888 	3891 	3876
f 4055 	3890 	3814
f 3813 	3815 	3883
f 3801 	3733 	3828
f 3887 	3896 	3878
f 3882 	3886 	3889
f 3733 	3853 	3828
f 3734 	3727 	3853
f 3727 	3747 	3853
f 3906 	3914 	3887
f 3887 	3914 	3896
f 3880 	3878 	3896
f 3841 	3787 	3890
f 3725 	4232 	3742
f 3896 	3760 	3880
f 3911 	4070 	3900
f 3890 	3899 	3841
f 3896 	3770 	3760
f 3914 	3770 	3896
f 3902 	3904 	3901
f 4061 	3891 	3888
f 3900 	4437 	3911
f 3903 	3862 	3860
f 3909 	3910 	3893
f 3907 	3862 	3903
f 4442 	3915 	4437
f 3912 	3916 	3902
f 3913 	3865 	3907
f 3894 	3910 	3917
f 3894 	3917 	3918
f 3913 	3897 	3865
f 3827 	3892 	3819
f 3920 	3897 	3913
f 3892 	3919 	3895
f 3902 	3916 	3904
f 3907 	3865 	3862
f 3893 	3910 	3894
f 3904 	3786 	4059
f 3892 	3827 	3919
f 3708 	3719 	3906
f 3916 	3786 	3904
f 3895 	3922 	3898
f 3906 	3788 	3914
f 3820 	3826 	4428
f 3844 	3899 	3908
f 3766 	4087 	3915
f 3719 	3788 	3906
f 3912 	3924 	3926
f 3826 	3831 	3927
f 3945 	4026 	3933
f 3894 	3918 	3921
f 3920 	3925 	3742
f 3719 	4409 	3788
f 3912 	3926 	3916
f 4002 	3858 	3869
f 3766 	3771 	3817
f 3919 	3922 	3895
f 3920 	3742 	3897
f 4418 	3898 	3922
f 4003 	3858 	4002
f 3742 	3925 	4034
f 3850 	3818 	3964
f 3933 	3869 	3876
f 3885 	3931 	3893
f 3931 	3909 	3893
f 3820 	3926 	3924
f 3818 	3820 	3924
f 3934 	3927 	3831
f 3926 	3820 	4419
f 3827 	3935 	3919
f 3936 	4001 	3975
f 3921 	3918 	3806
f 3781 	3806 	3918
f 3918 	3917 	3781
f 3793 	3781 	3917
f 3831 	3930 	3934
f 3846 	3935 	3827
f 3934 	3714 	3927
f 3909 	3803 	3910
f 3910 	3794 	3917
f 3931 	3803 	3909
f 3845 	3803 	3931
f 3919 	3935 	4084
f 3765 	3845 	3931
f 3717 	3938 	3722
f 3722 	3995 	3724
f 3940 	3901 	3939
f 4084 	3922 	3919
f 3942 	3945 	3881
f 3881 	3937 	3942
f 3844 	3841 	3899
f 3950 	3934 	3930
f 4468 	3947 	3949
f 3933 	3876 	3945
f 3951 	4469 	3949
f 3934 	3950 	3957
f 3944 	3946 	3956
f 3952 	3902 	3940
f 3864 	3908 	3958
f 3955 	3956 	3946
f 3948 	3954 	3953
f 3955 	3946 	3959
f 3905 	3958 	3908
f 3952 	3912 	3902
f 3957 	3714 	3934
f 4196 	4032 	3937
f 3940 	3902 	3901
f 3957 	3789 	3714
f 3846 	3961 	3935
f 3955 	4018 	3956
f 3942 	4031 	3945
f 3869 	3933 	4002
f 3988 	3958 	3905
f 3863 	3961 	3846
f 3987 	3960 	3952
f 3941 	4258 	3954
f 3729 	3963 	3771
f 3960 	3912 	3952
f 3868 	3908 	3867
f 3864 	3867 	3908
f 3959 	3962 	3955
f 3963 	3821 	3771
f 3821 	3963 	3842
f 3908 	3868 	3844
f 3863 	4108 	3961
f 3960 	3924 	3912
f 3771 	3821 	3817
f 3948 	3953 	3966
f 3958 	4408 	3864
f 3988 	4408 	3958
f 3960 	3964 	3924
f 3968 	3962 	3959
f 3967 	3968 	3959
f 3963 	3729 	3969
f 3984 	3972 	4408
f 3969 	3842 	3963
f 3965 	3966 	3953
f 3965 	3953 	3975
f 3976 	3854 	3969
f 3946 	3971 	3980
f 3979 	3970 	4218
f 3805 	4246 	3808
f 3979 	3940 	3970
f 3978 	4183 	3981
f 3969 	3854 	3842
f 3946 	3980 	3959
f 3973 	4007 	3983
f 3974 	3993 	3982
f 3970 	3940 	3939
f 3976 	3986 	3854
f 3985 	3986 	3976
f 3973 	3983 	3977
f 3971 	3929 	3980
f 3986 	3870 	3854
f 3977 	3983 	3932
f 3930 	3838 	3982
f 3971 	3977 	3929
f 4222 	3812 	4224
f 3979 	3952 	3940
f 3988 	3905 	3984
f 3982 	3950 	3930
f 3987 	3952 	3979
f 3989 	3991 	3985
f 3977 	3932 	3929
f 3962 	4019 	3955
f 3968 	4028 	3962
f 4229 	3990 	3987
f 4021 	4014 	3956
f 3983 	3938 	3932
f 3960 	3987 	3990
f 3983 	3992 	3938
f 3985 	3991 	3986
f 4028 	3968 	3967
f 3991 	3994 	3986
f 4019 	3962 	4028
f 3839 	3830 	4274
f 4267 	4266 	3830
f 3994 	3997 	3870
f 3992 	3995 	3722
f 3965 	3975 	3996
f 3982 	3993 	4000
f 3986 	3994 	3870
f 3992 	3722 	3938
f 3990 	3998 	3964
f 3989 	4002 	4020
f 3870 	3997 	3873
f 3999 	4010 	4004
f 3982 	4000 	3950
f 4003 	4002 	3989
f 3990 	3964 	3960
f 4008 	4010 	3999
f 3996 	3975 	4001
f 4008 	3999 	3776
f 4026 	3991 	3989
f 3997 	4005 	3873
f 3964 	3998 	3850
f 3847 	3850 	3998
f 3924 	3964 	3818
f 3776 	3802 	4008
f 3903 	3860 	3953
f 3975 	3953 	3860
f 4006 	4009 	4013
f 4426 	4004 	4010
f 4074 	4122 	3936
f 3802 	3839 	4008
f 4006 	4013 	4007
f 4122 	4112 	3996
f 4001 	4122 	3996
f 3768 	3858 	4003
f 4007 	3992 	3983
f 4007 	4013 	3992
f 4105 	4100 	3948
f 4117 	4105 	3966
f 3954 	3948 	4100
f 3948 	3966 	4105
f 3994 	4015 	4011
f 3991 	4015 	3994
f 4019 	4010 	4018
f 3988 	3984 	4408
f 3978 	4408 	3972
f 3943 	4097 	4254
f 4008 	4018 	4010
f 3756 	4034 	4153
f 3742 	4034 	3743
f 3993 	4175 	4017
f 4018 	4008 	4021
f 4009 	4022 	4013
f 4026 	3989 	4020
f 4024 	3994 	4023
f 4014 	4021 	4008
f 4013 	3995 	3992
f 3994 	4011 	4023
f 3809 	4465 	4027
f 4013 	4022 	3995
f 4025 	4033 	4027
f 4032 	3991 	4031
f 4026 	4031 	3991
f 4029 	4010 	4028
f 4019 	4028 	4010
f 4017 	4128 	4000
f 4029 	4028 	3967
f 3993 	4017 	4000
f 3756 	4036 	4034
f 3994 	4024 	3997
f 4035 	3997 	4024
f 4037 	3743 	4034
f 4019 	4018 	3955
f 4021 	3956 	4018
f 4034 	4036 	4037
f 4032 	4015 	3991
f 4377 	4038 	4009
f 4266 	4274 	3830
f 4030 	4033 	4025
f 4016 	3866 	4137
f 3997 	4060 	4005
f 4022 	4009 	4038
f 3810 	4027 	4033
f 4036 	4045 	4037
f 3762 	3777 	4041
f 3777 	4052 	4041
f 4038 	4103 	4022
f 4044 	4022 	4103
f 4035 	4042 	3997
f 4022 	4044 	3995
f 4046 	3995 	4044
f 4046 	3724 	3995
f 4036 	3762 	4041
f 4045 	4036 	4041
f 4056 	4064 	4005
f 4041 	4053 	4045
f 4128 	4282 	4129
f 3810 	4033 	3814
f 4016 	4012 	3772
f 4039 	4177 	4048
f 4043 	3772 	4012
f 4051 	3957 	3950
f 4221 	4215 	4024
f 4024 	4209 	4035
f 4023 	4221 	4024
f 4053 	4041 	4052
f 4044 	4050 	4054
f 4030 	4049 	4055
f 4032 	4031 	3937
f 4011 	4207 	4023
f 4015 	4207 	4011
f 4032 	4196 	4015
f 4000 	4051 	3950
f 3942 	3937 	4031
f 3790 	3799 	4057
f 4051 	4058 	3957
f 4030 	4055 	4033
f 4067 	4410 	4069
f 4026 	3945 	4031
f 4020 	3933 	4026
f 4002 	3933 	4020
f 3904 	4059 	4040
f 3888 	3900 	4061
f 4056 	4005 	4060
f 4057 	4052 	3790
f 4040 	4059 	4043
f 4052 	4057 	4063
f 4043 	3779 	3772
f 3997 	4042 	4060
f 4044 	4054 	4046
f 3779 	4043 	4059
f 4046 	3947 	3724
f 4052 	4063 	4053
f 4061 	4065 	3891
f 4046 	4054 	3947
f 3957 	4058 	3789
f 4062 	4048 	4219
f 4057 	3799 	4079
f 3789 	4066 	3796
f 4083 	4063 	4057
f 3786 	3791 	4059
f 4079 	4083 	4057
f 4058 	4066 	3789
f 4005 	4064 	4146
f 4061 	3900 	4070
f 3916 	3926 	3798
f 4050 	4078 	4054
f 3926 	4419 	3798
f 4066 	3749 	3796
f 3965 	4111 	3966
f 4104 	4065 	4061
f 3798 	3786 	3916
f 4100 	4092 	3954
f 4054 	3949 	3947
f 3879 	4254 	4097
f 3868 	4231 	3875
f 4070 	4104 	4061
f 3880 	3760 	4071
f 4000 	4129 	4051
f 4272 	4281 	4056
f 4060 	4272 	4056
f 4042 	4242 	4060
f 4047 	4073 	4050
f 4069 	4407 	4062
f 4407 	4409 	4062
f 3911 	3915 	4077
f 4071 	4073 	4047
f 4073 	4078 	4050
f 4130 	4075 	4051
f 4077 	4070 	3911
f 4073 	4091 	4078
f 4085 	4091 	4073
f 4078 	3949 	4054
f 4051 	4076 	4058
f 3760 	4085 	4071
f 4082 	4058 	4076
f 4071 	4085 	4073
f 3915 	4087 	4077
f 4090 	4088 	4086
f 4066 	4094 	4089
f 4078 	3951 	3949
f 4091 	3951 	4078
f 4087 	4124 	4077
f 4084 	3935 	4095
f 3814 	4033 	4055
f 4085 	3760 	3776
f 4097 	3848 	3879
f 4092 	3848 	4097
f 3776 	3999 	4085
f 3935 	3961 	4095
f 3844 	3879 	3848
f 4049 	4341 	4098
f 4095 	4099 	4084
f 3837 	4081 	4090
f 4088 	4090 	4081
f 4091 	4085 	3999
f 4086 	4088 	4101
f 4092 	4100 	3848
f 4087 	3766 	3817
f 3999 	4004 	4091
f 4049 	4102 	4055
f 4166 	4101 	4088
f 4091 	4004 	3951
f 4386 	3855 	4103
f 4049 	4098 	4102
f 4055 	4102 	3890
f 3861 	4047 	3855
f 4105 	4079 	4100
f 4104 	4106 	4065
f 3861 	4071 	4047
f 4466 	4455 	4101
f 4047 	4103 	3855
f 4108 	3863 	3873
f 3848 	4100 	4079
f 4103 	4050 	4044
f 4047 	4050 	4103
f 4071 	3861 	3880
f 4101 	4166 	4110
f 4144 	4065 	4106
f 4112 	4083 	4111
f 4077 	4115 	4070
f 4094 	4066 	4096
f 3732 	4123 	3728
f 4109 	4110 	4166
f 4058 	4096 	4066
f 4079 	4111 	4083
f 4113 	4095 	3961
f 4115 	4104 	4070
f 4116 	4098 	4132
f 4079 	4105 	4117
f 4079 	4117 	4111
f 4104 	4118 	4106
f 3735 	3738 	4126
f 4082 	4096 	4058
f 4072 	4012 	4093
f 4108 	4113 	3961
f 3738 	3695 	3704
f 3738 	3704 	4126
f 4119 	4102 	4098
f 4089 	4120 	4066
f 4115 	4118 	4104
f 4118 	4167 	4106
f 4098 	4116 	4119
f 4114 	4012 	4072
f 4074 	4083 	4122
f 4102 	4119 	3899
f 3780 	3749 	4120
f 4012 	4016 	4093
f 4112 	4122 	4083
f 4119 	3908 	3899
f 4066 	4120 	3749
f 4119 	3905 	3908
f 4001 	3936 	4122
f 4121 	3728 	4123
f 4137 	4093 	4016
f 4102 	3899 	3890
f 3965 	3996 	4112
f 4111 	3965 	4112
f 4117 	3966 	4111
f 4087 	3817 	4124
f 4107 	3939 	3901
f 4108 	3873 	4005
f 4089 	4182 	4120
f 4077 	4124 	4115
f 4107 	4040 	4114
f 3732 	3735 	4123
f 4125 	4123 	3735
f 3941 	3954 	4092
f 3943 	3941 	4092
f 4097 	3943 	4092
f 4146 	4108 	4005
f 4142 	4160 	4082
f 4082 	4076 	4142
f 4148 	4142 	4076
f 4075 	4148 	4076
f 3905 	4116 	4189
f 4068 	4146 	4064
f 4189 	3984 	3905
f 4130 	4282 	4075
f 3901 	4040 	4107
f 4108 	4146 	4113
f 3905 	4119 	4116
f 4040 	4043 	4114
f 3735 	4126 	4125
f 4114 	4043 	4012
f 4118 	4181 	4167
f 4130 	4051 	4129
f 3901 	3904 	4040
f 4446 	4433 	4099
f 4127 	3907 	3903
f 3704 	3713 	4194
f 4113 	4133 	4095
f 4129 	4000 	4128
f 4131 	3907 	4127
f 4121 	4134 	3804
f 3881 	3891 	4135
f 4076 	4051 	4075
f 4095 	4133 	4099
f 4123 	4140 	4121
f 4136 	3913 	4131
f 4129 	4282 	4130
f 4121 	4140 	4134
f 4017 	4175 	4282
f 4135 	3891 	4065
f 4128 	4017 	4282
f 4175 	4173 	4282
f 4131 	3913 	3907
f 4133 	4141 	4099
f 4065 	4144 	4135
f 4140 	4123 	4145
f 4125 	4145 	4123
f 4081 	3792 	4262
f 4135 	4144 	4138
f 4136 	3920 	3913
f 3884 	3974 	3838
f 4143 	3920 	4136
f 3884 	3889 	3974
f 4126 	4151 	4125
f 4081 	4150 	4088
f 4133 	4113 	4149
f 4158 	4144 	4106
f 4125 	4151 	4145
f 4143 	3925 	3920
f 4143 	4153 	3925
f 4148 	4147 	4142
f 4262 	4150 	4081
f 4124 	3817 	3819
f 4154 	3889 	4152
f 3892 	4176 	3819
f 4113 	4146 	4149
f 4144 	4156 	4138
f 4178 	4149 	4146
f 4151 	4126 	4157
f 4154 	3974 	3889
f 4126 	3704 	4157
f 3974 	4154 	3993
f 4144 	4158 	4156
f 4155 	4136 	4131
f 4157 	4301 	4151
f 4159 	4136 	4155
f 4157 	4194 	4301
f 4161 	4159 	4184
f 4164 	4160 	4147
f 4287 	4151 	4301
f 4109 	4460 	4110
f 4039 	4404 	4169
f 4142 	4147 	4160
f 4157 	3704 	4194
f 4184 	4187 	4161
f 4161 	4143 	4159
f 4086 	4101 	4455
f 4110 	4466 	4101
f 4090 	4086 	4451
f 4162 	4152 	4210
f 4191 	4201 	4141
f 4159 	4143 	4136
f 4168 	4154 	4162
f 4158 	4106 	4167
f 4147 	3872 	4164
f 4152 	4162 	4154
f 4096 	4082 	4160
f 4116 	4132 	4165
f 4187 	4170 	4161
f 4167 	4171 	4158
f 4177 	4039 	4169
f 4154 	4173 	3993
f 4175 	3993 	4173
f 4161 	4170 	4153
f 4115 	4176 	4118
f 4160 	4164 	4174
f 4154 	4180 	4173
f 4161 	4153 	4143
f 4124 	4176 	4115
f 4180 	4154 	4168
f 3809 	3754 	4170
f 4109 	4166 	4169
f 4176 	4181 	4118
f 4172 	4174 	4164
f 4179 	4163 	4139
f 4153 	4170 	3756
f 3754 	3756 	4170
f 4166 	4177 	4169
f 4163 	4179 	4183
f 3925 	4153 	4034
f 4181 	4185 	4167
f 4219 	4048 	4177
f 4068 	4178 	4146
f 4180 	4282 	4173
f 4150 	4186 	4088
f 4167 	4185 	4171
f 4225 	4149 	4224
f 4150 	4192 	4186
f 4396 	4300 	4162
f 4210 	4396 	4162
f 4165 	4163 	4183
f 4088 	4186 	4166
f 4116 	4165 	4189
f 4182 	4172 	4164
f 4165 	4183 	4189
f 3713 	3696 	3748
f 4124 	3819 	4176
f 4152 	3886 	4188
f 4212 	3748 	3753
f 3753 	3755 	4212
f 4133 	4149 	4191
f 4176 	3892 	4181
f 3895 	4181 	3892
f 4188 	4205 	4152
f 4185 	4181 	3898
f 3895 	3898 	4181
f 4193 	4179 	4195
f 4152 	3889 	3886
f 3713 	4197 	4198
f 3937 	3881 	4196
f 4133 	4191 	4141
f 4188 	4199 	4200
f 4137 	3866 	4147
f 3713 	4198 	4194
f 4196 	3881 	4204
f 4179 	4193 	4202
f 4179 	4202 	4203
f 3881 	4135 	4204
f 3748 	4197 	3713
f 4221 	4023 	4207
f 3701 	4141 	4201
f 3866 	3872 	4147
f 4369 	3750 	4445
f 4205 	4206 	4152
f 4183 	4203 	4208
f 4179 	4203 	4183
f 4207 	4196 	4204
f 4188 	4200 	4205
f 3748 	4212 	4197
f 4192 	4268 	4315
f 3972 	4189 	3978
f 4197 	4211 	4198
f 4211 	4197 	4212
f 4213 	3703 	3701
f 4183 	3978 	4189
f 4206 	4210 	4152
f 4016 	3883 	3866
f 4208 	3981 	4183
f 4169 	4461 	4109
f 4172 	4089 	4174
f 4182 	4089 	4172
f 3784 	3780 	3699
f 3702 	4120 	4182
f 4356 	4378 	4200
f 4365 	4356 	4199
f 4200 	4199 	4356
f 4189 	3972 	3984
f 4212 	4216 	4217
f 3701 	4201 	4213
f 4096 	4160 	4094
f 4174 	4094 	4160
f 4090 	4451 	3837
f 4215 	4214 	4209
f 3745 	4470 	4203
f 4208 	3746 	3981
f 3744 	3745 	4203
f 4202 	3744 	4203
f 4212 	4217 	4211
f 4190 	4170 	4187
f 4220 	3979 	4218
f 3809 	4190 	4465
f 4193 	4195 	3751
f 4221 	4204 	4215
f 4207 	4204 	4221
f 4178 	4222 	4149
f 3809 	4170 	4190
f 4220 	3987 	3979
f 4222 	4224 	4149
f 4214 	4215 	4204
f 4209 	4214 	4230
f 4224 	3807 	4225
f 3987 	4220 	4229
f 4297 	3811 	4178
f 4214 	4234 	4230
f 4232 	3990 	4229
f 4080 	4093 	4228
f 4069 	4233 	4067
f 4212 	3755 	4216
f 4149 	4225 	4191
f 4235 	4191 	4225
f 4217 	4216 	4239
f 4215 	4209 	4024
f 4216 	4241 	4239
f 4232 	3998 	3990
f 4238 	4237 	4231
f 4240 	4237 	4238
f 4232 	3725 	3998
f 4239 	4391 	4217
f 4223 	4067 	4233
f 3847 	3998 	3726
f 3725 	3726 	3998
f 3773 	4241 	4216
f 3755 	3773 	4216
f 4241 	3893 	3894
f 4243 	4201 	4246
f 4246 	4201 	4248
f 4191 	4248 	4201
f 4233 	4069 	4219
f 4230 	4234 	4242
f 4228 	4093 	4250
f 4062 	4219 	4069
f 3723 	4249 	4251
f 4245 	4247 	4252
f 4244 	4245 	4252
f 4191 	4235 	4248
f 4227 	4328 	4240
f 4231 	4237 	4254
f 4201 	4243 	4255
f 4251 	3709 	3723
f 4241 	3894 	4239
f 4223 	4233 	4253
f 4137 	4250 	4093
f 4214 	4204 	4138
f 4282 	4228 	4250
f 4253 	4233 	4257
f 4135 	4138 	4204
f 4258 	4254 	4237
f 3773 	3893 	4241
f 4249 	4259 	4251
f 4138 	4317 	4214
f 4255 	4260 	4213
f 4138 	4156 	4317
f 4249 	4256 	4259
f 3792 	4134 	4262
f 4201 	4255 	4213
f 4251 	4259 	4263
f 4214 	4317 	4234
f 4134 	4140 	4264
f 4254 	3875 	4231
f 3730 	4251 	4263
f 4262 	4134 	4264
f 4264 	4268 	4262
f 4263 	4448 	3730
f 4254 	4258 	3943
f 4253 	4257 	4267
f 4242 	4042 	4230
f 4035 	4230 	4042
f 4230 	4035 	4209
f 3941 	3943 	4258
f 4266 	4267 	4257
f 4268 	4150 	4262
f 3953 	3954 	4258
f 4265 	4213 	4270
f 4260 	4270 	4213
f 4196 	4207 	4015
f 4256 	4269 	4271
f 4366 	4316 	4244
f 4365 	4199 	4366
f 4245 	4244 	4313
f 4274 	3946 	3944
f 4269 	4279 	4283
f 4245 	4313 	4247
f 4269 	4283 	4271
f 4268 	4192 	4150
f 4271 	4259 	4256
f 4137 	4261 	4250
f 4226 	4263 	4259
f 4246 	3805 	4243
f 3700 	3764 	4255
f 4255 	4243 	3700
f 3720 	4243 	3805
f 4264 	4140 	4275
f 4234 	4272 	4242
f 4148 	4276 	4147
f 4266 	4257 	4274
f 4226 	4259 	4271
f 4127 	4237 	4273
f 4263 	4226 	4454
f 4140 	4145 	4275
f 4248 	3808 	4246
f 4235 	4225 	4414
f 3807 	4414 	4225
f 4248 	4235 	3808
f 4263 	4454 	4448
f 4275 	4278 	4264
f 4261 	4137 	4276
f 4257 	3946 	4274
f 4147 	4276 	4137
f 4068 	4297 	4178
f 3763 	3715 	4280
f 4264 	4278 	4268
f 4315 	4268 	4278
f 4282 	4250 	4261
f 4148 	4282 	4276
f 3764 	3715 	3763
f 4219 	4284 	4233
f 4258 	4237 	4127
f 4318 	4283 	4279
f 4228 	4282 	4080
f 4258 	4127 	3903
f 4271 	4236 	4226
f 4258 	3903 	3953
f 4280 	4265 	3763
f 4286 	4280 	4285
f 4145 	4151 	4287
f 4273 	4131 	4127
f 4261 	4276 	4282
f 4148 	4075 	4282
f 4219 	4335 	4284
f 4287 	4275 	4145
f 3726 	4288 	3851
f 4292 	4233 	4284
f 4231 	3868 	4238
f 4275 	4293 	4278
f 4285 	4289 	4290
f 4285 	4290 	4286
f 3726 	3851 	3847
f 4240 	4238 	4408
f 3867 	4408 	4238
f 4287 	4293 	4275
f 4293 	4320 	4278
f 4288 	3871 	3851
f 3728 	4285 	3715
f 4288 	4295 	3871
f 4308 	4290 	4289
f 4233 	4292 	4257
f 4295 	4298 	3882
f 4320 	4315 	4278
f 3971 	4257 	4292
f 4290 	4308 	4286
f 4306 	4286 	4308
f 4271 	4283 	4236
f 4371 	4297 	4361
f 4068 	4277 	4297
f 3703 	4302 	3773
f 4298 	3886 	3882
f 3703 	4213 	4302
f 4293 	4287 	4304
f 3717 	3718 	4318
f 4298 	4303 	3886
f 4302 	3893 	3773
f 4283 	4318 	4319
f 4301 	4304 	4287
f 4257 	3971 	3946
f 4319 	4236 	4283
f 4307 	4236 	4319
f 4306 	4302 	4265
f 4213 	4265 	4302
f 4294 	4300 	4299
f 4303 	4188 	3886
f 4309 	4302 	4308
f 4306 	4308 	4302
f 4281 	4277 	4064
f 4064 	4056 	4281
f 4068 	4064 	4277
f 4284 	4335 	4305
f 4303 	4310 	4188
f 4307 	4030 	4025
f 4284 	3973 	4292
f 4272 	4060 	4242
f 4307 	4311 	4030
f 4289 	4309 	4308
f 4284 	4305 	3973
f 4311 	4049 	4030
f 4301 	4346 	4347
f 4304 	4301 	4347
f 4312 	4310 	4313
f 3977 	3971 	4292
f 4270 	3763 	4265
f 4306 	4265 	4280
f 4311 	4341 	4049
f 4314 	4313 	4310
f 4292 	3973 	3977
f 4285 	3804 	4289
f 4310 	4312 	4316
f 4305 	4007 	3973
f 4199 	4188 	4316
f 4305 	4006 	4007
f 4300 	4291 	4299
f 4234 	4317 	4322
f 4310 	4316 	4188
f 4318 	4324 	4319
f 4293 	4304 	4326
f 4294 	4299 	4325
f 4347 	4326 	4304
f 4318 	4321 	4324
f 4014 	3839 	3944
f 4274 	3944 	3839
f 3944 	3956 	4014
f 4324 	4311 	4319
f 4313 	4244 	4312
f 4312 	4244 	4316
f 4293 	4326 	4320
f 4388 	4296 	4323
f 4327 	4317 	4156
f 4313 	4314 	4247
f 3893 	4302 	4309
f 4072 	4325 	4299
f 4267 	3833 	4253
f 4253 	3825 	4223
f 3765 	4309 	4289
f 4317 	4327 	4322
f 4319 	4311 	4307
f 3765 	4289 	3804
f 4327 	4330 	4322
f 4329 	4177 	4166
f 4309 	3885 	3893
f 4156 	4158 	4333
f 4166 	4186 	4329
f 4309 	3765 	3885
f 4329 	4335 	4177
f 4331 	4332 	4072
f 4333 	4327 	4156
f 4327 	4338 	4330
f 4333 	4338 	4327
f 4321 	4337 	4324
f 4227 	4323 	4328
f 4219 	4177 	4335
f 4325 	4072 	4332
f 4321 	4336 	4337
f 4186 	4192 	4340
f 4337 	4341 	4324
f 4158 	4171 	4333
f 4330 	4338 	4339
f 4331 	4072 	4080
f 4329 	4186 	4340
f 4342 	4333 	4171
f 4341 	4311 	4324
f 4093 	4080 	4072
f 3865 	4229 	4220
f 4343 	4336 	4468
f 4333 	4342 	4338
f 3865 	4232 	4229
f 4399 	4326 	4347
f 4338 	4344 	4339
f 4326 	4399 	4384
f 4343 	4345 	4336
f 4301 	4194 	4346
f 4342 	4344 	4338
f 4344 	4379 	4339
f 4107 	4299 	4291
f 4336 	4345 	4337
f 4295 	4045 	4298
f 4192 	4315 	4349
f 4053 	4063 	4298
f 4337 	4132 	4341
f 4348 	4346 	4194
f 4237 	4240 	4328
f 4337 	4345 	4132
f 4340 	4192 	4349
f 4194 	4198 	4348
f 3939 	4107 	4291
f 4348 	4350 	4346
f 4107 	4114 	4299
f 4342 	4171 	4351
f 4341 	4132 	4098
f 4340 	4349 	4370
f 4114 	4072 	4299
f 4185 	4351 	4171
f 4346 	4350 	4347
f 4343 	4163 	4345
f 4353 	4344 	4342
f 4080 	4282 	4331
f 4180 	4332 	4282
f 4331 	4282 	4332
f 4343 	4139 	4163
f 4351 	4353 	4342
f 4296 	4352 	4328
f 4345 	4165 	4132
f 4353 	4383 	4344
f 4345 	4163 	4165
f 4168 	4162 	4294
f 4294 	4325 	4168
f 4180 	4168 	4325
f 4332 	4180 	4325
f 4358 	4364 	4348
f 4273 	4237 	4328
f 4348 	4364 	4350
f 4045 	4295 	4288
f 4185 	3898 	4351
f 4328 	4352 	4273
f 4198 	4358 	4348
f 4329 	4360 	4335
f 4211 	4358 	4198
f 3975 	3860 	4252
f 4352 	4417 	4359
f 4340 	4360 	4329
f 4361 	4277 	4281
f 3862 	4220 	3860
f 4335 	4360 	4305
f 4366 	4363 	4365
f 4155 	4352 	4359
f 4360 	4006 	4305
f 4272 	4234 	4281
f 4355 	4357 	4368
f 4354 	4355 	4368
f 4359 	4159 	4155
f 4234 	4361 	4281
f 4356 	4365 	4363
f 4367 	4395 	4362
f 4370 	4360 	4340
f 4053 	4298 	4045
f 4277 	4361 	4297
f 4372 	4367 	4334
f 4155 	4273 	4352
f 4361 	4234 	4322
f 4339 	4372 	4334
f 4322 	4392 	4361
f 4074 	4314 	4083
f 4131 	4273 	4155
f 4006 	4360 	4370
f 4361 	4392 	4371
f 4363 	4366 	4252
f 3936 	4247 	4074
f 4074 	4247 	4314
f 4374 	4349 	4315
f 3936 	3975 	4247
f 4252 	4247 	3975
f 4244 	4252 	4366
f 4218 	4252 	3860
f 4376 	4373 	4375
f 4159 	4359 	4184
f 4320 	4374 	4315
f 4373 	4369 	4375
f 4218 	3860 	4220
f 3862 	3865 	4220
f 4349 	4374 	4377
f 4227 	4240 	4408
f 3897 	4232 	3865
f 3897 	3742 	4232
f 4356 	4363 	4378
f 3811 	4297 	4371
f 4339 	4379 	4372
f 3867 	3864 	4408
f 4349 	4377 	4370
f 3726 	3743 	4288
f 4037 	4288 	3743
f 4037 	4045 	4288
f 4370 	4009 	4006
f 4217 	4382 	4211
f 4291 	4378 	4363
f 4370 	4377 	4009
f 4303 	4298 	4063
f 4326 	4384 	4320
f 4083 	4310 	4063
f 4303 	4063 	4310
f 4382 	4358 	4211
f 4383 	4379 	4344
f 4310 	4083 	4314
f 4358 	4385 	4364
f 4358 	4382 	4385
f 4384 	4374 	4320
f 4383 	4403 	4379
f 4374 	4386 	4377
f 4374 	4384 	4386
f 4206 	4205 	4390
f 4471 	4364 	4385
f 4217 	4391 	4382
f 4362 	4395 	4389
f 4377 	4386 	4038
f 4291 	4390 	4378
f 4164 	4387 	4182
f 4389 	3732 	3728
f 3852 	4386 	4384
f 4395 	3732 	4389
f 4354 	4368 	4376
f 4103 	4038 	4386
f 4372 	4397 	4367
f 4373 	4376 	4368
f 4396 	4390 	4291
f 4393 	4296 	4388
f 4300 	4396 	4291
f 4398 	4422 	4371
f 3855 	4386 	3852
f 4367 	4397 	4395
f 4397 	3735 	4395
f 3852 	4384 	4399
f 4371 	4392 	4398
f 4397 	3738 	3735
f 4347 	4400 	4399
f 4350 	4400 	4347
f 3825 	3816 	4223
f 3834 	4253 	3833
f 4399 	3857 	3852
f 4407 	4069 	4410
f 4399 	4400 	3857
f 4397 	4372 	4401
f 4330 	4392 	4322
f 4402 	4400 	4350
f 3970 	4363 	4252
f 4379 	4401 	4372
f 3705 	3750 	4373
f 4252 	4218 	3970
f 4330 	4334 	4392
f 4401 	3738 	4397
f 4364 	4402 	4350
f 4048 	4062 	4409
f 4363 	3939 	4291
f 4330 	4339 	4334
f 3878 	4400 	4402
f 4039 	4406 	4404
f 4403 	4401 	4379
f 3970 	3939 	4363
f 4368 	3959 	4405
f 4368 	3723 	4373
f 4328 	4323 	4296
f 4400 	3878 	3857
f 4368 	4405 	3723
f 4392 	4334 	4398
f 4403 	3695 	4401
f 4406 	3719 	4404
f 4364 	4471 	4402
f 4367 	4362 	4398
f 3887 	3878 	4402
f 4396 	4210 	4390
f 4210 	4206 	4390
f 4373 	3723 	3709
f 4471 	3887 	4402
f 4334 	4367 	4398
f 4408 	4388 	4323
f 3699 	4387 	3698
f 3698 	4387 	4394
f 4387 	4164 	3877
f 3877 	4425 	4387
f 4380 	4408 	4381
f 4393 	4408 	4380
f 4408 	4393 	4388
f 3981 	4381 	4408
f 4387 	4425 	4394
f 4407 	3788 	4409
f 4300 	4294 	4162
f 4381 	3981 	3746
f 4222 	4178 	3811
f 3812 	4222 	3811
f 4378 	4390 	4205
f 4205 	4200 	4378
f 4323 	4227 	4408
f 4406 	4409 	3719
f 4195 	4445 	3750
f 4415 	4351 	3898
f 4408 	3978 	3981
f 4316 	4366 	4199
f 4351 	4415 	4353
f 4376 	4443 	4354
f 4375 	4444 	4376
f 4355 	4354 	4439
f 3698 	4394 	3716
f 3807 	4224 	3812
f 4416 	4383 	4353
f 4355 	4439 	4357
f 4449 	4450 	4403
f 4449 	4403 	4383
f 4450 	3696 	4403
f 3816 	3788 	4410
f 3751 	4195 	3750
f 3801 	4423 	3733
f 4394 	4413 	3716
f 4416 	4353 	4415
f 3853 	3733 	3734
f 4296 	3721 	4417
f 4029 	3967 	4440
f 3825 	4253 	3834
f 4411 	4417 	3721
f 3858 	4412 	3876
f 4394 	3876 	4412
f 4412 	4413 	4394
f 4352 	4296 	4417
f 4039 	4048 	4406
f 4409 	4406 	4048
f 3898 	4418 	4415
f 4421 	4423 	3801
f 4418 	4424 	4415
f 3877 	4432 	4425
f 4461 	4169 	4404
f 3812 	4422 	3807
f 3877 	3836 	4432
f 3820 	4428 	4419
f 4420 	4426 	4429
f 4411 	4427 	4417
f 4415 	4424 	4416
f 3888 	3876 	4425
f 4394 	4425 	3876
f 4382 	4391 	4430
f 4359 	4417 	4427
f 4428 	4431 	4419
f 4422 	4414 	3807
f 4420 	4429 	4139
f 3697 	4431 	4428
f 4239 	3894 	4435
f 4429 	4179 	4139
f 4428 	3927 	3697
f 4433 	4418 	3922
f 3888 	4425 	3900
f 4432 	3900 	4425
f 4419 	4431 	4421
f 3836 	3840 	4437
f 4084 	4433 	3922
f 4427 	4184 	4359
f 4431 	3706 	4421
f 4440 	4439 	4426
f 4435 	4391 	4239
f 4433 	4438 	4418
f 4427 	4434 	4184
f 4437 	4432 	3836
f 4426 	4439 	4436
f 3811 	4371 	3812
f 4432 	4437 	3900
f 4435 	4441 	4391
f 4426 	4029 	4440
f 4433 	4446 	4438
f 4421 	3706 	4423
f 4442 	4437 	3840
f 4418 	4438 	4424
f 4423 	3736 	3733
f 3840 	3849 	4442
f 4422 	3812 	4371
f 4443 	4426 	4436
f 4187 	4434 	4456
f 3736 	4423 	3706
f 4456 	4190 	4187
f 3849 	3853 	3747
f 4428 	3826 	3927
f 4434 	4187 	4184
f 4414 	4422 	3808
f 4443 	4444 	4429
f 4429 	4444 	4445
f 4084 	4099 	4433
f 3747 	4442 	3849
f 4441 	4430 	4391
f 4426 	4443 	4429
f 3759 	3808 	4422
f 4441 	3710 	4430
f 4447 	4411 	3712
f 3767 	4413 	4412
f 3767 	4412 	3768
f 4446 	3711 	4438
f 4398 	4362 	4422
f 4179 	4429 	4195
f 3783 	3716 	3767
f 4447 	4427 	4411
f 4422 	4362 	3759
f 3768 	4412 	3858
f 3894 	3921 	4435
f 3808 	4235 	4414
f 4446 	4099 	4141
f 4447 	3730 	4448
f 4429 	4445 	4195
f 4141 	3701 	4446
f 3923 	4435 	3921
f 4383 	4416 	4449
f 4447 	4448 	4434
f 4202 	4193 	3751
f 4445 	4444 	4369
f 4375 	4369 	4444
f 3808 	3759 	3805
f 4449 	4416 	4452
f 3923 	3928 	4435
f 4387 	3702 	4182
f 4439 	4354 	4436
f 4443 	4376 	4444
f 4436 	4354 	4443
f 4456 	4434 	4448
f 4416 	4424 	4452
f 4357 	4439 	4440
f 4452 	4453 	4449
f 4451 	4435 	3928
f 4357 	4440 	3967
f 4447 	4434 	4427
f 4357 	3967 	3959
f 4357 	3959 	4368
f 3720 	3805 	3759
f 4449 	4453 	4450
f 3980 	4405 	3959
f 3980 	3929 	4457
f 4453 	3748 	4450
f 4469 	3951 	4004
f 4004 	4426 	4420
f 4426 	4010 	4029
f 4455 	4441 	4451
f 3980 	4457 	4405
f 4435 	4451 	4441
f 4448 	4454 	4456
f 4405 	4457 	4249
f 3700 	3715 	3764
f 4458 	4452 	4424
f 4249 	4457 	4256
f 4226 	4236 	4459
f 4438 	4458 	4424
f 4249 	3723 	4405
f 4452 	4458 	4462
f 3929 	3932 	4457
f 4458 	3707 	4462
f 3711 	3707 	4458
f 4461 	3710 	4460
f 4256 	4457 	4463
f 4459 	4454 	4226
f 4454 	4459 	4465
f 4452 	4462 	4453
f 4464 	4463 	3938
f 3932 	3938 	4463
f 4463 	4464 	4269
f 4453 	4462 	3753
f 4454 	4465 	4456
f 4441 	4460 	3710
f 4463 	4269 	4256
f 4190 	4456 	4465
f 4453 	3753 	3748
f 3938 	3717 	4464
f 4459 	4236 	4025
f 4464 	4279 	4269
f 4460 	4441 	4466
f 4455 	4466 	4441
f 3717 	4279 	4464
f 4458 	4438 	3711
f 4318 	4279 	3717
f 4025 	4236 	4307
f 4465 	4459 	4027
f 4025 	4027 	4459
f 3947 	4467 	3718
f 4462 	3755 	3753
f 3718 	3724 	3947
f 3707 	3755 	4462
f 3718 	4467 	4321
f 4369 	4373 	3750
f 4321 	4467 	4336
f 3718 	4321 	4318
f 4404 	3710 	4461
f 4467 	3947 	4468
f 4446 	3701 	3711
f 3701 	3703 	3711
f 4468 	4336 	4467
f 4460 	4109 	4461
f 4466 	4110 	4460
f 3705 	3751 	3750
f 4343 	4468 	4469
f 4343 	4469 	4139
f 4420 	4139 	4469
f 4451 	4086 	4455
f 3928 	3837 	4451
f 4420 	4469 	4004
f 4472 	4470 	3745
f 4430 	4385 	4382
f 4472 	3745 	3705
f 3751 	3705 	3744
f 3708 	4385 	4430
f 3744 	3705 	3745
f 4470 	4472 	3746
f 3721 	3746 	4472
f 3708 	4471 	4385
f 4472 	3712 	4411
f 4471 	3906 	3887
f 4472 	4411 	3721
f 3708 	3906 	4471
f 3746 	3721 	4381
f 4380 	4381 	3721
f 3710 	3708 	4430
f 4380 	3721 	4393
f 4296 	4393 	3721
f 4373 	3709 	3705
f 3712 	4472 	3705
f 3705 	3709 	3712
# 1556 faces

 #end of obj_5

o obj_6
v 13.2115 		-22 		25.7824
v 10.3145 		7.6992 		29.7968
v 10.5155 		-22 		25.7824
v 13.711 		-20.0019 		26.5759
v 13.6976 		4.965 		29.2206
v 13.7009 		5.1584 		29.1744
v 10.1325 		-20.7968 		27.0864
v 10.1325 		-20.952 		26.4432
v 13.7063 		5.31 		29.1118
v 13.6725 		5.9232 		0.7088
v 10.4135 		7.1216 		30.3744
v 13.5945 		6.0864 		0.2032
v 10.1325 		-20.1968 		1.736
v 13.2115 		-22 		4.2176
v 10.2195 		-21.3744 		26.5104
v 10.2195 		-21.2032 		27.2192
v 13.5945 		6.6992 		0.456
v 10.2195 		7.5152 		29.544
v 10.5155 		-22 		4.2176
v 13.6945 		4.7824 		29.2642
v 13.6725 		-20.4272 		26.36
v 13.2115 		4.7824 		-1
v 13.715 		-19.9099 		26.7985
v 10.5155 		4.7824 		-1
v 13.6725 		6.9504 		1.232
v 10.0545 		-19.768 		2.0496
v 13.5945 		5.4432 		0.048
v 13.2115 		-16.7824 		-1
v 10.5155 		-16.7824 		-1
v 10.0545 		-19.392 		1.608
v 13.6725 		-20.2912 		26.9232
v 13.2115 		10 		25.7824
v 10.5155 		4.7824 		31
v 10.5155 		10 		25.7824
v 13.5075 		6.8928 		0.0752
v 10.4135 		4.7824 		30.936
v 13.7009 		-20.1744 		26.1584
v 13.5945 		-21.0032 		25.7824
v 13.7063 		-20.1118 		26.31
v 10.5155 		6.3952 		30.744
v 13.5075 		-21.432 		25.7824
v 10.3145 		4.7824 		30.744
v 13.4125 		-21.744 		25.7824
v 13.3135 		-21.936 		25.7824
v 10.2195 		4.7824 		30.432
v 13.715 		5.84 		1.1072
v 13.2115 		10 		4.2176
v 13.7174 		5.9621 		1.1823
v 13.7229 		6.3573 		1.4252
v 13.7104 		5.5434 		0.9847
v 10.1325 		5.4432 		29.952
v 13.715 		5.7985 		1.0901
v 10.1325 		4.7824 		30.0032
v 10.5155 		10 		4.2176
v 13.2115 		4.7824 		31
v 10.4135 		-21.936 		25.7824
v 10.5155 		9.432 		1.848
v 10.5155 		5.5984 		30.936
v 10.5155 		9.744 		2.6048
v 10.3145 		-21.744 		25.7824
v 10.4135 		6.3744 		30.6832
v 10.0545 		5.36 		29.4272
v 10.4135 		9.3744 		1.8784
v 10.0545 		4.7824 		29.472
v 10.4135 		9.6832 		2.6256
v 10.2195 		-21.432 		25.7824
v 10.4135 		5.5888 		30.872
v 10.1325 		-21.0032 		25.7824
v 10.3145 		9.2032 		1.9648
v 10.3145 		9.5024 		2.6848
v 10.0411 		4.4416 		29.3456
v 10.0472 		3.7072 		29.4032
v 13.6798 		-20.4032 		5.2928
v 10.2195 		-18.8928 		0.0752
v 13.2115 		-16.7824 		31
v 10.5155 		-16.7824 		31
v 13.5075 		7.5152 		29.544
v 10.3145 		7.0352 		30.2032
v 10.1325 		-18.6992 		0.456
v 10.2195 		8.9248 		2.1072
v 10.3145 		6.3152 		30.5024
v 10.0207 		5.31 		29.1118
v 10.2195 		9.2032 		2.7808
v 10.1325 		-18.0864 		0.2032
v 10.0267 		5.1171 		29.1843
v 10.3145 		5.5584 		30.6832
v 10.0324 		4.7824 		29.2642
v 13.4125 		7.6992 		29.7968
v 10.026 		5.1584 		29.1744
v 10.2195 		6.8928 		29.9248
v 13.5945 		9.0032 		4.2176
v 13.3135 		8.4272 		29.4272
v 13.7063 		-20.1118 		3.69
v 10.1325 		8.7968 		2.9136
v 13.5075 		9.432 		4.2176
v 13.3135 		7.8112 		29.952
v 10.0545 		-18.9504 		1.232
v 13.4125 		9.744 		4.2176
v 13.715 		-19.8928 		26.84
v 13.723 		-19.5072 		27.4672
v 13.3135 		7.1216 		30.3744
v 13.7202 		-19.7299 		27.1049
v 13.6725 		-20.4272 		3.64
v 13.3135 		9.936 		4.2176
v 13.7009 		-20.1744 		3.8416
v 10.0545 		-18.4576 		0.9296
v 13.7002 		-20.1843 		3.8829
v 13.2115 		8.472 		29.472
v 13.7269 		-19.3521 		27.6493
v 10.5155 		9.0032 		1.1504
v 13.725 		-19.4286 		27.5595
v 10.4135 		8.952 		1.1888
v 13.2115 		7.8496 		30.0032
v 13.5945 		8.952 		3.5568
v 13.2115 		7.152 		30.432
v 10.3145 		8.7968 		1.3008
v 10.5155 		-17.5984 		30.936
v 13.5075 		9.3744 		3.4896
v 10.2195 		6.2192 		30.2032
v 10.5155 		-18.3952 		30.744
v 10.0545 		-17.9232 		0.7088
v 10.4135 		-17.5888 		30.872
v 13.4125 		9.6832 		3.4416
v 13.6945 		-20.2642 		4.2176
v 10.4135 		-18.3744 		30.6832
v 10.2195 		5.5104 		30.3744
v 13.6725 		-20.472 		4.2176
v 10.4135 		-19.1216 		30.3744
v 13.7104 		-20.0153 		3.4566
v 10.1325 		6.6992 		29.544
v 13.4125 		7.0352 		30.2032
v 13.3135 		9.872 		3.4112
v 13.4125 		6.3152 		30.5024
v 13.2115 		9.936 		3.4016
v 10.1325 		6.0864 		29.7968
v 13.3135 		6.3744 		30.6832
v 10.004 		-18.3573 		1.4252
v 13.715 		-19.9099 		3.2015
v 13.2115 		6.3952 		30.744
v 10.3145 		-17.5584 		30.6832
v 13.6796 		8.4048 		5.2928
v 10.3145 		-18.3152 		30.5024
v 10.004 		-18.2412 		1.3539
v 13.715 		-19.8928 		3.16
v 13.5075 		6.2192 		30.2032
v 10.3145 		-19.0352 		30.2032
v 10.012 		-17.7985 		1.0901
v 13.715 		7.9099 		3.2015
v 13.715 		7.8928 		3.16
v 13.5075 		5.5104 		30.3744
v 10.012 		-17.84 		1.1072
v 13.6859 		-20.3456 		4.5584
v 10.0095 		-17.9621 		1.1823
v 10.2195 		-17.5104 		30.3744
v 13.4125 		5.5584 		30.6832
v 13.7063 		8.1118 		3.69
v 10.2195 		-18.2192 		30.2032
v 13.6725 		8.4272 		3.64
v 10.0165 		-17.5434 		0.9847
v 13.711 		8.0019 		3.4241
v 10.1325 		8.544 		2.3008
v 10.2195 		-18.8928 		29.9248
v 13.3135 		5.5888 		30.872
v 10.0545 		8.0704 		2.5424
v 10.1325 		-18.0864 		29.7968
v 10.0545 		8.2912 		3.0768
v 10.1325 		-18.6992 		29.544
v 13.6976 		8.2206 		4.035
v 13.7009 		8.1744 		3.8416
v 10.5155 		-20.472 		0.528
v 10.5155 		-19.8496 		-0.0032
v 10.5155 		9.432 		28.152
v 10.4135 		-20.4272 		0.5728
v 10.5155 		9.0032 		28.8496
v 10.4135 		9.3744 		28.1216
v 10.0472 		-20.4032 		5.2928
v 13.6725 		8.472 		4.2176
v 10.4135 		-19.8112 		0.048
v 10.4135 		8.952 		28.8112
v 13.6798 		-15.7072 		29.4032
v 10.0545 		-20.472 		4.2176
v 10.0545 		-20.4272 		3.64
v 10 		7.3521 		2.3507
v 13.6945 		8.2642 		4.2176
v 10.3145 		9.2032 		28.0352
v 13.2115 		5.5984 		30.936
v 10.3145 		8.7968 		28.6992
v 13.6859 		8.3456 		4.5584
v 10.004 		7.5072 		2.5328
v 10.004 		7.5748 		2.6427
v 10.5155 		-19.152 		30.432
v 13.6859 		-16.4416 		29.3456
v 10.0324 		-20.2642 		4.2176
v 10.0294 		-20.2206 		4.035
v 10.5155 		-19.8496 		30.0032
v 10.2195 		8.9248 		27.8928
v 10.004 		7.6461 		2.7588
v 10.5155 		-20.472 		29.472
v 10.4135 		-19.8112 		29.952
v 13.5945 		6.6992 		29.544
v 10.0261 		-20.1744 		3.8416
v 10.0207 		-20.1118 		3.69
v 13.6725 		-16.7824 		29.472
v 10.4135 		-20.4272 		29.4272
v 10.0095 		7.8177 		3.0379
v 13.5945 		6.0864 		29.7968
v 10.0159 		-20.0019 		3.4241
v 10.012 		-19.9099 		3.2015
v 13.6725 		-17.36 		29.4272
v 10.5155 		9.936 		26.5984
v 10.5155 		9.744 		27.3952
v 10.3145 		-19.6992 		29.7968
v 10.4135 		9.872 		26.5888
v 10.012 		-19.8928 		3.16
v 10.4135 		9.6832 		27.3744
v 10.0411 		-20.3456 		4.5584
v 10.2195 		8.544 		1.4848
v 10.3145 		-20.2912 		0.7088
v 13.5945 		-16.7824 		30.0032
v 13.5945 		-17.4432 		29.952
v 10.5155 		9.936 		3.4016
v 10.3145 		-19.6992 		0.2032
v 10.1325 		8.1968 		1.736
v 10.4135 		9.872 		3.4112
v 10.4135 		9.936 		4.2176
v 13.5075 		-16.7824 		30.432
v 13.7063 		-17.31 		0.8882
v 10.2195 		-19.5152 		29.544
v 13.6725 		-17.36 		0.5728
v 10.3145 		9.6832 		26.5584
v 10.3145 		9.6832 		3.4416
v 10.0545 		7.392 		1.608
v 10.3145 		9.5024 		27.3152
v 10.0545 		7.768 		2.0496
v 10.3145 		9.744 		4.2176
v 10.2195 		-20.0704 		0.9296
v 13.4125 		-16.7824 		30.744
v 13.5945 		5.4432 		29.952
v 10.2195 		-19.5152 		0.456
v 10.2195 		9.3744 		3.4896
v 13.3135 		-16.7824 		30.936
v 10.2195 		9.3744 		26.5104
v 10.2195 		9.432 		4.2176
v 13.5075 		6.8928 		29.9248
v 10.1325 		8.952 		3.5568
v 10.2195 		9.2032 		27.2192
v 10.1325 		9.0032 		4.2176
v 10.1325 		8.952 		26.4432
v 10.1325 		-19.768 		1.232
v 10.0545 		-17.9232 		29.2912
v 10.1325 		8.7968 		27.0864
v 10 		7.2864 		2.2736
v 10.0545 		-18.4576 		29.0704
v 13.6976 		-16.965 		0.7794
v 10.1325 		-19.264 		0.8032
v 13.7009 		-17.1584 		0.8256
v 13.5075 		8.9248 		27.8928
v 13.6725 		-16.7824 		0.528
v 13.6945 		-16.7824 		29.2642
v 10.0545 		-18.9504 		28.768
v 13.7063 		-17.31 		29.1118
v 13.4125 		9.2032 		28.0352
v 13.6945 		-16.7824 		0.7358
v 13.4125 		8.7968 		28.6992
v 13.7009 		-17.1584 		29.1744
v 10.012 		-17.7985 		28.9099
v 13.7002 		-17.1171 		29.1843
v 13.6796 		-15.7072 		0.5952
v 13.6859 		-16.4416 		0.6544
v 10.0159 		-17.5759 		29.0019
v 10 		6.6493 		1.6479
v 13.3135 		9.3744 		28.1216
v 13.5075 		-16.7824 		-0.432
v 10.0019 		6.5595 		1.5714
v 13.5945 		-17.4432 		0.048
v 13.3135 		8.952 		28.8112
v 13.4125 		-16.7824 		-0.744
v 10.012 		-17.84 		28.8928
v 10.0067 		-18.1049 		28.73
v 10.004 		6.4672 		1.4928
v 10.0002 		6.9504 		1.9044
v 13.3135 		-16.7824 		-0.936
v 13.5945 		-16.7824 		-0.0032
v 10.004 		-18.2412 		28.6461
v 10.0002 		7.0288 		1.9712
v 10.3145 		8.2912 		29.2912
v 13.2115 		9.432 		28.152
v 10.2195 		8.544 		28.5152
v 10.4135 		-16.7824 		-0.936
v 13.2115 		9.0032 		28.8496
v 10.4135 		-16.7824 		30.936
v 10.2195 		8.0704 		29.0704
v 10.004 		-18.4672 		28.5072
v 10.3145 		-16.7824 		-0.744
v 10.0473 		8.4048 		5.2928
v 10.5155 		7.8496 		-0.0032
v 10.2195 		-16.7824 		-0.432
v 10.5155 		8.472 		0.528
v 10.0545 		8.4272 		3.64
v 10.3145 		-16.7824 		30.744
v 10.4135 		7.8112 		0.048
v 10.4135 		8.4272 		0.5728
v 10.2195 		-16.7824 		30.432
v 10.1325 		7.768 		28.768
v 10.0545 		8.472 		4.2176
v 13.5945 		8.7968 		27.0864
v 13.5075 		-18.2192 		-0.2032
v 10 		-18.6493 		28.3521
v 10.0019 		-18.5595 		28.4286
v 10.012 		7.9099 		3.2015
v 13.5075 		-17.5104 		-0.3744
v 13.5075 		9.2032 		27.2192
v 10.1325 		7.264 		29.1968
v 10.1325 		-16.7824 		30.0032
v 10.012 		7.8928 		3.16
v 10.0002 		-18.9504 		28.0956
v 10.1325 		-17.4432 		29.952
v 13.4125 		-17.5584 		-0.6832
v 10.0165 		8.0153 		3.4566
v 10.0545 		-16.7824 		29.472
v 10.0002 		-19.0288 		28.0288
v 10.3145 		7.6992 		0.2032
v 13.4125 		9.5024 		27.3152
v 10.0545 		-17.36 		29.4272
v 10.0207 		8.1118 		3.69
v 13.3135 		-17.5888 		-0.872
v 10.0267 		8.1843 		3.8829
v 10.0324 		8.2642 		4.2176
v 13.3135 		9.6832 		27.3744
v 13.2115 		-17.5984 		-0.936
v 10.3145 		8.2912 		0.7088
v 10.1325 		-17.4432 		0.048
v 10.0411 		-16.4416 		29.3456
v 13.2115 		9.744 		27.3952
v 10.0472 		-15.7072 		29.4032
v 10.3145 		-20.2912 		29.2912
v 10.2195 		7.5152 		0.456
v 10.1325 		8.544 		27.6992
v 10.1325 		-16.7824 		-0.0032
v 10.2195 		8.0704 		0.9296
v 13.4125 		-19.0352 		-0.2032
v 10.2195 		-20.0704 		29.0704
v 13.5945 		8.952 		26.4432
v 10.1325 		8.1968 		28.264
v 13.4125 		-18.3152 		-0.5024
v 10.0545 		-17.36 		0.5728
v 13.3135 		-19.1216 		-0.3744
v 10.2195 		-20.544 		28.5152
v 13.5075 		9.3744 		26.5104
v 10.0545 		-16.7824 		0.528
v 13.3135 		-18.3744 		-0.6832
v 10.0207 		-17.31 		0.8882
v 10.1325 		7.264 		0.8032
v 10.0545 		7.768 		27.9504
v 10.1325 		-19.264 		29.1968
v 10.1325 		7.768 		1.232
v 13.4125 		9.6832 		26.5584
v 10.026 		8.1744 		3.8416
v 10.1325 		-19.768 		28.768
v 10.0267 		-17.1171 		0.8157
v 10.0324 		-16.7824 		0.7358
v 13.3135 		9.872 		26.5888
v 10.0545 		7.392 		28.392
v 10.0411 		8.3456 		4.5584
v 10.026 		-17.1584 		0.8256
v 13.2115 		-18.3952 		-0.744
v 10.0411 		-16.4416 		0.6544
v 10.0473 		-15.7072 		0.5952
v 10.0324 		-16.7824 		29.2642
v 10.0294 		-16.965 		29.2206
v 13.5945 		8.7968 		2.9136
v 10.0261 		-17.1584 		29.1744
v 10.0207 		-17.31 		29.1118
v 13.2115 		9.936 		26.5984
v 13.2115 		-19.152 		-0.432
v 13.7268 		-19.0288 		1.9712
v 13.5075 		9.2032 		2.7808
v 10.0002 		7.0956 		27.9504
v 10.1325 		-20.1968 		28.264
v 13.4125 		9.5024 		2.6848
v 10.5155 		-18.3952 		-0.744
v 10.5155 		-17.5984 		-0.936
v 13.5075 		-17.5104 		30.3744
v 13.7268 		-18.9504 		1.9044
v 10.4135 		-19.1216 		-0.3744
v 10.4135 		-18.3744 		-0.6832
v 10.1325 		-20.544 		27.6992
v 13.5075 		-18.2192 		30.2032
v 13.3135 		9.6832 		2.6256
v 10.4135 		-17.5888 		-0.872
v 10.2195 		6.8928 		0.0752
v 13.4125 		-17.5584 		30.6832
v 10.0545 		-19.392 		28.392
v 13.7269 		-18.6493 		1.6479
v 13.2115 		9.744 		2.6048
v 10.0545 		-19.768 		27.9504
v 10.1325 		5.4432 		0.048
v 10.1325 		6.0864 		0.2032
v 13.3135 		-17.5888 		30.872
v 10.1325 		6.6992 		0.456
v 13.723 		-18.4672 		1.4928
v 13.5075 		8.9248 		2.1072
v 13.725 		-18.5595 		1.5714
v 10.0545 		6.9504 		28.768
v 10.3145 		-19.0352 		-0.2032
v 13.4125 		9.2032 		1.9648
v 10.0545 		6.4576 		29.0704
v 10.3145 		-18.3152 		-0.5024
v 13.3135 		9.3744 		1.8784
v 10.0545 		5.9232 		0.7088
v 10.3145 		-17.5584 		-0.6832
v 13.5945 		7.768 		28.768
v 10.0545 		6.4576 		0.9296
v 10.0545 		5.9232 		29.2912
v 13.5945 		7.264 		29.1968
v 13.2115 		9.432 		1.848
v 10 		-19.2864 		27.7265
v 13.6725 		-20.2912 		3.0768
v 10.2195 		-18.2192 		-0.2032
v 10.0545 		6.9504 		1.232
v 10.2195 		-17.5104 		-0.3744
v 13.7229 		-19.6461 		2.7588
v 13.5075 		8.544 		28.5152
v 13.6725 		-20.0704 		2.5424
v 13.7174 		-19.8177 		3.0379
v 13.5075 		8.0704 		29.0704
v 10.012 		5.7985 		1.0901
v 10.0159 		5.5759 		0.9981
v 10.004 		6.4672 		28.5072
v 10.004 		6.3573 		28.5748
v 13.4125 		8.7968 		1.3008
v 10.5155 		-19.152 		-0.432
v 13.7229 		-19.5748 		2.6427
v 10.012 		5.84 		1.1072
v 13.2115 		-17.5984 		30.936
v 10.0067 		6.1049 		1.2701
v 13.3135 		8.952 		1.1888
v 10.004 		6.2412 		28.6461
v 10.0545 		-20.0704 		27.4576
v 13.2115 		9.0032 		1.1504
v 10.004 		6.2412 		1.3539
v 13.4125 		8.2912 		29.2912
v 13.7269 		-19.3521 		2.3507
v 13.723 		-19.5072 		2.5328
v 10.012 		5.7985 		28.9099
v 13.7269 		7.3521 		2.3507
v 10.0545 		-20.2912 		26.9232
v 10.012 		5.84 		28.8928
v 10.0095 		5.9621 		28.8177
v 13.7229 		7.6461 		2.7588
v 13.4125 		-18.3152 		30.5024
v 13.4125 		-19.0352 		30.2032
v 13.6725 		8.0704 		2.5424
v 10.0165 		5.5434 		29.0153
v 13.723 		7.5072 		2.5328
v 13.725 		7.4286 		2.4405
v 10.0545 		-20.4272 		26.36
v 13.3135 		7.1216 		-0.3744
v 13.3135 		-18.3744 		30.6832
v 13.5945 		-20.544 		2.3008
v 13.3135 		-19.1216 		30.3744
v 13.6725 		7.768 		27.9504
v 10 		-19.3521 		27.6493
v 10.004 		-19.5072 		27.4672
v 10.004 		-19.5748 		27.3573
v 10.0002 		7.0288 		28.0288
v 13.7202 		7.7299 		2.8951
v 13.7269 		7.2864 		27.7265
v 10 		6.7265 		28.2864
v 10 		6.6493 		28.3521
v 13.2115 		-18.3952 		30.744
v 13.5945 		-21.0032 		4.2176
v 10.004 		-19.6461 		27.2412
v 13.5075 		-21.432 		4.2176
v 13.6725 		8.2912 		3.0768
v 13.6725 		7.392 		28.392
v 10.012 		-19.9099 		26.7985
v 13.4125 		-21.744 		4.2176
v 13.2115 		7.152 		-0.432
v 13.6725 		-19.768 		2.0496
v 13.3135 		-21.936 		4.2176
v 10.012 		-19.8928 		26.84
v 10.0095 		-19.8177 		26.9621
v 13.7269 		-19.2864 		2.2736
v 13.5945 		8.544 		27.6992
v 13.5945 		8.544 		2.3008
v 10.0545 		8.2912 		26.9232
v 13.5945 		8.1968 		28.264
v 13.6725 		-19.392 		1.608
v 13.5075 		5.5104 		-0.3744
v 10.0165 		-20.0153 		26.5434
v 13.5945 		-20.952 		3.5568
v 13.5075 		6.2192 		-0.2032
v 13.5075 		-21.3744 		3.4896
v 10.0545 		8.0704 		27.4576
v 10.0207 		-20.1118 		26.31
v 13.5945 		-18.0864 		29.7968
v 13.5945 		-18.6992 		29.544
v 13.4125 		5.5584 		-0.6832
v 13.5945 		-20.1968 		1.736
v 13.4125 		6.3152 		-0.5024
v 10.0267 		-20.1843 		26.1171
v 13.4125 		-21.6832 		3.4416
v 13.4125 		7.0352 		-0.2032
v 13.5075 		-18.8928 		29.9248
v 10.0067 		7.7299 		27.1049
v 13.3135 		-21.872 		3.4112
v 10.026 		-20.1744 		26.1584
v 13.5075 		-20.544 		1.4848
v 10.004 		7.6461 		27.2412
v 13.3135 		5.5888 		-0.872
v 10.0019 		7.4286 		27.5595
v 10 		7.3521 		27.6493
v 13.3135 		6.3744 		-0.6832
v 13.6725 		6.9504 		28.768
v 13.2115 		-21.936 		3.4016
v 13.5075 		-19.5152 		29.544
v 13.7229 		6.2412 		28.6461
v 10.004 		7.5072 		27.4672
v 13.4125 		-19.6992 		29.7968
v 13.6976 		-20.2206 		25.965
v 13.6725 		6.4576 		29.0704
v 13.723 		6.4672 		28.5072
v 13.6725 		-20.472 		25.7824
v 13.6945 		-20.2642 		25.7824
v 13.2115 		5.5984 		-0.936
v 10.0545 		8.4272 		26.36
v 13.3135 		-19.8112 		29.952
v 13.6798 		-20.4032 		24.7072
v 13.6859 		-20.3456 		25.4416
v 13.6725 		-18.9504 		1.232
v 13.2115 		6.3952 		-0.744
v 10.5155 		-21.936 		3.4016
v 13.7229 		-18.2412 		1.3539
v 10.4135 		-21.936 		4.2176
v 10.4135 		-21.872 		3.4112
v 13.7202 		6.1049 		28.73
v 10.0261 		8.1744 		26.1584
v 10.0207 		8.1118 		26.31
v 13.3135 		-20.4272 		29.4272
v 13.6725 		-18.4576 		0.9296
v 13.6725 		5.9232 		29.2912
v 10.0159 		8.0019 		26.5759
v 10.012 		7.9099 		26.7985
v 13.2115 		-19.152 		30.432
v 10.5155 		7.152 		-0.432
v 10.3145 		-21.6832 		3.4416
v 10.4135 		7.1216 		-0.3744
v 13.715 		5.7985 		28.9099
v 13.715 		5.84 		28.8928
v 10.3145 		-21.744 		4.2176
v 13.2115 		-19.8496 		30.0032
v 10.012 		7.8928 		26.84
v 10.2195 		-21.432 		4.2176
v 10.2195 		-21.3744 		3.4896
v 13.2115 		-20.472 		29.472
v 13.711 		5.5759 		29.0019
v 10.5155 		5.5984 		-0.936
v 13.6725 		7.392 		1.608
v 10.5155 		6.3952 		-0.744
v 13.5945 		9.0032 		25.7824
v 13.7202 		-18.1049 		1.2701
v 10.4135 		5.5888 		-0.872
v 13.5075 		9.432 		25.7824
v 10.0545 		-20.472 		25.7824
v 10.4135 		6.3744 		-0.6832
v 13.6725 		-17.9232 		0.7088
v 13.7268 		7.0956 		2.0496
v 10.1325 		-20.952 		3.5568
v 13.7104 		-17.5434 		29.0153
v 10.1325 		-21.0032 		4.2176
v 13.4125 		9.744 		25.7824
v 13.6725 		-17.9232 		29.2912
v 13.3135 		9.936 		25.7824
v 13.715 		-17.7985 		1.0901
v 13.715 		-17.84 		1.1072
v 13.6725 		7.768 		2.0496
v 13.715 		-17.7985 		28.9099
v 13.7229 		-18.2412 		28.6461
v 10.3145 		5.5584 		-0.6832
v 13.5945 		-20.7968 		2.9136
v 13.6725 		-18.4576 		29.0704
v 10.3145 		6.3152 		-0.5024
v 13.7174 		-17.9621 		28.8177
v 13.6945 		8.2642 		25.7824
v 13.6859 		8.3456 		25.4416
v 13.6796 		8.4048 		24.7072
v 10.3145 		7.0352 		-0.2032
v 13.5075 		-21.2032 		2.7808
v 10.0324 		-20.2642 		25.7824
v 10.0411 		-20.3456 		25.4416
v 10.0472 		-20.4032 		24.7072
v 13.5075 		-20.9248 		2.1072
v 13.715 		-17.84 		28.8928
v 10.2195 		5.5104 		-0.3744
v 13.7268 		7.0288 		28.0288
v 13.6725 		8.472 		25.7824
v 10.2195 		6.2192 		-0.2032
v 13.4125 		-21.5024 		2.6848
v 13.7229 		-18.3573 		28.5748
v 13.5945 		8.1968 		1.736
v 13.711 		-17.5759 		0.9981
v 13.6725 		-18.9504 		28.768
v 13.4125 		-21.2032 		1.9648
v 13.723 		-18.4672 		28.5072
v 13.5075 		8.544 		1.4848
v 13.5075 		-20.9248 		27.8928
v 13.6945 		4.7824 		0.7358
v 13.6859 		4.4416 		0.6544
v 13.3135 		-21.6832 		2.6256
v 13.6796 		3.7072 		0.5952
v 10.4135 		9.936 		25.7824
v 13.5945 		-18.6992 		0.456
v 13.4125 		-20.7968 		28.6992
v 13.3135 		-21.3744 		1.8784
v 13.6725 		4.7824 		0.528
v 13.4125 		-21.2032 		28.0352
v 10.3145 		9.744 		25.7824
v 13.7063 		5.31 		0.8882
v 13.7268 		6.9504 		28.0956
v 13.5945 		-18.0864 		0.2032
v 10.2195 		9.432 		25.7824
v 13.3135 		-20.952 		28.8112
v 13.3135 		-21.3744 		28.1216
v 13.6725 		5.36 		0.5728
v 13.2115 		-21.744 		2.6048
v 13.7009 		5.1584 		0.8256
v 13.7002 		5.1171 		0.8157
v 10.1325 		9.0032 		25.7824
v 13.2115 		-21.432 		1.848
v 13.7269 		6.6493 		28.3521
v 13.7269 		6.6493 		1.6479
v 13.723 		6.4672 		1.4928
v 13.2115 		-21.0032 		28.8496
v 13.5075 		-18.8928 		0.0752
v 10.0545 		8.472 		25.7824
v 13.2115 		-21.432 		28.152
v 13.725 		6.5595 		28.4286
v 10.0324 		8.2642 		25.7824
v 10.0411 		8.3456 		25.4416
v 13.7268 		7.0288 		1.9712
v 10.0473 		8.4048 		24.7072
v 13.4125 		-20.7968 		1.3008
v 10.0294 		8.2206 		25.965
v 13.7269 		6.7265 		1.7136
v 13.3135 		-20.952 		1.1888
v 13.5945 		-20.7968 		27.0864
v 13.2115 		-21.0032 		1.1504
v 13.5075 		-21.2032 		27.2192
v 13.6725 		8.2912 		26.9232
v 13.7269 		-18.6493 		28.3521
v 13.7229 		7.6461 		27.2412
v 13.5945 		-19.768 		1.232
v 13.4125 		-21.5024 		27.3152
v 13.6725 		8.0704 		27.4576
v 13.5945 		-19.264 		0.8032
v 13.7174 		7.8177 		26.9621
v 10.5155 		-21.744 		2.6048
v 10.5155 		-21.432 		1.848
v 13.5075 		-20.0704 		0.9296
v 13.3135 		-21.6832 		27.3744
v 10.4135 		-21.6832 		2.6256
v 13.7268 		-19.0288 		28.0288
v 13.2115 		-21.744 		27.3952
v 13.5945 		4.7824 		-0.0032
v 12.9355 		7.0288 		1.9712
v 10.4135 		-21.3744 		1.8784
v 13.7269 		-18.7265 		28.2864
v 13.4125 		-20.2912 		0.7088
v 13.5945 		-20.952 		26.4432
v 13.7229 		7.5748 		27.3573
v 13.5075 		-21.3744 		26.5104
v 13.5945 		7.264 		0.8032
v 13.4125 		-21.6832 		26.5584
v 13.5945 		7.768 		1.232
v 13.5075 		-19.5152 		0.456
v 13.7269 		7.3521 		27.6493
v 13.723 		7.5072 		27.4672
v 13.7268 		-19.0956 		27.9504
v 10.1325 		4.7824 		-0.0032
v 13.5075 		8.0704 		0.9296
v 13.3135 		-21.872 		26.5888
v 10.0545 		4.7824 		0.528
v 10.0545 		5.36 		0.5728
v 13.2115 		-21.936 		26.5984
v 13.4125 		-19.6992 		0.2032
v 13.4125 		8.2912 		0.7088
v 10.0324 		4.7824 		0.7358
v 13.3135 		-20.4272 		0.5728
v 10.0411 		4.4416 		0.6544
v 10.0473 		3.7072 		0.5952
v 13.3135 		-19.8112 		0.048
v 10.0294 		4.965 		0.7794
v 10.0261 		5.1584 		0.8256
v 10.0207 		5.31 		0.8882
v 13.2115 		-20.472 		0.528
v 13.5945 		-19.264 		29.1968
v 13.5075 		7.5152 		0.456
v 13.2115 		-19.8496 		-0.0032
v 10.5155 		-21.0032 		28.8496
v 13.5945 		-19.768 		28.768
v 10.5155 		-21.432 		28.152
v 13.4125 		7.6992 		0.2032
v 10.4135 		-20.952 		28.8112
v 13.7063 		8.1118 		26.31
v 10.4135 		-21.3744 		28.1216
v 10.3145 		-21.5024 		2.6848
v 13.5075 		-20.0704 		29.0704
v 13.3135 		7.8112 		0.048
v 13.5075 		-20.544 		28.5152
v 10.3145 		-21.2032 		1.9648
v 13.3135 		8.4272 		0.5728
v 10.3145 		-20.7968 		28.6992
v 13.4125 		-20.2912 		29.2912
v 13.2115 		7.8496 		-0.0032
v 10.2195 		-21.2032 		2.7808
v 10.3145 		-21.2032 		28.0352
v 13.2115 		8.472 		0.528
v 10.2195 		-20.9248 		2.1072
v 13.5075 		4.7824 		-0.432
v 13.6725 		5.36 		29.4272
v 10.0002 		-19.0956 		2.0496
v 13.6725 		8.4272 		26.36
v 13.7009 		8.1744 		26.1584
v 10.1325 		-20.7968 		2.9136
v 10.0002 		-19.0288 		1.9712
v 13.7002 		8.1843 		26.1171
v 10 		-18.6493 		1.6479
v 13.4125 		4.7824 		-0.744
v 10.2195 		-20.9248 		27.8928
v 10 		-18.7265 		1.7136
v 13.6725 		4.7824 		29.472
v 13.3135 		4.7824 		-0.936
v 13.6725 		-19.392 		28.392
v 10.004 		-18.4672 		1.4928
v 10.5155 		-21.0032 		1.1504
v 10.4135 		-20.952 		1.1888
v 13.7104 		8.0153 		26.5434
v 13.6798 		3.7072 		29.4032
v 13.6859 		4.4416 		29.3456
v 10.3145 		-20.7968 		1.3008
v 13.6725 		-19.768 		27.9504
v 10.5155 		-21.744 		27.3952
v 10.5155 		-21.936 		26.5984
v 10.4135 		4.7824 		-0.936
v 13.5945 		4.7824 		30.0032
v 10.4135 		-21.6832 		27.3744
v 10.4135 		-21.872 		26.5888
v 10.3145 		4.7824 		-0.744
v 13.715 		7.9099 		26.7985
v 13.5075 		4.7824 		30.432
v 10.2195 		4.7824 		-0.432
v 13.4125 		4.7824 		30.744
v 13.3135 		4.7824 		30.936
v 13.715 		7.8928 		26.84
v 13.7229 		6.2412 		1.3539
v 13.6725 		6.4576 		0.9296
v 10.1325 		-20.544 		2.3008
v 10.3145 		-21.5024 		27.3152
v 10.0545 		-20.2912 		3.0768
v 10.3145 		-21.6832 		26.5584
v 13.5945 		-20.1968 		28.264
v 10.0545 		-20.0704 		2.5424
v 13.5945 		-20.544 		27.6992
v 10.0067 		-19.7299 		2.8951
v 10.5155 		8.472 		29.472
v 10.5155 		7.8496 		30.0032
v 10.5155 		7.152 		30.432
v 10.004 		-19.6461 		2.7588
v 10.4135 		8.4272 		29.4272
v 10.0019 		-19.4286 		2.4405
v 10 		-19.3521 		2.3507
v 10.4135 		7.8112 		29.952
v 13.7229 		-19.6461 		27.2412
v 10.004 		-19.5072 		2.5328
v 13.6725 		-20.0704 		27.4576
v 10.2195 		-20.544 		1.4848
# 777 vertices

g group_6_11107152

usemtl color_11107152
s 0

f 4481 	5193 	4478
f 4475 	4491 	4473
f 4488 	4480 	4487
f 4486 	4473 	4491
f 4490 	4474 	4758
f 4495 	4503 	4476
f 4477 	4557 	4478
f 4492 	4559 	4477
f 5212 	4543 	4492
f 4501 	4496 	4500
f 4494 	4500 	4496
f 4561 	4554 	4478
f 4498 	4502 	4485
f 4493 	4476 	4503
f 4484 	4965 	4507
f 4489 	4484 	4507
f 4489 	4507 	5170
f 4996 	4993 	4493
f 5144 	4515 	4513
f 4504 	4526 	4506
f 4558 	4517 	4514
f 4521 	4913 	5228
f 4913 	4908 	5228
f 4997 	5062 	4993
f 4519 	4526 	4504
f 4473 	4516 	5154
f 4980 	4968 	4509
f 4496 	4501 	4761
f 4473 	5216 	4475
f 4528 	4475 	5216
f 5137 	4730 	4755
f 4755 	4745 	5137
f 4523 	4536 	4525
f 4534 	4536 	4523
f 4529 	4537 	4531
f 4533 	4539 	4512
f 4529 	4535 	4537
f 4498 	5194 	4502
f 4480 	4540 	4487
f 4531 	4537 	4696
f 4487 	4540 	4538
f 4527 	4505 	4547
f 4512 	4539 	4530
f 4530 	4508 	4505
f 4539 	4508 	4530
f 4557 	4536 	4534
f 4483 	4553 	4533
f 4542 	4537 	4535
f 4544 	4536 	4543
f 4535 	4541 	4542
f 4505 	4548 	4547
f 4539 	4558 	4514
f 4539 	4514 	4508
f 4474 	4550 	5245
f 4510 	4944 	4996
f 5245 	4550 	4483
f 4557 	4477 	4559
f 4503 	5119 	5142
f 4541 	4552 	4555
f 4503 	5142 	4493
f 4550 	4553 	4483
f 4551 	4556 	4546
f 4536 	4557 	4559
f 4553 	4558 	4533
f 4552 	4566 	4555
f 4553 	4598 	4558
f 4555 	4542 	4541
f 4591 	4598 	4553
f 4557 	4534 	4561
f 4554 	4561 	4534
f 4533 	4558 	4539
f 4559 	4543 	4536
f 4712 	4542 	4555
f 4510 	4493 	5142
f 4560 	4603 	4549
f 4561 	4478 	4557
f 4920 	5022 	4917
f 4926 	4481 	4554
f 4564 	4585 	4568
f 4580 	4585 	4564
f 4968 	4963 	4511
f 4511 	4509 	4968
f 4476 	4949 	4495
f 4560 	4914 	4568
f 4560 	4573 	4603
f 4568 	4573 	4560
f 4569 	4578 	4727
f 4579 	4575 	4577
f 4504 	5046 	4519
f 4569 	4609 	4578
f 4770 	4584 	4582
f 4582 	4584 	4535
f 4565 	4577 	4575
f 4568 	4587 	4573
f 4490 	4562 	4474
f 4727 	4578 	4551
f 4698 	5223 	5225
f 4582 	4535 	4529
f 4585 	4587 	4568
f 4562 	4550 	4474
f 4587 	4611 	4573
f 4547 	5226 	4527
f 4562 	4591 	4550
f 4586 	4567 	4563
f 4490 	4602 	4562
f 4590 	4567 	4586
f 4556 	4551 	4593
f 4596 	4599 	4579
f 4550 	4591 	4553
f 5238 	5239 	4585
f 5238 	4585 	4580
f 4589 	4597 	4592
f 5239 	4587 	4585
f 4595 	4570 	4590
f 4597 	4589 	4594
f 4597 	4600 	4592
f 4593 	4551 	4578
f 4599 	4575 	4579
f 4595 	4576 	4570
f 4598 	4517 	4558
f 4604 	4576 	4595
f 4590 	4570 	4567
f 4565 	4575 	4601
f 4890 	4601 	4575
f 4602 	4607 	4562
f 4772 	4508 	4514
f 4614 	4597 	4594
f 4772 	4514 	4517
f 4786 	4517 	4525
f 4603 	4573 	4608
f 4604 	4606 	4519
f 4792 	4786 	4536
f 4525 	4536 	4786
f 4573 	4611 	4608
f 4562 	4607 	4591
f 4544 	4792 	4536
f 4603 	4608 	4605
f 4601 	4610 	4679
f 4597 	4618 	4600
f 4604 	4519 	4576
f 4584 	4588 	4541
f 4519 	4606 	4693
f 4601 	4890 	4610
f 5200 	5207 	4569
f 4588 	4552 	4541
f 4584 	4541 	4535
f 4613 	4660 	4649
f 4615 	4578 	4609
f 4763 	4548 	4508
f 4588 	4689 	4552
f 4612 	4614 	4594
f 4618 	4597 	4614
f 4610 	4890 	4616
f 4614 	4634 	4618
f 4619 	4593 	4623
f 4607 	4523 	4591
f 4624 	4599 	4596
f 4545 	4599 	4624
f 4607 	4534 	4523
f 4625 	4623 	4593
f 4617 	4605 	4627
f 4578 	4625 	4593
f 4523 	4598 	4591
f 4518 	4906 	4524
f 4617 	4627 	4622
f 4523 	4525 	4598
f 4626 	4629 	4612
f 4599 	4964 	4575
f 4615 	4625 	4578
f 4635 	4627 	4605
f 4626 	4637 	4629
f 4593 	4619 	4631
f 4598 	4525 	4517
f 4612 	4629 	4614
f 4633 	4566 	4552
f 4628 	4632 	4630
f 4629 	4634 	4614
f 4824 	4818 	4631
f 4608 	4635 	4605
f 4599 	4996 	4944
f 4686 	4680 	4610
f 4616 	4686 	4610
f 4680 	4679 	4610
f 4623 	5048 	4619
f 4579 	4666 	4596
f 4577 	4673 	4579
f 4639 	4634 	4629
f 4620 	4947 	4632
f 4873 	5006 	4609
f 5207 	4873 	4609
f 4566 	4633 	4638
f 4637 	4639 	4629
f 4628 	4630 	4641
f 4763 	4508 	4772
f 4633 	4636 	4638
f 4775 	4772 	4517
f 4775 	4517 	4786
f 4640 	4641 	4630
f 4640 	4630 	4649
f 4642 	4645 	4650
f 4544 	4807 	4792
f 4771 	4566 	4638
f 4648 	4545 	4688
f 4644 	4651 	4646
f 4644 	4647 	4651
f 4642 	4650 	4643
f 4640 	4649 	4656
f 5225 	5226 	4713
f 4647 	4659 	4651
f 4608 	4658 	4635
f 4713 	5226 	4547
f 4657 	4659 	4647
f 4611 	4658 	4608
f 4547 	4548 	4589
f 4656 	4649 	4660
f 4663 	5017 	4592
f 4665 	4666 	4653
f 4652 	4675 	4664
f 4657 	4760 	4659
f 4600 	4663 	4592
f 4669 	4636 	4662
f 4663 	4671 	4667
f 4657 	4668 	4760
f 4586 	4563 	4630
f 4663 	4600 	4671
f 4654 	4666 	4673
f 4654 	4673 	4674
f 4649 	4630 	4563
f 4667 	4676 	4670
f 4653 	4666 	4654
f 4767 	4836 	4613
f 4671 	4676 	4667
f 4668 	4810 	4816
f 5176 	4670 	4676
f 4836 	4800 	4656
f 4660 	4836 	4656
f 4636 	4669 	4677
f 4797 	4791 	4628
f 4830 	4797 	4641
f 4632 	4628 	4791
f 4628 	4641 	4797
f 4621 	4787 	4939
f 4681 	4739 	4675
f 4654 	4674 	4679
f 4531 	4693 	4867
f 4600 	4684 	4671
f 4519 	4693 	4526
f 4661 	4927 	4662
f 4677 	4669 	4939
f 4682 	4687 	4683
f 4618 	4684 	4600
f 4682 	4685 	4687
f 4671 	4684 	4808
f 4683 	4687 	4647
f 4803 	4689 	4588
f 4648 	4688 	4653
f 4688 	4665 	4653
f 4675 	4692 	4681
f 4691 	4692 	4675
f 4683 	4647 	4644
f 4808 	4676 	4671
f 4645 	4694 	4650
f 4679 	4674 	4601
f 4565 	4601 	4674
f 4674 	4673 	4565
f 4577 	4565 	4673
f 4531 	4696 	4693
f 4665 	4596 	4666
f 4666 	4579 	4673
f 4688 	4596 	4665
f 4624 	4596 	4688
f 4697 	4526 	4693
f 4693 	4696 	4697
f 4545 	4624 	4688
f 4694 	4645 	4690
f 4618 	4700 	4684
f 4633 	4552 	4689
f 4634 	4700 	4618
f 4696 	4707 	4697
f 4689 	4695 	4633
f 4647 	4687 	4657
f 4537 	4542 	4703
f 4709 	4864 	4698
f 4542 	4712 	4703
f 4855 	4692 	4691
f 4634 	4827 	4700
f 4685 	4705 	4687
f 4696 	4537 	4703
f 4707 	4696 	4703
f 4685 	4702 	4705
f 4703 	4715 	4707
f 4705 	4657 	4687
f 5225 	4709 	4698
f 4678 	4710 	5014
f 4678 	4622 	4710
f 4617 	4622 	4678
f 4708 	4711 	4690
f 4636 	4695 	4706
f 4571 	4954 	4574
f 5225 	4713 	4709
f 4887 	4549 	4716
f 4721 	4727 	4708
f 4715 	4703 	4712
f 4708 	4727 	4711
f 5090 	4714 	4702
f 4702 	4714 	4718
f 4555 	4566 	4717
f 4694 	4690 	4711
f 4711 	4546 	4694
f 4617 	4678 	4672
f 4636 	4633 	4695
f 4717 	4712 	4555
f 4935 	4583 	4936
f 4705 	4702 	4718
f 4672 	4716 	4617
f 4712 	4717 	4719
f 4705 	4668 	4657
f 4711 	4551 	4546
f 4727 	4551 	4711
f 4705 	4718 	4668
f 4712 	4719 	4715
f 4713 	4547 	4907
f 4714 	4723 	4718
f 4603 	4716 	4549
f 4717 	4566 	4771
f 4714 	4720 	4723
f 4777 	4719 	4717
f 4655 	4706 	4724
f 4739 	4842 	4731
f 4605 	4617 	4716
f 4603 	4605 	4716
f 4805 	4652 	4664
f 4722 	4725 	4637
f 4704 	4724 	4706
f 4699 	4701 	4728
f 4530 	4505 	4658
f 4505 	4527 	4658
f 4726 	4728 	4701
f 4807 	4652 	4805
f 4757 	4724 	4704
f 4726 	4701 	4730
f 4637 	4725 	4639
f 4731 	4664 	4675
f 4701 	4747 	4755
f 4701 	4755 	4730
f 4662 	4706 	4661
f 4655 	4661 	4706
f 4726 	4832 	4728
f 4485 	4502 	4721
f 4706 	4662 	4636
f 4725 	4732 	4639
f 4721 	4569 	4727
f 4734 	4736 	4729
f 4724 	5138 	4655
f 4757 	5138 	4724
f 4730 	4735 	4726
f 4502 	4569 	4721
f 4753 	4743 	5138
f 4502 	5203 	4569
f 4738 	4722 	4742
f 4741 	4735 	4730
f 4737 	4739 	4681
f 4681 	4733 	4737
f 4740 	4741 	4730
f 4744 	4748 	4734
f 4731 	4675 	4739
f 4751 	4722 	4750
f 4771 	4777 	4717
f 4746 	4885 	4752
f 4722 	4738 	4750
f 4646 	4651 	5242
f 4750 	5066 	4751
f 4742 	4845 	5042
f 5205 	4749 	4754
f 4734 	4748 	4736
f 4736 	4564 	4914
f 4651 	4659 	4758
f 4748 	4564 	4736
f 4722 	4751 	4725
f 4756 	4725 	4751
f 4494 	5205 	4500
f 4500 	5205 	4754
f 4757 	4704 	4753
f 5042 	5050 	4742
f 5066 	4750 	5050
f 4640 	4799 	4641
f 4791 	4782 	4632
f 4500 	4854 	4501
f 4737 	4844 	4739
f 4664 	4731 	4805
f 4787 	4677 	4939
f 4662 	4922 	4669
f 4744 	4759 	4762
f 4505 	4508 	4548
f 4764 	4758 	4659
f 4757 	4753 	5138
f 4746 	5138 	4743
f 4756 	4765 	4725
f 4763 	4594 	4548
f 4744 	4762 	4748
f 4659 	4760 	4764
f 4594 	4763 	4612
f 4764 	4490 	4758
f 4548 	4594 	4589
f 4582 	5190 	4770
f 4683 	4644 	4806
f 4768 	4774 	4770
f 4646 	4762 	4759
f 4644 	4646 	4759
f 5066 	5056 	4751
f 5056 	5051 	4751
f 4772 	4612 	4763
f 4773 	4774 	4768
f 4762 	4646 	5238
f 4845 	4844 	4733
f 4733 	5042 	4845
f 4738 	5050 	4750
f 4737 	4733 	4844
f 4584 	4770 	4774
f 4776 	4764 	4760
f 4775 	4626 	4772
f 4725 	4781 	4732
f 4764 	4776 	4785
f 4780 	4732 	4781
f 4772 	4626 	4612
f 4725 	4765 	4781
f 4784 	4729 	4778
f 4775 	4789 	4626
f 4787 	4638 	4677
f 4782 	4638 	4787
f 4779 	4817 	4790
f 4636 	4677 	4638
f 4780 	4788 	4732
f 4786 	4789 	4775
f 4584 	4774 	4588
f 4789 	4637 	4626
f 4747 	4745 	4755
f 4765 	5077 	4781
f 4782 	4791 	4638
f 4747 	4783 	4745
f 4779 	4790 	4783
f 4732 	4788 	4865
f 4792 	4796 	4786
f 4783 	4790 	4749
f 4798 	4790 	4817
f 4839 	4741 	4740
f 4839 	4740 	4840
f 4785 	4490 	4764
f 4839 	4833 	4735
f 4741 	4839 	4735
f 4735 	4833 	4726
f 4797 	4771 	4791
f 4785 	4602 	4490
f 4792 	4842 	4796
f 4783 	4749 	4745
f 4795 	4734 	4784
f 4638 	4791 	4771
f 4837 	4824 	4728
f 4786 	4796 	4789
f 4795 	4744 	4734
f 4796 	4722 	4789
f 4790 	4754 	4749
f 4784 	4734 	4729
f 4788 	4780 	5140
f 4781 	5123 	4780
f 4790 	4798 	4754
f 4800 	4777 	4799
f 4773 	4794 	4803
f 4829 	4801 	4795
f 4631 	4619 	5074
f 5048 	5047 	4619
f 4789 	4722 	4637
f 4773 	4803 	4774
f 4798 	4802 	4500
f 4801 	4744 	4795
f 4588 	4774 	4803
f 4798 	4500 	4754
f 4807 	4805 	4792
f 4794 	5060 	4809
f 4801 	4759 	4744
f 4804 	4811 	4893
f 4801 	4806 	4759
f 4804 	4822 	4811
f 4794 	4812 	4803
f 4818 	4822 	4804
f 4842 	4844 	4796
f 4893 	4811 	4769
f 4794 	4809 	4812
f 4796 	4742 	4722
f 4808 	4684 	4814
f 4803 	4812 	4689
f 4818 	4804 	4556
f 4810 	4826 	4816
f 4684 	4700 	4814
f 4814 	4820 	4808
f 4556 	4593 	4818
f 4760 	4668 	4816
f 4816 	4776 	4760
f 4821 	4815 	5033
f 5155 	5152 	4822
f 4821 	4784 	4815
f 4813 	4819 	4823
f 4544 	4652 	4807
f 4593 	4631 	4818
f 4827 	4634 	4639
f 4815 	4784 	4778
f 4819 	4838 	4823
f 4825 	4809 	4863
f 4771 	4799 	4777
f 4813 	4823 	4817
f 4828 	4812 	4809
f 4798 	4817 	4823
f 4821 	4795 	4784
f 4771 	4797 	4830
f 4771 	4830 	4799
f 4831 	4814 	4700
f 4833 	4822 	4832
f 4809 	4825 	4828
f 4829 	4795 	4821
f 4818 	4832 	4822
f 4827 	4831 	4700
f 4816 	4826 	4835
f 4812 	4828 	4695
f 4832 	4818 	4837
f 4767 	4777 	4836
f 4828 	4706 	4695
f 4824 	4837 	4818
f 5044 	4834 	4829
f 4828 	4704 	4706
f 4823 	4802 	4798
f 4801 	4829 	4834
f 4800 	4836 	4777
f 4823 	4838 	4802
f 4812 	4695 	4689
f 4816 	4835 	4776
f 4660 	4613 	4836
f 4838 	4847 	4853
f 4853 	4854 	4838
f 4640 	4656 	4800
f 4799 	4640 	4800
f 4830 	4641 	4799
f 4840 	4822 	4839
f 5155 	4822 	4840
f 4833 	4839 	4822
f 4802 	4838 	4854
f 4620 	4632 	4782
f 4621 	4620 	4782
f 4787 	4621 	4782
f 4827 	4639 	4732
f 4500 	4802 	4854
f 4841 	4792 	4805
f 4832 	4726 	4833
f 4837 	4728 	4832
f 4841 	4842 	4792
f 4865 	4827 	4732
f 5047 	5074 	4619
f 4793 	4865 	4788
f 4845 	4796 	4844
f 4847 	4838 	4819
f 4827 	4865 	4831
f 4834 	4846 	4806
f 4843 	4590 	4586
f 4845 	4742 	4796
f 4849 	4590 	4843
f 4834 	4806 	4801
f 4826 	4985 	4850
f 4831 	4851 	4814
f 4842 	4739 	4844
f 4841 	4731 	4842
f 4805 	4731 	4841
f 4691 	4698 	4855
f 4704 	4825 	4892
f 4814 	4851 	4820
f 4852 	4595 	4849
f 4892 	4753 	4704
f 4848 	4961 	4856
f 4704 	4828 	4825
f 4850 	4938 	4835
f 4855 	4860 	4692
f 4826 	4850 	4835
f 4849 	4595 	4590
f 4853 	4858 	4862
f 4851 	4859 	4820
f 4873 	5207 	4875
f 4855 	4698 	4864
f 4852 	4604 	4595
f 4853 	4862 	4854
f 4861 	4604 	4852
f 4854 	4761 	4501
f 4923 	4860 	4855
f 4854 	4862 	4761
f 4864 	4923 	4855
f 4917 	5029 	4926
f 4861 	4606 	4604
f 4866 	4856 	5003
f 4851 	4831 	4868
f 4861 	4867 	4606
f 5068 	5092 	4938
f 4709 	4713 	4871
f 4871 	4864 	4709
f 4868 	4831 	4865
f 4883 	4766 	4862
f 4862 	4766 	4761
f 4876 	4785 	4776
f 4825 	4863 	4872
f 4907 	4871 	4713
f 4877 	4650 	4694
f 4889 	4868 	4865
f 4694 	4546 	4877
f 4835 	4876 	4776
f 4874 	4852 	4849
f 4806 	4846 	4683
f 4682 	4683 	4846
f 4876 	4879 	4785
f 4759 	4806 	4644
f 4878 	4852 	4874
f 4857 	4880 	4858
f 4881 	4878 	4903
f 4877 	4880 	4857
f 4859 	4851 	4911
f 4903 	4909 	4881
f 4880 	4883 	4858
f 4875 	5200 	4866
f 5200 	5203 	4866
f 4881 	4861 	4878
f 4880 	4893 	4883
f 4882 	4870 	4869
f 4870 	4882 	4885
f 4891 	4893 	4880
f 4785 	4879 	4602
f 4862 	4858 	4883
f 4878 	4861 	4852
f 4602 	4886 	4607
f 4909 	4888 	4881
f 4546 	4891 	4877
f 4879 	4886 	4602
f 4872 	4870 	4885
f 4877 	4891 	4880
f 4887 	4672 	4987
f 4881 	4888 	4867
f 4825 	4872 	4892
f 4886 	4534 	4607
f 4883 	4769 	4766
f 4872 	4885 	4892
f 4881 	4867 	4861
f 4897 	4896 	4894
f 4893 	4769 	4883
f 4582 	4529 	4888
f 4891 	4546 	4556
f 4556 	4804 	4891
f 4793 	4889 	4865
f 4867 	4888 	4531
f 4529 	4531 	4888
f 4804 	4893 	4891
f 4835 	4941 	4876
f 4606 	4867 	4693
f 4899 	4882 	4900
f 4937 	4868 	4936
f 4887 	4884 	4549
f 4616 	4890 	4897
f 4896 	4897 	4890
f 4942 	4901 	4876
f 4894 	4896 	4905
f 4898 	4549 	4884
f 4952 	4905 	4896
f 4882 	4899 	4906
f 4882 	4906 	4908
f 5091 	4522 	5167
f 4851 	4868 	4911
f 4885 	4908 	4913
f 5247 	5241 	4905
f 4882 	4908 	4885
f 4876 	4902 	4879
f 4736 	4914 	4895
f 4912 	4888 	4909
f 4910 	4879 	4902
f 4643 	4904 	4847
f 4582 	4912 	5190
f 4743 	4892 	4746
f 4905 	4952 	4916
f 4853 	4847 	4904
f 4582 	4888 	4912
f 4650 	4857 	4643
f 4885 	4746 	4892
f 4907 	4547 	4589
f 4913 	4752 	4885
f 4895 	4914 	4898
f 4915 	4916 	4952
f 4898 	4560 	4549
f 4917 	4886 	4920
f 4892 	4743 	4753
f 4560 	4898 	4914
f 4921 	4920 	4886
f 4859 	4919 	4479
f 4879 	4921 	4886
f 4923 	4924 	4860
f 4859 	4911 	4919
f 4520 	5228 	4908
f 4913 	4521 	4752
f 4518 	4520 	4908
f 4906 	4518 	4908
f 4910 	4921 	4879
f 4564 	4568 	4914
f 4899 	4900 	4524
f 4748 	4762 	4580
f 4886 	4917 	4926
f 4929 	4480 	4479
f 4762 	5238 	4580
f 4927 	4925 	4922
f 4928 	4925 	4927
f 4871 	4931 	4864
f 4580 	4564 	4748
f 4919 	4929 	4479
f 4554 	4534 	4926
f 4931 	4923 	4864
f 4886 	4926 	4534
f 4890 	4932 	4896
f 4857 	4904 	4643
f 4923 	4933 	4924
f 4904 	4858 	4853
f 4857 	4858 	4904
f 4931 	4933 	4923
f 4933 	5000 	4924
f 4857 	4650 	4877
f 4890 	5053 	4932
f 4889 	4935 	4868
f 4990 	5009 	4910
f 4910 	4902 	4990
f 4995 	4990 	4902
f 4901 	4995 	4902
f 4513 	4946 	4510
f 4942 	5110 	4901
f 4918 	5049 	4928
f 4935 	4936 	4868
f 4515 	4516 	4953
f 4922 	4925 	4939
f 4924 	5000 	4992
f 4516 	4473 	4486
f 4516 	4486 	4953
f 4936 	4572 	4937
f 4907 	4943 	4871
f 4942 	4876 	4941
f 4907 	4589 	4943
f 4793 	5151 	4889
f 4889 	4581 	4935
f 4871 	4943 	4931
f 4947 	4939 	4925
f 4941 	4835 	4938
f 4868 	4937 	4911
f 4945 	4911 	4937
f 4902 	4876 	4901
f 4944 	4510 	4946
f 4915 	5243 	4916
f 4848 	5194 	4956
f 4939 	4669 	4922
f 4941 	5103 	4942
f 4894 	4905 	5241
f 4916 	5247 	4905
f 4897 	4894 	5237
f 4513 	4515 	4946
f 4950 	4946 	4515
f 4911 	4955 	4919
f 4984 	5149 	4985
f 4939 	4947 	4621
f 4949 	4919 	4954
f 4620 	4621 	4947
f 4954 	4919 	4955
f 4630 	4632 	4947
f 4515 	4953 	4950
f 4718 	4810 	4668
f 4718 	4723 	4810
f 4961 	4848 	4956
f 4945 	4955 	4911
f 4486 	4491 	5005
f 4919 	4949 	4963
f 4933 	5024 	5000
f 4944 	4964 	4599
f 4915 	4952 	4956
f 4499 	4962 	4965
f 4934 	4884 	4948
f 4946 	4966 	4944
f 4967 	4723 	4959
f 4919 	4963 	4929
f 4952 	4961 	4956
f 4960 	4884 	4934
f 4965 	4484 	4499
f 4968 	4929 	4963
f 4944 	4966 	4964
f 4681 	4692 	4969
f 5003 	4856 	4961
f 4884 	4887 	4948
f 4932 	4972 	4896
f 4967 	4810 	4723
f 4932 	4981 	4972
f 4987 	4948 	4887
f 4810 	4967 	4826
f 4896 	4972 	4952
f 4962 	4973 	4965
f 4957 	4778 	4729
f 4966 	4946 	4975
f 4969 	4692 	4860
f 4957 	4895 	4960
f 4950 	4975 	4946
f 4962 	4971 	4973
f 4965 	4973 	4976
f 4977 	4969 	4860
f 4860 	4924 	4977
f 4953 	4979 	4950
f 4729 	4895 	4957
f 4969 	4977 	4970
f 4895 	4898 	4960
f 4960 	4898 	4884
f 4978 	4959 	5025
f 4974 	4929 	4980
f 4968 	4980 	4929
f 4507 	4965 	4976
f 4729 	4736 	4895
f 4950 	4979 	4975
f 4976 	5175 	4507
f 4982 	4967 	4978
f 4959 	4978 	4967
f 4924 	4992 	4977
f 4938 	4850 	5068
f 4971 	4983 	4986
f 4954 	4571 	4949
f 4476 	4511 	4963
f 4963 	4949 	4476
f 4495 	4949 	4571
f 4967 	4984 	4826
f 4985 	4826 	4984
f 4943 	4589 	4592
f 4979 	4953 	4988
f 4983 	4998 	5004
f 4955 	4574 	4954
f 4945 	4937 	5246
f 4572 	5246 	4937
f 4955 	4945 	4574
f 4983 	5004 	4986
f 4953 	4486 	4988
f 4967 	4991 	4984
f 4977 	4989 	4970
f 4988 	5098 	4979
f 4991 	4967 	4982
f 4988 	5005 	5098
f 4509 	4493 	4993
f 4986 	4973 	4971
f 5082 	4979 	5098
f 4981 	5065 	5115
f 4511 	4493 	4509
f 4988 	4486 	5005
f 4930 	4976 	4973
f 4992 	4989 	4977
f 4930 	4973 	4986
f 4991 	5150 	4984
f 4976 	4930 	5181
f 4956 	5244 	4915
f 4993 	4974 	4509
f 4976 	5181 	5175
f 5227 	5129 	4978
f 5025 	5227 	4978
f 4997 	4993 	4996
f 4475 	4528 	4491
f 4491 	4528 	5007
f 4995 	4994 	4990
f 4897 	5237 	4616
f 5007 	4528 	5023
f 4532 	5023 	4528
f 4532 	4538 	5023
f 4959 	4720 	4999
f 4996 	5001 	5002
f 4996 	5002 	4997
f 4843 	4925 	4958
f 4986 	4951 	4930
f 4491 	5007 	5008
f 4999 	5015 	4959
f 4986 	5004 	4951
f 4510 	4996 	4493
f 4491 	5008 	5005
f 4959 	4723 	4720
f 5063 	5002 	5001
f 5014 	5009 	4994
f 4990 	4994 	5009
f 4999 	5010 	5011
f 4496 	5030 	4494
f 5000 	5012 	4992
f 4947 	4925 	4843
f 4998 	5030 	5004
f 4947 	4843 	4586
f 5032 	4951 	5004
f 5018 	4951 	5032
f 4875 	5013 	4873
f 4947 	4586 	4630
f 4931 	5017 	4933
f 5015 	5016 	4959
f 4994 	4678 	5014
f 4921 	4910 	5009
f 4958 	4849 	4843
f 4943 	5017 	4931
f 5007 	5019 	5008
f 5019 	5007 	5023
f 4999 	5011 	5015
f 5017 	5024 	4933
f 5009 	5014 	5022
f 5006 	4873 	5013
f 5018 	4773 	4768
f 5018 	5020 	4773
f 4922 	4662 	4927
f 5016 	5025 	4959
f 5020 	4794 	4773
f 5021 	5022 	5014
f 5023 	5026 	5027
f 4928 	4927 	5138
f 4661 	5138 	4927
f 5020 	5060 	4794
f 5024 	5028 	5000
f 5177 	5210 	5011
f 5196 	5177 	5010
f 5011 	5010 	5177
f 5013 	4875 	5003
f 5032 	5004 	5030
f 5000 	5028 	5012
f 5023 	5027 	5019
f 4866 	5003 	4875
f 5002 	5063 	4997
f 5062 	4997 	5063
f 4943 	4592 	5017
f 5006 	5013 	5034
f 4480 	5037 	4540
f 5017 	4663 	5024
f 4667 	5024 	4663
f 5029 	5021 	5014
f 5028 	5024 	4670
f 4667 	4670 	5024
f 5036 	4821 	5033
f 5030 	5038 	5032
f 5034 	5013 	5039
f 5023 	4538 	5026
f 4670 	5106 	5028
f 5030 	5035 	5038
f 5036 	4829 	4821
f 5027 	5026 	5041
f 5038 	5020 	5032
f 4733 	4681 	5042
f 5026 	5043 	5041
f 5041 	5197 	5027
f 5042 	4681 	5045
f 5032 	5020 	5018
f 4829 	5036 	5044
f 4540 	5043 	5026
f 4538 	4540 	5026
f 4681 	4969 	5045
f 5113 	5031 	5040
f 5043 	4653 	4654
f 4987 	4672 	4994
f 5046 	4834 	5044
f 5043 	4654 	5041
f 5050 	5042 	5045
f 4672 	4678 	4994
f 5034 	5039 	5048
f 5047 	5048 	5039
f 4540 	4653 	5043
f 5046 	4846 	4834
f 4480 	4929 	5037
f 5046 	4504 	4846
f 5053 	4890 	4575
f 5035 	5055 	5038
f 4682 	4846 	4506
f 4504 	4506 	4846
f 5037 	4653 	4540
f 4575 	4964 	5053
f 4887 	4716 	4672
f 5035 	5052 	5055
f 5062 	5037 	4974
f 4929 	4974 	5037
f 5055 	5060 	5038
f 4964 	4966 	5061
f 5029 	4917 	5021
f 4481 	4926 	5029
f 4478 	4554 	4481
f 4918 	5040 	5049
f 5054 	5051 	5056
f 5022 	4920 	5009
f 5053 	4964 	5061
f 5060 	5020 	5038
f 5064 	5037 	5063
f 5062 	5063 	5037
f 5061 	5065 	5053
f 5056 	5066 	5045
f 5050 	5045 	5066
f 5058 	5059 	5069
f 5057 	5058 	5069
f 5001 	5064 	5063
f 5067 	5052 	5221
f 4925 	4928 	5049
f 5065 	4932 	5053
f 5067 	5070 	5052
f 4980 	4509 	4974
f 5062 	4974 	4993
f 5045 	5054 	5056
f 5065 	4981 	4932
f 4940 	4948 	5068
f 5051 	5054 	5072
f 5075 	5072 	5054
f 5052 	5070 	5055
f 5061 	4966 	5071
f 4996 	4599 	5001
f 5055 	4863 	5060
f 5074 	4701 	4699
f 4966 	4975 	5071
f 5031 	5073 	5049
f 5055 	5070 	4863
f 5071 	5076 	5061
f 4653 	5037 	5064
f 4958 	4925 	5049
f 5060 	4863 	4809
f 4545 	5064 	5001
f 4765 	4756 	5072
f 4545 	5001 	4599
f 5061 	5076 	5065
f 5047 	5039 	5074
f 5115 	5065 	5076
f 5067 	4870 	5070
f 5199 	5116 	5057
f 5196 	5010 	5199
f 5058 	5057 	5112
f 5049 	5073 	4958
f 5067 	4869 	4870
f 5039 	4701 	5074
f 5064 	4648 	4653
f 5058 	5112 	5059
f 5070 	4872 	4863
f 5064 	4545 	4648
f 5070 	4870 	4872
f 5073 	5147 	5078
f 4975 	4979 	5082
f 5072 	5075 	5077
f 5003 	5085 	5013
f 4506 	5084 	4685
f 4874 	5073 	5078
f 5082 	5071 	4975
f 5078 	4878 	4874
f 5071 	5087 	5076
f 5081 	5083 	5088
f 5080 	5081 	5088
f 4506 	4685 	4682
f 5003 	5128 	5085
f 5082 	5087 	5071
f 5084 	4702 	4685
f 5087 	5118 	5076
f 5093 	5013 	5085
f 5084 	5090 	4702
f 5089 	5126 	5079
f 5068 	4948 	5092
f 4874 	4958 	5073
f 4849 	4958 	4874
f 5090 	5094 	4714
f 5118 	5115 	5076
f 5086 	5096 	5089
f 4987 	5092 	4948
f 4878 	5078 	4903
f 5013 	5093 	5039
f 5095 	5096 	5086
f 5100 	5097 	5099
f 4747 	5039 	5093
f 5094 	4720 	4714
f 4918 	4928 	5138
f 5087 	5082 	5102
f 5094 	5101 	4720
f 5099 	5097 	5091
f 5098 	5102 	5082
f 4661 	4655 	5138
f 5101 	4999 	4720
f 5039 	4747 	4701
f 4987 	5103 	5092
f 4995 	5110 	4994
f 5109 	5096 	5095
f 5101 	5108 	4999
f 4970 	5054 	5045
f 4969 	4970 	5045
f 5106 	5109 	5095
f 5085 	5128 	5107
f 5103 	4987 	5110
f 5109 	5136 	5096
f 4994 	5110 	4987
f 5093 	5085 	4779
f 5098 	5130 	5131
f 5102 	5098 	5131
f 5111 	5108 	5112
f 5085 	5107 	4779
f 5114 	5112 	5108
f 4783 	4747 	5093
f 4995 	4901 	5110
f 5110 	4942 	5103
f 5108 	5111 	5116
f 5093 	4779 	4783
f 4985 	4940 	4850
f 5021 	4917 	5022
f 5010 	4999 	5116
f 5107 	4817 	4779
f 4921 	5009 	4920
f 5108 	5116 	4999
f 5107 	4813 	4817
f 5117 	5031 	5113
f 5087 	5102 	5120
f 5092 	5103 	4941
f 4941 	4938 	5092
f 5051 	5072 	4756
f 5077 	4765 	5072
f 4756 	4751 	5051
f 5131 	5120 	5102
f 5112 	5057 	5111
f 5111 	5057 	5116
f 4738 	4742 	5050
f 4824 	4631 	4699
f 5074 	4699 	4631
f 4699 	4728 	4824
f 5112 	5114 	5059
f 5087 	5120 	5118
f 5048 	4623 	5034
f 5034 	4615 	5006
f 5121 	5144 	5119
f 5080 	5088 	5100
f 5125 	4961 	4952
f 5097 	5100 	5088
f 5126 	5121 	5079
f 5123 	5077 	5075
f 4952 	4972 	5125
f 5125 	5128 	4961
f 5208 	5120 	5131
f 5120 	5208 	5168
f 5003 	4961 	5128
f 5098 	5005 	5130
f 4972 	4981 	5132
f 5089 	5096 	5133
f 5096 	5136 	5133
f 5124 	5129 	5127
f 5134 	5130 	5005
f 5125 	4972 	5132
f 5133 	5126 	5089
f 5005 	5008 	5134
f 5049 	5040 	5031
f 5088 	4499 	5097
f 4570 	5044 	5036
f 5088 	5137 	4499
f 4570 	5046 	5044
f 5134 	5139 	5130
f 5097 	4484 	4482
f 5097 	4499 	4484
f 5138 	5113 	5040
f 4981 	5115 	5141
f 5132 	4981 	5141
f 5104 	5138 	5105
f 5117 	5138 	5104
f 5138 	5117 	5113
f 4752 	5105 	5138
f 4745 	5192 	5137
f 5090 	4707 	5094
f 5119 	5144 	5142
f 5105 	4752 	4521
f 5132 	5141 	5158
f 4715 	4719 	5094
f 5040 	4918 	5138
f 5124 	5127 	5143
f 5138 	4746 	4752
f 4900 	5167 	4522
f 5100 	5165 	5080
f 5099 	5166 	5100
f 5081 	5080 	5162
f 5142 	4513 	4510
f 4934 	5143 	5127
f 5081 	5162 	5083
f 5144 	4513 	5142
f 5075 	5140 	5123
f 5118 	5120 	5168
f 5126 	5146 	5121
f 4524 	4900 	4522
f 5031 	4497 	5147
f 5121 	5146 	5144
f 5145 	5147 	4497
f 5146 	4515 	5144
f 5073 	5031 	5147
f 5125 	5148 	5128
f 4707 	5090 	5084
f 5132 	5148 	5125
f 5149 	5150 	4934
f 5128 	5148 	5107
f 5146 	5126 	5154
f 5148 	4813 	5107
f 5133 	5154 	5126
f 5145 	5153 	5147
f 5146 	4516 	4515
f 5152 	5155 	5156
f 5143 	4934 	5150
f 5154 	4516 	5146
f 4649 	5033 	5069
f 5078 	5147 	5153
f 5158 	5148 	5132
f 4567 	5036 	5033
f 5155 	5165 	5156
f 5133 	5157 	5154
f 5152 	5156 	4869
f 5156 	4882 	4869
f 5149 	4934 	4940
f 5136 	5157 	5133
f 4813 	5148 	5158
f 4948 	4940 	4934
f 5157 	4473 	5154
f 5153 	4903 	5078
f 5161 	5141 	5115
f 4793 	5135 	5151
f 5153 	5159 	4903
f 5163 	5162 	5155
f 4473 	5157 	5216
f 5118 	5161 	5115
f 5155 	5162 	5160
f 5140 	4780 	5123
f 5140 	5135 	4788
f 4793 	4788 	5135
f 4715 	5094 	4707
f 5215 	5216 	5136
f 5216 	5157 	5136
f 5141 	5161 	5164
f 4909 	5159 	5184
f 5109 	5174 	5136
f 4767 	5114 	4777
f 5123 	4781 	5077
f 4957 	5127 	5122
f 5184 	4912 	4909
f 4613 	5059 	4767
f 4767 	5059 	5114
f 5155 	5160 	5165
f 5141 	5164 	5158
f 5159 	4909 	4903
f 4613 	4649 	5059
f 5069 	5059 	4649
f 5158 	4819 	4813
f 4563 	5033 	4649
f 5158 	5164 	4819
f 5165 	5166 	5156
f 5156 	5166 	5167
f 4567 	5033 	4563
f 4778 	4957 	5122
f 5106 	5174 	5109
f 4957 	4960 	5127
f 5054 	4970 	5169
f 5215 	5136 	5174
f 4989 	5169 	4970
f 4960 	4934 	5127
f 5130 	5139 	5131
f 5170 	5145 	4489
f 5161 	5118 	5168
f 5169 	5075 	5054
f 5161 	5171 	5164
f 5170 	5153 	5145
f 5161 	5168 	5171
f 4670 	5172 	5106
f 5164 	4847 	4819
f 4940 	4985 	5149
f 5068 	4850 	4940
f 5149 	4984 	5150
f 4882 	5156 	4900
f 5172 	5174 	5106
f 5164 	5171 	4847
f 5169 	5173 	5075
f 5179 	5183 	5134
f 5170 	4507 	5175
f 5124 	5143 	4982
f 4991 	4982 	5143
f 5150 	4991 	5143
f 5134 	5183 	5139
f 5156 	5167 	4900
f 5170 	5175 	5159
f 4670 	5176 	5172
f 5176 	5178 	5172
f 5180 	5169 	4989
f 5184 	5159 	5175
f 4906 	4899 	4524
f 5167 	5166 	5091
f 5099 	5091 	5166
f 4642 	4643 	5168
f 5008 	5179 	5134
f 4643 	4847 	5171
f 5169 	5180 	5173
f 5162 	5080 	5160
f 5165 	5100 	5166
f 5160 	5080 	5165
f 5170 	5159 	5153
f 5019 	5179 	5008
f 5172 	5178 	5174
f 5083 	5162 	5163
f 5171 	5168 	4643
f 4567 	4570 	5036
f 5163 	4840 	5083
f 4576 	5046 	4570
f 5180 	5182 	5173
f 5083 	4740 	4730
f 5083 	4730 	5088
f 4576 	4519 	5046
f 4730 	5137 	5088
f 4989 	4992 	5186
f 5175 	5181 	5184
f 4615 	4609 	5006
f 4625 	5034 	4623
f 5185 	5176 	4676
f 4506 	4526 	5084
f 4697 	5084 	4526
f 5200 	4875 	5207
f 5224 	4769 	5152
f 4697 	4707 	5084
f 4930 	4951 	5187
f 5186 	5180 	4989
f 4808 	5185 	4676
f 5027 	5188 	5019
f 4811 	4822 	5152
f 5185 	5189 	5176
f 5180 	5086 	5182
f 5101 	5094 	4719
f 5155 	4840 	5163
f 4777 	5108 	4719
f 5101 	4719 	5108
f 5187 	5181 	4930
f 5186 	5086 	5180
f 5188 	5179 	5019
f 5181 	5187 	5190
f 4740 	5083 	4840
f 5108 	4777 	5114
f 5179 	5191 	5183
f 4856 	4866 	5203
f 5179 	5188 	5191
f 5176 	5189 	5178
f 4848 	5198 	5194
f 5086 	5089 	5182
f 5137 	5192 	4962
f 5249 	5183 	5191
f 4992 	5012 	5186
f 4962 	5192 	4971
f 5027 	5197 	5188
f 5198 	4502 	5194
f 5186 	5012 	5095
f 5199 	5195 	5196
f 4808 	4820 	5185
f 4962 	4499 	5137
f 5192 	4745 	5201
f 4749 	5201 	4745
f 5202 	5185 	4820
f 5014 	5193 	5029
f 5186 	5095 	5086
f 4971 	5192 	5201
f 4478 	5193 	4477
f 4477 	5193 	5204
f 5177 	5196 	5195
f 5106 	5095 	5012
f 5200 	4569 	5203
f 4749 	5205 	5201
f 5185 	5202 	5189
f 5193 	5014 	4710
f 5012 	5028 	5106
f 4710 	5218 	5193
f 5201 	5205 	4983
f 5202 	4488 	5189
f 5193 	5218 	5204
f 5198 	5203 	4502
f 5201 	4983 	4971
f 5195 	5199 	5069
f 4477 	5204 	4492
f 5057 	5069 	5199
f 5205 	4998 	4983
f 5206 	5135 	5140
f 4609 	4569 	5207
f 5181 	5190 	5184
f 4642 	5168 	5208
f 4998 	5205 	4494
f 5131 	5209 	5208
f 5139 	5209 	5131
f 4912 	5184 	5190
f 4615 	5034 	4625
f 5208 	4645 	4642
f 5202 	4820 	4859
f 5187 	4951 	4768
f 5204 	5212 	4492
f 5177 	5195 	5210
f 5208 	5209 	4645
f 4848 	4856 	5198
f 5203 	5198 	4856
f 5213 	5209 	5139
f 5075 	5206 	5140
f 4859 	4479 	5202
f 4768 	4951 	5018
f 4652 	5211 	4675
f 5204 	4675 	5211
f 5211 	5212 	5204
f 5183 	5213 	5139
f 5135 	5206 	5151
f 5214 	5151 	5206
f 5122 	5210 	5195
f 5190 	5187 	4770
f 4768 	4770 	5187
f 4690 	5209 	5213
f 4998 	4494 	5030
f 5206 	5075 	5173
f 5173 	5234 	5206
f 4761 	5217 	4496
f 5091 	5097 	4522
f 5206 	5234 	5214
f 4710 	5223 	5218
f 4496 	5217 	5035
f 5174 	5219 	5215
f 5209 	4690 	4645
f 4710 	4622 	5223
f 5183 	5249 	5213
f 5174 	5178 	5219
f 5097 	4482 	4522
f 5016 	5015 	5222
f 5219 	5220 	5215
f 4496 	5035 	5030
f 5151 	5214 	4581
f 4708 	4690 	5213
f 4691 	4675 	5218
f 5204 	5218 	4675
f 4766 	5221 	5217
f 4766 	5217 	4761
f 5249 	4708 	5213
f 5217 	5052 	5035
f 5122 	5222 	5210
f 5221 	5052 	5217
f 5218 	5223 	4691
f 4698 	4691 	5223
f 5215 	5220 	5216
f 4622 	4627 	5225
f 4766 	4769 	5221
f 5224 	5221 	4769
f 4482 	4524 	4522
f 5225 	5223 	4622
f 5220 	4528 	5216
f 5067 	5221 	5224
f 5226 	5225 	4627
f 5067 	5224 	4869
f 4627 	4635 	5226
f 5152 	4869 	5224
f 4635 	4658 	4527
f 4811 	5152 	4769
f 5244 	4956 	5194
f 4527 	5226 	4635
f 5129 	5227 	5122
f 5227 	5222 	5122
f 5122 	5127 	5129
f 5188 	5197 	5230
f 4543 	5212 	5211
f 4543 	5211 	4544
f 5231 	5219 	5178
f 5041 	4654 	5232
f 4559 	4492 	4543
f 5229 	5228 	4520
f 5189 	5231 	5178
f 4544 	5211 	4652
f 5231 	5233 	5219
f 4815 	5195 	5069
f 5231 	4487 	5233
f 5232 	5197 	5041
f 5069 	5033 	4815
f 5229 	4520 	4482
f 5195 	4778 	5122
f 5233 	5220 	5219
f 5232 	5235 	5197
f 4524 	4482 	4518
f 5220 	5233 	4532
f 5193 	4481 	5029
f 4815 	4778 	5195
f 4518 	4482 	4520
f 5220 	4532 	4528
f 5236 	5248 	5214
f 5228 	5229 	4521
f 4488 	5231 	5189
f 5234 	5236 	5214
f 5227 	5025 	5222
f 5025 	5016 	5222
f 4488 	4487 	5231
f 4497 	4521 	5229
f 5233 	4538 	4532
f 4487 	4538 	5233
f 5235 	5230 	5197
f 5229 	4489 	5145
f 5229 	5145 	4497
f 5235 	4498 	5230
f 5202 	4479 	4488
f 4479 	4480 	4488
f 5182 	5234 	5173
f 4982 	4978 	5124
f 5129 	5124 	4978
f 5210 	5222 	5015
f 5015 	5011 	5210
f 5234 	5182 	5079
f 5116 	5199 	5010
f 5182 	5089 	5079
f 4654 	4679 	5232
f 4521 	4497 	5105
f 5104 	5105 	4497
f 4680 	5232 	4679
f 5234 	5079 	5236
f 4587 	5240 	4611
f 5121 	5119 	5236
f 4611 	4512 	4658
f 4530 	4658 	4512
f 4680 	4686 	5232
f 5079 	5121 	5236
f 5237 	5232 	4686
f 5104 	4497 	5117
f 5031 	5117 	4497
f 5239 	5240 	4587
f 4581 	4889 	5151
f 4583 	4935 	4581
f 4512 	4611 	5240
f 5241 	5235 	5237
f 5232 	5237 	5235
f 4646 	5242 	5238
f 4489 	5229 	4482
f 4572 	4936 	4583
f 4482 	4484 	4489
f 5242 	5245 	5238
f 5244 	4498 	5243
f 4474 	5245 	5242
f 5235 	5243 	4498
f 5242 	4758 	4474
f 5243 	5235 	5247
f 5241 	5247 	5235
f 5238 	5245 	5239
f 5245 	4483 	5239
f 5194 	4498 	5244
f 5243 	4915 	5244
f 5247 	4916 	5243
f 5237 	4894 	5241
f 4686 	4616 	5237
f 5239 	4483 	5240
f 5240 	4533 	4512
f 5230 	5191 	5188
f 4533 	5240 	4483
f 4485 	5191 	5230
f 5242 	4651 	4758
f 4485 	5249 	5191
f 5249 	4721 	4708
f 4485 	4721 	5249
f 4583 	5248 	4572
f 4498 	4485 	5230
f 5246 	4572 	5248
f 5214 	4583 	4581
f 4583 	5214 	5248
f 5246 	5248 	4574
f 4503 	4574 	5248
f 5236 	5119 	5248
f 5248 	5119 	4503
f 4574 	4945 	5246
f 4574 	4503 	4571
f 4495 	4571 	4503
f 4476 	4493 	4511
# 1554 faces

 #end of obj_6

