# Object Export From Tinkercad Server 2015

mtllib obj.mtl

o obj_0
<<<<<<< HEAD
v 58 		2 		1.0268
v -19.6611 		2 		1.6103
v 56.8617 		2 		2.4133
v 47.2444 		2 		14.1273
v -39.845 		2 		0
v 45.7069 		2 		16
v 56.8617 		-58 		2.4133
v -19.6611 		-58 		1.6103
v 58 		-58 		1.0268
v -39.845 		-58 		0
v 47.2444 		-58 		14.1273
v 45.7069 		-58 		16
# 12 vertices

g group_0_14792521

usemtl color_14792521
s 0

f 1 	2 	3
f 1 	5 	2
f 5 	6 	2
f 4 	2 	6
f 7 	8 	9
f 10 	9 	8
f 11 	12 	8
f 10 	8 	12
f 3 	7 	9
f 3 	9 	1
f 3 	2 	8
f 3 	8 	7
f 8 	2 	4
f 8 	4 	11
f 6 	12 	11
f 6 	11 	4
f 5 	10 	12
f 5 	12 	6
f 10 	5 	9
f 1 	9 	5
# 20 faces

 #end of obj_0

o obj_1
v 55 		-55 		2
v 55 		1 		2
v 55 		-55 		1
v 55 		1 		1
v -16 		1 		2
v -16 		-55 		2
v -16 		1 		1
v -16 		-55 		1
# 8 vertices

g group_1_16448250

usemtl color_16448250
s 0

f 13 	15 	14
f 15 	16 	14
f 17 	19 	18
f 19 	20 	18
f 17 	18 	14
f 18 	13 	14
f 20 	19 	15
f 19 	16 	15
f 18 	20 	13
f 20 	15 	13
f 14 	16 	17
f 16 	19 	17
# 12 faces

 #end of obj_1

o obj_2
v 55.1193 		-71 		3
v 60 		-15.2131 		3
v 55.1193 		-71 		2
v 60 		-15.2131 		2
v -10.7298 		-9.025 		3
v -15.6105 		-64.8119 		3
v -10.7298 		-9.025 		2
v -15.6105 		-64.8119 		2
# 8 vertices

g group_2_16448250

usemtl color_16448250
s 0

f 21 	23 	22
f 23 	24 	22
f 25 	27 	26
f 27 	28 	26
f 25 	26 	22
f 26 	21 	22
f 28 	27 	23
f 27 	24 	23
f 26 	28 	21
f 28 	23 	21
f 22 	24 	25
f 24 	27 	25
# 12 faces

 #end of obj_2

o obj_3
v 69 		-43.1187 		4
v 61.2063 		12.3363 		4
v 69 		-43.1187 		3
v 61.2063 		12.3363 		3
v -9.1027 		2.455 		4
v -1.309 		-53 		4
v -9.1027 		2.455 		3
v -1.309 		-53 		3
# 8 vertices

g group_3_16448250

usemtl color_16448250
s 0

f 29 	31 	30
f 31 	32 	30
f 33 	35 	34
f 35 	36 	34
f 33 	34 	30
f 34 	29 	30
f 36 	35 	31
f 35 	32 	31
f 34 	36 	29
f 36 	31 	29
f 30 	32 	33
f 32 	35 	33
# 12 faces

 #end of obj_3

o obj_4
v 2.6238 		-57.4833 		6
v 58.6153 		-56.5059 		6
v 2.6238 		-57.4833 		5
v 58.6153 		-56.5059 		5
v 57.3762 		14.4833 		6
v 1.3847 		13.5059 		6
v 57.3762 		14.4833 		5
v 1.3847 		13.5059 		5
# 8 vertices

g group_4_16448250

usemtl color_16448250
s 0

f 37 	39 	38
f 39 	40 	38
f 41 	43 	42
f 43 	44 	42
f 41 	42 	38
f 42 	37 	38
f 44 	43 	39
f 43 	40 	39
f 42 	44 	37
f 44 	39 	37
f 38 	40 	41
f 40 	43 	41
# 12 faces

 #end of obj_4

o obj_5
v -2 		-63 		5
v 54 		-63 		5
v -2 		-63 		4
v 54 		-63 		4
v 54 		8 		5
v -2 		8 		5
v 54 		8 		4
v -2 		8 		4
# 8 vertices

g group_5_16448250

usemtl color_16448250
s 0

f 45 	47 	46
f 47 	48 	46
f 49 	51 	50
f 51 	52 	50
f 49 	50 	46
f 50 	45 	46
f 52 	51 	47
f 51 	48 	47
f 50 	52 	45
f 52 	47 	45
f 46 	48 	49
f 48 	51 	49
# 12 faces

 #end of obj_5

o obj_6
v 1.5991 		-49.5643 		7
v 55.4297 		-65 		7
v 1.5991 		-49.5643 		6
v 55.4297 		-65 		6
v 75 		3.2496 		7
v 21.1693 		18.6853 		7
v 75 		3.2496 		6
v 21.1693 		18.6853 		6
# 8 vertices

g group_6_16448250

usemtl color_16448250
s 0

f 53 	55 	54
f 55 	56 	54
f 57 	59 	58
f 59 	60 	58
f 57 	58 	54
f 58 	53 	54
f 60 	59 	55
f 59 	56 	55
f 58 	60 	53
f 60 	55 	53
f 54 	56 	57
f 56 	59 	57
# 12 faces

 #end of obj_6

o obj_7
v 34.3009 		-4.5772 		13.8668
v 34.2991 		-4.4871 		13.8665
v 34.3766 		-4.4856 		13.881
v 34.3157 		-4.7464 		13.8696
v 34.3065 		-4.6636 		13.8679
v 34.3454 		-4.901 		13.8752
v 34.3287 		-4.8255 		13.872
v 34.387 		-5.043 		13.8829
v 34.3657 		-4.9728 		13.879
v 34.4374 		-5.1714 		13.8924
v 34.4109 		-5.1092 		13.8874
v 34.4981 		-5.2837 		13.9037
v 34.4664 		-5.2296 		13.8978
v 34.569 		-5.38 		13.917
v 34.5324 		-5.3339 		13.9101
v 34.649 		-5.4602 		13.9319
v 34.6079 		-5.4221 		13.9243
v 34.7379 		-5.5244 		13.9486
v 34.6923 		-5.4943 		13.94
v 34.8353 		-5.5726 		13.9668
v 34.7857 		-5.5505 		13.9575
v 34.939 		-5.6047 		13.9862
v 34.8864 		-5.5906 		13.9763
v 35.0486 		-5.6207 		14.0067
v 34.993 		-5.6147 		13.9963
v 35.1804 		-5.6191 		14.0313
v 35.1056 		-5.6227 		14.0173
v 35.3256 		-5.5899 		14.0585
v 35.2537 		-5.6081 		14.045
v 35.4648 		-5.5315 		14.0845
v 35.3959 		-5.5644 		14.0716
v 35.5953 		-5.446 		14.1089
v 35.5322 		-5.4914 		14.0971
v 35.7138 		-5.3322 		14.1311
v 35.6559 		-5.393 		14.1203
v 35.822 		-5.1878 		14.1513
v 35.7692 		-5.2639 		14.1414
v 35.9173 		-5.0151 		14.1691
v 35.8721 		-5.1041 		14.1607
v 35.9988 		-4.8153 		14.1844
v 35.9595 		-4.9189 		14.177
v 36.0684 		-4.5863 		14.1974
v 36.0351 		-4.7044 		14.1912
v 36.1253 		-4.3259 		14.208
v 36.0988 		-4.4608 		14.2031
v 36.1638 		-4.0341 		14.2152
v 36.1469 		-4.1837 		14.2121
v 36.183 		-3.7132 		14.2188
v 36.1758 		-3.8773 		14.2175
v 36.1784 		-3.2887 		14.218
v 36.1854 		-3.5418 		14.2193
v 36.1221 		-2.8132 		14.2074
v 36.1573 		-3.0458 		14.214
v 36.0095 		-2.3785 		14.1864
v 36.0729 		-2.5907 		14.1982
v 35.8444 		-1.987 		14.1555
v 35.9321 		-2.1764 		14.1719
v 35.6355 		-1.6398 		14.1164
v 35.7455 		-1.8081 		14.137
v 35.3822 		-1.3349 		14.0691
v 35.5144 		-1.4821 		14.0938
v 35.0851 		-1.0723 		14.0135
v 35.2389 		-1.1983 		14.0423
v 34.7473 		-0.8521 		13.9503
v 34.9212 		-0.9569 		13.9829
v 34.3696 		-0.6741 		13.8797
v 34.5635 		-0.7578 		13.9159
v 33.9554 		-0.5408 		13.8022
v 34.1658 		-0.601 		13.8416
v 33.5125 		-0.4533 		13.7194
v 33.7377 		-0.4916 		13.7615
v 33.04 		-0.4095 		13.631
v 33.28 		-0.4259 		13.6759
v 32.541 		-0.4094 		13.5377
v 32.7926 		-0.4041 		13.5848
v 32.0611 		-0.4517 		13.448
v 32.2972 		-0.4252 		13.4921
v 31.6123 		-0.5363 		13.364
v 31.8328 		-0.4887 		13.4053
v 31.1957 		-0.6655 		13.2861
v 31.3995 		-0.5944 		13.3242
v 30.818 		-0.8406 		13.2155
v 31.0018 		-0.7476 		13.2498
v 30.4802 		-1.0594 		13.1523
v 30.6441 		-0.9445 		13.1829
v 30.1831 		-1.322 		13.0967
v 30.3264 		-1.1852 		13.1235
v 29.9298 		-1.6283 		13.0494
v 30.0509 		-1.4697 		13.072
v 29.7209 		-1.9784 		13.0103
v 29.8198 		-1.7979 		13.0288
v 29.5598 		-2.3725 		12.9802
v 29.6332 		-2.1699 		12.9939
v 29.4532 		-2.8115 		12.9602
v 29.4998 		-2.5863 		12.9689
v 29.3999 		-3.2958 		12.9502
v 29.4199 		-3.048 		12.954
v 29.3963 		-3.7426 		12.9496
v 29.3932 		-3.5549 		12.949
v 29.4215 		-4.0883 		12.9543
v 29.4058 		-3.9204 		12.9514
v 29.4719 		-4.3946 		12.9637
v 29.4436 		-4.2464 		12.9584
v 29.5482 		-4.6601 		12.978
v 29.5065 		-4.533 		12.9702
v 29.6415 		-4.8892 		12.9954
v 29.5932 		-4.7788 		12.9864
v 29.7481 		-5.0846 		13.0154
v 29.6931 		-4.9911 		13.0051
v 29.8674 		-5.2449 		13.0377
v 29.8065 		-5.1698 		13.0263
v 29.9948 		-5.3733 		13.0615
v 29.9301 		-5.3127 		13.0494
v 30.1296 		-5.4725 		13.0867
v 30.0612 		-5.4265 		13.0739
v 30.2723 		-5.5432 		13.1134
v 30.1997 		-5.5111 		13.0998
v 30.413 		-5.5899 		13.1397
v 30.3434 		-5.5695 		13.1267
v 30.5478 		-5.6132 		13.1649
v 30.4812 		-5.6045 		13.1525
v 30.6526 		-5.6149 		13.1845
v 30.613 		-5.6162 		13.1771
v 30.7296 		-5.6047 		13.1989
v 30.6915 		-5.611 		13.1918
v 30.8037 		-5.5842 		13.2128
v 30.767 		-5.5957 		13.2059
v 30.9092 		-5.5403 		13.2325
v 30.8759 		-5.5562 		13.2263
v 30.8396 		-5.5702 		13.2195
v 30.967 		-5.5031 		13.2433
v 30.9396 		-5.5226 		13.2382
v 31.0129 		-5.4586 		13.2519
v 30.9915 		-5.4818 		13.2479
v 34.4539 		-4.4812 		13.8954
v 34.5307 		-4.474 		13.9098
v 30.9616 		-5.4183 		13.2423
v 34.6072 		-4.4637 		13.9241
v 30.91 		-5.3762 		13.2327
v 34.6833 		-4.4506 		13.9384
v 30.858 		-5.3322 		13.2229
v 34.759 		-4.4346 		13.9525
v 30.8056 		-5.2865 		13.2131
v 34.8334 		-4.4172 		13.9664
v 30.7528 		-5.2389 		13.2033
v 34.9056 		-4.3959 		13.9799
v 30.6996 		-5.1895 		13.1933
v 30.6473 		-5.1357 		13.1835
v 34.9756 		-4.3706 		13.993
v 35.0434 		-4.3412 		14.0057
v 30.5967 		-5.0793 		13.1741
v 35.1089 		-4.3078 		14.018
v 30.548 		-5.0204 		13.165
v 35.1723 		-4.2705 		14.0298
v 30.5012 		-4.959 		13.1562
v 35.2324 		-4.2289 		14.0411
v 30.4562 		-4.895 		13.1478
v 35.2885 		-4.1829 		14.0516
v 30.413 		-4.8284 		13.1397
v 35.3406 		-4.1326 		14.0613
v 30.3721 		-4.759 		13.1321
v 35.3885 		-4.0779 		14.0703
v 30.3338 		-4.6862 		13.1249
v 35.4324 		-4.0188 		14.0785
v 30.298 		-4.6102 		13.1182
v 35.4722 		-3.9554 		14.0859
v 30.2649 		-4.5308 		13.112
v 35.5089 		-3.8894 		14.0928
v 30.2344 		-4.4482 		13.1063
v 35.5389 		-3.8183 		14.0984
v 30.2064 		-4.3624 		13.1011
v 35.5622 		-3.742 		14.1027
v 30.184 		-4.2748 		13.0969
v 35.5789 		-3.6607 		14.1058
v 30.1657 		-4.1829 		13.0935
v 35.5889 		-3.5743 		14.1077
v 30.1514 		-4.0867 		13.0908
v 35.5922 		-3.4827 		14.1083
v 30.1412 		-3.986 		13.0889
v 35.587 		-3.342 		14.1074
v 30.1351 		-3.881 		13.0878
v 30.1331 		-3.7716 		13.0874
v 35.5715 		-3.2085 		14.1045
v 30.1375 		-3.6055 		13.0882
v 35.5455 		-3.0823 		14.0996
v 30.1508 		-3.4485 		13.0907
v 35.5092 		-2.9634 		14.0928
v 30.1731 		-3.3006 		13.0949
v 35.4626 		-2.8518 		14.0841
v 30.2042 		-3.1618 		13.1007
v 35.4056 		-2.7475 		14.0734
v 35.3385 		-2.6522 		14.0609
v 30.2442 		-3.0322 		13.1081
v 35.2619 		-2.563 		14.0466
v 30.293 		-2.9116 		13.1173
v 35.1756 		-2.48 		14.0304
v 30.3532 		-2.7993 		13.1285
v 30.4227 		-2.6943 		13.1415
v 35.0797 		-2.4033 		14.0125
v 30.5013 		-2.5966 		13.1562
v 34.9741 		-2.3327 		13.9928
v 30.5893 		-2.5061 		13.1727
v 34.859 		-2.2683 		13.9712
v 30.6865 		-2.423 		13.1909
v 34.7366 		-2.212 		13.9483
v 30.793 		-2.3471 		13.2108
v 34.6049 		-2.1611 		13.9237
v 30.9087 		-2.2762 		13.2324
v 34.464 		-2.1157 		13.8974
v 31.0337 		-2.2122 		13.2558
v 34.3139 		-2.0758 		13.8693
v 34.1545 		-2.0413 		13.8395
v 31.1679 		-2.1551 		13.2809
v 33.9858 		-2.0123 		13.8079
v 31.3114 		-2.105 		13.3077
v 33.8064 		-1.9883 		13.7744
v 31.4642 		-2.0617 		13.3363
v 33.6192 		-1.9686 		13.7393
v 31.6262 		-2.0255 		13.3666
v 33.4242 		-1.9532 		13.7029
v 31.7974 		-1.9974 		13.3986
v 33.2215 		-1.9423 		13.665
v 31.978 		-1.9744 		13.4324
v 33.0109 		-1.9357 		13.6256
v 32.1677 		-1.9565 		13.4679
v 32.7926 		-1.9336 		13.5848
v 32.3668 		-1.9438 		13.5051
v 32.5751 		-1.9361 		13.5441
v 34.2585 		-4.4856 		14.513
v 34.1809 		-4.4871 		14.4985
v 34.1827 		-4.5772 		14.4988
v 34.1883 		-4.6636 		14.4999
v 34.1975 		-4.7464 		14.5016
v 34.2105 		-4.8255 		14.504
v 34.2272 		-4.901 		14.5071
v 34.2475 		-4.9728 		14.5109
v 34.2688 		-5.043 		14.5149
v 34.2927 		-5.1092 		14.5194
v 34.3192 		-5.1714 		14.5243
v 34.3483 		-5.2296 		14.5298
v 34.3799 		-5.2837 		14.5357
v 34.4142 		-5.3339 		14.5421
v 34.4508 		-5.38 		14.549
v 34.4897 		-5.4221 		14.5562
v 34.5308 		-5.4602 		14.5639
v 34.5741 		-5.4943 		14.572
v 34.6197 		-5.5244 		14.5805
v 34.6675 		-5.5505 		14.5895
v 34.7171 		-5.5726 		14.5988
v 34.7682 		-5.5906 		14.6083
v 34.8208 		-5.6047 		14.6181
v 34.8748 		-5.6147 		14.6283
v 34.9304 		-5.6207 		14.6386
v 34.9874 		-5.6227 		14.6493
v 35.0622 		-5.6191 		14.6633
v 35.1355 		-5.6081 		14.677
v 35.2074 		-5.5899 		14.6905
v 35.2777 		-5.5644 		14.7036
v 35.3466 		-5.5315 		14.7165
v 35.414 		-5.4914 		14.7291
v 35.4771 		-5.446 		14.7409
v 35.5377 		-5.393 		14.7522
v 35.5956 		-5.3322 		14.7631
v 35.651 		-5.2639 		14.7734
v 35.7038 		-5.1878 		14.7833
v 35.754 		-5.1041 		14.7927
v 35.7991 		-5.0151 		14.8011
v 35.8413 		-4.9189 		14.809
v 35.8806 		-4.8153 		14.8164
v 35.9169 		-4.7044 		14.8231
v 35.9502 		-4.5863 		14.8294
v 35.9806 		-4.4608 		14.8351
v 36.0071 		-4.3259 		14.84
v 36.0287 		-4.1837 		14.8441
v 36.0456 		-4.0341 		14.8472
v 36.0576 		-3.8773 		14.8495
v 36.0648 		-3.7132 		14.8508
v 36.0672 		-3.5418 		14.8513
v 36.0602 		-3.2887 		14.8499
v 36.0391 		-3.0458 		14.846
v 36.0039 		-2.8132 		14.8394
v 35.9547 		-2.5907 		14.8302
v 35.8913 		-2.3785 		14.8184
v 35.8139 		-2.1764 		14.8039
v 35.7262 		-1.987 		14.7875
v 35.6273 		-1.8081 		14.769
v 35.5173 		-1.6398 		14.7484
v 35.3962 		-1.4821 		14.7258
v 35.264 		-1.3349 		14.701
v 35.1207 		-1.1983 		14.6742
v 34.9669 		-1.0723 		14.6455
v 34.803 		-0.9569 		14.6148
v 34.6291 		-0.8521 		14.5823
v 34.4453 		-0.7578 		14.5479
v 34.2514 		-0.6741 		14.5117
v 34.0476 		-0.601 		14.4735
v 33.8372 		-0.5408 		14.4342
v 33.6195 		-0.4916 		14.3935
v 33.3943 		-0.4533 		14.3514
v 33.1618 		-0.4259 		14.3079
v 32.9218 		-0.4095 		14.263
v 32.6745 		-0.4041 		14.2167
v 32.4228 		-0.4094 		14.1697
v 32.179 		-0.4252 		14.1241
v 31.9429 		-0.4517 		14.0799
v 31.7146 		-0.4887 		14.0372
v 31.4941 		-0.5363 		13.996
v 31.2813 		-0.5944 		13.9562
v 31.0775 		-0.6655 		13.9181
v 30.8836 		-0.7476 		13.8818
v 30.6998 		-0.8406 		13.8474
v 30.5259 		-0.9445 		13.8149
v 30.362 		-1.0594 		13.7843
v 30.2082 		-1.1852 		13.7555
v 30.0649 		-1.322 		13.7287
v 29.9327 		-1.4697 		13.704
v 29.8116 		-1.6283 		13.6813
v 29.7016 		-1.7979 		13.6608
v 29.6027 		-1.9784 		13.6423
v 29.515 		-2.1699 		13.6258
v 29.4416 		-2.3725 		13.6121
v 29.3817 		-2.5863 		13.6009
v 29.335 		-2.8115 		13.5922
v 29.3017 		-3.048 		13.586
v 29.2817 		-3.2958 		13.5822
v 29.275 		-3.5549 		13.581
v 29.2781 		-3.7426 		13.5816
v 29.2876 		-3.9204 		13.5833
v 29.3033 		-4.0883 		13.5863
v 29.3254 		-4.2464 		13.5904
v 29.3537 		-4.3946 		13.5957
v 29.3883 		-4.533 		13.6022
v 29.43 		-4.6601 		13.61
v 29.475 		-4.7788 		13.6184
v 29.5233 		-4.8892 		13.6274
v 29.575 		-4.9911 		13.6371
v 29.6299 		-5.0846 		13.6474
v 29.6883 		-5.1698 		13.6583
v 29.7492 		-5.2449 		13.6697
v 29.812 		-5.3127 		13.6814
v 29.8766 		-5.3733 		13.6935
v 29.943 		-5.4265 		13.7059
v 30.0114 		-5.4725 		13.7187
v 30.0815 		-5.5111 		13.7318
v 30.1541 		-5.5432 		13.7454
v 30.2252 		-5.5695 		13.7587
v 30.2948 		-5.5899 		13.7717
v 30.363 		-5.6045 		13.7844
v 30.4296 		-5.6132 		13.7969
v 30.4948 		-5.6162 		13.8091
v 30.5344 		-5.6149 		13.8165
v 30.5733 		-5.611 		13.8238
v 30.6115 		-5.6047 		13.8309
v 30.6489 		-5.5957 		13.8379
v 30.6855 		-5.5842 		13.8448
v 30.7214 		-5.5702 		13.8515
v 30.7577 		-5.5562 		13.8583
v 30.7911 		-5.5403 		13.8645
v 30.8214 		-5.5226 		13.8702
v 30.8488 		-5.5031 		13.8753
v 30.8733 		-5.4818 		13.8799
v 30.8947 		-5.4586 		13.8839
v 34.3357 		-4.4812 		14.5274
v 34.4125 		-4.474 		14.5418
v 30.8435 		-5.4183 		13.8743
v 34.489 		-4.4637 		14.5561
v 30.7918 		-5.3762 		13.8646
v 34.5651 		-4.4506 		14.5703
v 30.7398 		-5.3322 		13.8549
v 34.6408 		-4.4346 		14.5845
v 30.6874 		-5.2865 		13.8451
v 34.7152 		-4.4172 		14.5984
v 30.6346 		-5.2389 		13.8352
v 34.7874 		-4.3959 		14.6119
v 30.5815 		-5.1895 		13.8253
v 30.5291 		-5.1357 		13.8155
v 34.8574 		-4.3706 		14.625
v 34.9252 		-4.3412 		14.6377
v 30.4785 		-5.0793 		13.8061
v 34.9907 		-4.3078 		14.6499
v 30.4298 		-5.0204 		13.7969
v 35.0541 		-4.2705 		14.6618
v 30.383 		-4.959 		13.7882
v 35.1142 		-4.2289 		14.673
v 30.338 		-4.895 		13.7798
v 35.1703 		-4.1829 		14.6835
v 30.2948 		-4.8284 		13.7717
v 35.2224 		-4.1326 		14.6933
v 30.2539 		-4.759 		13.764
v 35.2703 		-4.0779 		14.7022
v 30.2156 		-4.6862 		13.7569
v 35.3142 		-4.0188 		14.7104
v 30.1799 		-4.6102 		13.7502
v 35.354 		-3.9554 		14.7179
v 30.1467 		-4.5308 		13.744
v 35.3907 		-3.8894 		14.7247
v 30.1162 		-4.4482 		13.7383
v 35.4207 		-3.8183 		14.7303
v 30.0882 		-4.3624 		13.7331
v 35.444 		-3.742 		14.7347
v 30.0658 		-4.2748 		13.7289
v 35.4607 		-3.6607 		14.7378
v 30.0475 		-4.1829 		13.7254
v 35.4707 		-3.5743 		14.7397
v 30.0332 		-4.0867 		13.7228
v 35.474 		-3.4827 		14.7403
v 30.023 		-3.986 		13.7209
v 35.4688 		-3.342 		14.7393
v 30.0169 		-3.881 		13.7197
v 30.0149 		-3.7716 		13.7193
v 35.4533 		-3.2085 		14.7364
v 30.0193 		-3.6055 		13.7202
v 35.4273 		-3.0823 		14.7316
v 30.0327 		-3.4485 		13.7227
v 35.3911 		-2.9634 		14.7248
v 30.0549 		-3.3006 		13.7268
v 35.3444 		-2.8518 		14.7161
v 30.086 		-3.1618 		13.7326
v 35.2874 		-2.7475 		14.7054
v 35.2203 		-2.6522 		14.6929
v 30.126 		-3.0322 		13.7401
v 35.1437 		-2.563 		14.6785
v 30.1749 		-2.9116 		13.7493
v 35.0574 		-2.48 		14.6624
v 30.235 		-2.7993 		13.7605
v 30.3045 		-2.6943 		13.7735
v 34.9615 		-2.4033 		14.6445
v 30.3832 		-2.5966 		13.7882
v 34.856 		-2.3327 		14.6247
v 30.4711 		-2.5061 		13.8047
v 34.7408 		-2.2683 		14.6032
v 30.5683 		-2.423 		13.8228
v 34.6184 		-2.212 		14.5803
v 30.6748 		-2.3471 		13.8428
v 34.4868 		-2.1611 		14.5557
v 30.7905 		-2.2762 		13.8644
v 34.3458 		-2.1157 		14.5293
v 30.9155 		-2.2122 		13.8878
v 34.1957 		-2.0758 		14.5012
v 34.0363 		-2.0413 		14.4714
v 31.0497 		-2.1551 		13.9129
v 33.8676 		-2.0123 		14.4399
v 31.1932 		-2.105 		13.9397
v 33.6882 		-1.9883 		14.4063
v 31.346 		-2.0617 		13.9683
v 33.501 		-1.9686 		14.3713
v 31.508 		-2.0255 		13.9986
v 33.306 		-1.9532 		14.3349
v 31.6792 		-1.9974 		14.0306
v 33.1033 		-1.9423 		14.2969
v 31.8598 		-1.9744 		14.0644
v 32.8928 		-1.9357 		14.2576
v 32.0496 		-1.9565 		14.0999
v 32.6745 		-1.9336 		14.2167
v 32.2486 		-1.9438 		14.1371
v 32.4569 		-1.9361 		14.1761
v 29.4865 		-11.616 		12.9665
v 29.4865 		-6.2463 		12.9665
v 29.9798 		-6.2463 		13.0587
v 31.5528 		-11.1433 		13.3529
v 31.5528 		-11.616 		13.3529
v 36.0921 		-9.3972 		14.2018
v 35.6055 		-9.3972 		14.1108
v 35.6055 		-9.0099 		14.1108
v 35.6055 		-6.2463 		14.1108
v 36.0921 		-6.2463 		14.2018
v 35.5711 		-6.8451 		14.1044
v 35.5789 		-6.8174 		14.1058
v 35.587 		-6.7884 		14.1074
v 29.9798 		-6.6271 		13.0587
v 30.853 		-10.9923 		13.222
v 35.6048 		-8.9793 		14.1107
v 35.6055 		-6.6271 		14.1108
v 29.9803 		-6.6615 		13.0588
v 30.7271 		-10.9634 		13.1985
v 35.6026 		-8.9486 		14.1103
v 35.6048 		-6.6615 		14.1107
v 29.982 		-6.6949 		13.0591
v 30.6115 		-10.9289 		13.1769
v 35.5989 		-8.918 		14.1096
v 35.6026 		-6.6949 		14.1103
v 29.9848 		-6.7272 		13.0596
v 30.5063 		-10.889 		13.1572
v 35.5937 		-8.8874 		14.1086
v 35.5989 		-6.7272 		14.1096
v 29.9887 		-6.7583 		13.0604
v 30.4115 		-10.8436 		13.1395
v 35.587 		-8.8567 		14.1074
v 35.5937 		-6.7583 		14.1086
v 29.9937 		-6.7884 		13.0613
v 30.3271 		-10.7927 		13.1237
v 35.5789 		-8.8261 		14.1058
v 29.9998 		-6.8174 		13.0624
v 30.2531 		-10.7363 		13.1098
v 35.5713 		-8.7984 		14.1044
v 30.0075 		-6.8451 		13.0639
v 30.192 		-10.6732 		13.0984
v 35.5618 		-8.7721 		14.1027
v 35.5611 		-6.8714 		14.1025
v 30.0175 		-6.8714 		13.0658
v 30.142 		-10.6021 		13.089
v 35.5505 		-8.7473 		14.1006
v 35.5489 		-6.8962 		14.1002
v 30.0298 		-6.8962 		13.068
v 30.1031 		-10.523 		13.0818
v 35.5374 		-8.724 		14.0981
v 35.5344 		-6.9195 		14.0975
v 30.0442 		-6.9195 		13.0708
v 30.0753 		-10.4358 		13.0766
v 35.5224 		-8.7021 		14.0953
v 35.5178 		-6.9414 		14.0944
v 30.0609 		-6.9414 		13.0739
v 30.0586 		-10.3407 		13.0735
v 30.0798 		-6.9618 		13.0774
v 30.0531 		-10.2374 		13.0724
v 35.5055 		-8.6817 		14.0921
v 30.1033 		-6.9828 		13.0818
v 30.0531 		-8.5438 		13.0724
v 35.4841 		-8.6605 		14.0881
v 30.1294 		-7.002 		13.0867
v 35.4596 		-8.6409 		14.0835
v 30.1581 		-7.0193 		13.092
v 35.4322 		-8.6226 		14.0784
v 30.1894 		-7.0348 		13.0979
v 35.4019 		-8.6058 		14.0727
v 30.2232 		-7.0485 		13.1042
v 35.3685 		-8.5905 		14.0665
v 30.2597 		-7.0603 		13.1111
v 35.3322 		-8.5767 		14.0597
v 30.3019 		-7.0723 		13.119
v 35.2945 		-8.5666 		14.0527
v 35.2522 		-8.5584 		14.0448
v 30.3486 		-7.0822 		13.1277
v 35.2056 		-8.5521 		14.036
v 30.3997 		-7.0898 		13.1372
v 35.1545 		-8.5475 		14.0265
v 30.4552 		-7.0953 		13.1476
v 35.0989 		-8.5448 		14.0161
v 30.5152 		-7.0986 		13.1588
v 35.0389 		-8.5438 		14.0049
v 30.5797 		-7.0997 		13.1709
v 35.4989 		-6.9618 		14.0909
v 34.999 		-7.0997 		13.9974
v 35.4754 		-6.9828 		14.0865
v 35.0634 		-7.0986 		14.0094
v 35.4493 		-7.002 		14.0816
v 35.1234 		-7.0953 		14.0207
v 35.4206 		-7.0193 		14.0762
v 35.1789 		-7.0898 		14.0311
v 35.3893 		-7.0348 		14.0704
v 35.23 		-7.0822 		14.0406
v 35.3554 		-7.0485 		14.0641
v 35.2767 		-7.0723 		14.0493
v 35.3189 		-7.0603 		14.0572
v 29.8616 		-6.2463 		13.6907
v 29.3683 		-6.2463 		13.5984
v 29.3683 		-11.616 		13.5984
v 31.4347 		-11.616 		13.9849
v 31.4347 		-11.1433 		13.9849
v 35.4873 		-9.0099 		14.7428
v 35.4873 		-9.3972 		14.7428
v 35.9739 		-9.3972 		14.8338
v 35.9739 		-6.2463 		14.8338
v 35.4873 		-6.2463 		14.7428
v 35.4688 		-6.7884 		14.7393
v 35.4607 		-6.8174 		14.7378
v 35.4529 		-6.8451 		14.7364
v 29.8616 		-6.6271 		13.6907
v 30.7348 		-10.9923 		13.854
v 35.4866 		-8.9793 		14.7427
v 35.4873 		-6.6271 		14.7428
v 29.8621 		-6.6615 		13.6908
v 30.6089 		-10.9634 		13.8304
v 35.4844 		-8.9486 		14.7423
v 35.4866 		-6.6615 		14.7427
v 29.8638 		-6.6949 		13.6911
v 30.4933 		-10.9289 		13.8088
v 35.4807 		-8.918 		14.7416
v 35.4844 		-6.6949 		14.7423
v 29.8666 		-6.7272 		13.6916
v 30.3882 		-10.889 		13.7892
v 35.4755 		-8.8874 		14.7406
v 35.4807 		-6.7272 		14.7416
v 29.8705 		-6.7583 		13.6923
v 30.2934 		-10.8436 		13.7714
v 35.4688 		-8.8567 		14.7393
v 35.4755 		-6.7583 		14.7406
v 29.8755 		-6.7884 		13.6933
v 30.2089 		-10.7927 		13.7556
v 35.4607 		-8.8261 		14.7378
v 29.8816 		-6.8174 		13.6944
v 30.1349 		-10.7363 		13.7418
v 35.4531 		-8.7984 		14.7364
v 29.8893 		-6.8451 		13.6959
v 30.0738 		-10.6732 		13.7304
v 35.4436 		-8.7721 		14.7346
v 35.4429 		-6.8714 		14.7345
v 29.8993 		-6.8714 		13.6977
v 30.0238 		-10.6021 		13.721
v 35.4323 		-8.7473 		14.7325
v 35.4307 		-6.8962 		14.7322
v 29.9116 		-6.8962 		13.7
v 29.9849 		-10.523 		13.7137
v 35.4192 		-8.724 		14.7301
v 35.4162 		-6.9195 		14.7295
v 29.926 		-6.9195 		13.7027
v 29.9571 		-10.4358 		13.7085
v 35.4042 		-8.7021 		14.7273
v 35.3996 		-6.9414 		14.7264
v 29.9427 		-6.9414 		13.7058
v 29.9405 		-10.3407 		13.7054
v 29.9616 		-6.9618 		13.7094
v 29.9349 		-10.2374 		13.7044
v 35.3873 		-8.6817 		14.7241
v 29.9851 		-6.9828 		13.7138
v 29.9349 		-8.5438 		13.7044
v 35.3659 		-8.6605 		14.7201
v 30.0112 		-7.002 		13.7187
v 35.3414 		-8.6409 		14.7155
v 30.0399 		-7.0193 		13.724
v 35.314 		-8.6226 		14.7104
v 30.0712 		-7.0348 		13.7299
v 35.2837 		-8.6058 		14.7047
v 30.1051 		-7.0485 		13.7362
v 35.2503 		-8.5905 		14.6985
v 30.1415 		-7.0603 		13.743
v 35.214 		-8.5767 		14.6917
v 30.1837 		-7.0723 		13.7509
v 35.1763 		-8.5666 		14.6846
v 35.1341 		-8.5584 		14.6767
v 30.2304 		-7.0822 		13.7597
v 35.0874 		-8.5521 		14.668
v 30.2815 		-7.0898 		13.7692
v 35.0363 		-8.5475 		14.6585
v 30.3371 		-7.0953 		13.7796
v 34.9807 		-8.5448 		14.6481
v 30.397 		-7.0986 		13.7908
v 34.9208 		-8.5438 		14.6368
v 30.4615 		-7.0997 		13.8029
v 35.3807 		-6.9618 		14.7229
v 34.8808 		-7.0997 		14.6294
v 35.3572 		-6.9828 		14.7185
v 34.9452 		-7.0986 		14.6414
v 35.3311 		-7.002 		14.7136
v 35.0052 		-7.0953 		14.6526
v 35.3024 		-7.0193 		14.7082
v 35.0607 		-7.0898 		14.663
v 35.2711 		-7.0348 		14.7024
v 35.1118 		-7.0822 		14.6726
v 35.2372 		-7.0485 		14.696
v 35.1585 		-7.0723 		14.6813
v 35.2007 		-7.0603 		14.6892
v 29.4865 		-15.804 		12.9665
v 29.9798 		-15.804 		13.0587
v 29.9798 		-16.1585 		13.0587
v 29.9798 		-18.8105 		13.0587
v 29.4865 		-18.8105 		12.9665
v 36.0921 		-14.7997 		14.2018
v 36.0921 		-16.0469 		14.2018
v 30.6397 		-17.9506 		13.1821
v 32.2261 		-14.1235 		13.4788
v 30.6463 		-12.8238 		13.1834
v 33.8397 		-14.6795 		13.7806
v 33.7858 		-14.6618 		13.7705
v 33.9508 		-14.716 		13.8014
v 33.8947 		-14.6976 		13.7909
v 34.0663 		-14.7539 		13.823
v 34.008 		-14.7348 		13.8121
v 34.242 		-14.8164 		13.8558
v 34.1837 		-14.7951 		13.8449
v 34.1258 		-14.7734 		13.8341
v 34.3598 		-14.858 		13.8779
v 34.3007 		-14.8374 		13.8668
v 34.479 		-14.8981 		13.9002
v 34.4192 		-14.8783 		13.889
v 34.5938 		-14.9368 		13.9216
v 34.5366 		-14.9176 		13.9109
v 34.7071 		-14.974 		13.9428
v 34.6507 		-14.9556 		13.9323
v 34.819 		-15.0097 		13.9637
v 34.7633 		-14.992 		13.9533
v 34.9271 		-15.0433 		13.984
v 34.8738 		-15.0269 		13.974
v 35.0293 		-15.0739 		14.0031
v 34.979 		-15.059 		13.9937
v 35.1256 		-15.1016 		14.0211
v 35.0782 		-15.0881 		14.0122
v 35.0167 		-15.1286 		14.0007
v 35.0717 		-15.1149 		14.011
v 34.9034 		-15.1571 		13.9795
v 34.9606 		-15.1427 		13.9902
v 34.7857 		-15.187 		13.9575
v 34.8451 		-15.1718 		13.9686
v 34.6657 		-15.2183 		13.9351
v 34.7257 		-15.2025 		13.9463
v 34.5457 		-15.2511 		13.9126
v 34.6057 		-15.2346 		13.9238
v 34.4257 		-15.2854 		13.8902
v 34.4857 		-15.2681 		13.9014
v 34.3065 		-15.3168 		13.8679
v 34.3659 		-15.3009 		13.879
v 34.1887 		-15.3496 		13.8459
v 34.2474 		-15.333 		13.8568
v 34.0724 		-15.3839 		13.8241
v 34.1304 		-15.3666 		13.835
v 32.2261 		-15.9681 		13.4788
v 33.7392 		-15.4824 		13.7618
v 33.7929 		-15.4669 		13.7718
v 30.5797 		-12.7975 		13.1709
v 29.4865 		-11.9836 		12.9665
v 29.9798 		-11.9836 		13.0587
v 29.9798 		-12.0886 		13.0587
v 29.9798 		-14.3599 		13.0587
v 29.4865 		-14.3599 		12.9665
v 30.0805 		-13.6711 		13.0775
v 30.0664 		-13.6903 		13.0749
v 30.0516 		-13.7085 		13.0721
v 30.6476 		-13.6095 		13.1836
v 30.5997 		-13.5984 		13.1746
v 30.5497 		-13.5864 		13.1653
v 31.6595 		-13.9332 		13.3728
v 30.8596 		-13.6706 		13.2233
v 30.8209 		-13.6577 		13.216
v 29.9803 		-16.1806 		13.0588
v 29.9798 		-18.6398 		13.0587
v 30.5771 		-17.9746 		13.1704
v 34.015 		-15.4012 		13.8134
v 33.8473 		-15.451 		13.782
v 30.5175 		-12.7713 		13.1593
v 29.9805 		-12.1294 		13.0588
v 29.9798 		-13.9726 		13.0587
v 29.982 		-16.203 		13.0591
v 29.9805 		-18.605 		13.0588
v 30.5182 		-17.9987 		13.1594
v 33.9025 		-15.4348 		13.7923
v 30.4597 		-12.745 		13.1485
v 29.9827 		-12.1688 		13.0593
v 29.9803 		-13.9465 		13.0588
v 29.9848 		-16.2258 		13.0596
v 29.9827 		-18.5705 		13.0593
v 30.463 		-18.0228 		13.1491
v 33.9584 		-15.4182 		13.8028
v 30.4064 		-12.7188 		13.1385
v 29.9864 		-12.2068 		13.0599
v 29.982 		-13.9208 		13.0591
v 29.9887 		-16.2489 		13.0604
v 29.9864 		-18.5364 		13.0599
v 30.4115 		-18.0468 		13.1395
v 30.3575 		-12.6925 		13.1293
v 29.9916 		-12.2432 		13.0609
v 29.9848 		-13.8954 		13.0596
v 29.9937 		-16.2725 		13.0613
v 29.9916 		-18.5027 		13.0609
v 30.3638 		-18.0709 		13.1305
v 30.313 		-12.6663 		13.121
v 29.9983 		-12.2782 		13.0622
v 29.9887 		-13.8704 		13.0604
v 29.9998 		-16.2963 		13.0624
v 29.9983 		-18.4693 		13.0622
v 30.3197 		-18.095 		13.1223
v 30.2703 		-12.6398 		13.113
v 30.0064 		-12.3118 		13.0637
v 29.9937 		-13.8458 		13.0613
v 30.007 		-16.3199 		13.0638
v 30.0064 		-18.4363 		13.0637
v 30.2308 		-12.613 		13.1057
v 30.0166 		-12.3444 		13.0656
v 29.9998 		-13.8216 		13.0624
v 30.0153 		-16.3423 		13.0653
v 30.0186 		-18.4039 		13.066
v 30.2769 		-18.1194 		13.1143
v 30.1947 		-12.5858 		13.0989
v 30.0294 		-12.3767 		13.068
v 30.0072 		-13.7961 		13.0638
v 30.0248 		-16.3636 		13.0671
v 30.0331 		-18.3721 		13.0687
v 30.0448 		-12.4086 		13.0709
v 30.0161 		-13.772 		13.0655
v 30.0353 		-16.3839 		13.0691
v 30.0498 		-18.3411 		13.0718
v 30.2375 		-18.1446 		13.1069
v 30.0627 		-12.4402 		13.0742
v 30.0264 		-13.7494 		13.0674
v 30.047 		-16.403 		13.0713
v 30.0686 		-18.3109 		13.0753
v 30.2014 		-18.1705 		13.1001
v 30.0833 		-12.4713 		13.0781
v 30.0383 		-13.7282 		13.0696
v 30.0598 		-16.4211 		13.0737
v 30.0897 		-18.2813 		13.0793
v 30.1686 		-18.1971 		13.094
v 30.1064 		-12.5021 		13.0824
v 30.074 		-16.44 		13.0763
v 30.1131 		-18.2525 		13.0836
v 30.1392 		-18.2244 		13.0885
v 30.1325 		-12.5304 		13.0873
v 30.0901 		-16.4575 		13.0793
v 30.162 		-12.5583 		13.0928
v 30.096 		-13.6531 		13.0804
v 30.1081 		-16.4736 		13.0827
v 30.1279 		-16.4882 		13.0864
v 30.1131 		-13.6361 		13.0836
v 30.1496 		-16.5013 		13.0905
v 30.1316 		-13.6203 		13.0871
v 30.1731 		-16.513 		13.0949
v 30.1516 		-13.6055 		13.0908
v 30.196 		-16.523 		13.0991
v 30.1731 		-13.5918 		13.0949
v 30.2205 		-16.5312 		13.1037
v 30.196 		-13.5818 		13.0991
v 30.2464 		-16.5376 		13.1086
v 30.2205 		-13.5736 		13.1037
v 30.2738 		-16.5421 		13.1137
v 30.2464 		-13.5672 		13.1086
v 30.3027 		-16.5449 		13.1191
v 30.2738 		-13.5627 		13.1137
v 30.333 		-16.5458 		13.1248
v 30.3027 		-13.5599 		13.1191
v 30.3706 		-16.5451 		13.1318
v 30.333 		-13.559 		13.1248
v 30.4078 		-16.5429 		13.1388
v 30.3719 		-13.5601 		13.132
v 30.4447 		-16.5392 		13.1457
v 30.413 		-13.5634 		13.1397
v 30.4812 		-16.5341 		13.1525
v 30.4564 		-13.5689 		13.1478
v 30.5173 		-16.5275 		13.1592
v 30.5019 		-13.5765 		13.1564
v 30.553 		-16.5195 		13.1659
v 30.5858 		-16.5108 		13.172
v 30.6174 		-16.502 		13.178
v 30.6937 		-13.621 		13.1922
v 30.648 		-16.4933 		13.1837
v 30.738 		-13.6329 		13.2005
v 30.6774 		-16.4845 		13.1892
v 30.7804 		-13.6451 		13.2084
v 30.7058 		-16.4758 		13.1945
v 30.733 		-16.467 		13.1996
v 31.6595 		-16.1454 		13.3728
v 29.8616 		-16.1585 		13.6907
v 29.8616 		-15.804 		13.6907
v 29.3683 		-15.804 		13.5984
v 29.3683 		-18.8105 		13.5984
v 29.8616 		-18.8105 		13.6907
v 30.5215 		-17.9506 		13.8141
v 35.9739 		-16.0469 		14.8338
v 35.9739 		-14.7997 		14.8338
v 30.5281 		-12.8238 		13.8153
v 32.1079 		-14.1235 		14.1108
v 33.6676 		-14.6618 		14.4025
v 33.7215 		-14.6795 		14.4126
v 33.7765 		-14.6976 		14.4228
v 33.8326 		-14.716 		14.4333
v 33.8898 		-14.7348 		14.444
v 33.9481 		-14.7539 		14.4549
v 34.0076 		-14.7734 		14.4661
v 34.0655 		-14.7951 		14.4769
v 34.1238 		-14.8164 		14.4878
v 34.1825 		-14.8374 		14.4988
v 34.2416 		-14.858 		14.5098
v 34.301 		-14.8783 		14.5209
v 34.3608 		-14.8981 		14.5321
v 34.4184 		-14.9176 		14.5429
v 34.4756 		-14.9368 		14.5536
v 34.5325 		-14.9556 		14.5642
v 34.589 		-14.974 		14.5748
v 34.6451 		-14.992 		14.5853
v 34.7008 		-15.0097 		14.5957
v 34.7556 		-15.0269 		14.606
v 34.8089 		-15.0433 		14.6159
v 34.8608 		-15.059 		14.6256
v 34.9111 		-15.0739 		14.635
v 34.96 		-15.0881 		14.6442
v 35.0074 		-15.1016 		14.6531
v 34.9535 		-15.1149 		14.643
v 34.8985 		-15.1286 		14.6327
v 34.8424 		-15.1427 		14.6222
v 34.7852 		-15.1571 		14.6115
v 34.7269 		-15.1718 		14.6006
v 34.6675 		-15.187 		14.5895
v 34.6075 		-15.2025 		14.5783
v 34.5475 		-15.2183 		14.567
v 34.4875 		-15.2346 		14.5558
v 34.4275 		-15.2511 		14.5446
v 34.3675 		-15.2681 		14.5334
v 34.3075 		-15.2854 		14.5222
v 34.2477 		-15.3009 		14.511
v 34.1883 		-15.3168 		14.4999
v 34.1292 		-15.333 		14.4888
v 34.0705 		-15.3496 		14.4778
v 34.0122 		-15.3666 		14.4669
v 33.9542 		-15.3839 		14.4561
v 33.6747 		-15.4669 		14.4038
v 33.621 		-15.4824 		14.3938
v 32.1079 		-15.9681 		14.1108
v 30.4615 		-12.7975 		13.8029
v 29.8616 		-12.0886 		13.6907
v 29.8616 		-11.9836 		13.6907
v 29.3683 		-11.9836 		13.5984
v 29.3683 		-14.3599 		13.5984
v 29.8616 		-14.3599 		13.6907
v 29.9334 		-13.7085 		13.7041
v 29.9482 		-13.6903 		13.7069
v 29.9623 		-13.6711 		13.7095
v 30.4315 		-13.5864 		13.7973
v 30.4815 		-13.5984 		13.8066
v 30.5294 		-13.6095 		13.8156
v 30.7027 		-13.6577 		13.848
v 30.7414 		-13.6706 		13.8552
v 31.5413 		-13.9332 		14.0048
v 29.8621 		-16.1806 		13.6908
v 29.8616 		-18.6398 		13.6907
v 30.4589 		-17.9746 		13.8024
v 33.8968 		-15.4012 		14.4454
v 33.7291 		-15.451 		14.414
v 30.3993 		-12.7713 		13.7912
v 29.8623 		-12.1294 		13.6908
v 29.8616 		-13.9726 		13.6907
v 29.8638 		-16.203 		13.6911
v 29.8623 		-18.605 		13.6908
v 30.4 		-17.9987 		13.7914
v 33.7843 		-15.4348 		14.4243
v 30.3415 		-12.745 		13.7804
v 29.8645 		-12.1688 		13.6912
v 29.8621 		-13.9465 		13.6908
v 29.8666 		-16.2258 		13.6916
v 29.8645 		-18.5705 		13.6912
v 30.3448 		-18.0228 		13.7811
v 33.8402 		-15.4182 		14.4348
v 30.2882 		-12.7188 		13.7705
v 29.8682 		-12.2068 		13.6919
v 29.8638 		-13.9208 		13.6911
v 29.8705 		-16.2489 		13.6923
v 29.8682 		-18.5364 		13.6919
v 30.2934 		-18.0468 		13.7714
v 30.2393 		-12.6925 		13.7613
v 29.8734 		-12.2432 		13.6929
v 29.8666 		-13.8954 		13.6916
v 29.8755 		-16.2725 		13.6933
v 29.8734 		-18.5027 		13.6929
v 30.2456 		-18.0709 		13.7625
v 30.1949 		-12.6663 		13.753
v 29.8801 		-12.2782 		13.6941
v 29.8705 		-13.8704 		13.6923
v 29.8816 		-16.2963 		13.6944
v 29.8801 		-18.4693 		13.6941
v 30.2015 		-18.095 		13.7542
v 30.1521 		-12.6398 		13.745
v 29.8882 		-12.3118 		13.6957
v 29.8755 		-13.8458 		13.6933
v 29.8888 		-16.3199 		13.6958
v 29.8882 		-18.4363 		13.6957
v 30.1126 		-12.613 		13.7376
v 29.8984 		-12.3444 		13.6976
v 29.8816 		-13.8216 		13.6944
v 29.8971 		-16.3423 		13.6973
v 29.9005 		-18.4039 		13.6979
v 30.1587 		-18.1194 		13.7463
v 30.0765 		-12.5858 		13.7309
v 29.9112 		-12.3767 		13.7
v 29.889 		-13.7961 		13.6958
v 29.9066 		-16.3636 		13.6991
v 29.9149 		-18.3721 		13.7006
v 29.9266 		-12.4086 		13.7028
v 29.8979 		-13.772 		13.6975
v 29.9171 		-16.3839 		13.7011
v 29.9316 		-18.3411 		13.7038
v 30.1193 		-18.1446 		13.7389
v 29.9445 		-12.4402 		13.7062
v 29.9082 		-13.7494 		13.6994
v 29.9288 		-16.403 		13.7032
v 29.9504 		-18.3109 		13.7073
v 30.0832 		-18.1705 		13.7321
v 29.9651 		-12.4713 		13.71
v 29.9201 		-13.7282 		13.7016
v 29.9416 		-16.4211 		13.7056
v 29.9716 		-18.2813 		13.7112
v 30.0504 		-18.1971 		13.726
v 29.9882 		-12.5021 		13.7144
v 29.9558 		-16.44 		13.7083
v 29.9949 		-18.2525 		13.7156
v 30.021 		-18.2244 		13.7205
v 30.0143 		-12.5304 		13.7192
v 29.9719 		-16.4575 		13.7113
v 30.0438 		-12.5583 		13.7247
v 29.9779 		-13.6531 		13.7124
v 29.9899 		-16.4736 		13.7147
v 30.0097 		-16.4882 		13.7184
v 29.9949 		-13.6361 		13.7156
v 30.0314 		-16.5013 		13.7224
v 30.0134 		-13.6203 		13.7191
v 30.0549 		-16.513 		13.7268
v 30.0334 		-13.6055 		13.7228
v 30.0778 		-16.523 		13.7311
v 30.0549 		-13.5918 		13.7268
v 30.1023 		-16.5312 		13.7357
v 30.0778 		-13.5818 		13.7311
v 30.1282 		-16.5376 		13.7405
v 30.1023 		-13.5736 		13.7357
v 30.1556 		-16.5421 		13.7457
v 30.1282 		-13.5672 		13.7405
v 30.1845 		-16.5449 		13.7511
v 30.1556 		-13.5627 		13.7457
v 30.2149 		-16.5458 		13.7567
v 30.1845 		-13.5599 		13.7511
v 30.2524 		-16.5451 		13.7638
v 30.2149 		-13.559 		13.7567
v 30.2897 		-16.5429 		13.7707
v 30.2537 		-13.5601 		13.764
v 30.3265 		-16.5392 		13.7776
v 30.2948 		-13.5634 		13.7717
v 30.363 		-16.5341 		13.7844
v 30.3382 		-13.5689 		13.7798
v 30.3991 		-16.5275 		13.7912
v 30.3837 		-13.5765 		13.7883
v 30.4348 		-16.5195 		13.7979
v 30.4676 		-16.5108 		13.804
v 30.4992 		-16.502 		13.8099
v 30.5755 		-13.621 		13.8242
v 30.5298 		-16.4933 		13.8156
v 30.6198 		-13.6329 		13.8325
v 30.5592 		-16.4845 		13.8212
v 30.6622 		-13.6451 		13.8404
v 30.5876 		-16.4758 		13.8264
v 30.6148 		-16.467 		13.8315
v 31.5413 		-16.1454 		14.0048
v 29.3973 		-21.4003 		12.9498
v 29.3932 		-21.213 		12.949
v 29.3963 		-21.015 		12.9496
v 29.4299 		-21.7562 		12.9559
v 29.4095 		-21.5814 		12.952
v 29.495 		-22.0874 		12.968
v 29.4584 		-21.9249 		12.9612
v 29.5921 		-22.3911 		12.9862
v 29.5398 		-22.2436 		12.9764
v 29.7165 		-22.6654 		13.0095
v 29.6509 		-22.5317 		12.9972
v 29.8676 		-22.9119 		13.0377
v 29.7887 		-22.7921 		13.023
v 30.0449 		-23.1298 		13.0709
v 29.9531 		-23.0248 		13.0537
v 30.2464 		-23.3136 		13.1086
v 30.1427 		-23.2261 		13.0892
v 30.4715 		-23.4624 		13.1507
v 30.356 		-23.3924 		13.1291
v 30.7195 		-23.5778 		13.197
v 30.593 		-23.5237 		13.1734
v 30.9846 		-23.6566 		13.2466
v 30.85 		-23.6221 		13.2215
v 31.266 		-23.696 		13.2993
v 31.1233 		-23.6812 		13.2726
v 31.5245 		-23.6982 		13.3476
v 31.4129 		-23.7009 		13.3267
v 31.7378 		-23.6763 		13.3875
v 31.6328 		-23.69 		13.3679
v 31.9378 		-23.6325 		13.4249
v 31.8395 		-23.6572 		13.4065
v 32.1228 		-23.5665 		13.4595
v 32.0328 		-23.6025 		13.4427
v 32.2961 		-23.4761 		13.4919
v 32.2105 		-23.5244 		13.4759
v 32.4605 		-23.3608 		13.5226
v 32.3794 		-23.4216 		13.5075
v 32.6164 		-23.2206 		13.5518
v 32.5394 		-23.2939 		13.5374
v 32.766 		-23.0543 		13.5798
v 32.6919 		-23.1408 		13.5659
v 32.9097 		-22.8618 		13.6067
v 32.8386 		-22.9613 		13.5934
v 33.0458 		-22.6404 		13.6321
v 32.9793 		-22.7557 		13.6197
v 33.1776 		-22.388 		13.6568
v 33.1119 		-22.5179 		13.6445
v 33.3079 		-22.1065 		13.6811
v 33.2429 		-22.2509 		13.669
v 33.4362 		-21.8044 		13.7051
v 33.3726 		-21.9548 		13.6932
v 34.3407 		-22.4079 		13.8743
v 34.3391 		-22.3158 		13.874
v 34.4042 		-22.3144 		13.8862
v 34.3541 		-22.5801 		13.8768
v 34.3457 		-22.496 		13.8752
v 34.3807 		-22.7361 		13.8818
v 34.3657 		-22.6601 		13.879
v 34.4183 		-22.8764 		13.8888
v 34.3991 		-22.8082 		13.8852
v 34.4657 		-23.0018 		13.8977
v 34.4405 		-22.9409 		13.893
v 34.525 		-23.1127 		13.9087
v 34.4939 		-23.0591 		13.9029
v 34.5955 		-23.2068 		13.9219
v 34.559 		-23.1626 		13.9151
v 34.674 		-23.2841 		13.9366
v 34.6338 		-23.2472 		13.9291
v 34.7599 		-23.3468 		13.9527
v 34.716 		-23.3173 		13.9445
v 34.8529 		-23.3928 		13.9701
v 34.8057 		-23.3727 		13.9612
v 34.9506 		-23.4219 		13.9884
v 34.9012 		-23.4092 		13.9791
v 35.0528 		-23.4365 		14.0075
v 35.0012 		-23.431 		13.9978
v 35.1802 		-23.4351 		14.0313
v 35.1056 		-23.4383 		14.0173
v 35.3239 		-23.4088 		14.0582
v 35.253 		-23.4252 		14.0449
v 35.4602 		-23.3563 		14.0837
v 35.393 		-23.3858 		14.0711
v 35.5907 		-23.2795 		14.1081
v 35.5255 		-23.3202 		14.0959
v 35.7122 		-23.1774 		14.1308
v 35.6529 		-23.2319 		14.1197
v 35.8218 		-23.0476 		14.1513
v 35.7685 		-23.116 		14.1413
v 35.9173 		-22.888 		14.1691
v 35.8721 		-22.9723 		14.1607
v 35.9988 		-22.6999 		14.1844
v 35.9595 		-22.7972 		14.177
v 36.0684 		-22.4854 		14.1974
v 36.0351 		-22.5959 		14.1912
v 36.1253 		-22.242 		14.208
v 36.0988 		-22.3684 		14.2031
v 36.1638 		-21.9663 		14.2152
v 36.1469 		-22.108 		14.2121
v 36.183 		-21.66 		14.2188
v 36.1758 		-21.817 		14.2175
v 36.1817 		-21.3374 		14.2186
v 36.1854 		-21.4953 		14.2193
v 36.1521 		-21.0325 		14.2131
v 36.1706 		-21.1831 		14.2165
v 36.0929 		-20.7422 		14.202
v 36.1262 		-20.8855 		14.2082
v 36.0047 		-20.47 		14.1855
v 36.0521 		-20.6025 		14.1944
v 35.8921 		-20.2235 		14.1644
v 35.9514 		-20.3436 		14.1755
v 35.7559 		-20.0017 		14.139
v 35.827 		-20.1095 		14.1522
v 35.5939 		-19.8032 		14.1087
v 35.6788 		-19.9002 		14.1245
v 35.4072 		-19.631 		14.0737
v 35.5033 		-19.7134 		14.0917
v 35.1984 		-19.4881 		14.0347
v 35.3056 		-19.5559 		14.0547
v 34.9699 		-19.3774 		13.992
v 35.0856 		-19.4275 		14.0136
v 34.724 		-19.3044 		13.946
v 34.8493 		-19.3364 		13.9694
v 34.4589 		-19.268 		13.8964
v 34.5938 		-19.2817 		13.9216
v 34.2074 		-19.2658 		13.8494
v 34.3191 		-19.2634 		13.8702
v 33.9941 		-19.2848 		13.8095
v 34.0991 		-19.2729 		13.8291
v 33.7941 		-19.3227 		13.7721
v 33.8925 		-19.3013 		13.7905
v 33.6047 		-19.3805 		13.7366
v 33.6992 		-19.3488 		13.7543
v 33.4225 		-19.4636 		13.7026
v 33.5125 		-19.4188 		13.7194
v 33.2492 		-19.573 		13.6702
v 33.3348 		-19.5151 		13.6862
v 33.0867 		-19.7069 		13.6398
v 33.1659 		-19.6376 		13.6546
v 32.9326 		-19.8673 		13.6109
v 33.0089 		-19.7835 		13.6252
v 32.7845 		-20.057 		13.5832
v 32.8578 		-19.9585 		13.597
v 32.644 		-20.2762 		13.557
v 32.7127 		-20.1627 		13.5698
v 32.5077 		-20.5271 		13.5315
v 32.5756 		-20.3976 		13.5442
v 32.3729 		-20.8101 		13.5063
v 32.4401 		-20.6645 		13.5188
v 32.2531 		-21.09 		13.4839
v 32.3061 		-20.9636 		13.4938
v 31.5449 		-20.0429 		13.3514
v 31.5462 		-20.1102 		13.3517
v 31.4156 		-20.1128 		13.3272
v 31.5345 		-19.9116 		13.3495
v 31.541 		-19.9767 		13.3507
v 31.5138 		-19.7847 		13.3456
v 31.5254 		-19.8476 		13.3478
v 31.4825 		-19.6628 		13.3397
v 31.4995 		-19.7229 		13.3429
v 31.4395 		-19.549 		13.3317
v 31.4625 		-19.6048 		13.336
v 31.3847 		-19.4439 		13.3215
v 31.4136 		-19.4954 		13.3269
v 31.3158 		-19.3482 		13.3086
v 31.3529 		-19.3947 		13.3155
v 31.2329 		-19.2651 		13.2931
v 31.2759 		-19.305 		13.3011
v 31.1381 		-19.195 		13.2753
v 31.187 		-19.2284 		13.2845
v 31.0287 		-19.1389 		13.2549
v 31.0863 		-19.165 		13.2656
v 30.9013 		-19.101 		13.231
v 30.967 		-19.1175 		13.2433
v 30.7576 		-19.082 		13.2042
v 30.8315 		-19.0891 		13.218
v 30.606 		-19.0824 		13.1758
v 30.6797 		-19.0796 		13.1896
v 30.4564 		-19.1042 		13.1478
v 30.5315 		-19.0906 		13.1619
v 30.3038 		-19.148 		13.1193
v 30.3804 		-19.1234 		13.1336
v 30.1501 		-19.2171 		13.0906
v 30.2264 		-19.1781 		13.1048
v 30.0064 		-19.3192 		13.0637
v 30.0768 		-19.2642 		13.0768
v 29.8746 		-19.4534 		13.039
v 29.939 		-19.3823 		13.0511
v 29.7528 		-19.6201 		13.0162
v 29.8131 		-19.5326 		13.0275
v 29.6432 		-19.8214 		12.9957
v 29.6961 		-19.7164 		13.0056
v 29.5484 		-20.0577 		12.978
v 29.5939 		-19.9352 		12.9865
v 29.4719 		-20.3323 		12.9637
v 29.5065 		-20.189 		12.9702
v 29.4215 		-20.6518 		12.9543
v 29.4436 		-20.4866 		12.9584
v 29.4058 		-20.8279 		12.9514
v 34.4709 		-22.31 		13.8986
v 31.2907 		-20.1204 		13.3039
v 34.539 		-22.3027 		13.9114
v 31.1712 		-20.1332 		13.2815
v 34.6086 		-22.2925 		13.9244
v 31.0574 		-20.1511 		13.2602
v 34.6797 		-22.2794 		13.9377
v 30.9491 		-20.174 		13.24
v 33.4985 		-21.6638 		13.7168
v 34.7523 		-22.2633 		13.9513
v 32.2009 		-21.2108 		13.4741
v 33.5592 		-21.533 		13.7281
v 34.8269 		-22.2442 		13.9652
v 32.1494 		-21.3263 		13.4645
v 30.8463 		-20.2021 		13.2208
v 33.6184 		-21.4122 		13.7392
v 34.8997 		-22.2218 		13.9788
v 32.0987 		-21.4362 		13.455
v 30.7491 		-20.2368 		13.2026
v 33.6762 		-21.3011 		13.75
v 32.0487 		-21.5407 		13.4456
v 30.6574 		-20.2751 		13.1854
v 33.7325 		-21.1999 		13.7605
v 34.9706 		-22.196 		13.9921
v 31.9994 		-21.6397 		13.4364
v 30.5713 		-20.317 		13.1693
v 33.786 		-21.1051 		13.7705
v 35.0397 		-22.167 		14.005
v 31.9522 		-21.7313 		13.4276
v 30.4908 		-20.3626 		13.1543
v 33.8399 		-21.0176 		13.7806
v 35.1069 		-22.1348 		14.0176
v 31.9039 		-21.8177 		13.4186
v 30.4158 		-20.4118 		13.1402
v 33.8941 		-20.9373 		13.7908
v 35.1723 		-22.0992 		14.0298
v 31.8545 		-21.899 		13.4093
v 30.3464 		-20.4647 		13.1273
v 33.9488 		-20.8644 		13.801
v 35.2348 		-22.058 		14.0415
v 31.8039 		-21.9752 		13.3999
v 30.2825 		-20.5212 		13.1153
v 34.0037 		-20.7987 		13.8113
v 35.2937 		-22.0132 		14.0525
v 31.7523 		-22.0463 		13.3902
v 30.2242 		-20.5814 		13.1044
v 34.0591 		-20.7404 		13.8216
v 35.3489 		-21.9647 		14.0628
v 31.6995 		-22.1123 		13.3803
v 30.1714 		-20.6452 		13.0945
v 34.1148 		-20.6884 		13.832
v 35.4004 		-21.9125 		14.0725
v 31.6476 		-22.1731 		13.3706
v 30.1242 		-20.7127 		13.0857
v 35.4481 		-21.8567 		14.0814
v 31.5943 		-22.2283 		13.3607
v 30.0825 		-20.7838 		13.0779
v 35.4922 		-21.7973 		14.0896
v 31.5395 		-22.2781 		13.3504
v 30.0464 		-20.8586 		13.0712
v 35.5309 		-21.7338 		14.0969
v 31.4832 		-22.3224 		13.3399
v 30.0159 		-20.9362 		13.0655
v 35.5626 		-21.666 		14.1028
v 29.9909 		-21.0161 		13.0608
v 35.5872 		-21.5938 		14.1074
v 29.9714 		-21.0982 		13.0571
v 35.6048 		-21.5172 		14.1107
v 29.9575 		-21.1824 		13.0545
v 35.6153 		-21.4362 		14.1127
v 29.9492 		-21.2688 		13.053
v 35.6189 		-21.3509 		14.1133
v 29.9464 		-21.3574 		13.0525
v 35.6172 		-21.2902 		14.113
v 29.9485 		-21.4455 		13.0528
v 35.6122 		-21.2305 		14.1121
v 29.9546 		-21.5303 		13.054
v 35.6039 		-21.172 		14.1105
v 29.9648 		-21.6118 		13.0559
v 35.5922 		-21.1146 		14.1083
v 29.979 		-21.69 		13.0586
v 35.5772 		-21.0582 		14.1055
v 29.9974 		-21.765 		13.062
v 35.5589 		-21.003 		14.1021
v 30.0198 		-21.8366 		13.0662
v 35.5396 		-20.9494 		14.0985
v 30.0479 		-21.9048 		13.0714
v 35.5174 		-20.8979 		14.0944
v 30.079 		-21.9694 		13.0773
v 35.4922 		-20.8487 		14.0896
v 30.1131 		-22.0303 		13.0836
v 35.4641 		-20.8017 		14.0844
v 30.1501 		-22.0875 		13.0906
v 35.433 		-20.7568 		14.0786
v 30.1901 		-22.1412 		13.098
v 35.3989 		-20.7141 		14.0722
v 30.2331 		-22.1911 		13.1061
v 35.3619 		-20.674 		14.0653
v 30.279 		-22.2374 		13.1147
v 35.3219 		-20.6368 		14.0578
v 30.3279 		-22.2801 		13.1238
v 30.3797 		-22.3191 		13.1335
v 35.2789 		-20.6025 		14.0498
v 30.4345 		-22.3545 		13.1437
v 35.233 		-20.5712 		14.0412
v 35.1841 		-20.5427 		14.032
v 30.4923 		-22.3862 		13.1546
v 35.1323 		-20.5172 		14.0223
v 30.553 		-22.4143 		13.1659
v 35.0775 		-20.4972 		14.0121
v 30.6139 		-22.4384 		13.1773
v 35.0197 		-20.4807 		14.0013
v 30.6767 		-22.4581 		13.189
v 34.959 		-20.468 		13.9899
v 30.7413 		-22.4734 		13.2011
v 34.8953 		-20.4589 		13.978
v 30.8078 		-22.4843 		13.2136
v 34.8286 		-20.4534 		13.9655
v 30.8761 		-22.4909 		13.2263
v 34.759 		-20.4516 		13.9525
v 30.9463 		-22.4931 		13.2395
v 34.6953 		-20.4532 		13.9406
v 31.0227 		-22.4903 		13.2538
v 34.6331 		-20.4581 		13.929
v 31.0966 		-22.4821 		13.2676
v 34.5724 		-20.4663 		13.9176
v 31.1679 		-22.4685 		13.2809
v 34.5131 		-20.4778 		13.9065
v 31.2366 		-22.4493 		13.2938
v 34.4553 		-20.4926 		13.8957
v 31.3027 		-22.4247 		13.3061
v 34.3991 		-20.5106 		13.8852
v 31.3662 		-22.3946 		13.318
v 34.3415 		-20.5353 		13.8744
v 31.4255 		-22.3612 		13.3291
v 34.2843 		-20.5653 		13.8637
v 34.2274 		-20.6009 		13.8531
v 34.1709 		-20.6419 		13.8425
v 29.2781 		-21.015 		13.5816
v 29.275 		-21.213 		13.581
v 29.2791 		-21.4003 		13.5817
v 29.2913 		-21.5814 		13.584
v 29.3117 		-21.7562 		13.5878
v 29.3402 		-21.9249 		13.5932
v 29.3768 		-22.0874 		13.6
v 29.4216 		-22.2436 		13.6084
v 29.4739 		-22.3911 		13.6182
v 29.5327 		-22.5317 		13.6292
v 29.5983 		-22.6654 		13.6414
v 29.6705 		-22.7921 		13.6549
v 29.7494 		-22.9119 		13.6697
v 29.8349 		-23.0248 		13.6857
v 29.9267 		-23.1298 		13.7029
v 30.0245 		-23.2261 		13.7211
v 30.1282 		-23.3136 		13.7405
v 30.2378 		-23.3924 		13.761
v 30.3533 		-23.4624 		13.7826
v 30.4748 		-23.5237 		13.8054
v 30.6013 		-23.5778 		13.829
v 30.7318 		-23.6221 		13.8534
v 30.8664 		-23.6566 		13.8786
v 31.0051 		-23.6812 		13.9045
v 31.1478 		-23.696 		13.9312
v 31.2947 		-23.7009 		13.9587
v 31.4063 		-23.6982 		13.9796
v 31.5146 		-23.69 		13.9998
v 31.6196 		-23.6763 		14.0195
v 31.7213 		-23.6572 		14.0385
v 31.8196 		-23.6325 		14.0569
v 31.9146 		-23.6025 		14.0746
v 32.0046 		-23.5665 		14.0915
v 32.0923 		-23.5244 		14.1079
v 32.1779 		-23.4761 		14.1239
v 32.2612 		-23.4216 		14.1395
v 32.3423 		-23.3608 		14.1546
v 32.4212 		-23.2939 		14.1694
v 32.4982 		-23.2206 		14.1838
v 32.5737 		-23.1408 		14.1979
v 32.6478 		-23.0543 		14.2118
v 32.7204 		-22.9613 		14.2253
v 32.7915 		-22.8618 		14.2386
v 32.8611 		-22.7557 		14.2516
v 32.9276 		-22.6404 		14.2641
v 32.9937 		-22.5179 		14.2764
v 33.0594 		-22.388 		14.2887
v 33.1248 		-22.2509 		14.301
v 33.1897 		-22.1065 		14.3131
v 33.2544 		-21.9548 		14.3252
v 33.3181 		-21.8044 		14.3371
v 34.286 		-22.3144 		14.5181
v 34.2209 		-22.3158 		14.506
v 34.2225 		-22.4079 		14.5063
v 34.2275 		-22.496 		14.5072
v 34.2359 		-22.5801 		14.5088
v 34.2475 		-22.6601 		14.5109
v 34.2625 		-22.7361 		14.5137
v 34.2809 		-22.8082 		14.5172
v 34.3001 		-22.8764 		14.5208
v 34.3223 		-22.9409 		14.5249
v 34.3475 		-23.0018 		14.5296
v 34.3757 		-23.0591 		14.5349
v 34.4068 		-23.1127 		14.5407
v 34.4408 		-23.1626 		14.5471
v 34.4773 		-23.2068 		14.5539
v 34.5156 		-23.2472 		14.5611
v 34.5558 		-23.2841 		14.5686
v 34.5978 		-23.3173 		14.5765
v 34.6417 		-23.3468 		14.5847
v 34.6875 		-23.3727 		14.5932
v 34.7347 		-23.3928 		14.602
v 34.783 		-23.4092 		14.6111
v 34.8324 		-23.4219 		14.6203
v 34.883 		-23.431 		14.6298
v 34.9346 		-23.4365 		14.6394
v 34.9874 		-23.4383 		14.6493
v 35.062 		-23.4351 		14.6633
v 35.1348 		-23.4252 		14.6769
v 35.2057 		-23.4088 		14.6901
v 35.2748 		-23.3858 		14.7031
v 35.342 		-23.3563 		14.7156
v 35.4073 		-23.3202 		14.7278
v 35.4725 		-23.2795 		14.74
v 35.5347 		-23.2319 		14.7517
v 35.594 		-23.1774 		14.7628
v 35.6503 		-23.116 		14.7733
v 35.7036 		-23.0476 		14.7833
v 35.754 		-22.9723 		14.7927
v 35.7991 		-22.888 		14.8011
v 35.8413 		-22.7972 		14.809
v 35.8806 		-22.6999 		14.8164
v 35.9169 		-22.5959 		14.8231
v 35.9502 		-22.4854 		14.8294
v 35.9806 		-22.3684 		14.8351
v 36.0071 		-22.242 		14.84
v 36.0287 		-22.108 		14.8441
v 36.0456 		-21.9663 		14.8472
v 36.0576 		-21.817 		14.8495
v 36.0648 		-21.66 		14.8508
v 36.0672 		-21.4953 		14.8513
v 36.0635 		-21.3374 		14.8506
v 36.0524 		-21.1831 		14.8485
v 36.0339 		-21.0325 		14.845
v 36.008 		-20.8855 		14.8402
v 35.9747 		-20.7422 		14.8339
v 35.9339 		-20.6025 		14.8263
v 35.8865 		-20.47 		14.8175
v 35.8332 		-20.3436 		14.8075
v 35.774 		-20.2235 		14.7964
v 35.7088 		-20.1095 		14.7842
v 35.6377 		-20.0017 		14.7709
v 35.5607 		-19.9002 		14.7565
v 35.4757 		-19.8032 		14.7406
v 35.3851 		-19.7134 		14.7237
v 35.289 		-19.631 		14.7057
v 35.1874 		-19.5559 		14.6867
v 35.0802 		-19.4881 		14.6667
v 34.9674 		-19.4275 		14.6456
v 34.8517 		-19.3774 		14.6239
v 34.7312 		-19.3364 		14.6014
v 34.6058 		-19.3044 		14.5779
v 34.4756 		-19.2817 		14.5536
v 34.3407 		-19.268 		14.5284
v 34.2009 		-19.2634 		14.5022
v 34.0892 		-19.2658 		14.4813
v 33.9809 		-19.2729 		14.4611
v 33.8759 		-19.2848 		14.4414
v 33.7743 		-19.3013 		14.4224
v 33.676 		-19.3227 		14.404
v 33.581 		-19.3488 		14.3863
v 33.4865 		-19.3805 		14.3686
v 33.3943 		-19.4188 		14.3514
v 33.3044 		-19.4636 		14.3345
v 33.2166 		-19.5151 		14.3181
v 33.131 		-19.573 		14.3021
v 33.0477 		-19.6376 		14.2865
v 32.9685 		-19.7069 		14.2717
v 32.8907 		-19.7835 		14.2572
v 32.8144 		-19.8673 		14.2429
v 32.7396 		-19.9585 		14.2289
v 32.6663 		-20.057 		14.2152
v 32.5945 		-20.1627 		14.2018
v 32.5258 		-20.2762 		14.1889
v 32.4575 		-20.3976 		14.1762
v 32.3895 		-20.5271 		14.1634
v 32.3219 		-20.6645 		14.1508
v 32.2547 		-20.8101 		14.1382
v 32.1879 		-20.9636 		14.1257
v 32.1349 		-21.09 		14.1158
v 31.2975 		-20.1128 		13.9592
v 31.428 		-20.1102 		13.9836
v 31.4267 		-20.0429 		13.9834
v 31.4228 		-19.9767 		13.9827
v 31.4163 		-19.9116 		13.9814
v 31.4073 		-19.8476 		13.9797
v 31.3956 		-19.7847 		13.9776
v 31.3813 		-19.7229 		13.9749
v 31.3643 		-19.6628 		13.9717
v 31.3443 		-19.6048 		13.968
v 31.3213 		-19.549 		13.9637
v 31.2954 		-19.4954 		13.9588
v 31.2665 		-19.4439 		13.9534
v 31.2347 		-19.3947 		13.9475
v 31.1977 		-19.3482 		13.9405
v 31.1577 		-19.305 		13.9331
v 31.1147 		-19.2651 		13.925
v 31.0688 		-19.2284 		13.9164
v 31.0199 		-19.195 		13.9073
v 30.9681 		-19.165 		13.8976
v 30.9105 		-19.1389 		13.8868
v 30.8488 		-19.1175 		13.8753
v 30.7831 		-19.101 		13.863
v 30.7133 		-19.0891 		13.85
v 30.6394 		-19.082 		13.8361
v 30.5615 		-19.0796 		13.8216
v 30.4878 		-19.0824 		13.8078
v 30.4133 		-19.0906 		13.7939
v 30.3382 		-19.1042 		13.7798
v 30.2623 		-19.1234 		13.7656
v 30.1856 		-19.148 		13.7513
v 30.1082 		-19.1781 		13.7368
v 30.0319 		-19.2171 		13.7225
v 29.9586 		-19.2642 		13.7088
v 29.8882 		-19.3192 		13.6957
v 29.8208 		-19.3823 		13.6831
v 29.7564 		-19.4534 		13.671
v 29.6949 		-19.5326 		13.6595
v 29.6346 		-19.6201 		13.6482
v 29.5779 		-19.7164 		13.6376
v 29.525 		-19.8214 		13.6277
v 29.4757 		-19.9352 		13.6185
v 29.4302 		-20.0577 		13.61
v 29.3883 		-20.189 		13.6022
v 29.3537 		-20.3323 		13.5957
v 29.3254 		-20.4866 		13.5904
v 29.3033 		-20.6518 		13.5863
v 29.2876 		-20.8279 		13.5833
v 34.3527 		-22.31 		14.5306
v 31.1725 		-20.1204 		13.9358
v 34.4208 		-22.3027 		14.5434
v 31.053 		-20.1332 		13.9135
v 34.4905 		-22.2925 		14.5564
v 30.9392 		-20.1511 		13.8922
v 34.5616 		-22.2794 		14.5697
v 30.8309 		-20.174 		13.8719
v 33.3803 		-21.6638 		14.3487
v 34.6341 		-22.2633 		14.5832
v 32.0827 		-21.2108 		14.1061
v 33.441 		-21.533 		14.3601
v 34.7088 		-22.2442 		14.5972
v 32.0312 		-21.3263 		14.0964
v 30.7281 		-20.2021 		13.8527
v 33.5002 		-21.4122 		14.3712
v 34.7815 		-22.2218 		14.6108
v 31.9805 		-21.4362 		14.087
v 30.6309 		-20.2368 		13.8346
v 33.558 		-21.3011 		14.382
v 31.9305 		-21.5407 		14.0776
v 30.5392 		-20.2751 		13.8174
v 33.6143 		-21.1999 		14.3925
v 34.8524 		-22.196 		14.6241
v 31.8812 		-21.6397 		14.0684
v 30.4531 		-20.317 		13.8013
v 33.6678 		-21.1051 		14.4025
v 34.9215 		-22.167 		14.637
v 31.834 		-21.7313 		14.0596
v 30.3726 		-20.3626 		13.7862
v 33.7217 		-21.0176 		14.4126
v 34.9887 		-22.1348 		14.6496
v 31.7857 		-21.8177 		14.0505
v 30.2976 		-20.4118 		13.7722
v 33.7759 		-20.9373 		14.4227
v 35.0541 		-22.0992 		14.6618
v 31.7363 		-21.899 		14.0413
v 30.2282 		-20.4647 		13.7592
v 33.8306 		-20.8644 		14.433
v 35.1167 		-22.058 		14.6735
v 31.6857 		-21.9752 		14.0318
v 30.1643 		-20.5212 		13.7473
v 33.8856 		-20.7987 		14.4432
v 35.1755 		-22.0132 		14.6845
v 31.6341 		-22.0463 		14.0222
v 30.106 		-20.5814 		13.7364
v 33.9409 		-20.7404 		14.4536
v 35.2307 		-21.9647 		14.6948
v 31.5813 		-22.1123 		14.0123
v 30.0532 		-20.6452 		13.7265
v 33.9966 		-20.6884 		14.464
v 35.2822 		-21.9125 		14.7044
v 31.5295 		-22.1731 		14.0026
v 30.006 		-20.7127 		13.7177
v 35.3299 		-21.8567 		14.7134
v 31.4761 		-22.2283 		13.9926
v 29.9643 		-20.7838 		13.7099
v 35.374 		-21.7973 		14.7216
v 31.4213 		-22.2781 		13.9824
v 29.9282 		-20.8586 		13.7031
v 35.4127 		-21.7338 		14.7289
v 31.365 		-22.3224 		13.9719
v 29.8977 		-20.9362 		13.6974
v 35.4444 		-21.666 		14.7348
v 29.8727 		-21.0161 		13.6928
v 35.469 		-21.5938 		14.7394
v 29.8532 		-21.0982 		13.6891
v 35.4866 		-21.5172 		14.7427
v 29.8394 		-21.1824 		13.6865
v 35.4971 		-21.4362 		14.7446
v 29.831 		-21.2688 		13.685
v 35.5007 		-21.3509 		14.7453
v 29.8282 		-21.3574 		13.6844
v 35.499 		-21.2902 		14.745
v 29.8303 		-21.4455 		13.6848
v 35.494 		-21.2305 		14.7441
v 29.8364 		-21.5303 		13.686
v 35.4857 		-21.172 		14.7425
v 29.8466 		-21.6118 		13.6879
v 35.474 		-21.1146 		14.7403
v 29.8608 		-21.69 		13.6905
v 35.459 		-21.0582 		14.7375
v 29.8792 		-21.765 		13.694
v 35.4407 		-21.003 		14.7341
v 29.9016 		-21.8366 		13.6982
v 35.4214 		-20.9494 		14.7305
v 29.9297 		-21.9048 		13.7034
v 35.3992 		-20.8979 		14.7263
v 29.9608 		-21.9694 		13.7092
v 35.374 		-20.8487 		14.7216
v 29.9949 		-22.0303 		13.7156
v 35.3459 		-20.8017 		14.7164
v 30.0319 		-22.0875 		13.7225
v 35.3148 		-20.7568 		14.7105
v 30.0719 		-22.1412 		13.73
v 35.2807 		-20.7141 		14.7042
v 30.1149 		-22.1911 		13.738
v 35.2437 		-20.674 		14.6972
v 30.1608 		-22.2374 		13.7466
v 35.2037 		-20.6368 		14.6898
v 30.2097 		-22.2801 		13.7558
v 30.2615 		-22.3191 		13.7655
v 35.1607 		-20.6025 		14.6817
v 30.3163 		-22.3545 		13.7757
v 35.1148 		-20.5712 		14.6731
v 35.0659 		-20.5427 		14.664
v 30.3741 		-22.3862 		13.7865
v 35.0141 		-20.5172 		14.6543
v 30.4348 		-22.4143 		13.7979
v 34.9593 		-20.4972 		14.644
v 30.4957 		-22.4384 		13.8093
v 34.9015 		-20.4807 		14.6332
v 30.5585 		-22.4581 		13.821
v 34.8408 		-20.468 		14.6219
v 30.6231 		-22.4734 		13.8331
v 34.7771 		-20.4589 		14.61
v 30.6896 		-22.4843 		13.8455
v 34.7104 		-20.4534 		14.5975
v 30.7579 		-22.4909 		13.8583
v 34.6408 		-20.4516 		14.5845
v 30.8281 		-22.4931 		13.8714
v 34.5771 		-20.4532 		14.5726
v 30.9046 		-22.4903 		13.8857
v 34.5149 		-20.4581 		14.5609
v 30.9784 		-22.4821 		13.8995
v 34.4542 		-20.4663 		14.5496
v 31.0497 		-22.4685 		13.9129
v 34.3949 		-20.4778 		14.5385
v 31.1184 		-22.4493 		13.9257
v 34.3371 		-20.4926 		14.5277
v 31.1845 		-22.4247 		13.9381
v 34.2809 		-20.5106 		14.5172
v 31.248 		-22.3946 		13.95
v 34.2233 		-20.5353 		14.5064
v 31.3073 		-22.3612 		13.961
v 34.1661 		-20.5653 		14.4957
v 34.1092 		-20.6009 		14.4851
v 34.0527 		-20.6419 		14.4745
v 29.3973 		-26.7437 		12.9498
v 29.3932 		-26.5564 		12.949
v 29.3963 		-26.3584 		12.9496
v 29.4299 		-27.0996 		12.9559
v 29.4095 		-26.9247 		12.952
v 29.495 		-27.4307 		12.968
v 29.4584 		-27.2683 		12.9612
v 29.5921 		-27.7345 		12.9862
v 29.5398 		-27.587 		12.9764
v 29.7165 		-28.0088 		13.0095
v 29.6509 		-27.8751 		12.9972
v 29.8676 		-28.2553 		13.0377
v 29.7887 		-28.1355 		13.023
v 30.0449 		-28.4732 		13.0709
v 29.9531 		-28.3682 		13.0537
v 30.2464 		-28.657 		13.1086
v 30.1427 		-28.5695 		13.0892
v 30.4715 		-28.8058 		13.1507
v 30.356 		-28.7358 		13.1291
v 30.7195 		-28.9212 		13.197
v 30.593 		-28.8671 		13.1734
v 30.9846 		-29 		13.2466
v 30.85 		-28.9655 		13.2215
v 31.266 		-29.0394 		13.2993
v 31.1233 		-29.0246 		13.2726
v 31.5245 		-29.0416 		13.3476
v 31.4129 		-29.0443 		13.3267
v 31.7378 		-29.0197 		13.3875
v 31.6328 		-29.0334 		13.3679
v 31.9378 		-28.9759 		13.4249
v 31.8395 		-29.0005 		13.4065
v 32.1228 		-28.9099 		13.4595
v 32.0328 		-28.9458 		13.4427
v 32.2961 		-28.8195 		13.4919
v 32.2105 		-28.8678 		13.4759
v 32.4605 		-28.7042 		13.5226
v 32.3794 		-28.7649 		13.5075
v 32.6164 		-28.564 		13.5518
v 32.5394 		-28.6373 		13.5374
v 32.766 		-28.3977 		13.5798
v 32.6919 		-28.4841 		13.5659
v 32.9097 		-28.2052 		13.6067
v 32.8386 		-28.3047 		13.5934
v 33.0458 		-27.9838 		13.6321
v 32.9793 		-28.099 		13.6197
v 33.1776 		-27.7314 		13.6568
v 33.1119 		-27.8613 		13.6445
v 33.3079 		-27.4499 		13.6811
v 33.2429 		-27.5943 		13.669
v 33.4362 		-27.1477 		13.7051
v 33.3726 		-27.2982 		13.6932
v 34.3407 		-27.7513 		13.8743
v 34.3391 		-27.6592 		13.874
v 34.4042 		-27.6578 		13.8862
v 34.3541 		-27.9234 		13.8768
v 34.3457 		-27.8394 		13.8752
v 34.3807 		-28.0795 		13.8818
v 34.3657 		-28.0035 		13.879
v 34.4183 		-28.2197 		13.8888
v 34.3991 		-28.1515 		13.8852
v 34.4657 		-28.3452 		13.8977
v 34.4405 		-28.2843 		13.893
v 34.525 		-28.4561 		13.9087
v 34.4939 		-28.4024 		13.9029
v 34.5955 		-28.5501 		13.9219
v 34.559 		-28.506 		13.9151
v 34.674 		-28.6275 		13.9366
v 34.6338 		-28.5906 		13.9291
v 34.7599 		-28.6902 		13.9527
v 34.716 		-28.6606 		13.9445
v 34.8529 		-28.7361 		13.9701
v 34.8057 		-28.7161 		13.9612
v 34.9506 		-28.7653 		13.9884
v 34.9012 		-28.7525 		13.9791
v 35.0528 		-28.7799 		14.0075
v 35.0012 		-28.7744 		13.9978
v 35.1802 		-28.7784 		14.0313
v 35.1056 		-28.7817 		14.0173
v 35.3239 		-28.7522 		14.0582
v 35.253 		-28.7686 		14.0449
v 35.4602 		-28.6997 		14.0837
v 35.393 		-28.7292 		14.0711
v 35.5907 		-28.6229 		14.1081
v 35.5255 		-28.6636 		14.0959
v 35.7122 		-28.5208 		14.1308
v 35.6529 		-28.5753 		14.1197
v 35.8218 		-28.391 		14.1513
v 35.7685 		-28.4593 		14.1413
v 35.9173 		-28.2314 		14.1691
v 35.8721 		-28.3157 		14.1607
v 35.9988 		-28.0432 		14.1844
v 35.9595 		-28.1406 		14.177
v 36.0684 		-27.8288 		14.1974
v 36.0351 		-27.9393 		14.1912
v 36.1253 		-27.5854 		14.208
v 36.0988 		-27.7117 		14.2031
v 36.1638 		-27.3097 		14.2152
v 36.1469 		-27.4513 		14.2121
v 36.183 		-27.0033 		14.2188
v 36.1758 		-27.1603 		14.2175
v 36.1817 		-26.6808 		14.2186
v 36.1854 		-26.8387 		14.2193
v 36.1521 		-26.3759 		14.2131
v 36.1706 		-26.5265 		14.2165
v 36.0929 		-26.0856 		14.202
v 36.1262 		-26.2289 		14.2082
v 36.0047 		-25.8134 		14.1855
v 36.0521 		-25.9459 		14.1944
v 35.8921 		-25.5668 		14.1644
v 35.9514 		-25.687 		14.1755
v 35.7559 		-25.3451 		14.139
v 35.827 		-25.4529 		14.1522
v 35.5939 		-25.1465 		14.1087
v 35.6788 		-25.2435 		14.1245
v 35.4072 		-24.9744 		14.0737
v 35.5033 		-25.0568 		14.0917
v 35.1984 		-24.8314 		14.0347
v 35.3056 		-24.8993 		14.0547
v 34.9699 		-24.7208 		13.992
v 35.0856 		-24.7709 		14.0136
v 34.724 		-24.6478 		13.946
v 34.8493 		-24.6797 		13.9694
v 34.4589 		-24.6114 		13.8964
v 34.5938 		-24.625 		13.9216
v 34.2074 		-24.6092 		13.8494
v 34.3191 		-24.6068 		13.8702
v 33.9941 		-24.6281 		13.8095
v 34.0991 		-24.6163 		13.8291
v 33.7941 		-24.6661 		13.7721
v 33.8925 		-24.6447 		13.7905
v 33.6047 		-24.7239 		13.7366
v 33.6992 		-24.6921 		13.7543
v 33.4225 		-24.807 		13.7026
v 33.5125 		-24.7622 		13.7194
v 33.2492 		-24.9164 		13.6702
v 33.3348 		-24.8584 		13.6862
v 33.0867 		-25.0503 		13.6398
v 33.1659 		-24.981 		13.6546
v 32.9326 		-25.2107 		13.6109
v 33.0089 		-25.1268 		13.6252
v 32.7845 		-25.4004 		13.5832
v 32.8578 		-25.3019 		13.597
v 32.644 		-25.6195 		13.557
v 32.7127 		-25.5061 		13.5698
v 32.5077 		-25.8704 		13.5315
v 32.5756 		-25.741 		13.5442
v 32.3729 		-26.1534 		13.5063
v 32.4401 		-26.0079 		13.5188
v 32.2531 		-26.4333 		13.4839
v 32.3061 		-26.307 		13.4938
v 31.5449 		-25.3863 		13.3514
v 31.5462 		-25.4536 		13.3517
v 31.4156 		-25.4561 		13.3272
v 31.5345 		-25.255 		13.3495
v 31.541 		-25.3201 		13.3507
v 31.5138 		-25.1281 		13.3456
v 31.5254 		-25.191 		13.3478
v 31.4825 		-25.0061 		13.3397
v 31.4995 		-25.0663 		13.3429
v 31.4395 		-24.8923 		13.3317
v 31.4625 		-24.9481 		13.336
v 31.3847 		-24.7873 		13.3215
v 31.4136 		-24.8387 		13.3269
v 31.3158 		-24.6916 		13.3086
v 31.3529 		-24.7381 		13.3155
v 31.2329 		-24.6084 		13.2931
v 31.2759 		-24.6484 		13.3011
v 31.1381 		-24.5384 		13.2753
v 31.187 		-24.5718 		13.2845
v 31.0287 		-24.4823 		13.2549
v 31.0863 		-24.5083 		13.2656
v 30.9013 		-24.4443 		13.231
v 30.967 		-24.4609 		13.2433
v 30.7576 		-24.4254 		13.2042
v 30.8315 		-24.4325 		13.218
v 30.606 		-24.4257 		13.1758
v 30.6797 		-24.423 		13.1896
v 30.4564 		-24.4476 		13.1478
v 30.5315 		-24.4339 		13.1619
v 30.3038 		-24.4914 		13.1193
v 30.3804 		-24.4668 		13.1336
v 30.1501 		-24.5605 		13.0906
v 30.2264 		-24.5215 		13.1048
v 30.0064 		-24.6626 		13.0637
v 30.0768 		-24.6075 		13.0768
v 29.8746 		-24.7968 		13.039
v 29.939 		-24.7257 		13.0511
v 29.7528 		-24.9635 		13.0162
v 29.8131 		-24.8759 		13.0275
v 29.6432 		-25.1648 		12.9957
v 29.6961 		-25.0597 		13.0056
v 29.5484 		-25.4011 		12.978
v 29.5939 		-25.2785 		12.9865
v 29.4719 		-25.6757 		12.9637
v 29.5065 		-25.5324 		12.9702
v 29.4215 		-25.9952 		12.9543
v 29.4436 		-25.83 		12.9584
v 29.4058 		-26.1713 		12.9514
v 34.4709 		-27.6534 		13.8986
v 31.2907 		-25.4638 		13.3039
v 34.539 		-27.6461 		13.9114
v 31.1712 		-25.4766 		13.2815
v 34.6086 		-27.6359 		13.9244
v 31.0574 		-25.4944 		13.2602
v 34.6797 		-27.6227 		13.9377
v 30.9491 		-25.5174 		13.24
v 33.4985 		-27.0072 		13.7168
v 34.7523 		-27.6067 		13.9513
v 32.2009 		-26.5542 		13.4741
v 33.5592 		-26.8764 		13.7281
v 34.8269 		-27.5876 		13.9652
v 32.1494 		-26.6696 		13.4645
v 30.8463 		-25.5455 		13.2208
v 33.6184 		-26.7555 		13.7392
v 34.8997 		-27.5651 		13.9788
v 32.0987 		-26.7796 		13.455
v 30.7491 		-25.5801 		13.2026
v 33.6762 		-26.6445 		13.75
v 32.0487 		-26.8841 		13.4456
v 30.6574 		-25.6184 		13.1854
v 33.7325 		-26.5433 		13.7605
v 34.9706 		-27.5394 		13.9921
v 31.9994 		-26.9831 		13.4364
v 30.5713 		-25.6604 		13.1693
v 33.786 		-26.4485 		13.7705
v 35.0397 		-27.5104 		14.005
v 31.9522 		-27.0746 		13.4276
v 30.4908 		-25.706 		13.1543
v 33.8399 		-26.3609 		13.7806
v 35.1069 		-27.4782 		14.0176
v 31.9039 		-27.1611 		13.4186
v 30.4158 		-25.7552 		13.1402
v 33.8941 		-26.2807 		13.7908
v 35.1723 		-27.4426 		14.0298
v 31.8545 		-27.2424 		13.4093
v 30.3464 		-25.8081 		13.1273
v 33.9488 		-26.2078 		13.801
v 35.2348 		-27.4014 		14.0415
v 31.8039 		-27.3186 		13.3999
v 30.2825 		-25.8646 		13.1153
v 34.0037 		-26.1421 		13.8113
v 35.2937 		-27.3565 		14.0525
v 31.7523 		-27.3897 		13.3902
v 30.2242 		-25.9248 		13.1044
v 34.0591 		-26.0838 		13.8216
v 35.3489 		-27.308 		14.0628
v 31.6995 		-27.4557 		13.3803
v 30.1714 		-25.9886 		13.0945
v 34.1148 		-26.0318 		13.832
v 35.4004 		-27.2559 		14.0725
v 31.6476 		-27.5164 		13.3706
v 30.1242 		-26.0561 		13.0857
v 35.4481 		-27.2001 		14.0814
v 31.5943 		-27.5717 		13.3607
v 30.0825 		-26.1272 		13.0779
v 35.4922 		-27.1406 		14.0896
v 31.5395 		-27.6215 		13.3504
v 30.0464 		-26.2019 		13.0712
v 35.5309 		-27.0772 		14.0969
v 31.4832 		-27.6658 		13.3399
v 30.0159 		-26.2796 		13.0655
v 35.5626 		-27.0093 		14.1028
v 29.9909 		-26.3595 		13.0608
v 35.5872 		-26.9371 		14.1074
v 29.9714 		-26.4415 		13.0571
v 35.6048 		-26.8606 		14.1107
v 29.9575 		-26.5258 		13.0545
v 35.6153 		-26.7796 		14.1127
v 29.9492 		-26.6122 		13.053
v 35.6189 		-26.6943 		14.1133
v 29.9464 		-26.7008 		13.0525
v 35.6172 		-26.6335 		14.113
v 29.9485 		-26.7889 		13.0528
v 35.6122 		-26.5739 		14.1121
v 29.9546 		-26.8737 		13.054
v 35.6039 		-26.5154 		14.1105
v 29.9648 		-26.9552 		13.0559
v 35.5922 		-26.4579 		14.1083
v 29.979 		-27.0334 		13.0586
v 35.5772 		-26.4016 		14.1055
v 29.9974 		-27.1084 		13.062
v 35.5589 		-26.3463 		14.1021
v 30.0198 		-27.18 		13.0662
v 35.5396 		-26.2927 		14.0985
v 30.0479 		-27.2482 		13.0714
v 35.5174 		-26.2413 		14.0944
v 30.079 		-27.3128 		13.0773
v 35.4922 		-26.1921 		14.0896
v 30.1131 		-27.3737 		13.0836
v 35.4641 		-26.145 		14.0844
v 30.1501 		-27.4309 		13.0906
v 35.433 		-26.1002 		14.0786
v 30.1901 		-27.4845 		13.098
v 35.3989 		-26.0575 		14.0722
v 30.2331 		-27.5345 		13.1061
v 35.3619 		-26.0174 		14.0653
v 30.279 		-27.5808 		13.1147
v 35.3219 		-25.9802 		14.0578
v 30.3279 		-27.6235 		13.1238
v 30.3797 		-27.6625 		13.1335
v 35.2789 		-25.9459 		14.0498
v 30.4345 		-27.6979 		13.1437
v 35.233 		-25.9146 		14.0412
v 35.1841 		-25.8861 		14.032
v 30.4923 		-27.7296 		13.1546
v 35.1323 		-25.8606 		14.0223
v 30.553 		-27.7577 		13.1659
v 35.0775 		-25.8405 		14.0121
v 30.6139 		-27.7818 		13.1773
v 35.0197 		-25.8241 		14.0013
v 30.6767 		-27.8014 		13.189
v 34.959 		-25.8114 		13.9899
v 30.7413 		-27.8168 		13.2011
v 34.8953 		-25.8022 		13.978
v 30.8078 		-27.8277 		13.2136
v 34.8286 		-25.7968 		13.9655
v 30.8761 		-27.8343 		13.2263
v 34.759 		-25.7949 		13.9525
v 30.9463 		-27.8365 		13.2395
v 34.6953 		-25.7966 		13.9406
v 31.0227 		-27.8337 		13.2538
v 34.6331 		-25.8015 		13.929
v 31.0966 		-27.8255 		13.2676
v 34.5724 		-25.8097 		13.9176
v 31.1679 		-27.8118 		13.2809
v 34.5131 		-25.8212 		13.9065
v 31.2366 		-27.7927 		13.2938
v 34.4553 		-25.836 		13.8957
v 31.3027 		-27.7681 		13.3061
v 34.3991 		-25.854 		13.8852
v 31.3662 		-27.738 		13.318
v 34.3415 		-25.8786 		13.8744
v 31.4255 		-27.7046 		13.3291
v 34.2843 		-25.9087 		13.8637
v 34.2274 		-25.9443 		13.8531
v 34.1709 		-25.9853 		13.8425
v 29.2781 		-26.3584 		13.5816
v 29.275 		-26.5564 		13.581
v 29.2791 		-26.7437 		13.5817
v 29.2913 		-26.9247 		13.584
v 29.3117 		-27.0996 		13.5878
v 29.3402 		-27.2683 		13.5932
v 29.3768 		-27.4307 		13.6
v 29.4216 		-27.587 		13.6084
v 29.4739 		-27.7345 		13.6182
v 29.5327 		-27.8751 		13.6292
v 29.5983 		-28.0088 		13.6414
v 29.6705 		-28.1355 		13.6549
v 29.7494 		-28.2553 		13.6697
v 29.8349 		-28.3682 		13.6857
v 29.9267 		-28.4732 		13.7029
v 30.0245 		-28.5695 		13.7211
v 30.1282 		-28.657 		13.7405
v 30.2378 		-28.7358 		13.761
v 30.3533 		-28.8058 		13.7826
v 30.4748 		-28.8671 		13.8054
v 30.6013 		-28.9212 		13.829
v 30.7318 		-28.9655 		13.8534
v 30.8664 		-29 		13.8786
v 31.0051 		-29.0246 		13.9045
v 31.1478 		-29.0394 		13.9312
v 31.2947 		-29.0443 		13.9587
v 31.4063 		-29.0416 		13.9796
v 31.5146 		-29.0334 		13.9998
v 31.6196 		-29.0197 		14.0195
v 31.7213 		-29.0005 		14.0385
v 31.8196 		-28.9759 		14.0569
v 31.9146 		-28.9458 		14.0746
v 32.0046 		-28.9099 		14.0915
v 32.0923 		-28.8678 		14.1079
v 32.1779 		-28.8195 		14.1239
v 32.2612 		-28.7649 		14.1395
v 32.3423 		-28.7042 		14.1546
v 32.4212 		-28.6373 		14.1694
v 32.4982 		-28.564 		14.1838
v 32.5737 		-28.4841 		14.1979
v 32.6478 		-28.3977 		14.2118
v 32.7204 		-28.3047 		14.2253
v 32.7915 		-28.2052 		14.2386
v 32.8611 		-28.099 		14.2516
v 32.9276 		-27.9838 		14.2641
v 32.9937 		-27.8613 		14.2764
v 33.0594 		-27.7314 		14.2887
v 33.1248 		-27.5943 		14.301
v 33.1897 		-27.4499 		14.3131
v 33.2544 		-27.2982 		14.3252
v 33.3181 		-27.1477 		14.3371
v 34.286 		-27.6578 		14.5181
v 34.2209 		-27.6592 		14.506
v 34.2225 		-27.7513 		14.5063
v 34.2275 		-27.8394 		14.5072
v 34.2359 		-27.9234 		14.5088
v 34.2475 		-28.0035 		14.5109
v 34.2625 		-28.0795 		14.5137
v 34.2809 		-28.1515 		14.5172
v 34.3001 		-28.2197 		14.5208
v 34.3223 		-28.2843 		14.5249
v 34.3475 		-28.3452 		14.5296
v 34.3757 		-28.4024 		14.5349
v 34.4068 		-28.4561 		14.5407
v 34.4408 		-28.506 		14.5471
v 34.4773 		-28.5501 		14.5539
v 34.5156 		-28.5906 		14.5611
v 34.5558 		-28.6275 		14.5686
v 34.5978 		-28.6606 		14.5765
v 34.6417 		-28.6902 		14.5847
v 34.6875 		-28.7161 		14.5932
v 34.7347 		-28.7361 		14.602
v 34.783 		-28.7525 		14.6111
v 34.8324 		-28.7653 		14.6203
v 34.883 		-28.7744 		14.6298
v 34.9346 		-28.7799 		14.6394
v 34.9874 		-28.7817 		14.6493
v 35.062 		-28.7784 		14.6633
v 35.1348 		-28.7686 		14.6769
v 35.2057 		-28.7522 		14.6901
v 35.2748 		-28.7292 		14.7031
v 35.342 		-28.6997 		14.7156
v 35.4073 		-28.6636 		14.7278
v 35.4725 		-28.6229 		14.74
v 35.5347 		-28.5753 		14.7517
v 35.594 		-28.5208 		14.7628
v 35.6503 		-28.4593 		14.7733
v 35.7036 		-28.391 		14.7833
v 35.754 		-28.3157 		14.7927
v 35.7991 		-28.2314 		14.8011
v 35.8413 		-28.1406 		14.809
v 35.8806 		-28.0432 		14.8164
v 35.9169 		-27.9393 		14.8231
v 35.9502 		-27.8288 		14.8294
v 35.9806 		-27.7117 		14.8351
v 36.0071 		-27.5854 		14.84
v 36.0287 		-27.4513 		14.8441
v 36.0456 		-27.3097 		14.8472
v 36.0576 		-27.1603 		14.8495
v 36.0648 		-27.0033 		14.8508
v 36.0672 		-26.8387 		14.8513
v 36.0635 		-26.6808 		14.8506
v 36.0524 		-26.5265 		14.8485
v 36.0339 		-26.3759 		14.845
v 36.008 		-26.2289 		14.8402
v 35.9747 		-26.0856 		14.8339
v 35.9339 		-25.9459 		14.8263
v 35.8865 		-25.8134 		14.8175
v 35.8332 		-25.687 		14.8075
v 35.774 		-25.5668 		14.7964
v 35.7088 		-25.4529 		14.7842
v 35.6377 		-25.3451 		14.7709
v 35.5607 		-25.2435 		14.7565
v 35.4757 		-25.1465 		14.7406
v 35.3851 		-25.0568 		14.7237
v 35.289 		-24.9744 		14.7057
v 35.1874 		-24.8993 		14.6867
v 35.0802 		-24.8314 		14.6667
v 34.9674 		-24.7709 		14.6456
v 34.8517 		-24.7208 		14.6239
v 34.7312 		-24.6797 		14.6014
v 34.6058 		-24.6478 		14.5779
v 34.4756 		-24.625 		14.5536
v 34.3407 		-24.6114 		14.5284
v 34.2009 		-24.6068 		14.5022
v 34.0892 		-24.6092 		14.4813
v 33.9809 		-24.6163 		14.4611
v 33.8759 		-24.6281 		14.4414
v 33.7743 		-24.6447 		14.4224
v 33.676 		-24.6661 		14.404
v 33.581 		-24.6921 		14.3863
v 33.4865 		-24.7239 		14.3686
v 33.3943 		-24.7622 		14.3514
v 33.3044 		-24.807 		14.3345
v 33.2166 		-24.8584 		14.3181
v 33.131 		-24.9164 		14.3021
v 33.0477 		-24.981 		14.2865
v 32.9685 		-25.0503 		14.2717
v 32.8907 		-25.1268 		14.2572
v 32.8144 		-25.2107 		14.2429
v 32.7396 		-25.3019 		14.2289
v 32.6663 		-25.4004 		14.2152
v 32.5945 		-25.5061 		14.2018
v 32.5258 		-25.6195 		14.1889
v 32.4575 		-25.741 		14.1762
v 32.3895 		-25.8704 		14.1634
v 32.3219 		-26.0079 		14.1508
v 32.2547 		-26.1534 		14.1382
v 32.1879 		-26.307 		14.1257
v 32.1349 		-26.4333 		14.1158
v 31.2975 		-25.4561 		13.9592
v 31.428 		-25.4536 		13.9836
v 31.4267 		-25.3863 		13.9834
v 31.4228 		-25.3201 		13.9827
v 31.4163 		-25.255 		13.9814
v 31.4073 		-25.191 		13.9797
v 31.3956 		-25.1281 		13.9776
v 31.3813 		-25.0663 		13.9749
v 31.3643 		-25.0061 		13.9717
v 31.3443 		-24.9481 		13.968
v 31.3213 		-24.8923 		13.9637
v 31.2954 		-24.8387 		13.9588
v 31.2665 		-24.7873 		13.9534
v 31.2347 		-24.7381 		13.9475
v 31.1977 		-24.6916 		13.9405
v 31.1577 		-24.6484 		13.9331
v 31.1147 		-24.6084 		13.925
v 31.0688 		-24.5718 		13.9164
v 31.0199 		-24.5384 		13.9073
v 30.9681 		-24.5083 		13.8976
v 30.9105 		-24.4823 		13.8868
v 30.8488 		-24.4609 		13.8753
v 30.7831 		-24.4443 		13.863
v 30.7133 		-24.4325 		13.85
v 30.6394 		-24.4254 		13.8361
v 30.5615 		-24.423 		13.8216
v 30.4878 		-24.4257 		13.8078
v 30.4133 		-24.4339 		13.7939
v 30.3382 		-24.4476 		13.7798
v 30.2623 		-24.4668 		13.7656
v 30.1856 		-24.4914 		13.7513
v 30.1082 		-24.5215 		13.7368
v 30.0319 		-24.5605 		13.7225
v 29.9586 		-24.6075 		13.7088
v 29.8882 		-24.6626 		13.6957
v 29.8208 		-24.7257 		13.6831
v 29.7564 		-24.7968 		13.671
v 29.6949 		-24.8759 		13.6595
v 29.6346 		-24.9635 		13.6482
v 29.5779 		-25.0597 		13.6376
v 29.525 		-25.1648 		13.6277
v 29.4757 		-25.2785 		13.6185
v 29.4302 		-25.4011 		13.61
v 29.3883 		-25.5324 		13.6022
v 29.3537 		-25.6757 		13.5957
v 29.3254 		-25.83 		13.5904
v 29.3033 		-25.9952 		13.5863
v 29.2876 		-26.1713 		13.5833
v 34.3527 		-27.6534 		14.5306
v 31.1725 		-25.4638 		13.9358
v 34.4208 		-27.6461 		14.5434
v 31.053 		-25.4766 		13.9135
v 34.4905 		-27.6359 		14.5564
v 30.9392 		-25.4944 		13.8922
v 34.5616 		-27.6227 		14.5697
v 30.8309 		-25.5174 		13.8719
v 33.3803 		-27.0072 		14.3487
v 34.6341 		-27.6067 		14.5832
v 32.0827 		-26.5542 		14.1061
v 33.441 		-26.8764 		14.3601
v 34.7088 		-27.5876 		14.5972
v 32.0312 		-26.6696 		14.0964
v 30.7281 		-25.5455 		13.8527
v 33.5002 		-26.7555 		14.3712
v 34.7815 		-27.5651 		14.6108
v 31.9805 		-26.7796 		14.087
v 30.6309 		-25.5801 		13.8346
v 33.558 		-26.6445 		14.382
v 31.9305 		-26.8841 		14.0776
v 30.5392 		-25.6184 		13.8174
v 33.6143 		-26.5433 		14.3925
v 34.8524 		-27.5394 		14.6241
v 31.8812 		-26.9831 		14.0684
v 30.4531 		-25.6604 		13.8013
v 33.6678 		-26.4485 		14.4025
v 34.9215 		-27.5104 		14.637
v 31.834 		-27.0746 		14.0596
v 30.3726 		-25.706 		13.7862
v 33.7217 		-26.3609 		14.4126
v 34.9887 		-27.4782 		14.6496
v 31.7857 		-27.1611 		14.0505
v 30.2976 		-25.7552 		13.7722
v 33.7759 		-26.2807 		14.4227
v 35.0541 		-27.4426 		14.6618
v 31.7363 		-27.2424 		14.0413
v 30.2282 		-25.8081 		13.7592
v 33.8306 		-26.2078 		14.433
v 35.1167 		-27.4014 		14.6735
v 31.6857 		-27.3186 		14.0318
v 30.1643 		-25.8646 		13.7473
v 33.8856 		-26.1421 		14.4432
v 35.1755 		-27.3565 		14.6845
v 31.6341 		-27.3897 		14.0222
v 30.106 		-25.9248 		13.7364
v 33.9409 		-26.0838 		14.4536
v 35.2307 		-27.308 		14.6948
v 31.5813 		-27.4557 		14.0123
v 30.0532 		-25.9886 		13.7265
v 33.9966 		-26.0318 		14.464
v 35.2822 		-27.2559 		14.7044
v 31.5295 		-27.5164 		14.0026
v 30.006 		-26.0561 		13.7177
v 35.3299 		-27.2001 		14.7134
v 31.4761 		-27.5717 		13.9926
v 29.9643 		-26.1272 		13.7099
v 35.374 		-27.1406 		14.7216
v 31.4213 		-27.6215 		13.9824
v 29.9282 		-26.2019 		13.7031
v 35.4127 		-27.0772 		14.7289
v 31.365 		-27.6658 		13.9719
v 29.8977 		-26.2796 		13.6974
v 35.4444 		-27.0093 		14.7348
v 29.8727 		-26.3595 		13.6928
v 35.469 		-26.9371 		14.7394
v 29.8532 		-26.4415 		13.6891
v 35.4866 		-26.8606 		14.7427
v 29.8394 		-26.5258 		13.6865
v 35.4971 		-26.7796 		14.7446
v 29.831 		-26.6122 		13.685
v 35.5007 		-26.6943 		14.7453
v 29.8282 		-26.7008 		13.6844
v 35.499 		-26.6335 		14.745
v 29.8303 		-26.7889 		13.6848
v 35.494 		-26.5739 		14.7441
v 29.8364 		-26.8737 		13.686
v 35.4857 		-26.5154 		14.7425
v 29.8466 		-26.9552 		13.6879
v 35.474 		-26.4579 		14.7403
v 29.8608 		-27.0334 		13.6905
v 35.459 		-26.4016 		14.7375
v 29.8792 		-27.1084 		13.694
v 35.4407 		-26.3463 		14.7341
v 29.9016 		-27.18 		13.6982
v 35.4214 		-26.2927 		14.7305
v 29.9297 		-27.2482 		13.7034
v 35.3992 		-26.2413 		14.7263
v 29.9608 		-27.3128 		13.7092
v 35.374 		-26.1921 		14.7216
v 29.9949 		-27.3737 		13.7156
v 35.3459 		-26.145 		14.7164
v 30.0319 		-27.4309 		13.7225
v 35.3148 		-26.1002 		14.7105
v 30.0719 		-27.4845 		13.73
v 35.2807 		-26.0575 		14.7042
v 30.1149 		-27.5345 		13.738
v 35.2437 		-26.0174 		14.6972
v 30.1608 		-27.5808 		13.7466
v 35.2037 		-25.9802 		14.6898
v 30.2097 		-27.6235 		13.7558
v 30.2615 		-27.6625 		13.7655
v 35.1607 		-25.9459 		14.6817
v 30.3163 		-27.6979 		13.7757
v 35.1148 		-25.9146 		14.6731
v 35.0659 		-25.8861 		14.664
v 30.3741 		-27.7296 		13.7865
v 35.0141 		-25.8606 		14.6543
v 30.4348 		-27.7577 		13.7979
v 34.9593 		-25.8405 		14.644
v 30.4957 		-27.7818 		13.8093
v 34.9015 		-25.8241 		14.6332
v 30.5585 		-27.8014 		13.821
v 34.8408 		-25.8114 		14.6219
v 30.6231 		-27.8168 		13.8331
v 34.7771 		-25.8022 		14.61
v 30.6896 		-27.8277 		13.8455
v 34.7104 		-25.7968 		14.5975
v 30.7579 		-27.8343 		13.8583
v 34.6408 		-25.7949 		14.5845
v 30.8281 		-27.8365 		13.8714
v 34.5771 		-25.7966 		14.5726
v 30.9046 		-27.8337 		13.8857
v 34.5149 		-25.8015 		14.5609
v 30.9784 		-27.8255 		13.8995
v 34.4542 		-25.8097 		14.5496
v 31.0497 		-27.8118 		13.9129
v 34.3949 		-25.8212 		14.5385
v 31.1184 		-27.7927 		13.9257
v 34.3371 		-25.836 		14.5277
v 31.1845 		-27.7681 		13.9381
v 34.2809 		-25.854 		14.5172
v 31.248 		-27.738 		13.95
v 34.2233 		-25.8786 		14.5064
v 31.3073 		-27.7046 		13.961
v 34.1661 		-25.9087 		14.4957
v 34.1092 		-25.9443 		14.4851
v 34.0527 		-25.9853 		14.4745
v 29.4865 		-32.9041 		12.9665
v 29.4865 		-29.7532 		12.9665
v 29.9798 		-29.7532 		13.0587
v 29.9798 		-32.5168 		13.0587
v 29.9798 		-32.9041 		13.0587
v 35.5803 		-32.3618 		14.1061
v 35.5722 		-32.333 		14.1046
v 35.5644 		-32.3033 		14.1031
v 36.0921 		-32.9041 		14.2018
v 35.5989 		-32.9041 		14.1096
v 35.5989 		-32.5168 		14.1096
v 35.5989 		-29.7532 		14.1096
v 36.0921 		-29.7532 		14.2018
v 35.5644 		-30.3521 		14.1031
v 35.5722 		-30.3243 		14.1046
v 35.5803 		-30.2953 		14.1061
v 29.9798 		-30.134 		13.0587
v 29.9803 		-32.4844 		13.0588
v 35.5981 		-32.4844 		14.1094
v 35.5989 		-30.134 		14.1096
v 29.9803 		-30.1684 		13.0588
v 29.982 		-32.4526 		13.0591
v 35.5959 		-32.4526 		14.109
v 35.5981 		-30.1684 		14.1094
v 29.982 		-30.2018 		13.0591
v 29.9848 		-32.4216 		13.0596
v 35.5922 		-32.4216 		14.1083
v 35.5959 		-30.2018 		14.109
v 29.9848 		-30.2341 		13.0596
v 29.9887 		-32.3914 		13.0604
v 35.587 		-32.3914 		14.1074
v 35.5922 		-30.2341 		14.1083
v 29.9887 		-30.2653 		13.0604
v 29.9937 		-32.3618 		13.0613
v 35.587 		-30.2653 		14.1074
v 29.9937 		-30.2953 		13.0613
v 29.9998 		-32.333 		13.0624
v 29.9998 		-30.3243 		13.0624
v 30.0075 		-32.3033 		13.0639
v 35.5544 		-32.2754 		14.1013
v 30.0075 		-30.3521 		13.0639
v 30.0175 		-32.2754 		13.0658
v 35.5422 		-32.2493 		14.099
v 35.5544 		-30.3783 		14.1013
v 30.0175 		-30.3783 		13.0658
v 30.0298 		-32.2493 		13.068
v 35.5278 		-32.2251 		14.0963
v 35.5422 		-30.4031 		14.099
v 30.0298 		-30.4031 		13.068
v 30.0442 		-32.2251 		13.0708
v 35.5111 		-32.2027 		14.0932
v 35.5278 		-30.4265 		14.0963
v 30.0442 		-30.4265 		13.0708
v 30.0609 		-32.2027 		13.0739
v 30.0609 		-30.4483 		13.0739
v 35.4922 		-32.182 		14.0896
v 30.0798 		-30.4688 		13.0774
v 35.4687 		-32.1611 		14.0852
v 30.1033 		-30.4897 		13.0818
v 35.4426 		-32.1419 		14.0804
v 30.1294 		-30.5089 		13.0867
v 35.4139 		-32.1246 		14.075
v 30.1581 		-30.5262 		13.092
v 35.3826 		-32.1091 		14.0691
v 30.1894 		-30.5417 		13.0979
v 35.3487 		-32.0954 		14.0628
v 30.2232 		-30.5554 		13.1042
v 35.3122 		-32.0836 		14.056
v 30.2597 		-30.5672 		13.1111
v 35.27 		-32.0736 		14.0481
v 30.3019 		-30.5793 		13.119
v 35.2234 		-32.0654 		14.0394
v 30.3486 		-30.5891 		13.1277
v 35.1723 		-32.059 		14.0298
v 30.3997 		-30.5968 		13.1372
v 35.1167 		-32.0544 		14.0194
v 30.4552 		-30.6022 		13.1476
v 35.0567 		-32.0517 		14.0082
v 30.5152 		-30.6055 		13.1588
v 34.9923 		-32.0508 		13.9961
v 30.5797 		-30.6066 		13.1709
v 35.5111 		-30.4483 		14.0932
v 35.4922 		-30.4688 		14.0896
v 30.0798 		-32.182 		13.0774
v 35.4687 		-30.4897 		14.0852
v 30.1033 		-32.1611 		13.0818
v 35.4426 		-30.5089 		14.0804
v 30.1294 		-32.1419 		13.0867
v 35.4139 		-30.5262 		14.075
v 30.1581 		-32.1246 		13.092
v 35.3826 		-30.5417 		14.0691
v 30.1894 		-32.1091 		13.0979
v 35.3487 		-30.5554 		14.0628
v 30.2232 		-32.0954 		13.1042
v 35.3122 		-30.5672 		14.056
v 30.2597 		-32.0836 		13.1111
v 30.5797 		-32.0508 		13.1709
v 34.9923 		-30.6066 		13.9961
v 30.5152 		-32.0517 		13.1588
v 35.0567 		-30.6055 		14.0082
v 30.4552 		-32.0544 		13.1476
v 35.1167 		-30.6022 		14.0194
v 30.3997 		-32.059 		13.1372
v 35.1723 		-30.5968 		14.0298
v 30.3486 		-32.0654 		13.1277
v 35.2234 		-30.5891 		14.0394
v 30.3019 		-32.0736 		13.119
v 35.27 		-30.5793 		14.0481
v 29.8616 		-29.7532 		13.6907
v 29.3683 		-29.7532 		13.5984
v 29.3683 		-32.9041 		13.5984
v 29.8616 		-32.9041 		13.6907
v 29.8616 		-32.5168 		13.6907
v 35.4462 		-32.3033 		14.7351
v 35.454 		-32.333 		14.7366
v 35.4622 		-32.3618 		14.7381
v 35.4807 		-32.5168 		14.7416
v 35.4807 		-32.9041 		14.7416
v 35.9739 		-32.9041 		14.8338
v 35.9739 		-29.7532 		14.8338
v 35.4807 		-29.7532 		14.7416
v 35.4622 		-30.2953 		14.7381
v 35.454 		-30.3243 		14.7366
v 35.4462 		-30.3521 		14.7351
v 29.8616 		-30.134 		13.6907
v 29.8621 		-32.4844 		13.6908
v 35.4799 		-32.4844 		14.7414
v 35.4807 		-30.134 		14.7416
v 29.8621 		-30.1684 		13.6908
v 29.8638 		-32.4526 		13.6911
v 35.4777 		-32.4526 		14.741
v 35.4799 		-30.1684 		14.7414
v 29.8638 		-30.2018 		13.6911
v 29.8666 		-32.4216 		13.6916
v 35.474 		-32.4216 		14.7403
v 35.4777 		-30.2018 		14.741
v 29.8666 		-30.2341 		13.6916
v 29.8705 		-32.3914 		13.6923
v 35.4688 		-32.3914 		14.7393
v 35.474 		-30.2341 		14.7403
v 29.8705 		-30.2653 		13.6923
v 29.8755 		-32.3618 		13.6933
v 35.4688 		-30.2653 		14.7393
v 29.8755 		-30.2953 		13.6933
v 29.8816 		-32.333 		13.6944
v 29.8816 		-30.3243 		13.6944
v 29.8893 		-32.3033 		13.6959
v 35.4362 		-32.2754 		14.7333
v 29.8893 		-30.3521 		13.6959
v 29.8993 		-32.2754 		13.6977
v 35.424 		-32.2493 		14.731
v 35.4362 		-30.3783 		14.7333
v 29.8993 		-30.3783 		13.6977
v 29.9116 		-32.2493 		13.7
v 35.4096 		-32.2251 		14.7283
v 35.424 		-30.4031 		14.731
v 29.9116 		-30.4031 		13.7
v 29.926 		-32.2251 		13.7027
v 35.3929 		-32.2027 		14.7251
v 35.4096 		-30.4265 		14.7283
v 29.926 		-30.4265 		13.7027
v 29.9427 		-32.2027 		13.7058
v 29.9427 		-30.4483 		13.7058
v 35.374 		-32.182 		14.7216
v 29.9616 		-30.4688 		13.7094
v 35.3505 		-32.1611 		14.7172
v 29.9851 		-30.4897 		13.7138
v 35.3244 		-32.1419 		14.7123
v 30.0112 		-30.5089 		13.7187
v 35.2957 		-32.1246 		14.707
v 30.0399 		-30.5262 		13.724
v 35.2644 		-32.1091 		14.7011
v 30.0712 		-30.5417 		13.7299
v 35.2305 		-32.0954 		14.6948
v 30.1051 		-30.5554 		13.7362
v 35.194 		-32.0836 		14.688
v 30.1415 		-30.5672 		13.743
v 35.1518 		-32.0736 		14.6801
v 30.1837 		-30.5793 		13.7509
v 35.1052 		-32.0654 		14.6713
v 30.2304 		-30.5891 		13.7597
v 35.0541 		-32.059 		14.6618
v 30.2815 		-30.5968 		13.7692
v 34.9985 		-32.0544 		14.6514
v 30.3371 		-30.6022 		13.7796
v 34.9385 		-32.0517 		14.6402
v 30.397 		-30.6055 		13.7908
v 34.8741 		-32.0508 		14.6281
v 30.4615 		-30.6066 		13.8029
v 35.3929 		-30.4483 		14.7251
v 35.374 		-30.4688 		14.7216
v 29.9616 		-32.182 		13.7094
v 35.3505 		-30.4897 		14.7172
v 29.9851 		-32.1611 		13.7138
v 35.3244 		-30.5089 		14.7123
v 30.0112 		-32.1419 		13.7187
v 35.2957 		-30.5262 		14.707
v 30.0399 		-32.1246 		13.724
v 35.2644 		-30.5417 		14.7011
v 30.0712 		-32.1091 		13.7299
v 35.2305 		-30.5554 		14.6948
v 30.1051 		-32.0954 		13.7362
v 35.194 		-30.5672 		14.688
v 30.1415 		-32.0836 		13.743
v 30.4615 		-32.0508 		13.8029
v 34.8741 		-30.6066 		14.6281
v 30.397 		-32.0517 		13.7908
v 34.9385 		-30.6055 		14.6402
v 30.3371 		-32.0544 		13.7796
v 34.9985 		-30.6022 		14.6514
v 30.2815 		-32.059 		13.7692
v 35.0541 		-30.5968 		14.6618
v 30.2304 		-32.0654 		13.7597
v 35.1052 		-30.5891 		14.6713
v 30.1837 		-32.0736 		13.7509
v 35.1518 		-30.5793 		14.6801
v 34.3857 		-38.4904 		13.8827
v 34.3857 		-37.8733 		13.8827
v 34.8323 		-37.8274 		13.9662
v 35.5989 		-33.4161 		14.1096
v 36.0921 		-33.4161 		14.2018
v 36.0921 		-38.4904 		14.2018
v 29.4865 		-33.4161 		12.9665
v 29.9798 		-33.4161 		13.0587
v 29.9798 		-33.7969 		13.0587
v 29.9798 		-36.7443 		13.0587
v 29.4865 		-36.7443 		12.9665
v 32.9993 		-37.8668 		13.6234
v 32.4527 		-37.8668 		13.5212
v 32.4527 		-35.7071 		13.5212
v 34.9488 		-37.8086 		13.988
v 35.5989 		-33.7969 		14.1096
v 29.9801 		-33.8293 		13.0588
v 29.9798 		-36.1797 		13.0587
v 32.9993 		-35.7071 		13.6234
v 35.0538 		-37.7829 		14.0076
v 35.5983 		-33.8293 		14.1095
v 29.9812 		-33.8611 		13.059
v 29.9803 		-36.1471 		13.0588
v 35.1473 		-37.7503 		14.0251
v 35.5966 		-33.8611 		14.1092
v 29.9831 		-33.8921 		13.0593
v 29.982 		-36.1148 		13.0591
v 35.2293 		-37.7107 		14.0405
v 35.5939 		-33.8921 		14.1087
v 29.9857 		-33.9223 		13.0598
v 29.9848 		-36.0829 		13.0596
v 35.2998 		-37.6642 		14.0537
v 35.59 		-33.9223 		14.1079
v 29.989 		-33.9519 		13.0604
v 29.9887 		-36.0514 		13.0604
v 35.585 		-33.9519 		14.107
v 29.9931 		-33.9807 		13.0612
v 29.9937 		-36.0202 		13.0613
v 35.3589 		-37.6108 		14.0647
v 35.5789 		-33.9807 		14.1058
v 30.0007 		-34.0086 		13.0626
v 29.9998 		-35.9894 		13.0624
v 35.4098 		-37.5488 		14.0742
v 35.5711 		-34.0086 		14.1044
v 30.0101 		-34.0354 		13.0644
v 30.0075 		-35.9615 		13.0639
v 35.4515 		-37.4809 		14.082
v 35.5611 		-34.0354 		14.1025
v 30.0214 		-34.0611 		13.0665
v 30.0175 		-35.9347 		13.0658
v 35.4839 		-37.4073 		14.0881
v 35.5489 		-34.0611 		14.1002
v 30.0346 		-34.0857 		13.0689
v 30.0298 		-35.909 		13.068
v 35.507 		-37.3278 		14.0924
v 35.5344 		-34.0857 		14.0975
v 30.0496 		-34.1092 		13.0718
v 30.0442 		-35.8843 		13.0708
v 35.5209 		-37.2424 		14.095
v 35.5178 		-34.1092 		14.0944
v 30.0664 		-34.1317 		13.0749
v 30.0609 		-35.8608 		13.0739
v 35.5255 		-37.1513 		14.0959
v 35.4989 		-34.1317 		14.0909
v 35.5255 		-35.7071 		14.0959
v 35.4776 		-34.1526 		14.0869
v 30.0877 		-34.1526 		13.0789
v 30.1116 		-34.1718 		13.0834
v 35.4537 		-34.1718 		14.0824
v 30.1381 		-34.1891 		13.0883
v 35.4272 		-34.1891 		14.0775
v 30.1671 		-34.2046 		13.0937
v 30.1988 		-34.2183 		13.0997
v 35.3981 		-34.2046 		14.0721
v 30.2331 		-34.2301 		13.1061
v 30.2727 		-34.2422 		13.1135
v 35.3665 		-34.2183 		14.0661
v 30.316 		-34.252 		13.1216
v 35.3322 		-34.2301 		14.0597
v 30.363 		-34.2597 		13.1304
v 30.5797 		-35.7071 		13.1709
v 30.4138 		-34.2651 		13.1399
v 30.5152 		-35.708 		13.1588
v 30.4682 		-34.2684 		13.15
v 30.4552 		-35.7108 		13.1476
v 30.5263 		-34.2695 		13.1609
v 35.2924 		-34.2422 		14.0523
v 30.0798 		-35.8384 		13.0774
v 30.3997 		-35.7153 		13.1372
v 30.1033 		-35.8192 		13.0818
v 30.3486 		-35.7217 		13.1277
v 30.1294 		-35.8012 		13.0867
v 30.3019 		-35.7299 		13.119
v 30.1581 		-35.7842 		13.092
v 30.2597 		-35.7399 		13.1111
v 30.1894 		-35.7684 		13.0979
v 35.2485 		-34.252 		14.0441
v 30.2232 		-35.7536 		13.1042
v 35.2006 		-34.2597 		14.0351
v 35.1486 		-34.2651 		14.0254
v 35.0323 		-34.2695 		14.0036
v 35.0925 		-34.2684 		14.0149
v 34.7141 		-37.8274 		14.5982
v 34.2675 		-37.8733 		14.5147
v 34.2675 		-38.4904 		14.5147
v 35.9739 		-38.4904 		14.8338
v 35.9739 		-33.4161 		14.8338
v 35.4807 		-33.4161 		14.7416
v 29.8616 		-33.7969 		13.6907
v 29.8616 		-33.4161 		13.6907
v 29.3683 		-33.4161 		13.5984
v 29.3683 		-36.7443 		13.5984
v 29.8616 		-36.7443 		13.6907
v 32.3345 		-35.7071 		14.1532
v 32.3345 		-37.8668 		14.1532
v 32.8811 		-37.8668 		14.2554
v 34.8306 		-37.8086 		14.62
v 35.4807 		-33.7969 		14.7416
v 29.8619 		-33.8293 		13.6907
v 29.8616 		-36.1797 		13.6907
v 32.8811 		-35.7071 		14.2554
v 34.9356 		-37.7829 		14.6396
v 35.4801 		-33.8293 		14.7415
v 29.8631 		-33.8611 		13.6909
v 29.8621 		-36.1471 		13.6908
v 35.0291 		-37.7503 		14.6571
v 35.4784 		-33.8611 		14.7411
v 29.8649 		-33.8921 		13.6913
v 29.8638 		-36.1148 		13.6911
v 35.1111 		-37.7107 		14.6724
v 35.4757 		-33.8921 		14.7406
v 29.8675 		-33.9223 		13.6918
v 29.8666 		-36.0829 		13.6916
v 35.1816 		-37.6642 		14.6856
v 35.4718 		-33.9223 		14.7399
v 29.8708 		-33.9519 		13.6924
v 29.8705 		-36.0514 		13.6923
v 35.4668 		-33.9519 		14.739
v 29.8749 		-33.9807 		13.6932
v 29.8755 		-36.0202 		13.6933
v 35.2407 		-37.6108 		14.6967
v 35.4607 		-33.9807 		14.7378
v 29.8825 		-34.0086 		13.6946
v 29.8816 		-35.9894 		13.6944
v 35.2916 		-37.5488 		14.7062
v 35.4529 		-34.0086 		14.7364
v 29.8919 		-34.0354 		13.6964
v 29.8893 		-35.9615 		13.6959
v 35.3333 		-37.4809 		14.714
v 35.4429 		-34.0354 		14.7345
v 29.9032 		-34.0611 		13.6985
v 29.8993 		-35.9347 		13.6977
v 35.3657 		-37.4073 		14.7201
v 35.4307 		-34.0611 		14.7322
v 29.9164 		-34.0857 		13.7009
v 29.9116 		-35.909 		13.7
v 35.3888 		-37.3278 		14.7244
v 35.4162 		-34.0857 		14.7295
v 29.9314 		-34.1092 		13.7037
v 29.926 		-35.8843 		13.7027
v 35.4027 		-37.2424 		14.727
v 35.3996 		-34.1092 		14.7264
v 29.9482 		-34.1317 		13.7069
v 29.9427 		-35.8608 		13.7058
v 35.4073 		-37.1513 		14.7278
v 35.3807 		-34.1317 		14.7229
v 35.4073 		-35.7071 		14.7278
v 35.3594 		-34.1526 		14.7189
v 29.9695 		-34.1526 		13.7109
v 29.9934 		-34.1718 		13.7153
v 35.3355 		-34.1718 		14.7144
v 30.0199 		-34.1891 		13.7203
v 35.309 		-34.1891 		14.7095
v 30.049 		-34.2046 		13.7257
v 30.0806 		-34.2183 		13.7316
v 35.28 		-34.2046 		14.704
v 30.1149 		-34.2301 		13.738
v 30.1545 		-34.2422 		13.7455
v 35.2483 		-34.2183 		14.6981
v 30.1978 		-34.252 		13.7536
v 35.214 		-34.2301 		14.6917
v 30.2448 		-34.2597 		13.7624
v 30.4615 		-35.7071 		13.8029
v 30.2956 		-34.2651 		13.7718
v 30.397 		-35.708 		13.7908
v 30.35 		-34.2684 		13.782
v 30.3371 		-35.7108 		13.7796
v 30.4082 		-34.2695 		13.7929
v 35.1742 		-34.2422 		14.6843
v 29.9616 		-35.8384 		13.7094
v 30.2815 		-35.7153 		13.7692
v 29.9851 		-35.8192 		13.7138
v 30.2304 		-35.7217 		13.7597
v 30.0112 		-35.8012 		13.7187
v 30.1837 		-35.7299 		13.7509
v 30.0399 		-35.7842 		13.724
v 30.1415 		-35.7399 		13.743
v 30.0712 		-35.7684 		13.7299
v 35.1304 		-34.252 		14.676
v 30.1051 		-35.7536 		13.7362
v 35.0824 		-34.2597 		14.6671
v 35.0304 		-34.2651 		14.6573
v 34.9141 		-34.2695 		14.6356
v 34.9743 		-34.2684 		14.6469
v 29.4865 		-42.2321 		12.9665
v 29.4865 		-39.0812 		12.9665
v 29.9798 		-39.0812 		13.0587
v 29.9798 		-41.8448 		13.0587
v 29.9798 		-42.2321 		13.0587
v 35.5803 		-41.6898 		14.1061
v 35.5722 		-41.661 		14.1046
v 35.5644 		-41.6312 		14.1031
v 36.0921 		-42.2321 		14.2018
v 35.5989 		-42.2321 		14.1096
v 35.5989 		-41.8448 		14.1096
v 35.5989 		-39.0812 		14.1096
v 36.0921 		-39.0812 		14.2018
v 35.5644 		-39.68 		14.1031
v 35.5722 		-39.6523 		14.1046
v 35.5803 		-39.6233 		14.1061
v 29.9798 		-39.4619 		13.0587
v 29.9803 		-41.8123 		13.0588
v 35.5981 		-41.8123 		14.1094
v 35.5989 		-39.4619 		14.1096
v 29.9803 		-39.4964 		13.0588
v 29.982 		-41.7806 		13.0591
v 35.5959 		-41.7806 		14.109
v 35.5981 		-39.4964 		14.1094
v 29.982 		-39.5297 		13.0591
v 29.9848 		-41.7496 		13.0596
v 35.5922 		-41.7496 		14.1083
v 35.5959 		-39.5297 		14.109
v 29.9848 		-39.562 		13.0596
v 29.9887 		-41.7193 		13.0604
v 35.587 		-41.7193 		14.1074
v 35.5922 		-39.562 		14.1083
v 29.9887 		-39.5932 		13.0604
v 29.9937 		-41.6898 		13.0613
v 35.587 		-39.5932 		14.1074
v 29.9937 		-39.6233 		13.0613
v 29.9998 		-41.661 		13.0624
v 29.9998 		-39.6523 		13.0624
v 30.0075 		-41.6312 		13.0639
v 35.5544 		-41.6033 		14.1013
v 30.0075 		-39.68 		13.0639
v 30.0175 		-41.6033 		13.0658
v 35.5422 		-41.5773 		14.099
v 35.5544 		-39.7062 		14.1013
v 30.0175 		-39.7062 		13.0658
v 30.0298 		-41.5773 		13.068
v 35.5278 		-41.553 		14.0963
v 35.5422 		-39.731 		14.099
v 30.0298 		-39.731 		13.068
v 30.0442 		-41.553 		13.0708
v 35.5111 		-41.5306 		14.0932
v 35.5278 		-39.7544 		14.0963
v 30.0442 		-39.7544 		13.0708
v 30.0609 		-41.5306 		13.0739
v 30.0609 		-39.7763 		13.0739
v 35.4922 		-41.51 		14.0896
v 30.0798 		-39.7967 		13.0774
v 35.4687 		-41.489 		14.0852
v 30.1033 		-39.8177 		13.0818
v 35.4426 		-41.4699 		14.0804
v 30.1294 		-39.8368 		13.0867
v 35.4139 		-41.4525 		14.075
v 30.1581 		-39.8541 		13.092
v 35.3826 		-41.437 		14.0691
v 30.1894 		-39.8696 		13.0979
v 35.3487 		-41.4234 		14.0628
v 30.2232 		-39.8833 		13.1042
v 35.3122 		-41.4115 		14.056
v 30.2597 		-39.8952 		13.1111
v 35.27 		-41.4015 		14.0481
v 30.3019 		-39.9072 		13.119
v 35.2234 		-41.3933 		14.0394
v 30.3486 		-39.917 		13.1277
v 35.1723 		-41.3869 		14.0298
v 30.3997 		-39.9247 		13.1372
v 35.1167 		-41.3823 		14.0194
v 30.4552 		-39.9302 		13.1476
v 35.0567 		-41.3796 		14.0082
v 30.5152 		-39.9334 		13.1588
v 34.9923 		-41.3787 		13.9961
v 30.5797 		-39.9345 		13.1709
v 35.5111 		-39.7763 		14.0932
v 35.4922 		-39.7967 		14.0896
v 30.0798 		-41.51 		13.0774
v 35.4687 		-39.8177 		14.0852
v 30.1033 		-41.489 		13.0818
v 35.4426 		-39.8368 		14.0804
v 30.1294 		-41.4699 		13.0867
v 35.4139 		-39.8541 		14.075
v 30.1581 		-41.4525 		13.092
v 35.3826 		-39.8696 		14.0691
v 30.1894 		-41.437 		13.0979
v 35.3487 		-39.8833 		14.0628
v 30.2232 		-41.4234 		13.1042
v 35.3122 		-39.8952 		14.056
v 30.2597 		-41.4115 		13.1111
v 30.5797 		-41.3787 		13.1709
v 34.9923 		-39.9345 		13.9961
v 30.5152 		-41.3796 		13.1588
v 35.0567 		-39.9334 		14.0082
v 30.4552 		-41.3823 		13.1476
v 35.1167 		-39.9302 		14.0194
v 30.3997 		-41.3869 		13.1372
v 35.1723 		-39.9247 		14.0298
v 30.3486 		-41.3933 		13.1277
v 35.2234 		-39.917 		14.0394
v 30.3019 		-41.4015 		13.119
v 35.27 		-39.9072 		14.0481
v 29.8616 		-39.0812 		13.6907
v 29.3683 		-39.0812 		13.5984
v 29.3683 		-42.2321 		13.5984
v 29.8616 		-42.2321 		13.6907
v 29.8616 		-41.8448 		13.6907
v 35.4462 		-41.6312 		14.7351
v 35.454 		-41.661 		14.7366
v 35.4622 		-41.6898 		14.7381
v 35.4807 		-41.8448 		14.7416
v 35.4807 		-42.2321 		14.7416
v 35.9739 		-42.2321 		14.8338
v 35.9739 		-39.0812 		14.8338
v 35.4807 		-39.0812 		14.7416
v 35.4622 		-39.6233 		14.7381
v 35.454 		-39.6523 		14.7366
v 35.4462 		-39.68 		14.7351
v 29.8616 		-39.4619 		13.6907
v 29.8621 		-41.8123 		13.6908
v 35.4799 		-41.8123 		14.7414
v 35.4807 		-39.4619 		14.7416
v 29.8621 		-39.4964 		13.6908
v 29.8638 		-41.7806 		13.6911
v 35.4777 		-41.7806 		14.741
v 35.4799 		-39.4964 		14.7414
v 29.8638 		-39.5297 		13.6911
v 29.8666 		-41.7496 		13.6916
v 35.474 		-41.7496 		14.7403
v 35.4777 		-39.5297 		14.741
v 29.8666 		-39.562 		13.6916
v 29.8705 		-41.7193 		13.6923
v 35.4688 		-41.7193 		14.7393
v 35.474 		-39.562 		14.7403
v 29.8705 		-39.5932 		13.6923
v 29.8755 		-41.6898 		13.6933
v 35.4688 		-39.5932 		14.7393
v 29.8755 		-39.6233 		13.6933
v 29.8816 		-41.661 		13.6944
v 29.8816 		-39.6523 		13.6944
v 29.8893 		-41.6312 		13.6959
v 35.4362 		-41.6033 		14.7333
v 29.8893 		-39.68 		13.6959
v 29.8993 		-41.6033 		13.6977
v 35.424 		-41.5773 		14.731
v 35.4362 		-39.7062 		14.7333
v 29.8993 		-39.7062 		13.6977
v 29.9116 		-41.5773 		13.7
v 35.4096 		-41.553 		14.7283
v 35.424 		-39.731 		14.731
v 29.9116 		-39.731 		13.7
v 29.926 		-41.553 		13.7027
v 35.3929 		-41.5306 		14.7251
v 35.4096 		-39.7544 		14.7283
v 29.926 		-39.7544 		13.7027
v 29.9427 		-41.5306 		13.7058
v 29.9427 		-39.7763 		13.7058
v 35.374 		-41.51 		14.7216
v 29.9616 		-39.7967 		13.7094
v 35.3505 		-41.489 		14.7172
v 29.9851 		-39.8177 		13.7138
v 35.3244 		-41.4699 		14.7123
v 30.0112 		-39.8368 		13.7187
v 35.2957 		-41.4525 		14.707
v 30.0399 		-39.8541 		13.724
v 35.2644 		-41.437 		14.7011
v 30.0712 		-39.8696 		13.7299
v 35.2305 		-41.4234 		14.6948
v 30.1051 		-39.8833 		13.7362
v 35.194 		-41.4115 		14.688
v 30.1415 		-39.8952 		13.743
v 35.1518 		-41.4015 		14.6801
v 30.1837 		-39.9072 		13.7509
v 35.1052 		-41.3933 		14.6713
v 30.2304 		-39.917 		13.7597
v 35.0541 		-41.3869 		14.6618
v 30.2815 		-39.9247 		13.7692
v 34.9985 		-41.3823 		14.6514
v 30.3371 		-39.9302 		13.7796
v 34.9385 		-41.3796 		14.6402
v 30.397 		-39.9334 		13.7908
v 34.8741 		-41.3787 		14.6281
v 30.4615 		-39.9345 		13.8029
v 35.3929 		-39.7763 		14.7251
v 35.374 		-39.7967 		14.7216
v 29.9616 		-41.51 		13.7094
v 35.3505 		-39.8177 		14.7172
v 29.9851 		-41.489 		13.7138
v 35.3244 		-39.8368 		14.7123
v 30.0112 		-41.4699 		13.7187
v 35.2957 		-39.8541 		14.707
v 30.0399 		-41.4525 		13.724
v 35.2644 		-39.8696 		14.7011
v 30.0712 		-41.437 		13.7299
v 35.2305 		-39.8833 		14.6948
v 30.1051 		-41.4234 		13.7362
v 35.194 		-39.8952 		14.688
v 30.1415 		-41.4115 		13.743
v 30.4615 		-41.3787 		13.8029
v 34.8741 		-39.9345 		14.6281
v 30.397 		-41.3796 		13.7908
v 34.9385 		-39.9334 		14.6402
v 30.3371 		-41.3823 		13.7796
v 34.9985 		-39.9302 		14.6514
v 30.2815 		-41.3869 		13.7692
v 35.0541 		-39.9247 		14.6618
v 30.2304 		-41.3933 		13.7597
v 35.1052 		-39.917 		14.6713
v 30.1837 		-41.4015 		13.7509
v 35.1518 		-39.9072 		14.6801
v 33.2126 		-47.2013 		13.6633
v 32.6593 		-47.2013 		13.5598
v 32.6593 		-45.035 		13.5598
v 34.3857 		-47.8183 		13.8827
v 34.3857 		-47.2013 		13.8827
v 34.819 		-47.1553 		13.9637
v 35.5989 		-42.7375 		14.1096
v 36.0921 		-42.7375 		14.2018
v 36.0921 		-47.8183 		14.2018
v 29.4865 		-42.7375 		12.9665
v 29.9798 		-42.7375 		13.0587
v 29.9798 		-43.1182 		13.0587
v 31.1862 		-47.5164 		13.2843
v 31.1862 		-48.1137 		13.2843
v 29.4865 		-48.1137 		12.9665
v 30.7026 		-47.4369 		13.1939
v 30.753 		-47.4441 		13.2033
v 30.4315 		-47.3645 		13.1432
v 30.473 		-47.3785 		13.1509
v 30.516 		-47.3931 		13.159
v 33.2126 		-45.035 		13.6633
v 34.9279 		-47.1396 		13.9841
v 35.5989 		-43.1182 		14.1096
v 29.9801 		-43.1507 		13.0588
v 35.0278 		-47.1189 		14.0028
v 35.5983 		-43.1527 		14.1095
v 29.9812 		-43.1824 		13.059
v 30.6537 		-47.4281 		13.1847
v 35.1189 		-47.093 		14.0198
v 35.5966 		-43.1861 		14.1092
v 29.9831 		-43.2134 		13.0593
v 30.6063 		-47.4179 		13.1759
v 35.2011 		-47.062 		14.0352
v 35.5939 		-43.2184 		14.1087
v 29.9857 		-43.2437 		13.0598
v 30.5604 		-47.4062 		13.1673
v 35.2745 		-47.0259 		14.0489
v 35.59 		-43.2495 		14.1079
v 29.989 		-43.2732 		13.0604
v 35.3389 		-46.9846 		14.061
v 35.585 		-43.2796 		14.107
v 29.9931 		-43.302 		13.0612
v 35.3959 		-46.9367 		14.0716
v 35.5789 		-43.3086 		14.1058
v 30.0009 		-43.3299 		13.0626
v 30.3916 		-47.3486 		13.1357
v 35.5709 		-43.3363 		14.1044
v 30.0109 		-43.3567 		13.0645
v 30.353 		-47.3309 		13.1285
v 35.4426 		-46.8803 		14.0804
v 35.5603 		-43.3626 		14.1024
v 30.0231 		-43.3825 		13.0668
v 30.316 		-47.3114 		13.1216
v 35.4789 		-46.8156 		14.0871
v 35.5472 		-43.3874 		14.0999
v 30.0375 		-43.4071 		13.0695
v 30.2805 		-47.2901 		13.1149
v 35.5048 		-46.7425 		14.092
v 35.5315 		-43.4107 		14.097
v 30.0542 		-43.4306 		13.0726
v 30.2464 		-47.2669 		13.1086
v 35.5204 		-46.661 		14.0949
v 35.5131 		-43.4326 		14.0936
v 30.2164 		-47.2421 		13.103
v 35.5255 		-46.5711 		14.0959
v 35.4922 		-43.453 		14.0896
v 30.0731 		-43.453 		13.0762
v 30.1886 		-47.2159 		13.0978
v 35.5255 		-45.035 		14.0959
v 35.4705 		-43.474 		14.0856
v 30.0925 		-43.474 		13.0798
v 30.1631 		-47.1881 		13.093
v 30.1153 		-43.4931 		13.084
v 30.1397 		-47.159 		13.0886
v 35.4455 		-43.4931 		14.0809
v 30.1414 		-43.5105 		13.0889
v 30.1186 		-47.1283 		13.0847
v 30.1708 		-43.526 		13.0944
v 30.0997 		-47.0962 		13.0811
v 35.4172 		-43.5105 		14.0756
v 30.2036 		-43.5396 		13.1006
v 30.0855 		-47.0623 		13.0785
v 30.2397 		-43.5515 		13.1073
v 30.0738 		-47.0262 		13.0763
v 35.3856 		-43.526 		14.0697
v 30.2773 		-43.5635 		13.1143
v 30.0648 		-46.9879 		13.0746
v 35.3506 		-43.5396 		14.0632
v 30.319 		-43.5734 		13.1221
v 30.0583 		-46.9474 		13.0734
v 35.3122 		-43.5515 		14.056
v 30.0544 		-46.9048 		13.0727
v 35.2721 		-43.5635 		14.0485
v 30.0531 		-46.8599 		13.0724
v 30.0531 		-45.035 		13.0724
v 35.2271 		-43.5734 		14.0401
v 35.1773 		-43.581 		14.0307
v 30.3647 		-43.581 		13.1307
v 35.1226 		-43.5865 		14.0205
v 30.4145 		-43.5865 		13.14
v 35.0632 		-43.5898 		14.0094
v 30.4684 		-43.5898 		13.1501
v 34.999 		-43.5909 		13.9974
v 30.5263 		-43.5909 		13.1609
v 32.5411 		-45.035 		14.1918
v 32.5411 		-47.2013 		14.1918
v 33.0944 		-47.2013 		14.2953
v 34.7008 		-47.1553 		14.5957
v 34.2675 		-47.2013 		14.5147
v 34.2675 		-47.8183 		14.5147
v 35.9739 		-47.8183 		14.8338
v 35.9739 		-42.7375 		14.8338
v 35.4807 		-42.7375 		14.7416
v 29.8616 		-43.1182 		13.6907
v 29.8616 		-42.7375 		13.6907
v 29.3683 		-42.7375 		13.5984
v 29.3683 		-48.1137 		13.5984
v 31.068 		-48.1137 		13.9163
v 31.068 		-47.5164 		13.9163
v 30.6348 		-47.4441 		13.8353
v 30.5844 		-47.4369 		13.8259
v 30.3978 		-47.3931 		13.791
v 30.3548 		-47.3785 		13.7829
v 30.3134 		-47.3645 		13.7752
v 33.0944 		-45.035 		14.2953
v 34.8097 		-47.1396 		14.6161
v 35.4807 		-43.1182 		14.7416
v 29.8619 		-43.1507 		13.6907
v 34.9096 		-47.1189 		14.6348
v 35.4801 		-43.1527 		14.7415
v 29.8631 		-43.1824 		13.6909
v 30.5355 		-47.4281 		13.8167
v 35.0007 		-47.093 		14.6518
v 35.4784 		-43.1861 		14.7411
v 29.8649 		-43.2134 		13.6913
v 30.4881 		-47.4179 		13.8079
v 35.083 		-47.062 		14.6672
v 35.4757 		-43.2184 		14.7406
v 29.8675 		-43.2437 		13.6918
v 30.4422 		-47.4062 		13.7993
v 35.1563 		-47.0259 		14.6809
v 35.4718 		-43.2495 		14.7399
v 29.8708 		-43.2732 		13.6924
v 35.2207 		-46.9846 		14.6929
v 35.4668 		-43.2796 		14.739
v 29.8749 		-43.302 		13.6932
v 35.2777 		-46.9367 		14.7036
v 35.4607 		-43.3086 		14.7378
v 29.8827 		-43.3299 		13.6946
v 30.2734 		-47.3486 		13.7677
v 35.4527 		-43.3363 		14.7363
v 29.8927 		-43.3567 		13.6965
v 30.2348 		-47.3309 		13.7605
v 35.3244 		-46.8803 		14.7123
v 35.4422 		-43.3626 		14.7344
v 29.9049 		-43.3825 		13.6988
v 30.1978 		-47.3114 		13.7536
v 35.3607 		-46.8156 		14.7191
v 35.429 		-43.3874 		14.7319
v 29.9193 		-43.4071 		13.7015
v 30.1623 		-47.2901 		13.7469
v 35.3866 		-46.7425 		14.724
v 35.4133 		-43.4107 		14.729
v 29.936 		-43.4306 		13.7046
v 30.1282 		-47.2669 		13.7405
v 35.4022 		-46.661 		14.7269
v 35.3949 		-43.4326 		14.7255
v 30.0982 		-47.2421 		13.7349
v 35.4073 		-46.5711 		14.7278
v 35.374 		-43.453 		14.7216
v 29.9549 		-43.453 		13.7081
v 30.0704 		-47.2159 		13.7297
v 35.4073 		-45.035 		14.7278
v 35.3524 		-43.474 		14.7176
v 29.9743 		-43.474 		13.7118
v 30.0449 		-47.1881 		13.725
v 29.9971 		-43.4931 		13.716
v 30.0215 		-47.159 		13.7206
v 35.3274 		-43.4931 		14.7129
v 30.0232 		-43.5105 		13.7209
v 30.0004 		-47.1283 		13.7166
v 30.0527 		-43.526 		13.7264
v 29.9816 		-47.0962 		13.7131
v 35.299 		-43.5105 		14.7076
v 30.0854 		-43.5396 		13.7325
v 29.9673 		-47.0623 		13.7104
v 30.1215 		-43.5515 		13.7393
v 29.9556 		-47.0262 		13.7083
v 35.2674 		-43.526 		14.7017
v 30.1591 		-43.5635 		13.7463
v 29.9466 		-46.9879 		13.7066
v 35.2324 		-43.5396 		14.6951
v 30.2008 		-43.5734 		13.7541
v 29.9401 		-46.9474 		13.7054
v 35.194 		-43.5515 		14.688
v 29.9362 		-46.9048 		13.7046
v 35.1539 		-43.5635 		14.6804
v 29.9349 		-46.8599 		13.7044
v 29.9349 		-45.035 		13.7044
v 35.1089 		-43.5734 		14.672
v 35.0591 		-43.581 		14.6627
v 30.2465 		-43.581 		13.7627
v 35.0044 		-43.5865 		14.6525
v 30.2963 		-43.5865 		13.772
v 34.945 		-43.5898 		14.6414
v 30.3502 		-43.5898 		13.7821
v 34.8808 		-43.5909 		14.6294
v 30.4082 		-43.5909 		13.7929
v 33.4096 		-54.9093 		13.7001
v 33.163 		-54.9279 		13.654
v 32.906 		-54.9341 		13.606
v 33.8717 		-54.8349 		13.7866
v 33.6458 		-54.8783 		13.7443
v 34.2924 		-54.7109 		13.8653
v 34.0873 		-54.7791 		13.8269
v 34.6664 		-54.5409 		13.9352
v 34.4848 		-54.6312 		13.9012
v 34.9975 		-54.3287 		13.9971
v 34.8373 		-54.4401 		13.9672
v 35.2856 		-54.0741 		14.051
v 35.1469 		-54.2067 		14.0251
v 35.53 		-53.7744 		14.0967
v 35.4133 		-53.9292 		14.0749
v 35.7299 		-53.4352 		14.1341
v 35.6355 		-53.6097 		14.1164
v 35.8855 		-53.0567 		14.1632
v 35.8133 		-53.2509 		14.1497
v 36.0003 		-52.6409 		14.1847
v 35.9486 		-52.8532 		14.175
v 36.0692 		-52.1902 		14.1975
v 36.0405 		-52.4199 		14.1922
v 36.0921 		-51.7044 		14.2018
v 36.0864 		-51.9517 		14.2008
v 35.5989 		-48.6914 		14.1096
v 36.0921 		-48.6914 		14.2018
v 30.0598 		-50.9823 		13.0737
v 30.0588 		-49.3865 		13.0735
v 30.0798 		-49.4069 		13.0774
v 30.0598 		-51.4943 		13.0737
v 29.4865 		-48.6914 		12.9665
v 29.9731 		-48.6914 		13.0575
v 29.9731 		-49.0721 		13.0575
v 29.4934 		-51.9639 		12.9677
v 29.4865 		-51.7044 		12.9665
v 29.5482 		-52.4511 		12.978
v 29.5139 		-52.2128 		12.9716
v 29.6578 		-52.896 		12.9985
v 29.5961 		-52.6788 		12.987
v 29.8231 		-53.2984 		13.0294
v 29.7331 		-53.1026 		13.0126
v 30.0364 		-53.6573 		13.0693
v 29.9242 		-53.4833 		13.0483
v 30.2942 		-53.9724 		13.1175
v 30.1597 		-53.8203 		13.0924
v 30.5937 		-54.2435 		13.1735
v 30.4397 		-54.1135 		13.1447
v 30.9329 		-54.4696 		13.237
v 30.7582 		-54.3622 		13.2043
v 31.3136 		-54.6505 		13.3082
v 31.1181 		-54.5657 		13.2716
v 31.7321 		-54.7882 		13.3864
v 31.5195 		-54.724 		13.3467
v 32.1794 		-54.8816 		13.4701
v 31.952 		-54.8407 		13.4276
v 32.6564 		-54.9282 		13.5593
v 32.4142 		-54.9107 		13.514
v 30.1014 		-49.4279 		13.0815
v 30.0405 		-49.3646 		13.0701
v 29.9737 		-49.1066 		13.0576
v 35.5989 		-49.0721 		14.1096
v 30.1264 		-49.447 		13.0861
v 30.0248 		-49.3412 		13.0671
v 29.9753 		-49.1399 		13.0579
v 30.1547 		-49.4643 		13.0914
v 30.0116 		-49.3164 		13.0647
v 29.9781 		-49.1722 		13.0584
v 35.5983 		-49.1046 		14.1095
v 30.1864 		-49.4798 		13.0973
v 30.0011 		-49.2902 		13.0627
v 29.982 		-49.2034 		13.0591
v 35.5966 		-49.1363 		14.1092
v 30.2214 		-49.4935 		13.1039
v 29.9931 		-49.2625 		13.0612
v 29.987 		-49.2335 		13.0601
v 35.5939 		-49.1673 		14.1087
v 30.2597 		-49.5054 		13.1111
v 35.59 		-49.1976 		14.1079
v 30.3018 		-49.5174 		13.1189
v 35.585 		-49.2271 		14.107
v 30.3479 		-49.5272 		13.1275
v 30.0651 		-51.6466 		13.0747
v 35.5789 		-49.2559 		14.1058
v 30.398 		-49.5349 		13.1369
v 30.0812 		-51.7927 		13.0777
v 35.5711 		-49.2838 		14.1044
v 30.4523 		-49.5404 		13.1471
v 30.1081 		-51.9325 		13.0827
v 35.5611 		-49.3106 		14.1025
v 30.5106 		-49.5436 		13.158
v 30.1457 		-52.0662 		13.0897
v 35.5489 		-49.3363 		14.1002
v 30.573 		-49.5447 		13.1696
v 30.194 		-52.1936 		13.0988
v 35.5344 		-49.3609 		14.0975
v 35.0323 		-49.5447 		14.0036
v 30.2531 		-52.3149 		13.1098
v 35.0925 		-49.5436 		14.0149
v 30.3225 		-52.4299 		13.1228
v 35.1486 		-49.5404 		14.0254
v 30.4019 		-52.5388 		13.1377
v 35.2006 		-49.5349 		14.0351
v 30.4914 		-52.6415 		13.1544
v 35.2485 		-49.5272 		14.0441
v 30.5908 		-52.7379 		13.173
v 35.2924 		-49.5174 		14.0523
v 30.7002 		-52.8282 		13.1934
v 35.5255 		-50.9823 		14.0959
v 30.8196 		-52.9122 		13.2158
v 35.3322 		-49.5054 		14.0597
v 30.9483 		-52.9877 		13.2398
v 35.3665 		-49.4935 		14.0661
v 31.0855 		-53.0567 		13.2655
v 35.3981 		-49.4798 		14.0721
v 31.2312 		-53.119 		13.2928
v 35.4272 		-49.4643 		14.0775
v 31.3855 		-53.1748 		13.3216
v 35.4537 		-49.447 		14.0824
v 31.5482 		-53.2241 		13.352
v 35.4776 		-49.4279 		14.0869
v 31.7195 		-53.2667 		13.3841
v 35.4989 		-49.4069 		14.0909
v 31.8987 		-53.3048 		13.4176
v 35.5178 		-49.3845 		14.0944
v 32.0854 		-53.336 		13.4525
v 32.2794 		-53.3603 		13.4888
v 32.4808 		-53.3776 		13.5265
v 35.5255 		-51.5009 		14.0959
v 32.6897 		-53.388 		13.5655
v 35.5076 		-51.799 		14.0925
v 35.4537 		-52.072 		14.0824
v 32.906 		-53.3914 		13.606
v 35.3639 		-52.3198 		14.0656
v 33.3292 		-53.3781 		13.6851
v 35.2382 		-52.5425 		14.0421
v 33.7147 		-53.3382 		13.7572
v 35.0765 		-52.7399 		14.0119
v 34.0624 		-53.2716 		13.8222
v 34.879 		-52.9122 		13.975
v 34.3724 		-53.1785 		13.8802
v 34.6446 		-53.0587 		13.9311
v 32.7878 		-54.9341 		14.2379
v 33.0448 		-54.9279 		14.286
v 33.2914 		-54.9093 		14.3321
v 33.5276 		-54.8783 		14.3763
v 33.7535 		-54.8349 		14.4186
v 33.9691 		-54.7791 		14.4589
v 34.1742 		-54.7109 		14.4972
v 34.3666 		-54.6312 		14.5332
v 34.5482 		-54.5409 		14.5672
v 34.7191 		-54.4401 		14.5991
v 34.8793 		-54.3287 		14.6291
v 35.0287 		-54.2067 		14.657
v 35.1674 		-54.0741 		14.683
v 35.2951 		-53.9292 		14.7069
v 35.4118 		-53.7744 		14.7287
v 35.5173 		-53.6097 		14.7484
v 35.6118 		-53.4352 		14.7661
v 35.6951 		-53.2509 		14.7817
v 35.7673 		-53.0567 		14.7952
v 35.8304 		-52.8532 		14.807
v 35.8821 		-52.6409 		14.8166
v 35.9223 		-52.4199 		14.8241
v 35.951 		-52.1902 		14.8295
v 35.9682 		-51.9517 		14.8327
v 35.9739 		-51.7044 		14.8338
v 35.9739 		-48.6914 		14.8338
v 35.4807 		-48.6914 		14.7416
v 29.9616 		-49.4069 		13.7094
v 29.9406 		-49.3865 		13.7055
v 29.9416 		-50.9823 		13.7056
v 29.9416 		-51.4943 		13.7056
v 29.8549 		-49.0721 		13.6894
v 29.8549 		-48.6914 		13.6894
v 29.3683 		-48.6914 		13.5984
v 29.3683 		-51.7044 		13.5984
v 29.3752 		-51.9639 		13.5997
v 29.3957 		-52.2128 		13.6035
v 29.43 		-52.4511 		13.61
v 29.4779 		-52.6788 		13.6189
v 29.5396 		-52.896 		13.6305
v 29.6149 		-53.1026 		13.6445
v 29.7049 		-53.2984 		13.6614
v 29.806 		-53.4833 		13.6803
v 29.9182 		-53.6573 		13.7013
v 30.0415 		-53.8203 		13.7243
v 30.176 		-53.9724 		13.7495
v 30.3215 		-54.1135 		13.7767
v 30.4755 		-54.2435 		13.8055
v 30.64 		-54.3622 		13.8362
v 30.8148 		-54.4696 		13.8689
v 30.9999 		-54.5657 		13.9036
v 31.1954 		-54.6505 		13.9401
v 31.4013 		-54.724 		13.9786
v 31.6139 		-54.7882 		14.0184
v 31.8338 		-54.8407 		14.0595
v 32.0612 		-54.8816 		14.1021
v 32.296 		-54.9107 		14.146
v 32.5382 		-54.9282 		14.1913
v 29.9832 		-49.4279 		13.7134
v 29.9223 		-49.3646 		13.702
v 29.8555 		-49.1066 		13.6895
v 35.4807 		-49.0721 		14.7416
v 30.0082 		-49.447 		13.7181
v 29.9066 		-49.3412 		13.6991
v 29.8571 		-49.1399 		13.6898
v 30.0365 		-49.4643 		13.7234
v 29.8934 		-49.3164 		13.6966
v 29.8599 		-49.1722 		13.6904
v 35.4801 		-49.1046 		14.7415
v 30.0682 		-49.4798 		13.7293
v 29.8829 		-49.2902 		13.6947
v 29.8638 		-49.2034 		13.6911
v 35.4784 		-49.1363 		14.7411
v 30.1032 		-49.4935 		13.7359
v 29.8749 		-49.2625 		13.6932
v 29.8688 		-49.2335 		13.692
v 35.4757 		-49.1673 		14.7406
v 30.1415 		-49.5054 		13.743
v 35.4718 		-49.1976 		14.7399
v 30.1836 		-49.5174 		13.7509
v 35.4668 		-49.2271 		14.739
v 30.2297 		-49.5272 		13.7595
v 29.9469 		-51.6466 		13.7066
v 35.4607 		-49.2559 		14.7378
v 30.2798 		-49.5349 		13.7689
v 29.963 		-51.7927 		13.7096
v 35.4529 		-49.2838 		14.7364
v 30.3341 		-49.5404 		13.779
v 29.9899 		-51.9325 		13.7147
v 35.4429 		-49.3106 		14.7345
v 30.3924 		-49.5436 		13.79
v 30.0275 		-52.0662 		13.7217
v 35.4307 		-49.3363 		14.7322
v 30.4548 		-49.5447 		13.8016
v 30.0758 		-52.1936 		13.7307
v 35.4162 		-49.3609 		14.7295
v 34.9141 		-49.5447 		14.6356
v 30.1349 		-52.3149 		13.7418
v 34.9743 		-49.5436 		14.6469
v 30.2043 		-52.4299 		13.7548
v 35.0304 		-49.5404 		14.6573
v 30.2837 		-52.5388 		13.7696
v 35.0824 		-49.5349 		14.6671
v 30.3732 		-52.6415 		13.7863
v 35.1304 		-49.5272 		14.676
v 30.4726 		-52.7379 		13.8049
v 35.1742 		-49.5174 		14.6843
v 30.582 		-52.8282 		13.8254
v 35.4073 		-50.9823 		14.7278
v 30.7014 		-52.9122 		13.8477
v 35.214 		-49.5054 		14.6917
v 30.8301 		-52.9877 		13.8718
v 35.2483 		-49.4935 		14.6981
v 30.9673 		-53.0567 		13.8975
v 35.28 		-49.4798 		14.704
v 31.113 		-53.119 		13.9247
v 35.309 		-49.4643 		14.7095
v 31.2673 		-53.1748 		13.9536
v 35.3355 		-49.447 		14.7144
v 31.43 		-53.2241 		13.984
v 35.3594 		-49.4279 		14.7189
v 31.6013 		-53.2667 		14.016
v 35.3807 		-49.4069 		14.7229
v 31.7805 		-53.3048 		14.0496
v 35.3996 		-49.3845 		14.7264
v 31.9672 		-53.336 		14.0845
v 32.1612 		-53.3603 		14.1208
v 32.3627 		-53.3776 		14.1584
v 35.4073 		-51.5009 		14.7278
v 32.5715 		-53.388 		14.1975
v 35.3894 		-51.799 		14.7245
v 35.3355 		-52.072 		14.7144
v 32.7878 		-53.3914 		14.2379
v 35.2457 		-52.3198 		14.6976
v 33.211 		-53.3781 		14.3171
v 35.12 		-52.5425 		14.6741
v 33.5965 		-53.3382 		14.3892
v 34.9583 		-52.7399 		14.6439
v 33.9442 		-53.2716 		14.4542
v 34.7608 		-52.9122 		14.6069
v 34.2542 		-53.1785 		14.5122
v 34.5264 		-53.0587 		14.5631
# 3498 vertices

g group_7_15277357

usemtl color_15277357
s 0

f 61 	62 	63
f 64 	65 	61
f 66 	67 	64
f 68 	69 	66
f 70 	71 	68
f 72 	73 	70
f 74 	75 	72
f 76 	77 	74
f 78 	79 	76
f 80 	81 	78
f 82 	83 	80
f 84 	85 	82
f 86 	87 	84
f 88 	89 	86
f 90 	91 	88
f 92 	93 	90
f 94 	95 	92
f 96 	97 	94
f 98 	99 	96
f 100 	101 	98
f 102 	103 	100
f 104 	105 	102
f 106 	107 	104
f 108 	109 	106
f 110 	111 	108
f 112 	113 	110
f 114 	115 	112
f 116 	117 	114
f 118 	119 	116
f 120 	121 	118
f 122 	123 	120
f 124 	125 	122
f 126 	127 	124
f 128 	129 	126
f 130 	131 	128
f 132 	133 	130
f 134 	135 	132
f 136 	137 	134
f 138 	139 	136
f 140 	141 	138
f 142 	143 	140
f 144 	145 	142
f 146 	147 	144
f 148 	149 	146
f 150 	151 	148
f 152 	153 	150
f 154 	155 	152
f 156 	157 	154
f 158 	159 	156
f 160 	161 	158
f 162 	163 	160
f 164 	165 	162
f 166 	167 	164
f 168 	169 	166
f 170 	171 	168
f 172 	173 	170
f 174 	175 	172
f 176 	177 	174
f 178 	179 	176
f 180 	181 	178
f 182 	183 	180
f 184 	185 	182
f 186 	187 	184
f 188 	189 	190
f 191 	192 	188
f 193 	194 	191
f 61 	63 	195
f 66 	64 	61
f 70 	68 	66
f 74 	72 	70
f 78 	76 	74
f 82 	80 	78
f 86 	84 	82
f 90 	88 	86
f 94 	92 	90
f 98 	96 	94
f 102 	100 	98
f 106 	104 	102
f 110 	108 	106
f 114 	112 	110
f 118 	116 	114
f 122 	120 	118
f 126 	124 	122
f 130 	128 	126
f 134 	132 	130
f 138 	136 	134
f 142 	140 	138
f 146 	144 	142
f 150 	148 	146
f 154 	152 	150
f 158 	156 	154
f 162 	160 	158
f 166 	164 	162
f 170 	168 	166
f 174 	172 	170
f 178 	176 	174
f 182 	180 	178
f 186 	184 	182
f 188 	190 	186
f 193 	191 	188
f 61 	195 	196
f 70 	66 	61
f 78 	74 	70
f 86 	82 	78
f 94 	90 	86
f 102 	98 	94
f 110 	106 	102
f 118 	114 	110
f 126 	122 	118
f 134 	130 	126
f 142 	138 	134
f 150 	146 	142
f 158 	154 	150
f 166 	162 	158
f 174 	170 	166
f 182 	178 	174
f 188 	186 	182
f 197 	193 	188
f 61 	196 	198
f 78 	70 	61
f 94 	86 	78
f 110 	102 	94
f 126 	118 	110
f 142 	134 	126
f 158 	150 	142
f 174 	166 	158
f 188 	182 	174
f 199 	197 	188
f 61 	198 	200
f 94 	78 	61
f 188 	174 	158
f 201 	199 	188
f 61 	200 	202
f 203 	201 	188
f 61 	202 	204
f 205 	203 	188
f 61 	204 	206
f 207 	205 	188
f 94 	61 	206
f 208 	207 	188
f 94 	206 	209
f 208 	188 	158
f 94 	209 	210
f 211 	208 	158
f 94 	210 	212
f 213 	211 	158
f 94 	212 	214
f 215 	213 	158
f 94 	214 	216
f 217 	215 	158
f 94 	216 	218
f 219 	217 	158
f 94 	218 	220
f 221 	219 	158
f 94 	220 	222
f 223 	221 	158
f 94 	222 	224
f 225 	223 	158
f 94 	224 	226
f 227 	225 	158
f 94 	226 	228
f 229 	227 	158
f 94 	228 	230
f 231 	229 	158
f 94 	230 	232
f 233 	231 	158
f 94 	232 	234
f 235 	233 	158
f 94 	234 	236
f 237 	235 	158
f 94 	236 	238
f 239 	237 	158
f 94 	238 	240
f 241 	239 	158
f 110 	94 	240
f 242 	241 	158
f 110 	240 	243
f 244 	242 	158
f 110 	243 	245
f 246 	244 	158
f 110 	245 	247
f 248 	246 	158
f 110 	247 	249
f 250 	248 	158
f 110 	249 	251
f 250 	158 	142
f 110 	251 	252
f 253 	250 	142
f 110 	252 	254
f 255 	253 	142
f 110 	254 	256
f 257 	255 	142
f 126 	110 	256
f 258 	257 	142
f 126 	256 	259
f 260 	258 	142
f 126 	259 	261
f 262 	260 	142
f 126 	261 	263
f 264 	262 	142
f 126 	263 	265
f 266 	264 	142
f 126 	265 	267
f 268 	266 	142
f 126 	267 	269
f 270 	268 	142
f 126 	269 	271
f 270 	142 	126
f 126 	271 	272
f 273 	270 	126
f 126 	272 	274
f 275 	273 	126
f 126 	274 	276
f 277 	275 	126
f 126 	276 	278
f 279 	277 	126
f 126 	278 	280
f 281 	279 	126
f 126 	280 	282
f 283 	281 	126
f 126 	282 	284
f 285 	283 	126
f 126 	284 	286
f 287 	285 	126
f 126 	286 	288
f 288 	287 	126
f 289 	290 	291
f 291 	292 	293
f 293 	294 	295
f 295 	296 	297
f 297 	298 	299
f 299 	300 	301
f 301 	302 	303
f 303 	304 	305
f 305 	306 	307
f 307 	308 	309
f 309 	310 	311
f 311 	312 	313
f 313 	314 	315
f 315 	316 	317
f 317 	318 	319
f 319 	320 	321
f 321 	322 	323
f 323 	324 	325
f 325 	326 	327
f 327 	328 	329
f 329 	330 	331
f 331 	332 	333
f 333 	334 	335
f 335 	336 	337
f 337 	338 	339
f 339 	340 	341
f 341 	342 	343
f 343 	344 	345
f 345 	346 	347
f 347 	348 	349
f 349 	350 	351
f 351 	352 	353
f 353 	354 	355
f 355 	356 	357
f 357 	358 	359
f 359 	360 	361
f 361 	362 	363
f 363 	364 	365
f 365 	366 	367
f 367 	368 	369
f 369 	370 	371
f 371 	372 	373
f 373 	374 	375
f 375 	376 	377
f 377 	378 	379
f 379 	380 	381
f 381 	382 	383
f 383 	384 	385
f 385 	386 	387
f 387 	388 	389
f 389 	390 	391
f 391 	392 	393
f 393 	394 	395
f 395 	396 	397
f 397 	398 	399
f 399 	400 	401
f 401 	402 	403
f 403 	404 	405
f 405 	406 	407
f 407 	408 	409
f 409 	410 	411
f 411 	412 	413
f 413 	414 	415
f 416 	417 	418
f 418 	419 	420
f 420 	421 	422
f 423 	289 	291
f 291 	293 	295
f 295 	297 	299
f 299 	301 	303
f 303 	305 	307
f 307 	309 	311
f 311 	313 	315
f 315 	317 	319
f 319 	321 	323
f 323 	325 	327
f 327 	329 	331
f 331 	333 	335
f 335 	337 	339
f 339 	341 	343
f 343 	345 	347
f 347 	349 	351
f 351 	353 	355
f 355 	357 	359
f 359 	361 	363
f 363 	365 	367
f 367 	369 	371
f 371 	373 	375
f 375 	377 	379
f 379 	381 	383
f 383 	385 	387
f 387 	389 	391
f 391 	393 	395
f 395 	397 	399
f 399 	401 	403
f 403 	405 	407
f 407 	409 	411
f 411 	413 	415
f 415 	416 	418
f 418 	420 	422
f 424 	423 	291
f 291 	295 	299
f 299 	303 	307
f 307 	311 	315
f 315 	319 	323
f 323 	327 	331
f 331 	335 	339
f 339 	343 	347
f 347 	351 	355
f 355 	359 	363
f 363 	367 	371
f 371 	375 	379
f 379 	383 	387
f 387 	391 	395
f 395 	399 	403
f 403 	407 	411
f 411 	415 	418
f 418 	422 	425
f 426 	424 	291
f 291 	299 	307
f 307 	315 	323
f 323 	331 	339
f 339 	347 	355
f 355 	363 	371
f 371 	379 	387
f 387 	395 	403
f 403 	411 	418
f 418 	425 	427
f 428 	426 	291
f 291 	307 	323
f 387 	403 	418
f 418 	427 	429
f 430 	428 	291
f 418 	429 	431
f 432 	430 	291
f 418 	431 	433
f 434 	432 	291
f 418 	433 	435
f 434 	291 	323
f 418 	435 	436
f 437 	434 	323
f 387 	418 	436
f 438 	437 	323
f 387 	436 	439
f 440 	438 	323
f 387 	439 	441
f 442 	440 	323
f 387 	441 	443
f 444 	442 	323
f 387 	443 	445
f 446 	444 	323
f 387 	445 	447
f 448 	446 	323
f 387 	447 	449
f 450 	448 	323
f 387 	449 	451
f 452 	450 	323
f 387 	451 	453
f 454 	452 	323
f 387 	453 	455
f 456 	454 	323
f 387 	455 	457
f 458 	456 	323
f 387 	457 	459
f 460 	458 	323
f 387 	459 	461
f 462 	460 	323
f 387 	461 	463
f 464 	462 	323
f 387 	463 	465
f 466 	464 	323
f 387 	465 	467
f 468 	466 	323
f 387 	467 	469
f 468 	323 	339
f 387 	469 	470
f 471 	468 	339
f 387 	470 	472
f 473 	471 	339
f 387 	472 	474
f 475 	473 	339
f 387 	474 	476
f 477 	475 	339
f 387 	476 	478
f 479 	477 	339
f 371 	387 	478
f 480 	479 	339
f 371 	478 	481
f 482 	480 	339
f 371 	481 	483
f 484 	482 	339
f 371 	483 	485
f 484 	339 	355
f 371 	485 	486
f 487 	484 	355
f 371 	486 	488
f 489 	487 	355
f 371 	488 	490
f 491 	489 	355
f 371 	490 	492
f 493 	491 	355
f 371 	492 	494
f 495 	493 	355
f 371 	494 	496
f 497 	495 	355
f 371 	496 	498
f 499 	497 	355
f 355 	371 	498
f 500 	499 	355
f 355 	498 	501
f 502 	500 	355
f 355 	501 	503
f 504 	502 	355
f 355 	503 	505
f 506 	504 	355
f 355 	505 	507
f 508 	506 	355
f 355 	507 	509
f 510 	508 	355
f 355 	509 	511
f 512 	510 	355
f 355 	511 	513
f 514 	512 	355
f 355 	513 	515
f 516 	514 	355
f 355 	515 	516
f 244 	246 	472
f 246 	474 	472
f 246 	248 	474
f 248 	476 	474
f 248 	250 	476
f 250 	478 	476
f 250 	253 	478
f 253 	481 	478
f 253 	255 	481
f 255 	483 	481
f 255 	257 	483
f 257 	485 	483
f 257 	258 	485
f 258 	486 	485
f 258 	260 	486
f 260 	488 	486
f 260 	262 	488
f 262 	490 	488
f 262 	264 	490
f 264 	492 	490
f 264 	266 	492
f 266 	494 	492
f 266 	268 	494
f 268 	496 	494
f 268 	270 	496
f 270 	498 	496
f 270 	273 	498
f 273 	501 	498
f 273 	275 	501
f 275 	503 	501
f 275 	277 	503
f 277 	505 	503
f 277 	279 	505
f 279 	507 	505
f 279 	281 	507
f 281 	509 	507
f 281 	283 	509
f 283 	511 	509
f 283 	285 	511
f 285 	513 	511
f 285 	287 	513
f 287 	515 	513
f 287 	288 	515
f 288 	516 	515
f 288 	286 	516
f 286 	514 	516
f 286 	284 	514
f 284 	512 	514
f 284 	282 	512
f 282 	510 	512
f 282 	280 	510
f 280 	508 	510
f 280 	278 	508
f 278 	506 	508
f 278 	276 	506
f 276 	504 	506
f 276 	274 	504
f 274 	502 	504
f 274 	272 	502
f 272 	500 	502
f 272 	271 	500
f 271 	499 	500
f 271 	269 	499
f 269 	497 	499
f 269 	267 	497
f 267 	495 	497
f 267 	265 	495
f 265 	493 	495
f 265 	263 	493
f 263 	491 	493
f 263 	261 	491
f 261 	489 	491
f 261 	259 	489
f 259 	487 	489
f 259 	256 	487
f 256 	484 	487
f 256 	254 	484
f 254 	482 	484
f 254 	252 	482
f 252 	480 	482
f 252 	251 	480
f 251 	479 	480
f 251 	249 	479
f 249 	477 	479
f 249 	247 	477
f 247 	475 	477
f 247 	245 	475
f 245 	473 	475
f 245 	243 	473
f 243 	471 	473
f 243 	240 	471
f 240 	468 	471
f 240 	238 	468
f 238 	466 	468
f 238 	236 	466
f 236 	464 	466
f 236 	234 	464
f 234 	462 	464
f 234 	232 	462
f 232 	460 	462
f 232 	230 	460
f 230 	458 	460
f 230 	228 	458
f 228 	456 	458
f 228 	226 	456
f 226 	454 	456
f 226 	224 	454
f 224 	452 	454
f 224 	222 	452
f 222 	450 	452
f 222 	220 	450
f 220 	448 	450
f 220 	218 	448
f 218 	446 	448
f 218 	216 	446
f 216 	444 	446
f 216 	214 	444
f 214 	442 	444
f 214 	212 	442
f 212 	440 	442
f 212 	210 	440
f 210 	438 	440
f 210 	209 	438
f 209 	437 	438
f 209 	206 	437
f 206 	434 	437
f 206 	204 	434
f 204 	432 	434
f 204 	202 	432
f 202 	430 	432
f 202 	200 	430
f 200 	428 	430
f 200 	198 	428
f 198 	426 	428
f 198 	196 	426
f 196 	424 	426
f 196 	195 	424
f 195 	423 	424
f 195 	63 	423
f 63 	289 	423
f 63 	62 	289
f 62 	290 	289
f 62 	61 	290
f 61 	291 	290
f 61 	65 	291
f 65 	292 	291
f 65 	64 	292
f 64 	293 	292
f 64 	67 	293
f 67 	294 	293
f 67 	66 	294
f 66 	295 	294
f 66 	69 	295
f 69 	296 	295
f 69 	68 	296
f 68 	297 	296
f 68 	71 	297
f 71 	298 	297
f 71 	70 	298
f 70 	299 	298
f 70 	73 	299
f 73 	300 	299
f 73 	72 	300
f 72 	301 	300
f 72 	75 	301
f 75 	302 	301
f 75 	74 	302
f 74 	303 	302
f 74 	77 	303
f 77 	304 	303
f 77 	76 	304
f 76 	305 	304
f 76 	79 	305
f 79 	306 	305
f 79 	78 	306
f 78 	307 	306
f 78 	81 	307
f 81 	308 	307
f 81 	80 	308
f 80 	309 	308
f 80 	83 	309
f 83 	310 	309
f 83 	82 	310
f 82 	311 	310
f 82 	85 	311
f 85 	312 	311
f 85 	84 	312
f 84 	313 	312
f 84 	87 	313
f 87 	314 	313
f 87 	86 	314
f 86 	315 	314
f 86 	89 	315
f 89 	316 	315
f 89 	88 	316
f 88 	317 	316
f 88 	91 	317
f 91 	318 	317
f 91 	90 	318
f 90 	319 	318
f 90 	93 	319
f 93 	320 	319
f 93 	92 	320
f 92 	321 	320
f 92 	95 	321
f 95 	322 	321
f 95 	94 	322
f 94 	323 	322
f 94 	97 	323
f 97 	324 	323
f 97 	96 	324
f 96 	325 	324
f 96 	99 	325
f 99 	326 	325
f 99 	98 	326
f 98 	327 	326
f 98 	101 	327
f 101 	328 	327
f 101 	100 	328
f 100 	329 	328
f 100 	103 	329
f 103 	330 	329
f 103 	102 	330
f 102 	331 	330
f 102 	105 	331
f 105 	332 	331
f 105 	104 	332
f 104 	333 	332
f 104 	107 	333
f 107 	334 	333
f 107 	106 	334
f 106 	335 	334
f 106 	109 	335
f 109 	336 	335
f 109 	108 	336
f 108 	337 	336
f 108 	111 	337
f 111 	338 	337
f 111 	110 	338
f 110 	339 	338
f 110 	113 	339
f 113 	340 	339
f 113 	112 	340
f 112 	341 	340
f 112 	115 	341
f 115 	342 	341
f 115 	114 	342
f 114 	343 	342
f 114 	117 	343
f 117 	344 	343
f 117 	116 	344
f 116 	345 	344
f 116 	119 	345
f 119 	346 	345
f 119 	118 	346
f 118 	347 	346
f 118 	121 	347
f 121 	348 	347
f 121 	120 	348
f 120 	349 	348
f 120 	123 	349
f 123 	350 	349
f 123 	122 	350
f 122 	351 	350
f 122 	125 	351
f 125 	352 	351
f 125 	124 	352
f 124 	353 	352
f 124 	127 	353
f 127 	354 	353
f 127 	126 	354
f 126 	355 	354
f 126 	129 	355
f 129 	356 	355
f 129 	128 	356
f 128 	357 	356
f 128 	131 	357
f 131 	358 	357
f 131 	130 	358
f 130 	359 	358
f 130 	133 	359
f 133 	360 	359
f 133 	132 	360
f 132 	361 	360
f 132 	135 	361
f 135 	362 	361
f 135 	134 	362
f 134 	363 	362
f 134 	137 	363
f 137 	364 	363
f 137 	136 	364
f 136 	365 	364
f 136 	139 	365
f 139 	366 	365
f 139 	138 	366
f 138 	367 	366
f 138 	141 	367
f 141 	368 	367
f 141 	140 	368
f 140 	369 	368
f 140 	143 	369
f 143 	370 	369
f 143 	142 	370
f 142 	371 	370
f 142 	145 	371
f 145 	372 	371
f 145 	144 	372
f 144 	373 	372
f 144 	147 	373
f 147 	374 	373
f 147 	146 	374
f 146 	375 	374
f 146 	149 	375
f 149 	376 	375
f 149 	148 	376
f 148 	377 	376
f 148 	151 	377
f 151 	378 	377
f 151 	150 	378
f 150 	379 	378
f 150 	153 	379
f 153 	380 	379
f 153 	152 	380
f 152 	381 	380
f 152 	155 	381
f 155 	382 	381
f 155 	154 	382
f 154 	383 	382
f 154 	157 	383
f 157 	384 	383
f 157 	156 	384
f 156 	385 	384
f 156 	159 	385
f 159 	386 	385
f 159 	158 	386
f 158 	387 	386
f 158 	161 	387
f 161 	388 	387
f 161 	160 	388
f 160 	389 	388
f 160 	163 	389
f 163 	390 	389
f 163 	162 	390
f 162 	391 	390
f 162 	165 	391
f 165 	392 	391
f 165 	164 	392
f 164 	393 	392
f 164 	167 	393
f 167 	394 	393
f 167 	166 	394
f 166 	395 	394
f 166 	169 	395
f 169 	396 	395
f 169 	168 	396
f 168 	397 	396
f 168 	171 	397
f 171 	398 	397
f 171 	170 	398
f 170 	399 	398
f 170 	173 	399
f 173 	400 	399
f 173 	172 	400
f 172 	401 	400
f 172 	175 	401
f 175 	402 	401
f 175 	174 	402
f 174 	403 	402
f 174 	177 	403
f 177 	404 	403
f 177 	176 	404
f 176 	405 	404
f 176 	179 	405
f 179 	406 	405
f 179 	178 	406
f 178 	407 	406
f 178 	181 	407
f 181 	408 	407
f 181 	180 	408
f 180 	409 	408
f 180 	183 	409
f 183 	410 	409
f 183 	182 	410
f 182 	411 	410
f 182 	185 	411
f 185 	412 	411
f 185 	184 	412
f 184 	413 	412
f 184 	187 	413
f 187 	414 	413
f 187 	186 	414
f 186 	415 	414
f 186 	190 	415
f 190 	416 	415
f 190 	189 	416
f 189 	417 	416
f 189 	188 	417
f 188 	418 	417
f 188 	192 	418
f 192 	419 	418
f 192 	191 	419
f 191 	420 	419
f 191 	194 	420
f 194 	421 	420
f 194 	193 	421
f 193 	422 	421
f 193 	197 	422
f 197 	425 	422
f 197 	199 	425
f 199 	427 	425
f 199 	201 	427
f 201 	429 	427
f 201 	203 	429
f 203 	431 	429
f 203 	205 	431
f 205 	433 	431
f 205 	207 	433
f 207 	435 	433
f 207 	208 	435
f 208 	436 	435
f 208 	211 	436
f 211 	439 	436
f 211 	213 	439
f 213 	441 	439
f 213 	215 	441
f 215 	443 	441
f 215 	217 	443
f 217 	445 	443
f 217 	219 	445
f 219 	447 	445
f 219 	221 	447
f 221 	449 	447
f 221 	223 	449
f 223 	451 	449
f 223 	225 	451
f 225 	453 	451
f 225 	227 	453
f 227 	455 	453
f 227 	229 	455
f 229 	457 	455
f 229 	231 	457
f 231 	459 	457
f 231 	233 	459
f 233 	461 	459
f 233 	235 	461
f 235 	463 	461
f 235 	237 	463
f 237 	465 	463
f 237 	239 	465
f 239 	467 	465
f 239 	241 	467
f 241 	469 	467
f 241 	242 	469
f 242 	470 	469
f 242 	244 	470
f 244 	472 	470
f 517 	518 	519
f 520 	521 	517
f 522 	523 	524
f 525 	526 	522
f 527 	528 	529
f 517 	519 	530
f 531 	520 	517
f 522 	524 	532
f 533 	525 	522
f 517 	530 	534
f 535 	531 	517
f 522 	532 	536
f 537 	533 	522
f 517 	534 	538
f 539 	535 	517
f 522 	536 	540
f 541 	537 	522
f 517 	538 	542
f 543 	539 	517
f 522 	540 	544
f 545 	541 	522
f 517 	542 	546
f 547 	543 	517
f 522 	544 	548
f 549 	545 	522
f 517 	546 	550
f 551 	547 	517
f 522 	548 	552
f 529 	549 	522
f 517 	550 	553
f 554 	551 	517
f 522 	552 	555
f 527 	529 	522
f 517 	553 	556
f 557 	554 	517
f 522 	555 	558
f 559 	527 	522
f 517 	556 	560
f 561 	557 	517
f 522 	558 	562
f 563 	559 	522
f 517 	560 	564
f 565 	561 	517
f 522 	562 	566
f 567 	563 	522
f 517 	564 	568
f 569 	565 	517
f 522 	566 	570
f 571 	567 	522
f 517 	568 	572
f 573 	569 	517
f 571 	522 	570
f 517 	572 	574
f 575 	573 	517
f 571 	570 	576
f 517 	574 	577
f 578 	575 	517
f 571 	576 	579
f 517 	577 	580
f 571 	579 	581
f 517 	580 	582
f 571 	581 	583
f 517 	582 	584
f 571 	583 	585
f 517 	584 	586
f 571 	585 	587
f 517 	586 	588
f 571 	587 	589
f 517 	588 	590
f 571 	589 	591
f 578 	517 	590
f 571 	591 	592
f 578 	590 	593
f 571 	592 	594
f 578 	593 	595
f 571 	594 	596
f 578 	595 	597
f 571 	596 	598
f 578 	597 	599
f 571 	598 	600
f 578 	599 	601
f 602 	571 	600
f 578 	601 	603
f 604 	602 	600
f 578 	603 	605
f 606 	604 	600
f 578 	605 	607
f 608 	606 	600
f 578 	607 	609
f 610 	608 	600
f 578 	609 	611
f 612 	610 	600
f 578 	611 	613
f 614 	612 	600
f 600 	578 	613
f 613 	614 	600
f 615 	616 	617
f 617 	618 	619
f 620 	621 	622
f 622 	623 	624
f 625 	626 	627
f 628 	615 	617
f 617 	619 	629
f 630 	620 	622
f 622 	624 	631
f 632 	628 	617
f 617 	629 	633
f 634 	630 	622
f 622 	631 	635
f 636 	632 	617
f 617 	633 	637
f 638 	634 	622
f 622 	635 	639
f 640 	636 	617
f 617 	637 	641
f 642 	638 	622
f 622 	639 	643
f 644 	640 	617
f 617 	641 	645
f 646 	642 	622
f 622 	643 	647
f 648 	644 	617
f 617 	645 	649
f 650 	646 	622
f 622 	647 	625
f 651 	648 	617
f 617 	649 	652
f 653 	650 	622
f 622 	625 	627
f 654 	651 	617
f 617 	652 	655
f 656 	653 	622
f 622 	627 	657
f 658 	654 	617
f 617 	655 	659
f 660 	656 	622
f 622 	657 	661
f 662 	658 	617
f 617 	659 	663
f 664 	660 	622
f 622 	661 	665
f 666 	662 	617
f 617 	663 	667
f 668 	664 	622
f 622 	665 	669
f 670 	666 	617
f 617 	667 	671
f 668 	622 	669
f 672 	670 	617
f 617 	671 	673
f 674 	668 	669
f 675 	672 	617
f 617 	673 	676
f 677 	674 	669
f 678 	675 	617
f 679 	677 	669
f 680 	678 	617
f 681 	679 	669
f 682 	680 	617
f 683 	681 	669
f 684 	682 	617
f 685 	683 	669
f 686 	684 	617
f 687 	685 	669
f 688 	686 	617
f 689 	687 	669
f 688 	617 	676
f 690 	689 	669
f 691 	688 	676
f 692 	690 	669
f 693 	691 	676
f 694 	692 	669
f 695 	693 	676
f 696 	694 	669
f 697 	695 	676
f 698 	696 	669
f 699 	697 	676
f 698 	669 	700
f 701 	699 	676
f 698 	700 	702
f 703 	701 	676
f 698 	702 	704
f 705 	703 	676
f 698 	704 	706
f 707 	705 	676
f 698 	706 	708
f 709 	707 	676
f 698 	708 	710
f 711 	709 	676
f 698 	710 	712
f 711 	676 	698
f 698 	712 	711
f 517 	521 	617
f 521 	618 	617
f 521 	520 	618
f 520 	619 	618
f 520 	531 	619
f 531 	629 	619
f 531 	535 	629
f 535 	633 	629
f 535 	539 	633
f 539 	637 	633
f 539 	543 	637
f 543 	641 	637
f 543 	547 	641
f 547 	645 	641
f 547 	551 	645
f 551 	649 	645
f 551 	554 	649
f 554 	652 	649
f 554 	557 	652
f 557 	655 	652
f 557 	561 	655
f 561 	659 	655
f 561 	565 	659
f 565 	663 	659
f 565 	569 	663
f 569 	667 	663
f 569 	573 	667
f 573 	671 	667
f 573 	575 	671
f 575 	673 	671
f 575 	578 	673
f 578 	676 	673
f 578 	600 	676
f 600 	698 	676
f 600 	598 	698
f 598 	696 	698
f 598 	596 	696
f 596 	694 	696
f 596 	594 	694
f 594 	692 	694
f 594 	592 	692
f 592 	690 	692
f 592 	591 	690
f 591 	689 	690
f 591 	589 	689
f 589 	687 	689
f 589 	587 	687
f 587 	685 	687
f 587 	585 	685
f 585 	683 	685
f 585 	583 	683
f 583 	681 	683
f 583 	581 	681
f 581 	679 	681
f 581 	579 	679
f 579 	677 	679
f 579 	576 	677
f 576 	674 	677
f 576 	570 	674
f 570 	668 	674
f 570 	566 	668
f 566 	664 	668
f 566 	562 	664
f 562 	660 	664
f 562 	558 	660
f 558 	656 	660
f 558 	555 	656
f 555 	653 	656
f 555 	552 	653
f 552 	650 	653
f 552 	548 	650
f 548 	646 	650
f 548 	544 	646
f 544 	642 	646
f 544 	540 	642
f 540 	638 	642
f 540 	536 	638
f 536 	634 	638
f 536 	532 	634
f 532 	630 	634
f 532 	524 	630
f 524 	620 	630
f 524 	523 	620
f 523 	621 	620
f 523 	522 	621
f 522 	622 	621
f 522 	526 	622
f 526 	623 	622
f 526 	525 	623
f 525 	624 	623
f 525 	533 	624
f 533 	631 	624
f 533 	537 	631
f 537 	635 	631
f 537 	541 	635
f 541 	639 	635
f 541 	545 	639
f 545 	643 	639
f 545 	549 	643
f 549 	647 	643
f 549 	529 	647
f 529 	625 	647
f 529 	528 	625
f 528 	626 	625
f 528 	527 	626
f 527 	627 	626
f 527 	559 	627
f 559 	657 	627
f 559 	563 	657
f 563 	661 	657
f 563 	567 	661
f 567 	665 	661
f 567 	571 	665
f 571 	669 	665
f 571 	602 	669
f 602 	700 	669
f 602 	604 	700
f 604 	702 	700
f 604 	606 	702
f 606 	704 	702
f 606 	608 	704
f 608 	706 	704
f 608 	610 	706
f 610 	708 	706
f 610 	612 	708
f 612 	710 	708
f 612 	614 	710
f 614 	712 	710
f 614 	613 	712
f 613 	711 	712
f 613 	611 	711
f 611 	709 	711
f 611 	609 	709
f 609 	707 	709
f 609 	607 	707
f 607 	705 	707
f 607 	605 	705
f 605 	703 	705
f 605 	603 	703
f 603 	701 	703
f 603 	601 	701
f 601 	699 	701
f 601 	599 	699
f 599 	697 	699
f 599 	597 	697
f 597 	695 	697
f 597 	595 	695
f 595 	693 	695
f 595 	593 	693
f 593 	691 	693
f 593 	590 	691
f 590 	688 	691
f 590 	588 	688
f 588 	686 	688
f 588 	586 	686
f 586 	684 	686
f 586 	584 	684
f 584 	682 	684
f 584 	582 	682
f 582 	680 	682
f 582 	580 	680
f 580 	678 	680
f 580 	577 	678
f 577 	675 	678
f 577 	574 	675
f 574 	672 	675
f 574 	572 	672
f 572 	670 	672
f 572 	568 	670
f 568 	666 	670
f 568 	564 	666
f 564 	662 	666
f 564 	560 	662
f 560 	658 	662
f 560 	556 	658
f 556 	654 	658
f 556 	553 	654
f 553 	651 	654
f 553 	550 	651
f 550 	648 	651
f 550 	546 	648
f 546 	644 	648
f 546 	542 	644
f 542 	640 	644
f 542 	538 	640
f 538 	636 	640
f 538 	534 	636
f 534 	632 	636
f 534 	530 	632
f 530 	628 	632
f 530 	519 	628
f 519 	615 	628
f 519 	518 	615
f 518 	616 	615
f 518 	517 	616
f 517 	617 	616
f 713 	714 	715
f 716 	717 	713
f 718 	719 	720
f 721 	722 	718
f 723 	724 	721
f 725 	726 	723
f 727 	728 	725
f 729 	730 	731
f 732 	733 	729
f 734 	735 	732
f 736 	737 	734
f 738 	739 	736
f 740 	741 	738
f 742 	743 	740
f 744 	745 	742
f 746 	747 	744
f 748 	749 	746
f 750 	751 	748
f 752 	753 	750
f 754 	755 	752
f 756 	757 	754
f 758 	759 	756
f 760 	761 	758
f 762 	763 	760
f 764 	765 	762
f 766 	767 	768
f 769 	722 	721
f 770 	771 	772
f 773 	774 	770
f 775 	776 	777
f 778 	779 	780
f 781 	782 	783
f 713 	715 	784
f 785 	716 	713
f 718 	720 	786
f 723 	721 	718
f 731 	727 	725
f 732 	729 	731
f 738 	736 	734
f 742 	740 	738
f 746 	744 	742
f 750 	748 	746
f 754 	752 	750
f 758 	756 	754
f 762 	760 	758
f 787 	764 	762
f 766 	768 	788
f 789 	769 	721
f 770 	772 	790
f 791 	773 	770
f 713 	784 	792
f 793 	785 	713
f 718 	786 	794
f 725 	723 	718
f 734 	732 	731
f 742 	738 	734
f 754 	750 	746
f 787 	762 	758
f 766 	788 	795
f 796 	789 	721
f 770 	790 	797
f 798 	791 	770
f 713 	792 	799
f 800 	793 	713
f 718 	794 	801
f 731 	725 	718
f 742 	734 	731
f 758 	754 	746
f 802 	787 	758
f 766 	795 	802
f 803 	796 	721
f 770 	797 	804
f 805 	798 	770
f 713 	799 	806
f 807 	800 	713
f 718 	801 	808
f 742 	731 	718
f 802 	758 	746
f 809 	803 	721
f 770 	804 	810
f 811 	805 	770
f 713 	806 	812
f 813 	807 	713
f 718 	808 	814
f 746 	742 	718
f 766 	802 	746
f 815 	809 	721
f 770 	810 	816
f 817 	811 	770
f 713 	812 	818
f 819 	813 	713
f 718 	814 	820
f 821 	815 	721
f 770 	816 	822
f 823 	817 	770
f 713 	818 	824
f 825 	819 	713
f 746 	718 	820
f 826 	821 	721
f 770 	822 	827
f 828 	823 	770
f 713 	824 	829
f 830 	825 	713
f 746 	820 	831
f 832 	826 	721
f 770 	827 	833
f 834 	828 	770
f 713 	829 	835
f 836 	830 	713
f 766 	746 	831
f 770 	833 	837
f 838 	834 	770
f 713 	835 	839
f 840 	836 	713
f 766 	831 	841
f 770 	837 	842
f 843 	838 	770
f 713 	839 	844
f 845 	840 	713
f 766 	841 	846
f 770 	842 	847
f 848 	843 	770
f 713 	844 	849
f 850 	845 	713
f 766 	846 	851
f 770 	847 	852
f 777 	848 	770
f 713 	849 	853
f 854 	850 	713
f 766 	851 	855
f 770 	852 	856
f 775 	777 	770
f 713 	853 	857
f 855 	854 	713
f 770 	856 	858
f 859 	775 	770
f 855 	713 	857
f 859 	770 	858
f 855 	857 	860
f 859 	858 	832
f 855 	860 	861
f 862 	859 	832
f 855 	861 	863
f 864 	862 	832
f 855 	863 	865
f 866 	864 	832
f 855 	865 	867
f 868 	866 	832
f 855 	867 	869
f 870 	868 	832
f 855 	869 	871
f 872 	870 	832
f 855 	871 	873
f 874 	872 	832
f 855 	873 	875
f 876 	874 	832
f 855 	875 	877
f 878 	876 	832
f 855 	877 	879
f 880 	878 	832
f 855 	879 	881
f 882 	880 	832
f 855 	881 	883
f 884 	882 	832
f 855 	883 	885
f 886 	884 	832
f 855 	885 	887
f 888 	886 	832
f 855 	887 	889
f 780 	888 	832
f 855 	889 	890
f 778 	780 	832
f 855 	890 	891
f 892 	778 	832
f 855 	891 	893
f 894 	892 	832
f 855 	893 	895
f 896 	894 	832
f 855 	895 	897
f 783 	896 	832
f 855 	897 	898
f 781 	783 	832
f 855 	898 	899
f 781 	832 	721
f 766 	855 	899
f 781 	721 	766
f 766 	899 	781
f 900 	901 	902
f 902 	903 	904
f 905 	906 	907
f 907 	908 	909
f 909 	910 	911
f 911 	912 	913
f 913 	914 	915
f 916 	917 	918
f 918 	919 	920
f 920 	921 	922
f 922 	923 	924
f 924 	925 	926
f 926 	927 	928
f 928 	929 	930
f 930 	931 	932
f 932 	933 	934
f 934 	935 	936
f 936 	937 	938
f 938 	939 	940
f 940 	941 	942
f 942 	943 	944
f 944 	945 	946
f 946 	947 	948
f 948 	949 	950
f 950 	951 	952
f 953 	954 	955
f 909 	908 	956
f 957 	958 	959
f 959 	960 	961
f 962 	963 	964
f 965 	966 	967
f 968 	969 	970
f 971 	900 	902
f 902 	904 	972
f 973 	905 	907
f 907 	909 	911
f 913 	915 	916
f 916 	918 	920
f 922 	924 	926
f 926 	928 	930
f 930 	932 	934
f 934 	936 	938
f 938 	940 	942
f 942 	944 	946
f 946 	948 	950
f 950 	952 	974
f 975 	953 	955
f 909 	956 	976
f 977 	957 	959
f 959 	961 	978
f 979 	971 	902
f 902 	972 	980
f 981 	973 	907
f 907 	911 	913
f 916 	920 	922
f 922 	926 	930
f 934 	938 	942
f 946 	950 	974
f 982 	975 	955
f 909 	976 	983
f 984 	977 	959
f 959 	978 	985
f 986 	979 	902
f 902 	980 	987
f 988 	981 	907
f 907 	913 	916
f 916 	922 	930
f 934 	942 	946
f 946 	974 	989
f 989 	982 	955
f 909 	983 	990
f 991 	984 	959
f 959 	985 	992
f 993 	986 	902
f 902 	987 	994
f 995 	988 	907
f 907 	916 	930
f 934 	946 	989
f 909 	990 	996
f 997 	991 	959
f 959 	992 	998
f 999 	993 	902
f 902 	994 	1000
f 1001 	995 	907
f 907 	930 	934
f 934 	989 	955
f 909 	996 	1002
f 1003 	997 	959
f 959 	998 	1004
f 1005 	999 	902
f 902 	1000 	1006
f 1007 	1001 	907
f 909 	1002 	1008
f 1009 	1003 	959
f 959 	1004 	1010
f 1011 	1005 	902
f 902 	1006 	1012
f 1007 	907 	934
f 909 	1008 	1013
f 1014 	1009 	959
f 959 	1010 	1015
f 1016 	1011 	902
f 902 	1012 	1017
f 1018 	1007 	934
f 909 	1013 	1019
f 1020 	1014 	959
f 959 	1015 	1021
f 1022 	1016 	902
f 902 	1017 	1023
f 1018 	934 	955
f 1024 	1020 	959
f 959 	1021 	1025
f 1026 	1022 	902
f 902 	1023 	1027
f 1028 	1018 	955
f 1029 	1024 	959
f 959 	1025 	1030
f 1031 	1026 	902
f 902 	1027 	1032
f 1033 	1028 	955
f 1034 	1029 	959
f 959 	1030 	1035
f 1036 	1031 	902
f 902 	1032 	1037
f 1038 	1033 	955
f 1039 	1034 	959
f 959 	1035 	962
f 1040 	1036 	902
f 902 	1037 	1041
f 1042 	1038 	955
f 1043 	1039 	959
f 959 	962 	964
f 1044 	1040 	902
f 902 	1041 	1042
f 1045 	1043 	959
f 959 	964 	1046
f 1044 	902 	1042
f 1045 	959 	1046
f 1047 	1044 	1042
f 1019 	1045 	1046
f 1048 	1047 	1042
f 1019 	1046 	1049
f 1050 	1048 	1042
f 1019 	1049 	1051
f 1052 	1050 	1042
f 1019 	1051 	1053
f 1054 	1052 	1042
f 1019 	1053 	1055
f 1056 	1054 	1042
f 1019 	1055 	1057
f 1058 	1056 	1042
f 1019 	1057 	1059
f 1060 	1058 	1042
f 1019 	1059 	1061
f 1062 	1060 	1042
f 1019 	1061 	1063
f 1064 	1062 	1042
f 1019 	1063 	1065
f 1066 	1064 	1042
f 1019 	1065 	1067
f 1068 	1066 	1042
f 1019 	1067 	1069
f 1070 	1068 	1042
f 1019 	1069 	1071
f 1072 	1070 	1042
f 1019 	1071 	1073
f 1074 	1072 	1042
f 1019 	1073 	1075
f 1076 	1074 	1042
f 1019 	1075 	965
f 1077 	1076 	1042
f 1019 	965 	967
f 1078 	1077 	1042
f 1019 	967 	1079
f 1080 	1078 	1042
f 1019 	1079 	1081
f 1082 	1080 	1042
f 1019 	1081 	1083
f 1084 	1082 	1042
f 1019 	1083 	968
f 1085 	1084 	1042
f 1019 	968 	970
f 1086 	1085 	1042
f 909 	1019 	970
f 1086 	1042 	955
f 955 	909 	970
f 970 	1086 	955
f 899 	898 	1086
f 898 	1085 	1086
f 898 	897 	1085
f 897 	1084 	1085
f 897 	895 	1084
f 895 	1082 	1084
f 895 	893 	1082
f 893 	1080 	1082
f 893 	891 	1080
f 891 	1078 	1080
f 891 	890 	1078
f 890 	1077 	1078
f 890 	889 	1077
f 889 	1076 	1077
f 889 	887 	1076
f 887 	1074 	1076
f 887 	885 	1074
f 885 	1072 	1074
f 885 	883 	1072
f 883 	1070 	1072
f 883 	881 	1070
f 881 	1068 	1070
f 881 	879 	1068
f 879 	1066 	1068
f 879 	877 	1066
f 877 	1064 	1066
f 877 	875 	1064
f 875 	1062 	1064
f 875 	873 	1062
f 873 	1060 	1062
f 873 	871 	1060
f 871 	1058 	1060
f 871 	869 	1058
f 869 	1056 	1058
f 869 	867 	1056
f 867 	1054 	1056
f 867 	865 	1054
f 865 	1052 	1054
f 865 	863 	1052
f 863 	1050 	1052
f 863 	861 	1050
f 861 	1048 	1050
f 861 	860 	1048
f 860 	1047 	1048
f 860 	857 	1047
f 857 	1044 	1047
f 857 	853 	1044
f 853 	1040 	1044
f 853 	849 	1040
f 849 	1036 	1040
f 849 	844 	1036
f 844 	1031 	1036
f 844 	839 	1031
f 839 	1026 	1031
f 839 	835 	1026
f 835 	1022 	1026
f 835 	829 	1022
f 829 	1016 	1022
f 829 	824 	1016
f 824 	1011 	1016
f 824 	818 	1011
f 818 	1005 	1011
f 818 	812 	1005
f 812 	999 	1005
f 812 	806 	999
f 806 	993 	999
f 806 	799 	993
f 799 	986 	993
f 799 	792 	986
f 792 	979 	986
f 792 	784 	979
f 784 	971 	979
f 784 	715 	971
f 715 	900 	971
f 715 	714 	900
f 714 	901 	900
f 714 	713 	901
f 713 	902 	901
f 713 	717 	902
f 717 	903 	902
f 717 	716 	903
f 716 	904 	903
f 716 	785 	904
f 785 	972 	904
f 785 	793 	972
f 793 	980 	972
f 793 	800 	980
f 800 	987 	980
f 800 	807 	987
f 807 	994 	987
f 807 	813 	994
f 813 	1000 	994
f 813 	819 	1000
f 819 	1006 	1000
f 819 	825 	1006
f 825 	1012 	1006
f 825 	830 	1012
f 830 	1017 	1012
f 830 	836 	1017
f 836 	1023 	1017
f 836 	840 	1023
f 840 	1027 	1023
f 840 	845 	1027
f 845 	1032 	1027
f 845 	850 	1032
f 850 	1037 	1032
f 850 	854 	1037
f 854 	1041 	1037
f 854 	855 	1041
f 855 	1042 	1041
f 855 	851 	1042
f 851 	1038 	1042
f 851 	846 	1038
f 846 	1033 	1038
f 846 	841 	1033
f 841 	1028 	1033
f 841 	831 	1028
f 831 	1018 	1028
f 831 	820 	1018
f 820 	1007 	1018
f 820 	814 	1007
f 814 	1001 	1007
f 814 	808 	1001
f 808 	995 	1001
f 808 	801 	995
f 801 	988 	995
f 801 	794 	988
f 794 	981 	988
f 794 	786 	981
f 786 	973 	981
f 786 	720 	973
f 720 	905 	973
f 720 	719 	905
f 719 	906 	905
f 719 	718 	906
f 718 	907 	906
f 718 	722 	907
f 722 	908 	907
f 722 	769 	908
f 769 	956 	908
f 769 	789 	956
f 789 	976 	956
f 789 	796 	976
f 796 	983 	976
f 796 	803 	983
f 803 	990 	983
f 803 	809 	990
f 809 	996 	990
f 809 	815 	996
f 815 	1002 	996
f 815 	821 	1002
f 821 	1008 	1002
f 821 	826 	1008
f 826 	1013 	1008
f 826 	832 	1013
f 832 	1019 	1013
f 832 	858 	1019
f 858 	1045 	1019
f 858 	856 	1045
f 856 	1043 	1045
f 856 	852 	1043
f 852 	1039 	1043
f 852 	847 	1039
f 847 	1034 	1039
f 847 	842 	1034
f 842 	1029 	1034
f 842 	837 	1029
f 837 	1024 	1029
f 837 	833 	1024
f 833 	1020 	1024
f 833 	827 	1020
f 827 	1014 	1020
f 827 	822 	1014
f 822 	1009 	1014
f 822 	816 	1009
f 816 	1003 	1009
f 816 	810 	1003
f 810 	997 	1003
f 810 	804 	997
f 804 	991 	997
f 804 	797 	991
f 797 	984 	991
f 797 	790 	984
f 790 	977 	984
f 790 	772 	977
f 772 	957 	977
f 772 	771 	957
f 771 	958 	957
f 771 	770 	958
f 770 	959 	958
f 770 	774 	959
f 774 	960 	959
f 774 	773 	960
f 773 	961 	960
f 773 	791 	961
f 791 	978 	961
f 791 	798 	978
f 798 	985 	978
f 798 	805 	985
f 805 	992 	985
f 805 	811 	992
f 811 	998 	992
f 811 	817 	998
f 817 	1004 	998
f 817 	823 	1004
f 823 	1010 	1004
f 823 	828 	1010
f 828 	1015 	1010
f 828 	834 	1015
f 834 	1021 	1015
f 834 	838 	1021
f 838 	1025 	1021
f 838 	843 	1025
f 843 	1030 	1025
f 843 	848 	1030
f 848 	1035 	1030
f 848 	777 	1035
f 777 	962 	1035
f 777 	776 	962
f 776 	963 	962
f 776 	775 	963
f 775 	964 	963
f 775 	859 	964
f 859 	1046 	964
f 859 	862 	1046
f 862 	1049 	1046
f 862 	864 	1049
f 864 	1051 	1049
f 864 	866 	1051
f 866 	1053 	1051
f 866 	868 	1053
f 868 	1055 	1053
f 868 	870 	1055
f 870 	1057 	1055
f 870 	872 	1057
f 872 	1059 	1057
f 872 	874 	1059
f 874 	1061 	1059
f 874 	876 	1061
f 876 	1063 	1061
f 876 	878 	1063
f 878 	1065 	1063
f 878 	880 	1065
f 880 	1067 	1065
f 880 	882 	1067
f 882 	1069 	1067
f 882 	884 	1069
f 884 	1071 	1069
f 884 	886 	1071
f 886 	1073 	1071
f 886 	888 	1073
f 888 	1075 	1073
f 888 	780 	1075
f 780 	965 	1075
f 780 	779 	965
f 779 	966 	965
f 779 	778 	966
f 778 	967 	966
f 778 	892 	967
f 892 	1079 	967
f 892 	894 	1079
f 894 	1081 	1079
f 894 	896 	1081
f 896 	1083 	1081
f 896 	783 	1083
f 783 	968 	1083
f 783 	782 	968
f 782 	969 	968
f 782 	781 	969
f 781 	970 	969
f 781 	899 	970
f 899 	1086 	970
f 766 	721 	955
f 721 	909 	955
f 721 	724 	909
f 724 	910 	909
f 724 	723 	910
f 723 	911 	910
f 723 	726 	911
f 726 	912 	911
f 726 	725 	912
f 725 	913 	912
f 725 	728 	913
f 728 	914 	913
f 728 	727 	914
f 727 	915 	914
f 727 	731 	915
f 731 	916 	915
f 731 	730 	916
f 730 	917 	916
f 730 	729 	917
f 729 	918 	917
f 729 	733 	918
f 733 	919 	918
f 733 	732 	919
f 732 	920 	919
f 732 	735 	920
f 735 	921 	920
f 735 	734 	921
f 734 	922 	921
f 734 	737 	922
f 737 	923 	922
f 737 	736 	923
f 736 	924 	923
f 736 	739 	924
f 739 	925 	924
f 739 	738 	925
f 738 	926 	925
f 738 	741 	926
f 741 	927 	926
f 741 	740 	927
f 740 	928 	927
f 740 	743 	928
f 743 	929 	928
f 743 	742 	929
f 742 	930 	929
f 742 	745 	930
f 745 	931 	930
f 745 	744 	931
f 744 	932 	931
f 744 	747 	932
f 747 	933 	932
f 747 	746 	933
f 746 	934 	933
f 746 	749 	934
f 749 	935 	934
f 749 	748 	935
f 748 	936 	935
f 748 	751 	936
f 751 	937 	936
f 751 	750 	937
f 750 	938 	937
f 750 	753 	938
f 753 	939 	938
f 753 	752 	939
f 752 	940 	939
f 752 	755 	940
f 755 	941 	940
f 755 	754 	941
f 754 	942 	941
f 754 	757 	942
f 757 	943 	942
f 757 	756 	943
f 756 	944 	943
f 756 	759 	944
f 759 	945 	944
f 759 	758 	945
f 758 	946 	945
f 758 	761 	946
f 761 	947 	946
f 761 	760 	947
f 760 	948 	947
f 760 	763 	948
f 763 	949 	948
f 763 	762 	949
f 762 	950 	949
f 762 	765 	950
f 765 	951 	950
f 765 	764 	951
f 764 	952 	951
f 764 	787 	952
f 787 	974 	952
f 787 	802 	974
f 802 	989 	974
f 802 	795 	989
f 795 	982 	989
f 795 	788 	982
f 788 	975 	982
f 788 	768 	975
f 768 	953 	975
f 768 	767 	953
f 767 	954 	953
f 767 	766 	954
f 766 	955 	954
f 1087 	1088 	1089
f 1090 	1091 	1087
f 1092 	1093 	1090
f 1094 	1095 	1092
f 1096 	1097 	1094
f 1098 	1099 	1096
f 1100 	1101 	1098
f 1102 	1103 	1100
f 1104 	1105 	1102
f 1106 	1107 	1104
f 1108 	1109 	1106
f 1110 	1111 	1108
f 1112 	1113 	1110
f 1114 	1115 	1112
f 1116 	1117 	1114
f 1118 	1119 	1116
f 1120 	1121 	1118
f 1122 	1123 	1120
f 1124 	1125 	1122
f 1126 	1127 	1124
f 1128 	1129 	1126
f 1130 	1131 	1128
f 1132 	1133 	1130
f 1134 	1135 	1132
f 1136 	1137 	1134
f 1138 	1139 	1140
f 1141 	1142 	1138
f 1143 	1144 	1141
f 1145 	1146 	1143
f 1147 	1148 	1145
f 1149 	1150 	1147
f 1151 	1152 	1149
f 1153 	1154 	1151
f 1155 	1156 	1153
f 1157 	1158 	1155
f 1159 	1160 	1157
f 1161 	1162 	1159
f 1163 	1164 	1161
f 1165 	1166 	1163
f 1167 	1168 	1165
f 1169 	1170 	1167
f 1171 	1172 	1169
f 1173 	1174 	1171
f 1175 	1176 	1173
f 1177 	1178 	1175
f 1179 	1180 	1177
f 1181 	1182 	1179
f 1183 	1184 	1181
f 1185 	1186 	1183
f 1187 	1188 	1185
f 1189 	1190 	1187
f 1191 	1192 	1189
f 1193 	1194 	1191
f 1195 	1196 	1193
f 1197 	1198 	1195
f 1199 	1200 	1197
f 1201 	1202 	1199
f 1203 	1204 	1201
f 1205 	1206 	1203
f 1207 	1208 	1205
f 1209 	1210 	1207
f 1211 	1212 	1209
f 1213 	1214 	1211
f 1215 	1216 	1213
f 1217 	1218 	1215
f 1219 	1220 	1217
f 1221 	1222 	1219
f 1223 	1224 	1221
f 1225 	1226 	1223
f 1227 	1228 	1225
f 1229 	1230 	1227
f 1231 	1232 	1229
f 1233 	1234 	1231
f 1235 	1236 	1233
f 1237 	1238 	1239
f 1240 	1241 	1237
f 1242 	1243 	1240
f 1244 	1245 	1242
f 1246 	1247 	1244
f 1248 	1249 	1246
f 1250 	1251 	1248
f 1252 	1253 	1250
f 1254 	1255 	1252
f 1256 	1257 	1254
f 1258 	1259 	1256
f 1260 	1261 	1258
f 1262 	1263 	1260
f 1264 	1265 	1262
f 1266 	1267 	1264
f 1268 	1269 	1266
f 1270 	1271 	1268
f 1272 	1273 	1270
f 1274 	1275 	1272
f 1276 	1277 	1274
f 1278 	1279 	1276
f 1280 	1281 	1278
f 1282 	1283 	1280
f 1089 	1284 	1282
f 1090 	1087 	1089
f 1094 	1092 	1090
f 1098 	1096 	1094
f 1102 	1100 	1098
f 1106 	1104 	1102
f 1110 	1108 	1106
f 1114 	1112 	1110
f 1118 	1116 	1114
f 1122 	1120 	1118
f 1126 	1124 	1122
f 1130 	1128 	1126
f 1134 	1132 	1130
f 1138 	1140 	1285
f 1143 	1141 	1138
f 1147 	1145 	1143
f 1151 	1149 	1147
f 1155 	1153 	1151
f 1159 	1157 	1155
f 1163 	1161 	1159
f 1167 	1165 	1163
f 1171 	1169 	1167
f 1175 	1173 	1171
f 1179 	1177 	1175
f 1183 	1181 	1179
f 1187 	1185 	1183
f 1191 	1189 	1187
f 1195 	1193 	1191
f 1199 	1197 	1195
f 1203 	1201 	1199
f 1207 	1205 	1203
f 1211 	1209 	1207
f 1215 	1213 	1211
f 1219 	1217 	1215
f 1223 	1221 	1219
f 1227 	1225 	1223
f 1231 	1229 	1227
f 1235 	1233 	1231
f 1237 	1239 	1286
f 1242 	1240 	1237
f 1246 	1244 	1242
f 1250 	1248 	1246
f 1254 	1252 	1250
f 1258 	1256 	1254
f 1262 	1260 	1258
f 1266 	1264 	1262
f 1270 	1268 	1266
f 1274 	1272 	1270
f 1278 	1276 	1274
f 1282 	1280 	1278
f 1090 	1089 	1282
f 1098 	1094 	1090
f 1106 	1102 	1098
f 1114 	1110 	1106
f 1122 	1118 	1114
f 1130 	1126 	1122
f 1136 	1134 	1130
f 1138 	1285 	1287
f 1147 	1143 	1138
f 1155 	1151 	1147
f 1163 	1159 	1155
f 1171 	1167 	1163
f 1179 	1175 	1171
f 1187 	1183 	1179
f 1195 	1191 	1187
f 1203 	1199 	1195
f 1211 	1207 	1203
f 1219 	1215 	1211
f 1227 	1223 	1219
f 1235 	1231 	1227
f 1237 	1286 	1288
f 1246 	1242 	1237
f 1254 	1250 	1246
f 1262 	1258 	1254
f 1270 	1266 	1262
f 1278 	1274 	1270
f 1090 	1282 	1278
f 1106 	1098 	1090
f 1122 	1114 	1106
f 1136 	1130 	1122
f 1138 	1287 	1289
f 1155 	1147 	1138
f 1171 	1163 	1155
f 1187 	1179 	1171
f 1203 	1195 	1187
f 1219 	1211 	1203
f 1235 	1227 	1219
f 1237 	1288 	1290
f 1254 	1246 	1237
f 1270 	1262 	1254
f 1090 	1278 	1270
f 1136 	1122 	1106
f 1138 	1289 	1291
f 1171 	1155 	1138
f 1235 	1219 	1203
f 1237 	1290 	1292
f 1270 	1254 	1237
f 1293 	1136 	1106
f 1138 	1291 	1294
f 1295 	1235 	1203
f 1270 	1237 	1292
f 1296 	1293 	1106
f 1138 	1294 	1297
f 1298 	1295 	1203
f 1270 	1292 	1299
f 1300 	1296 	1106
f 1138 	1297 	1301
f 1302 	1298 	1203
f 1270 	1299 	1303
f 1304 	1300 	1106
f 1171 	1138 	1301
f 1305 	1302 	1203
f 1270 	1303 	1306
f 1307 	1304 	1106
f 1171 	1301 	1308
f 1309 	1305 	1203
f 1270 	1306 	1310
f 1311 	1307 	1106
f 1171 	1308 	1312
f 1313 	1309 	1203
f 1270 	1310 	1314
f 1315 	1311 	1106
f 1171 	1312 	1316
f 1317 	1313 	1203
f 1270 	1314 	1318
f 1319 	1315 	1106
f 1171 	1316 	1320
f 1321 	1317 	1203
f 1270 	1318 	1322
f 1323 	1319 	1106
f 1171 	1320 	1324
f 1325 	1321 	1203
f 1270 	1322 	1326
f 1327 	1323 	1106
f 1171 	1324 	1328
f 1329 	1325 	1203
f 1270 	1326 	1330
f 1331 	1327 	1106
f 1171 	1328 	1332
f 1333 	1329 	1203
f 1270 	1330 	1334
f 1335 	1331 	1106
f 1171 	1332 	1336
f 1337 	1333 	1203
f 1270 	1334 	1338
f 1171 	1336 	1339
f 1340 	1337 	1203
f 1270 	1338 	1341
f 1171 	1339 	1342
f 1343 	1340 	1203
f 1270 	1341 	1344
f 1171 	1342 	1345
f 1346 	1343 	1203
f 1270 	1344 	1347
f 1171 	1345 	1348
f 1270 	1347 	1349
f 1171 	1348 	1350
f 1270 	1349 	1351
f 1171 	1350 	1352
f 1270 	1351 	1353
f 1171 	1352 	1354
f 1270 	1353 	1355
f 1171 	1354 	1356
f 1270 	1355 	1357
f 1171 	1356 	1358
f 1090 	1270 	1357
f 1187 	1171 	1358
f 1090 	1357 	1359
f 1187 	1358 	1360
f 1090 	1359 	1361
f 1187 	1360 	1362
f 1090 	1361 	1363
f 1187 	1362 	1364
f 1090 	1363 	1365
f 1187 	1364 	1366
f 1090 	1365 	1367
f 1187 	1366 	1368
f 1090 	1367 	1369
f 1187 	1368 	1370
f 1090 	1369 	1371
f 1187 	1370 	1372
f 1090 	1371 	1373
f 1187 	1372 	1374
f 1090 	1373 	1375
f 1187 	1374 	1376
f 1090 	1375 	1377
f 1187 	1376 	1378
f 1090 	1377 	1379
f 1187 	1378 	1380
f 1090 	1379 	1381
f 1187 	1380 	1382
f 1090 	1381 	1383
f 1187 	1382 	1384
f 1090 	1383 	1385
f 1203 	1187 	1384
f 1090 	1385 	1386
f 1203 	1384 	1387
f 1090 	1386 	1388
f 1203 	1387 	1389
f 1106 	1090 	1388
f 1203 	1389 	1390
f 1106 	1388 	1391
f 1203 	1390 	1392
f 1106 	1391 	1393
f 1203 	1392 	1394
f 1106 	1393 	1395
f 1203 	1394 	1396
f 1106 	1395 	1397
f 1203 	1396 	1398
f 1106 	1397 	1399
f 1203 	1398 	1400
f 1106 	1399 	1401
f 1203 	1400 	1402
f 1106 	1401 	1403
f 1203 	1402 	1404
f 1106 	1403 	1405
f 1203 	1404 	1406
f 1106 	1405 	1407
f 1203 	1406 	1408
f 1106 	1407 	1409
f 1203 	1408 	1410
f 1106 	1409 	1411
f 1203 	1410 	1412
f 1106 	1411 	1413
f 1203 	1412 	1414
f 1106 	1413 	1415
f 1203 	1414 	1416
f 1106 	1415 	1417
f 1203 	1416 	1418
f 1106 	1417 	1419
f 1203 	1418 	1420
f 1106 	1419 	1346
f 1203 	1420 	1421
f 1106 	1346 	1203
f 1203 	1421 	1422
f 1335 	1106 	1203
f 1203 	1422 	1335
f 1423 	1424 	1425
f 1425 	1426 	1427
f 1427 	1428 	1429
f 1429 	1430 	1431
f 1431 	1432 	1433
f 1433 	1434 	1435
f 1435 	1436 	1437
f 1437 	1438 	1439
f 1439 	1440 	1441
f 1441 	1442 	1443
f 1443 	1444 	1445
f 1445 	1446 	1447
f 1447 	1448 	1449
f 1449 	1450 	1451
f 1451 	1452 	1453
f 1453 	1454 	1455
f 1455 	1456 	1457
f 1457 	1458 	1459
f 1459 	1460 	1461
f 1461 	1462 	1463
f 1463 	1464 	1465
f 1465 	1466 	1467
f 1467 	1468 	1469
f 1469 	1470 	1471
f 1471 	1472 	1473
f 1474 	1475 	1476
f 1476 	1477 	1478
f 1478 	1479 	1480
f 1480 	1481 	1482
f 1482 	1483 	1484
f 1484 	1485 	1486
f 1486 	1487 	1488
f 1488 	1489 	1490
f 1490 	1491 	1492
f 1492 	1493 	1494
f 1494 	1495 	1496
f 1496 	1497 	1498
f 1498 	1499 	1500
f 1500 	1501 	1502
f 1502 	1503 	1504
f 1504 	1505 	1506
f 1506 	1507 	1508
f 1508 	1509 	1510
f 1510 	1511 	1512
f 1512 	1513 	1514
f 1514 	1515 	1516
f 1516 	1517 	1518
f 1518 	1519 	1520
f 1520 	1521 	1522
f 1522 	1523 	1524
f 1524 	1525 	1526
f 1526 	1527 	1528
f 1528 	1529 	1530
f 1530 	1531 	1532
f 1532 	1533 	1534
f 1534 	1535 	1536
f 1536 	1537 	1538
f 1538 	1539 	1540
f 1540 	1541 	1542
f 1542 	1543 	1544
f 1544 	1545 	1546
f 1546 	1547 	1548
f 1548 	1549 	1550
f 1550 	1551 	1552
f 1552 	1553 	1554
f 1554 	1555 	1556
f 1556 	1557 	1558
f 1558 	1559 	1560
f 1560 	1561 	1562
f 1562 	1563 	1564
f 1564 	1565 	1566
f 1566 	1567 	1568
f 1568 	1569 	1570
f 1570 	1571 	1572
f 1573 	1574 	1575
f 1575 	1576 	1577
f 1577 	1578 	1579
f 1579 	1580 	1581
f 1581 	1582 	1583
f 1583 	1584 	1585
f 1585 	1586 	1587
f 1587 	1588 	1589
f 1589 	1590 	1591
f 1591 	1592 	1593
f 1593 	1594 	1595
f 1595 	1596 	1597
f 1597 	1598 	1599
f 1599 	1600 	1601
f 1601 	1602 	1603
f 1603 	1604 	1605
f 1605 	1606 	1607
f 1607 	1608 	1609
f 1609 	1610 	1611
f 1611 	1612 	1613
f 1613 	1614 	1615
f 1615 	1616 	1617
f 1617 	1618 	1619
f 1619 	1620 	1423
f 1423 	1425 	1427
f 1427 	1429 	1431
f 1431 	1433 	1435
f 1435 	1437 	1439
f 1439 	1441 	1443
f 1443 	1445 	1447
f 1447 	1449 	1451
f 1451 	1453 	1455
f 1455 	1457 	1459
f 1459 	1461 	1463
f 1463 	1465 	1467
f 1467 	1469 	1471
f 1621 	1474 	1476
f 1476 	1478 	1480
f 1480 	1482 	1484
f 1484 	1486 	1488
f 1488 	1490 	1492
f 1492 	1494 	1496
f 1496 	1498 	1500
f 1500 	1502 	1504
f 1504 	1506 	1508
f 1508 	1510 	1512
f 1512 	1514 	1516
f 1516 	1518 	1520
f 1520 	1522 	1524
f 1524 	1526 	1528
f 1528 	1530 	1532
f 1532 	1534 	1536
f 1536 	1538 	1540
f 1540 	1542 	1544
f 1544 	1546 	1548
f 1548 	1550 	1552
f 1552 	1554 	1556
f 1556 	1558 	1560
f 1560 	1562 	1564
f 1564 	1566 	1568
f 1568 	1570 	1572
f 1622 	1573 	1575
f 1575 	1577 	1579
f 1579 	1581 	1583
f 1583 	1585 	1587
f 1587 	1589 	1591
f 1591 	1593 	1595
f 1595 	1597 	1599
f 1599 	1601 	1603
f 1603 	1605 	1607
f 1607 	1609 	1611
f 1611 	1613 	1615
f 1615 	1617 	1619
f 1619 	1423 	1427
f 1427 	1431 	1435
f 1435 	1439 	1443
f 1443 	1447 	1451
f 1451 	1455 	1459
f 1459 	1463 	1467
f 1467 	1471 	1473
f 1623 	1621 	1476
f 1476 	1480 	1484
f 1484 	1488 	1492
f 1492 	1496 	1500
f 1500 	1504 	1508
f 1508 	1512 	1516
f 1516 	1520 	1524
f 1524 	1528 	1532
f 1532 	1536 	1540
f 1540 	1544 	1548
f 1548 	1552 	1556
f 1556 	1560 	1564
f 1564 	1568 	1572
f 1624 	1622 	1575
f 1575 	1579 	1583
f 1583 	1587 	1591
f 1591 	1595 	1599
f 1599 	1603 	1607
f 1607 	1611 	1615
f 1615 	1619 	1427
f 1427 	1435 	1443
f 1443 	1451 	1459
f 1459 	1467 	1473
f 1625 	1623 	1476
f 1476 	1484 	1492
f 1492 	1500 	1508
f 1508 	1516 	1524
f 1524 	1532 	1540
f 1540 	1548 	1556
f 1556 	1564 	1572
f 1626 	1624 	1575
f 1575 	1583 	1591
f 1591 	1599 	1607
f 1607 	1615 	1427
f 1443 	1459 	1473
f 1627 	1625 	1476
f 1476 	1492 	1508
f 1540 	1556 	1572
f 1628 	1626 	1575
f 1575 	1591 	1607
f 1443 	1473 	1629
f 1630 	1627 	1476
f 1540 	1572 	1631
f 1628 	1575 	1607
f 1443 	1629 	1632
f 1633 	1630 	1476
f 1540 	1631 	1634
f 1635 	1628 	1607
f 1443 	1632 	1636
f 1637 	1633 	1476
f 1540 	1634 	1638
f 1639 	1635 	1607
f 1443 	1636 	1640
f 1637 	1476 	1508
f 1540 	1638 	1641
f 1642 	1639 	1607
f 1443 	1640 	1643
f 1644 	1637 	1508
f 1540 	1641 	1645
f 1646 	1642 	1607
f 1443 	1643 	1647
f 1648 	1644 	1508
f 1540 	1645 	1649
f 1650 	1646 	1607
f 1443 	1647 	1651
f 1652 	1648 	1508
f 1540 	1649 	1653
f 1654 	1650 	1607
f 1443 	1651 	1655
f 1656 	1652 	1508
f 1540 	1653 	1657
f 1658 	1654 	1607
f 1443 	1655 	1659
f 1660 	1656 	1508
f 1540 	1657 	1661
f 1662 	1658 	1607
f 1443 	1659 	1663
f 1664 	1660 	1508
f 1540 	1661 	1665
f 1666 	1662 	1607
f 1443 	1663 	1667
f 1668 	1664 	1508
f 1540 	1665 	1669
f 1670 	1666 	1607
f 1443 	1667 	1671
f 1672 	1668 	1508
f 1540 	1669 	1673
f 1674 	1670 	1607
f 1675 	1672 	1508
f 1540 	1673 	1676
f 1677 	1674 	1607
f 1678 	1675 	1508
f 1540 	1676 	1679
f 1680 	1677 	1607
f 1681 	1678 	1508
f 1540 	1679 	1682
f 1683 	1680 	1607
f 1684 	1681 	1508
f 1685 	1683 	1607
f 1686 	1684 	1508
f 1687 	1685 	1607
f 1688 	1686 	1508
f 1689 	1687 	1607
f 1690 	1688 	1508
f 1691 	1689 	1607
f 1692 	1690 	1508
f 1693 	1691 	1607
f 1694 	1692 	1508
f 1693 	1607 	1427
f 1694 	1508 	1524
f 1695 	1693 	1427
f 1696 	1694 	1524
f 1697 	1695 	1427
f 1698 	1696 	1524
f 1699 	1697 	1427
f 1700 	1698 	1524
f 1701 	1699 	1427
f 1702 	1700 	1524
f 1703 	1701 	1427
f 1704 	1702 	1524
f 1705 	1703 	1427
f 1706 	1704 	1524
f 1707 	1705 	1427
f 1708 	1706 	1524
f 1709 	1707 	1427
f 1710 	1708 	1524
f 1711 	1709 	1427
f 1712 	1710 	1524
f 1713 	1711 	1427
f 1714 	1712 	1524
f 1715 	1713 	1427
f 1716 	1714 	1524
f 1717 	1715 	1427
f 1718 	1716 	1524
f 1719 	1717 	1427
f 1720 	1718 	1524
f 1721 	1719 	1427
f 1720 	1524 	1540
f 1722 	1721 	1427
f 1723 	1720 	1540
f 1724 	1722 	1427
f 1725 	1723 	1540
f 1724 	1427 	1443
f 1726 	1725 	1540
f 1727 	1724 	1443
f 1728 	1726 	1540
f 1729 	1727 	1443
f 1730 	1728 	1540
f 1731 	1729 	1443
f 1732 	1730 	1540
f 1733 	1731 	1443
f 1734 	1732 	1540
f 1735 	1733 	1443
f 1736 	1734 	1540
f 1737 	1735 	1443
f 1738 	1736 	1540
f 1739 	1737 	1443
f 1740 	1738 	1540
f 1741 	1739 	1443
f 1742 	1740 	1540
f 1743 	1741 	1443
f 1744 	1742 	1540
f 1745 	1743 	1443
f 1746 	1744 	1540
f 1747 	1745 	1443
f 1748 	1746 	1540
f 1749 	1747 	1443
f 1750 	1748 	1540
f 1751 	1749 	1443
f 1752 	1750 	1540
f 1753 	1751 	1443
f 1754 	1752 	1540
f 1755 	1753 	1443
f 1756 	1754 	1540
f 1682 	1755 	1443
f 1757 	1756 	1540
f 1540 	1682 	1443
f 1758 	1757 	1540
f 1540 	1443 	1671
f 1671 	1758 	1540
f 1087 	1091 	1425
f 1091 	1426 	1425
f 1091 	1090 	1426
f 1090 	1427 	1426
f 1090 	1093 	1427
f 1093 	1428 	1427
f 1093 	1092 	1428
f 1092 	1429 	1428
f 1092 	1095 	1429
f 1095 	1430 	1429
f 1095 	1094 	1430
f 1094 	1431 	1430
f 1094 	1097 	1431
f 1097 	1432 	1431
f 1097 	1096 	1432
f 1096 	1433 	1432
f 1096 	1099 	1433
f 1099 	1434 	1433
f 1099 	1098 	1434
f 1098 	1435 	1434
f 1098 	1101 	1435
f 1101 	1436 	1435
f 1101 	1100 	1436
f 1100 	1437 	1436
f 1100 	1103 	1437
f 1103 	1438 	1437
f 1103 	1102 	1438
f 1102 	1439 	1438
f 1102 	1105 	1439
f 1105 	1440 	1439
f 1105 	1104 	1440
f 1104 	1441 	1440
f 1104 	1107 	1441
f 1107 	1442 	1441
f 1107 	1106 	1442
f 1106 	1443 	1442
f 1106 	1109 	1443
f 1109 	1444 	1443
f 1109 	1108 	1444
f 1108 	1445 	1444
f 1108 	1111 	1445
f 1111 	1446 	1445
f 1111 	1110 	1446
f 1110 	1447 	1446
f 1110 	1113 	1447
f 1113 	1448 	1447
f 1113 	1112 	1448
f 1112 	1449 	1448
f 1112 	1115 	1449
f 1115 	1450 	1449
f 1115 	1114 	1450
f 1114 	1451 	1450
f 1114 	1117 	1451
f 1117 	1452 	1451
f 1117 	1116 	1452
f 1116 	1453 	1452
f 1116 	1119 	1453
f 1119 	1454 	1453
f 1119 	1118 	1454
f 1118 	1455 	1454
f 1118 	1121 	1455
f 1121 	1456 	1455
f 1121 	1120 	1456
f 1120 	1457 	1456
f 1120 	1123 	1457
f 1123 	1458 	1457
f 1123 	1122 	1458
f 1122 	1459 	1458
f 1122 	1125 	1459
f 1125 	1460 	1459
f 1125 	1124 	1460
f 1124 	1461 	1460
f 1124 	1127 	1461
f 1127 	1462 	1461
f 1127 	1126 	1462
f 1126 	1463 	1462
f 1126 	1129 	1463
f 1129 	1464 	1463
f 1129 	1128 	1464
f 1128 	1465 	1464
f 1128 	1131 	1465
f 1131 	1466 	1465
f 1131 	1130 	1466
f 1130 	1467 	1466
f 1130 	1133 	1467
f 1133 	1468 	1467
f 1133 	1132 	1468
f 1132 	1469 	1468
f 1132 	1135 	1469
f 1135 	1470 	1469
f 1135 	1134 	1470
f 1134 	1471 	1470
f 1134 	1137 	1471
f 1137 	1472 	1471
f 1137 	1136 	1472
f 1136 	1473 	1472
f 1136 	1293 	1473
f 1293 	1629 	1473
f 1293 	1296 	1629
f 1296 	1632 	1629
f 1296 	1300 	1632
f 1300 	1636 	1632
f 1300 	1304 	1636
f 1304 	1640 	1636
f 1304 	1307 	1640
f 1307 	1643 	1640
f 1307 	1311 	1643
f 1311 	1647 	1643
f 1311 	1315 	1647
f 1315 	1651 	1647
f 1315 	1319 	1651
f 1319 	1655 	1651
f 1319 	1323 	1655
f 1323 	1659 	1655
f 1323 	1327 	1659
f 1327 	1663 	1659
f 1327 	1331 	1663
f 1331 	1667 	1663
f 1331 	1335 	1667
f 1335 	1671 	1667
f 1335 	1422 	1671
f 1422 	1758 	1671
f 1422 	1421 	1758
f 1421 	1757 	1758
f 1421 	1420 	1757
f 1420 	1756 	1757
f 1420 	1418 	1756
f 1418 	1754 	1756
f 1418 	1416 	1754
f 1416 	1752 	1754
f 1416 	1414 	1752
f 1414 	1750 	1752
f 1414 	1412 	1750
f 1412 	1748 	1750
f 1412 	1410 	1748
f 1410 	1746 	1748
f 1410 	1408 	1746
f 1408 	1744 	1746
f 1408 	1406 	1744
f 1406 	1742 	1744
f 1406 	1404 	1742
f 1404 	1740 	1742
f 1404 	1402 	1740
f 1402 	1738 	1740
f 1402 	1400 	1738
f 1400 	1736 	1738
f 1400 	1398 	1736
f 1398 	1734 	1736
f 1398 	1396 	1734
f 1396 	1732 	1734
f 1396 	1394 	1732
f 1394 	1730 	1732
f 1394 	1392 	1730
f 1392 	1728 	1730
f 1392 	1390 	1728
f 1390 	1726 	1728
f 1390 	1389 	1726
f 1389 	1725 	1726
f 1389 	1387 	1725
f 1387 	1723 	1725
f 1387 	1384 	1723
f 1384 	1720 	1723
f 1384 	1382 	1720
f 1382 	1718 	1720
f 1382 	1380 	1718
f 1380 	1716 	1718
f 1380 	1378 	1716
f 1378 	1714 	1716
f 1378 	1376 	1714
f 1376 	1712 	1714
f 1376 	1374 	1712
f 1374 	1710 	1712
f 1374 	1372 	1710
f 1372 	1708 	1710
f 1372 	1370 	1708
f 1370 	1706 	1708
f 1370 	1368 	1706
f 1368 	1704 	1706
f 1368 	1366 	1704
f 1366 	1702 	1704
f 1366 	1364 	1702
f 1364 	1700 	1702
f 1364 	1362 	1700
f 1362 	1698 	1700
f 1362 	1360 	1698
f 1360 	1696 	1698
f 1360 	1358 	1696
f 1358 	1694 	1696
f 1358 	1356 	1694
f 1356 	1692 	1694
f 1356 	1354 	1692
f 1354 	1690 	1692
f 1354 	1352 	1690
f 1352 	1688 	1690
f 1352 	1350 	1688
f 1350 	1686 	1688
f 1350 	1348 	1686
f 1348 	1684 	1686
f 1348 	1345 	1684
f 1345 	1681 	1684
f 1345 	1342 	1681
f 1342 	1678 	1681
f 1342 	1339 	1678
f 1339 	1675 	1678
f 1339 	1336 	1675
f 1336 	1672 	1675
f 1336 	1332 	1672
f 1332 	1668 	1672
f 1332 	1328 	1668
f 1328 	1664 	1668
f 1328 	1324 	1664
f 1324 	1660 	1664
f 1324 	1320 	1660
f 1320 	1656 	1660
f 1320 	1316 	1656
f 1316 	1652 	1656
f 1316 	1312 	1652
f 1312 	1648 	1652
f 1312 	1308 	1648
f 1308 	1644 	1648
f 1308 	1301 	1644
f 1301 	1637 	1644
f 1301 	1297 	1637
f 1297 	1633 	1637
f 1297 	1294 	1633
f 1294 	1630 	1633
f 1294 	1291 	1630
f 1291 	1627 	1630
f 1291 	1289 	1627
f 1289 	1625 	1627
f 1289 	1287 	1625
f 1287 	1623 	1625
f 1287 	1285 	1623
f 1285 	1621 	1623
f 1285 	1140 	1621
f 1140 	1474 	1621
f 1140 	1139 	1474
f 1139 	1475 	1474
f 1139 	1138 	1475
f 1138 	1476 	1475
f 1138 	1142 	1476
f 1142 	1477 	1476
f 1142 	1141 	1477
f 1141 	1478 	1477
f 1141 	1144 	1478
f 1144 	1479 	1478
f 1144 	1143 	1479
f 1143 	1480 	1479
f 1143 	1146 	1480
f 1146 	1481 	1480
f 1146 	1145 	1481
f 1145 	1482 	1481
f 1145 	1148 	1482
f 1148 	1483 	1482
f 1148 	1147 	1483
f 1147 	1484 	1483
f 1147 	1150 	1484
f 1150 	1485 	1484
f 1150 	1149 	1485
f 1149 	1486 	1485
f 1149 	1152 	1486
f 1152 	1487 	1486
f 1152 	1151 	1487
f 1151 	1488 	1487
f 1151 	1154 	1488
f 1154 	1489 	1488
f 1154 	1153 	1489
f 1153 	1490 	1489
f 1153 	1156 	1490
f 1156 	1491 	1490
f 1156 	1155 	1491
f 1155 	1492 	1491
f 1155 	1158 	1492
f 1158 	1493 	1492
f 1158 	1157 	1493
f 1157 	1494 	1493
f 1157 	1160 	1494
f 1160 	1495 	1494
f 1160 	1159 	1495
f 1159 	1496 	1495
f 1159 	1162 	1496
f 1162 	1497 	1496
f 1162 	1161 	1497
f 1161 	1498 	1497
f 1161 	1164 	1498
f 1164 	1499 	1498
f 1164 	1163 	1499
f 1163 	1500 	1499
f 1163 	1166 	1500
f 1166 	1501 	1500
f 1166 	1165 	1501
f 1165 	1502 	1501
f 1165 	1168 	1502
f 1168 	1503 	1502
f 1168 	1167 	1503
f 1167 	1504 	1503
f 1167 	1170 	1504
f 1170 	1505 	1504
f 1170 	1169 	1505
f 1169 	1506 	1505
f 1169 	1172 	1506
f 1172 	1507 	1506
f 1172 	1171 	1507
f 1171 	1508 	1507
f 1171 	1174 	1508
f 1174 	1509 	1508
f 1174 	1173 	1509
f 1173 	1510 	1509
f 1173 	1176 	1510
f 1176 	1511 	1510
f 1176 	1175 	1511
f 1175 	1512 	1511
f 1175 	1178 	1512
f 1178 	1513 	1512
f 1178 	1177 	1513
f 1177 	1514 	1513
f 1177 	1180 	1514
f 1180 	1515 	1514
f 1180 	1179 	1515
f 1179 	1516 	1515
f 1179 	1182 	1516
f 1182 	1517 	1516
f 1182 	1181 	1517
f 1181 	1518 	1517
f 1181 	1184 	1518
f 1184 	1519 	1518
f 1184 	1183 	1519
f 1183 	1520 	1519
f 1183 	1186 	1520
f 1186 	1521 	1520
f 1186 	1185 	1521
f 1185 	1522 	1521
f 1185 	1188 	1522
f 1188 	1523 	1522
f 1188 	1187 	1523
f 1187 	1524 	1523
f 1187 	1190 	1524
f 1190 	1525 	1524
f 1190 	1189 	1525
f 1189 	1526 	1525
f 1189 	1192 	1526
f 1192 	1527 	1526
f 1192 	1191 	1527
f 1191 	1528 	1527
f 1191 	1194 	1528
f 1194 	1529 	1528
f 1194 	1193 	1529
f 1193 	1530 	1529
f 1193 	1196 	1530
f 1196 	1531 	1530
f 1196 	1195 	1531
f 1195 	1532 	1531
f 1195 	1198 	1532
f 1198 	1533 	1532
f 1198 	1197 	1533
f 1197 	1534 	1533
f 1197 	1200 	1534
f 1200 	1535 	1534
f 1200 	1199 	1535
f 1199 	1536 	1535
f 1199 	1202 	1536
f 1202 	1537 	1536
f 1202 	1201 	1537
f 1201 	1538 	1537
f 1201 	1204 	1538
f 1204 	1539 	1538
f 1204 	1203 	1539
f 1203 	1540 	1539
f 1203 	1206 	1540
f 1206 	1541 	1540
f 1206 	1205 	1541
f 1205 	1542 	1541
f 1205 	1208 	1542
f 1208 	1543 	1542
f 1208 	1207 	1543
f 1207 	1544 	1543
f 1207 	1210 	1544
f 1210 	1545 	1544
f 1210 	1209 	1545
f 1209 	1546 	1545
f 1209 	1212 	1546
f 1212 	1547 	1546
f 1212 	1211 	1547
f 1211 	1548 	1547
f 1211 	1214 	1548
f 1214 	1549 	1548
f 1214 	1213 	1549
f 1213 	1550 	1549
f 1213 	1216 	1550
f 1216 	1551 	1550
f 1216 	1215 	1551
f 1215 	1552 	1551
f 1215 	1218 	1552
f 1218 	1553 	1552
f 1218 	1217 	1553
f 1217 	1554 	1553
f 1217 	1220 	1554
f 1220 	1555 	1554
f 1220 	1219 	1555
f 1219 	1556 	1555
f 1219 	1222 	1556
f 1222 	1557 	1556
f 1222 	1221 	1557
f 1221 	1558 	1557
f 1221 	1224 	1558
f 1224 	1559 	1558
f 1224 	1223 	1559
f 1223 	1560 	1559
f 1223 	1226 	1560
f 1226 	1561 	1560
f 1226 	1225 	1561
f 1225 	1562 	1561
f 1225 	1228 	1562
f 1228 	1563 	1562
f 1228 	1227 	1563
f 1227 	1564 	1563
f 1227 	1230 	1564
f 1230 	1565 	1564
f 1230 	1229 	1565
f 1229 	1566 	1565
f 1229 	1232 	1566
f 1232 	1567 	1566
f 1232 	1231 	1567
f 1231 	1568 	1567
f 1231 	1234 	1568
f 1234 	1569 	1568
f 1234 	1233 	1569
f 1233 	1570 	1569
f 1233 	1236 	1570
f 1236 	1571 	1570
f 1236 	1235 	1571
f 1235 	1572 	1571
f 1235 	1295 	1572
f 1295 	1631 	1572
f 1295 	1298 	1631
f 1298 	1634 	1631
f 1298 	1302 	1634
f 1302 	1638 	1634
f 1302 	1305 	1638
f 1305 	1641 	1638
f 1305 	1309 	1641
f 1309 	1645 	1641
f 1309 	1313 	1645
f 1313 	1649 	1645
f 1313 	1317 	1649
f 1317 	1653 	1649
f 1317 	1321 	1653
f 1321 	1657 	1653
f 1321 	1325 	1657
f 1325 	1661 	1657
f 1325 	1329 	1661
f 1329 	1665 	1661
f 1329 	1333 	1665
f 1333 	1669 	1665
f 1333 	1337 	1669
f 1337 	1673 	1669
f 1337 	1340 	1673
f 1340 	1676 	1673
f 1340 	1343 	1676
f 1343 	1679 	1676
f 1343 	1346 	1679
f 1346 	1682 	1679
f 1346 	1419 	1682
f 1419 	1755 	1682
f 1419 	1417 	1755
f 1417 	1753 	1755
f 1417 	1415 	1753
f 1415 	1751 	1753
f 1415 	1413 	1751
f 1413 	1749 	1751
f 1413 	1411 	1749
f 1411 	1747 	1749
f 1411 	1409 	1747
f 1409 	1745 	1747
f 1409 	1407 	1745
f 1407 	1743 	1745
f 1407 	1405 	1743
f 1405 	1741 	1743
f 1405 	1403 	1741
f 1403 	1739 	1741
f 1403 	1401 	1739
f 1401 	1737 	1739
f 1401 	1399 	1737
f 1399 	1735 	1737
f 1399 	1397 	1735
f 1397 	1733 	1735
f 1397 	1395 	1733
f 1395 	1731 	1733
f 1395 	1393 	1731
f 1393 	1729 	1731
f 1393 	1391 	1729
f 1391 	1727 	1729
f 1391 	1388 	1727
f 1388 	1724 	1727
f 1388 	1386 	1724
f 1386 	1722 	1724
f 1386 	1385 	1722
f 1385 	1721 	1722
f 1385 	1383 	1721
f 1383 	1719 	1721
f 1383 	1381 	1719
f 1381 	1717 	1719
f 1381 	1379 	1717
f 1379 	1715 	1717
f 1379 	1377 	1715
f 1377 	1713 	1715
f 1377 	1375 	1713
f 1375 	1711 	1713
f 1375 	1373 	1711
f 1373 	1709 	1711
f 1373 	1371 	1709
f 1371 	1707 	1709
f 1371 	1369 	1707
f 1369 	1705 	1707
f 1369 	1367 	1705
f 1367 	1703 	1705
f 1367 	1365 	1703
f 1365 	1701 	1703
f 1365 	1363 	1701
f 1363 	1699 	1701
f 1363 	1361 	1699
f 1361 	1697 	1699
f 1361 	1359 	1697
f 1359 	1695 	1697
f 1359 	1357 	1695
f 1357 	1693 	1695
f 1357 	1355 	1693
f 1355 	1691 	1693
f 1355 	1353 	1691
f 1353 	1689 	1691
f 1353 	1351 	1689
f 1351 	1687 	1689
f 1351 	1349 	1687
f 1349 	1685 	1687
f 1349 	1347 	1685
f 1347 	1683 	1685
f 1347 	1344 	1683
f 1344 	1680 	1683
f 1344 	1341 	1680
f 1341 	1677 	1680
f 1341 	1338 	1677
f 1338 	1674 	1677
f 1338 	1334 	1674
f 1334 	1670 	1674
f 1334 	1330 	1670
f 1330 	1666 	1670
f 1330 	1326 	1666
f 1326 	1662 	1666
f 1326 	1322 	1662
f 1322 	1658 	1662
f 1322 	1318 	1658
f 1318 	1654 	1658
f 1318 	1314 	1654
f 1314 	1650 	1654
f 1314 	1310 	1650
f 1310 	1646 	1650
f 1310 	1306 	1646
f 1306 	1642 	1646
f 1306 	1303 	1642
f 1303 	1639 	1642
f 1303 	1299 	1639
f 1299 	1635 	1639
f 1299 	1292 	1635
f 1292 	1628 	1635
f 1292 	1290 	1628
f 1290 	1626 	1628
f 1290 	1288 	1626
f 1288 	1624 	1626
f 1288 	1286 	1624
f 1286 	1622 	1624
f 1286 	1239 	1622
f 1239 	1573 	1622
f 1239 	1238 	1573
f 1238 	1574 	1573
f 1238 	1237 	1574
f 1237 	1575 	1574
f 1237 	1241 	1575
f 1241 	1576 	1575
f 1241 	1240 	1576
f 1240 	1577 	1576
f 1240 	1243 	1577
f 1243 	1578 	1577
f 1243 	1242 	1578
f 1242 	1579 	1578
f 1242 	1245 	1579
f 1245 	1580 	1579
f 1245 	1244 	1580
f 1244 	1581 	1580
f 1244 	1247 	1581
f 1247 	1582 	1581
f 1247 	1246 	1582
f 1246 	1583 	1582
f 1246 	1249 	1583
f 1249 	1584 	1583
f 1249 	1248 	1584
f 1248 	1585 	1584
f 1248 	1251 	1585
f 1251 	1586 	1585
f 1251 	1250 	1586
f 1250 	1587 	1586
f 1250 	1253 	1587
f 1253 	1588 	1587
f 1253 	1252 	1588
f 1252 	1589 	1588
f 1252 	1255 	1589
f 1255 	1590 	1589
f 1255 	1254 	1590
f 1254 	1591 	1590
f 1254 	1257 	1591
f 1257 	1592 	1591
f 1257 	1256 	1592
f 1256 	1593 	1592
f 1256 	1259 	1593
f 1259 	1594 	1593
f 1259 	1258 	1594
f 1258 	1595 	1594
f 1258 	1261 	1595
f 1261 	1596 	1595
f 1261 	1260 	1596
f 1260 	1597 	1596
f 1260 	1263 	1597
f 1263 	1598 	1597
f 1263 	1262 	1598
f 1262 	1599 	1598
f 1262 	1265 	1599
f 1265 	1600 	1599
f 1265 	1264 	1600
f 1264 	1601 	1600
f 1264 	1267 	1601
f 1267 	1602 	1601
f 1267 	1266 	1602
f 1266 	1603 	1602
f 1266 	1269 	1603
f 1269 	1604 	1603
f 1269 	1268 	1604
f 1268 	1605 	1604
f 1268 	1271 	1605
f 1271 	1606 	1605
f 1271 	1270 	1606
f 1270 	1607 	1606
f 1270 	1273 	1607
f 1273 	1608 	1607
f 1273 	1272 	1608
f 1272 	1609 	1608
f 1272 	1275 	1609
f 1275 	1610 	1609
f 1275 	1274 	1610
f 1274 	1611 	1610
f 1274 	1277 	1611
f 1277 	1612 	1611
f 1277 	1276 	1612
f 1276 	1613 	1612
f 1276 	1279 	1613
f 1279 	1614 	1613
f 1279 	1278 	1614
f 1278 	1615 	1614
f 1278 	1281 	1615
f 1281 	1616 	1615
f 1281 	1280 	1616
f 1280 	1617 	1616
f 1280 	1283 	1617
f 1283 	1618 	1617
f 1283 	1282 	1618
f 1282 	1619 	1618
f 1282 	1284 	1619
f 1284 	1620 	1619
f 1284 	1089 	1620
f 1089 	1423 	1620
f 1089 	1088 	1423
f 1088 	1424 	1423
f 1088 	1087 	1424
f 1087 	1425 	1424
f 1759 	1760 	1761
f 1762 	1763 	1759
f 1764 	1765 	1762
f 1766 	1767 	1764
f 1768 	1769 	1766
f 1770 	1771 	1768
f 1772 	1773 	1770
f 1774 	1775 	1772
f 1776 	1777 	1774
f 1778 	1779 	1776
f 1780 	1781 	1778
f 1782 	1783 	1780
f 1784 	1785 	1782
f 1786 	1787 	1784
f 1788 	1789 	1786
f 1790 	1791 	1788
f 1792 	1793 	1790
f 1794 	1795 	1792
f 1796 	1797 	1794
f 1798 	1799 	1796
f 1800 	1801 	1798
f 1802 	1803 	1800
f 1804 	1805 	1802
f 1806 	1807 	1804
f 1808 	1809 	1806
f 1810 	1811 	1812
f 1813 	1814 	1810
f 1815 	1816 	1813
f 1817 	1818 	1815
f 1819 	1820 	1817
f 1821 	1822 	1819
f 1823 	1824 	1821
f 1825 	1826 	1823
f 1827 	1828 	1825
f 1829 	1830 	1827
f 1831 	1832 	1829
f 1833 	1834 	1831
f 1835 	1836 	1833
f 1837 	1838 	1835
f 1839 	1840 	1837
f 1841 	1842 	1839
f 1843 	1844 	1841
f 1845 	1846 	1843
f 1847 	1848 	1845
f 1849 	1850 	1847
f 1851 	1852 	1849
f 1853 	1854 	1851
f 1855 	1856 	1853
f 1857 	1858 	1855
f 1859 	1860 	1857
f 1861 	1862 	1859
f 1863 	1864 	1861
f 1865 	1866 	1863
f 1867 	1868 	1865
f 1869 	1870 	1867
f 1871 	1872 	1869
f 1873 	1874 	1871
f 1875 	1876 	1873
f 1877 	1878 	1875
f 1879 	1880 	1877
f 1881 	1882 	1879
f 1883 	1884 	1881
f 1885 	1886 	1883
f 1887 	1888 	1885
f 1889 	1890 	1887
f 1891 	1892 	1889
f 1893 	1894 	1891
f 1895 	1896 	1893
f 1897 	1898 	1895
f 1899 	1900 	1897
f 1901 	1902 	1899
f 1903 	1904 	1901
f 1905 	1906 	1903
f 1907 	1908 	1905
f 1909 	1910 	1911
f 1912 	1913 	1909
f 1914 	1915 	1912
f 1916 	1917 	1914
f 1918 	1919 	1916
f 1920 	1921 	1918
f 1922 	1923 	1920
f 1924 	1925 	1922
f 1926 	1927 	1924
f 1928 	1929 	1926
f 1930 	1931 	1928
f 1932 	1933 	1930
f 1934 	1935 	1932
f 1936 	1937 	1934
f 1938 	1939 	1936
f 1940 	1941 	1938
f 1942 	1943 	1940
f 1944 	1945 	1942
f 1946 	1947 	1944
f 1948 	1949 	1946
f 1950 	1951 	1948
f 1952 	1953 	1950
f 1954 	1955 	1952
f 1761 	1956 	1954
f 1762 	1759 	1761
f 1766 	1764 	1762
f 1770 	1768 	1766
f 1774 	1772 	1770
f 1778 	1776 	1774
f 1782 	1780 	1778
f 1786 	1784 	1782
f 1790 	1788 	1786
f 1794 	1792 	1790
f 1798 	1796 	1794
f 1802 	1800 	1798
f 1806 	1804 	1802
f 1810 	1812 	1957
f 1815 	1813 	1810
f 1819 	1817 	1815
f 1823 	1821 	1819
f 1827 	1825 	1823
f 1831 	1829 	1827
f 1835 	1833 	1831
f 1839 	1837 	1835
f 1843 	1841 	1839
f 1847 	1845 	1843
f 1851 	1849 	1847
f 1855 	1853 	1851
f 1859 	1857 	1855
f 1863 	1861 	1859
f 1867 	1865 	1863
f 1871 	1869 	1867
f 1875 	1873 	1871
f 1879 	1877 	1875
f 1883 	1881 	1879
f 1887 	1885 	1883
f 1891 	1889 	1887
f 1895 	1893 	1891
f 1899 	1897 	1895
f 1903 	1901 	1899
f 1907 	1905 	1903
f 1909 	1911 	1958
f 1914 	1912 	1909
f 1918 	1916 	1914
f 1922 	1920 	1918
f 1926 	1924 	1922
f 1930 	1928 	1926
f 1934 	1932 	1930
f 1938 	1936 	1934
f 1942 	1940 	1938
f 1946 	1944 	1942
f 1950 	1948 	1946
f 1954 	1952 	1950
f 1762 	1761 	1954
f 1770 	1766 	1762
f 1778 	1774 	1770
f 1786 	1782 	1778
f 1794 	1790 	1786
f 1802 	1798 	1794
f 1808 	1806 	1802
f 1810 	1957 	1959
f 1819 	1815 	1810
f 1827 	1823 	1819
f 1835 	1831 	1827
f 1843 	1839 	1835
f 1851 	1847 	1843
f 1859 	1855 	1851
f 1867 	1863 	1859
f 1875 	1871 	1867
f 1883 	1879 	1875
f 1891 	1887 	1883
f 1899 	1895 	1891
f 1907 	1903 	1899
f 1909 	1958 	1960
f 1918 	1914 	1909
f 1926 	1922 	1918
f 1934 	1930 	1926
f 1942 	1938 	1934
f 1950 	1946 	1942
f 1762 	1954 	1950
f 1778 	1770 	1762
f 1794 	1786 	1778
f 1808 	1802 	1794
f 1810 	1959 	1961
f 1827 	1819 	1810
f 1843 	1835 	1827
f 1859 	1851 	1843
f 1875 	1867 	1859
f 1891 	1883 	1875
f 1907 	1899 	1891
f 1909 	1960 	1962
f 1926 	1918 	1909
f 1942 	1934 	1926
f 1762 	1950 	1942
f 1808 	1794 	1778
f 1810 	1961 	1963
f 1843 	1827 	1810
f 1907 	1891 	1875
f 1909 	1962 	1964
f 1942 	1926 	1909
f 1965 	1808 	1778
f 1810 	1963 	1966
f 1967 	1907 	1875
f 1942 	1909 	1964
f 1968 	1965 	1778
f 1810 	1966 	1969
f 1970 	1967 	1875
f 1942 	1964 	1971
f 1972 	1968 	1778
f 1810 	1969 	1973
f 1974 	1970 	1875
f 1942 	1971 	1975
f 1976 	1972 	1778
f 1843 	1810 	1973
f 1977 	1974 	1875
f 1942 	1975 	1978
f 1979 	1976 	1778
f 1843 	1973 	1980
f 1981 	1977 	1875
f 1942 	1978 	1982
f 1983 	1979 	1778
f 1843 	1980 	1984
f 1985 	1981 	1875
f 1942 	1982 	1986
f 1987 	1983 	1778
f 1843 	1984 	1988
f 1989 	1985 	1875
f 1942 	1986 	1990
f 1991 	1987 	1778
f 1843 	1988 	1992
f 1993 	1989 	1875
f 1942 	1990 	1994
f 1995 	1991 	1778
f 1843 	1992 	1996
f 1997 	1993 	1875
f 1942 	1994 	1998
f 1999 	1995 	1778
f 1843 	1996 	2000
f 2001 	1997 	1875
f 1942 	1998 	2002
f 2003 	1999 	1778
f 1843 	2000 	2004
f 2005 	2001 	1875
f 1942 	2002 	2006
f 2007 	2003 	1778
f 1843 	2004 	2008
f 2009 	2005 	1875
f 1942 	2006 	2010
f 1843 	2008 	2011
f 2012 	2009 	1875
f 1942 	2010 	2013
f 1843 	2011 	2014
f 2015 	2012 	1875
f 1942 	2013 	2016
f 1843 	2014 	2017
f 2018 	2015 	1875
f 1942 	2016 	2019
f 1843 	2017 	2020
f 1942 	2019 	2021
f 1843 	2020 	2022
f 1942 	2021 	2023
f 1843 	2022 	2024
f 1942 	2023 	2025
f 1843 	2024 	2026
f 1942 	2025 	2027
f 1843 	2026 	2028
f 1942 	2027 	2029
f 1843 	2028 	2030
f 1762 	1942 	2029
f 1859 	1843 	2030
f 1762 	2029 	2031
f 1859 	2030 	2032
f 1762 	2031 	2033
f 1859 	2032 	2034
f 1762 	2033 	2035
f 1859 	2034 	2036
f 1762 	2035 	2037
f 1859 	2036 	2038
f 1762 	2037 	2039
f 1859 	2038 	2040
f 1762 	2039 	2041
f 1859 	2040 	2042
f 1762 	2041 	2043
f 1859 	2042 	2044
f 1762 	2043 	2045
f 1859 	2044 	2046
f 1762 	2045 	2047
f 1859 	2046 	2048
f 1762 	2047 	2049
f 1859 	2048 	2050
f 1762 	2049 	2051
f 1859 	2050 	2052
f 1762 	2051 	2053
f 1859 	2052 	2054
f 1762 	2053 	2055
f 1859 	2054 	2056
f 1762 	2055 	2057
f 1875 	1859 	2056
f 1762 	2057 	2058
f 1875 	2056 	2059
f 1762 	2058 	2060
f 1875 	2059 	2061
f 1778 	1762 	2060
f 1875 	2061 	2062
f 1778 	2060 	2063
f 1875 	2062 	2064
f 1778 	2063 	2065
f 1875 	2064 	2066
f 1778 	2065 	2067
f 1875 	2066 	2068
f 1778 	2067 	2069
f 1875 	2068 	2070
f 1778 	2069 	2071
f 1875 	2070 	2072
f 1778 	2071 	2073
f 1875 	2072 	2074
f 1778 	2073 	2075
f 1875 	2074 	2076
f 1778 	2075 	2077
f 1875 	2076 	2078
f 1778 	2077 	2079
f 1875 	2078 	2080
f 1778 	2079 	2081
f 1875 	2080 	2082
f 1778 	2081 	2083
f 1875 	2082 	2084
f 1778 	2083 	2085
f 1875 	2084 	2086
f 1778 	2085 	2087
f 1875 	2086 	2088
f 1778 	2087 	2089
f 1875 	2088 	2090
f 1778 	2089 	2091
f 1875 	2090 	2092
f 1778 	2091 	2018
f 1875 	2092 	2093
f 1778 	2018 	1875
f 1875 	2093 	2094
f 2007 	1778 	1875
f 1875 	2094 	2007
f 2095 	2096 	2097
f 2097 	2098 	2099
f 2099 	2100 	2101
f 2101 	2102 	2103
f 2103 	2104 	2105
f 2105 	2106 	2107
f 2107 	2108 	2109
f 2109 	2110 	2111
f 2111 	2112 	2113
f 2113 	2114 	2115
f 2115 	2116 	2117
f 2117 	2118 	2119
f 2119 	2120 	2121
f 2121 	2122 	2123
f 2123 	2124 	2125
f 2125 	2126 	2127
f 2127 	2128 	2129
f 2129 	2130 	2131
f 2131 	2132 	2133
f 2133 	2134 	2135
f 2135 	2136 	2137
f 2137 	2138 	2139
f 2139 	2140 	2141
f 2141 	2142 	2143
f 2143 	2144 	2145
f 2146 	2147 	2148
f 2148 	2149 	2150
f 2150 	2151 	2152
f 2152 	2153 	2154
f 2154 	2155 	2156
f 2156 	2157 	2158
f 2158 	2159 	2160
f 2160 	2161 	2162
f 2162 	2163 	2164
f 2164 	2165 	2166
f 2166 	2167 	2168
f 2168 	2169 	2170
f 2170 	2171 	2172
f 2172 	2173 	2174
f 2174 	2175 	2176
f 2176 	2177 	2178
f 2178 	2179 	2180
f 2180 	2181 	2182
f 2182 	2183 	2184
f 2184 	2185 	2186
f 2186 	2187 	2188
f 2188 	2189 	2190
f 2190 	2191 	2192
f 2192 	2193 	2194
f 2194 	2195 	2196
f 2196 	2197 	2198
f 2198 	2199 	2200
f 2200 	2201 	2202
f 2202 	2203 	2204
f 2204 	2205 	2206
f 2206 	2207 	2208
f 2208 	2209 	2210
f 2210 	2211 	2212
f 2212 	2213 	2214
f 2214 	2215 	2216
f 2216 	2217 	2218
f 2218 	2219 	2220
f 2220 	2221 	2222
f 2222 	2223 	2224
f 2224 	2225 	2226
f 2226 	2227 	2228
f 2228 	2229 	2230
f 2230 	2231 	2232
f 2232 	2233 	2234
f 2234 	2235 	2236
f 2236 	2237 	2238
f 2238 	2239 	2240
f 2240 	2241 	2242
f 2242 	2243 	2244
f 2245 	2246 	2247
f 2247 	2248 	2249
f 2249 	2250 	2251
f 2251 	2252 	2253
f 2253 	2254 	2255
f 2255 	2256 	2257
f 2257 	2258 	2259
f 2259 	2260 	2261
f 2261 	2262 	2263
f 2263 	2264 	2265
f 2265 	2266 	2267
f 2267 	2268 	2269
f 2269 	2270 	2271
f 2271 	2272 	2273
f 2273 	2274 	2275
f 2275 	2276 	2277
f 2277 	2278 	2279
f 2279 	2280 	2281
f 2281 	2282 	2283
f 2283 	2284 	2285
f 2285 	2286 	2287
f 2287 	2288 	2289
f 2289 	2290 	2291
f 2291 	2292 	2095
f 2095 	2097 	2099
f 2099 	2101 	2103
f 2103 	2105 	2107
f 2107 	2109 	2111
f 2111 	2113 	2115
f 2115 	2117 	2119
f 2119 	2121 	2123
f 2123 	2125 	2127
f 2127 	2129 	2131
f 2131 	2133 	2135
f 2135 	2137 	2139
f 2139 	2141 	2143
f 2293 	2146 	2148
f 2148 	2150 	2152
f 2152 	2154 	2156
f 2156 	2158 	2160
f 2160 	2162 	2164
f 2164 	2166 	2168
f 2168 	2170 	2172
f 2172 	2174 	2176
f 2176 	2178 	2180
f 2180 	2182 	2184
f 2184 	2186 	2188
f 2188 	2190 	2192
f 2192 	2194 	2196
f 2196 	2198 	2200
f 2200 	2202 	2204
f 2204 	2206 	2208
f 2208 	2210 	2212
f 2212 	2214 	2216
f 2216 	2218 	2220
f 2220 	2222 	2224
f 2224 	2226 	2228
f 2228 	2230 	2232
f 2232 	2234 	2236
f 2236 	2238 	2240
f 2240 	2242 	2244
f 2294 	2245 	2247
f 2247 	2249 	2251
f 2251 	2253 	2255
f 2255 	2257 	2259
f 2259 	2261 	2263
f 2263 	2265 	2267
f 2267 	2269 	2271
f 2271 	2273 	2275
f 2275 	2277 	2279
f 2279 	2281 	2283
f 2283 	2285 	2287
f 2287 	2289 	2291
f 2291 	2095 	2099
f 2099 	2103 	2107
f 2107 	2111 	2115
f 2115 	2119 	2123
f 2123 	2127 	2131
f 2131 	2135 	2139
f 2139 	2143 	2145
f 2295 	2293 	2148
f 2148 	2152 	2156
f 2156 	2160 	2164
f 2164 	2168 	2172
f 2172 	2176 	2180
f 2180 	2184 	2188
f 2188 	2192 	2196
f 2196 	2200 	2204
f 2204 	2208 	2212
f 2212 	2216 	2220
f 2220 	2224 	2228
f 2228 	2232 	2236
f 2236 	2240 	2244
f 2296 	2294 	2247
f 2247 	2251 	2255
f 2255 	2259 	2263
f 2263 	2267 	2271
f 2271 	2275 	2279
f 2279 	2283 	2287
f 2287 	2291 	2099
f 2099 	2107 	2115
f 2115 	2123 	2131
f 2131 	2139 	2145
f 2297 	2295 	2148
f 2148 	2156 	2164
f 2164 	2172 	2180
f 2180 	2188 	2196
f 2196 	2204 	2212
f 2212 	2220 	2228
f 2228 	2236 	2244
f 2298 	2296 	2247
f 2247 	2255 	2263
f 2263 	2271 	2279
f 2279 	2287 	2099
f 2115 	2131 	2145
f 2299 	2297 	2148
f 2148 	2164 	2180
f 2212 	2228 	2244
f 2300 	2298 	2247
f 2247 	2263 	2279
f 2115 	2145 	2301
f 2302 	2299 	2148
f 2212 	2244 	2303
f 2300 	2247 	2279
f 2115 	2301 	2304
f 2305 	2302 	2148
f 2212 	2303 	2306
f 2307 	2300 	2279
f 2115 	2304 	2308
f 2309 	2305 	2148
f 2212 	2306 	2310
f 2311 	2307 	2279
f 2115 	2308 	2312
f 2309 	2148 	2180
f 2212 	2310 	2313
f 2314 	2311 	2279
f 2115 	2312 	2315
f 2316 	2309 	2180
f 2212 	2313 	2317
f 2318 	2314 	2279
f 2115 	2315 	2319
f 2320 	2316 	2180
f 2212 	2317 	2321
f 2322 	2318 	2279
f 2115 	2319 	2323
f 2324 	2320 	2180
f 2212 	2321 	2325
f 2326 	2322 	2279
f 2115 	2323 	2327
f 2328 	2324 	2180
f 2212 	2325 	2329
f 2330 	2326 	2279
f 2115 	2327 	2331
f 2332 	2328 	2180
f 2212 	2329 	2333
f 2334 	2330 	2279
f 2115 	2331 	2335
f 2336 	2332 	2180
f 2212 	2333 	2337
f 2338 	2334 	2279
f 2115 	2335 	2339
f 2340 	2336 	2180
f 2212 	2337 	2341
f 2342 	2338 	2279
f 2115 	2339 	2343
f 2344 	2340 	2180
f 2212 	2341 	2345
f 2346 	2342 	2279
f 2347 	2344 	2180
f 2212 	2345 	2348
f 2349 	2346 	2279
f 2350 	2347 	2180
f 2212 	2348 	2351
f 2352 	2349 	2279
f 2353 	2350 	2180
f 2212 	2351 	2354
f 2355 	2352 	2279
f 2356 	2353 	2180
f 2357 	2355 	2279
f 2358 	2356 	2180
f 2359 	2357 	2279
f 2360 	2358 	2180
f 2361 	2359 	2279
f 2362 	2360 	2180
f 2363 	2361 	2279
f 2364 	2362 	2180
f 2365 	2363 	2279
f 2366 	2364 	2180
f 2365 	2279 	2099
f 2366 	2180 	2196
f 2367 	2365 	2099
f 2368 	2366 	2196
f 2369 	2367 	2099
f 2370 	2368 	2196
f 2371 	2369 	2099
f 2372 	2370 	2196
f 2373 	2371 	2099
f 2374 	2372 	2196
f 2375 	2373 	2099
f 2376 	2374 	2196
f 2377 	2375 	2099
f 2378 	2376 	2196
f 2379 	2377 	2099
f 2380 	2378 	2196
f 2381 	2379 	2099
f 2382 	2380 	2196
f 2383 	2381 	2099
f 2384 	2382 	2196
f 2385 	2383 	2099
f 2386 	2384 	2196
f 2387 	2385 	2099
f 2388 	2386 	2196
f 2389 	2387 	2099
f 2390 	2388 	2196
f 2391 	2389 	2099
f 2392 	2390 	2196
f 2393 	2391 	2099
f 2392 	2196 	2212
f 2394 	2393 	2099
f 2395 	2392 	2212
f 2396 	2394 	2099
f 2397 	2395 	2212
f 2396 	2099 	2115
f 2398 	2397 	2212
f 2399 	2396 	2115
f 2400 	2398 	2212
f 2401 	2399 	2115
f 2402 	2400 	2212
f 2403 	2401 	2115
f 2404 	2402 	2212
f 2405 	2403 	2115
f 2406 	2404 	2212
f 2407 	2405 	2115
f 2408 	2406 	2212
f 2409 	2407 	2115
f 2410 	2408 	2212
f 2411 	2409 	2115
f 2412 	2410 	2212
f 2413 	2411 	2115
f 2414 	2412 	2212
f 2415 	2413 	2115
f 2416 	2414 	2212
f 2417 	2415 	2115
f 2418 	2416 	2212
f 2419 	2417 	2115
f 2420 	2418 	2212
f 2421 	2419 	2115
f 2422 	2420 	2212
f 2423 	2421 	2115
f 2424 	2422 	2212
f 2425 	2423 	2115
f 2426 	2424 	2212
f 2427 	2425 	2115
f 2428 	2426 	2212
f 2354 	2427 	2115
f 2429 	2428 	2212
f 2212 	2354 	2115
f 2430 	2429 	2212
f 2212 	2115 	2343
f 2343 	2430 	2212
f 1759 	1763 	2097
f 1763 	2098 	2097
f 1763 	1762 	2098
f 1762 	2099 	2098
f 1762 	1765 	2099
f 1765 	2100 	2099
f 1765 	1764 	2100
f 1764 	2101 	2100
f 1764 	1767 	2101
f 1767 	2102 	2101
f 1767 	1766 	2102
f 1766 	2103 	2102
f 1766 	1769 	2103
f 1769 	2104 	2103
f 1769 	1768 	2104
f 1768 	2105 	2104
f 1768 	1771 	2105
f 1771 	2106 	2105
f 1771 	1770 	2106
f 1770 	2107 	2106
f 1770 	1773 	2107
f 1773 	2108 	2107
f 1773 	1772 	2108
f 1772 	2109 	2108
f 1772 	1775 	2109
f 1775 	2110 	2109
f 1775 	1774 	2110
f 1774 	2111 	2110
f 1774 	1777 	2111
f 1777 	2112 	2111
f 1777 	1776 	2112
f 1776 	2113 	2112
f 1776 	1779 	2113
f 1779 	2114 	2113
f 1779 	1778 	2114
f 1778 	2115 	2114
f 1778 	1781 	2115
f 1781 	2116 	2115
f 1781 	1780 	2116
f 1780 	2117 	2116
f 1780 	1783 	2117
f 1783 	2118 	2117
f 1783 	1782 	2118
f 1782 	2119 	2118
f 1782 	1785 	2119
f 1785 	2120 	2119
f 1785 	1784 	2120
f 1784 	2121 	2120
f 1784 	1787 	2121
f 1787 	2122 	2121
f 1787 	1786 	2122
f 1786 	2123 	2122
f 1786 	1789 	2123
f 1789 	2124 	2123
f 1789 	1788 	2124
f 1788 	2125 	2124
f 1788 	1791 	2125
f 1791 	2126 	2125
f 1791 	1790 	2126
f 1790 	2127 	2126
f 1790 	1793 	2127
f 1793 	2128 	2127
f 1793 	1792 	2128
f 1792 	2129 	2128
f 1792 	1795 	2129
f 1795 	2130 	2129
f 1795 	1794 	2130
f 1794 	2131 	2130
f 1794 	1797 	2131
f 1797 	2132 	2131
f 1797 	1796 	2132
f 1796 	2133 	2132
f 1796 	1799 	2133
f 1799 	2134 	2133
f 1799 	1798 	2134
f 1798 	2135 	2134
f 1798 	1801 	2135
f 1801 	2136 	2135
f 1801 	1800 	2136
f 1800 	2137 	2136
f 1800 	1803 	2137
f 1803 	2138 	2137
f 1803 	1802 	2138
f 1802 	2139 	2138
f 1802 	1805 	2139
f 1805 	2140 	2139
f 1805 	1804 	2140
f 1804 	2141 	2140
f 1804 	1807 	2141
f 1807 	2142 	2141
f 1807 	1806 	2142
f 1806 	2143 	2142
f 1806 	1809 	2143
f 1809 	2144 	2143
f 1809 	1808 	2144
f 1808 	2145 	2144
f 1808 	1965 	2145
f 1965 	2301 	2145
f 1965 	1968 	2301
f 1968 	2304 	2301
f 1968 	1972 	2304
f 1972 	2308 	2304
f 1972 	1976 	2308
f 1976 	2312 	2308
f 1976 	1979 	2312
f 1979 	2315 	2312
f 1979 	1983 	2315
f 1983 	2319 	2315
f 1983 	1987 	2319
f 1987 	2323 	2319
f 1987 	1991 	2323
f 1991 	2327 	2323
f 1991 	1995 	2327
f 1995 	2331 	2327
f 1995 	1999 	2331
f 1999 	2335 	2331
f 1999 	2003 	2335
f 2003 	2339 	2335
f 2003 	2007 	2339
f 2007 	2343 	2339
f 2007 	2094 	2343
f 2094 	2430 	2343
f 2094 	2093 	2430
f 2093 	2429 	2430
f 2093 	2092 	2429
f 2092 	2428 	2429
f 2092 	2090 	2428
f 2090 	2426 	2428
f 2090 	2088 	2426
f 2088 	2424 	2426
f 2088 	2086 	2424
f 2086 	2422 	2424
f 2086 	2084 	2422
f 2084 	2420 	2422
f 2084 	2082 	2420
f 2082 	2418 	2420
f 2082 	2080 	2418
f 2080 	2416 	2418
f 2080 	2078 	2416
f 2078 	2414 	2416
f 2078 	2076 	2414
f 2076 	2412 	2414
f 2076 	2074 	2412
f 2074 	2410 	2412
f 2074 	2072 	2410
f 2072 	2408 	2410
f 2072 	2070 	2408
f 2070 	2406 	2408
f 2070 	2068 	2406
f 2068 	2404 	2406
f 2068 	2066 	2404
f 2066 	2402 	2404
f 2066 	2064 	2402
f 2064 	2400 	2402
f 2064 	2062 	2400
f 2062 	2398 	2400
f 2062 	2061 	2398
f 2061 	2397 	2398
f 2061 	2059 	2397
f 2059 	2395 	2397
f 2059 	2056 	2395
f 2056 	2392 	2395
f 2056 	2054 	2392
f 2054 	2390 	2392
f 2054 	2052 	2390
f 2052 	2388 	2390
f 2052 	2050 	2388
f 2050 	2386 	2388
f 2050 	2048 	2386
f 2048 	2384 	2386
f 2048 	2046 	2384
f 2046 	2382 	2384
f 2046 	2044 	2382
f 2044 	2380 	2382
f 2044 	2042 	2380
f 2042 	2378 	2380
f 2042 	2040 	2378
f 2040 	2376 	2378
f 2040 	2038 	2376
f 2038 	2374 	2376
f 2038 	2036 	2374
f 2036 	2372 	2374
f 2036 	2034 	2372
f 2034 	2370 	2372
f 2034 	2032 	2370
f 2032 	2368 	2370
f 2032 	2030 	2368
f 2030 	2366 	2368
f 2030 	2028 	2366
f 2028 	2364 	2366
f 2028 	2026 	2364
f 2026 	2362 	2364
f 2026 	2024 	2362
f 2024 	2360 	2362
f 2024 	2022 	2360
f 2022 	2358 	2360
f 2022 	2020 	2358
f 2020 	2356 	2358
f 2020 	2017 	2356
f 2017 	2353 	2356
f 2017 	2014 	2353
f 2014 	2350 	2353
f 2014 	2011 	2350
f 2011 	2347 	2350
f 2011 	2008 	2347
f 2008 	2344 	2347
f 2008 	2004 	2344
f 2004 	2340 	2344
f 2004 	2000 	2340
f 2000 	2336 	2340
f 2000 	1996 	2336
f 1996 	2332 	2336
f 1996 	1992 	2332
f 1992 	2328 	2332
f 1992 	1988 	2328
f 1988 	2324 	2328
f 1988 	1984 	2324
f 1984 	2320 	2324
f 1984 	1980 	2320
f 1980 	2316 	2320
f 1980 	1973 	2316
f 1973 	2309 	2316
f 1973 	1969 	2309
f 1969 	2305 	2309
f 1969 	1966 	2305
f 1966 	2302 	2305
f 1966 	1963 	2302
f 1963 	2299 	2302
f 1963 	1961 	2299
f 1961 	2297 	2299
f 1961 	1959 	2297
f 1959 	2295 	2297
f 1959 	1957 	2295
f 1957 	2293 	2295
f 1957 	1812 	2293
f 1812 	2146 	2293
f 1812 	1811 	2146
f 1811 	2147 	2146
f 1811 	1810 	2147
f 1810 	2148 	2147
f 1810 	1814 	2148
f 1814 	2149 	2148
f 1814 	1813 	2149
f 1813 	2150 	2149
f 1813 	1816 	2150
f 1816 	2151 	2150
f 1816 	1815 	2151
f 1815 	2152 	2151
f 1815 	1818 	2152
f 1818 	2153 	2152
f 1818 	1817 	2153
f 1817 	2154 	2153
f 1817 	1820 	2154
f 1820 	2155 	2154
f 1820 	1819 	2155
f 1819 	2156 	2155
f 1819 	1822 	2156
f 1822 	2157 	2156
f 1822 	1821 	2157
f 1821 	2158 	2157
f 1821 	1824 	2158
f 1824 	2159 	2158
f 1824 	1823 	2159
f 1823 	2160 	2159
f 1823 	1826 	2160
f 1826 	2161 	2160
f 1826 	1825 	2161
f 1825 	2162 	2161
f 1825 	1828 	2162
f 1828 	2163 	2162
f 1828 	1827 	2163
f 1827 	2164 	2163
f 1827 	1830 	2164
f 1830 	2165 	2164
f 1830 	1829 	2165
f 1829 	2166 	2165
f 1829 	1832 	2166
f 1832 	2167 	2166
f 1832 	1831 	2167
f 1831 	2168 	2167
f 1831 	1834 	2168
f 1834 	2169 	2168
f 1834 	1833 	2169
f 1833 	2170 	2169
f 1833 	1836 	2170
f 1836 	2171 	2170
f 1836 	1835 	2171
f 1835 	2172 	2171
f 1835 	1838 	2172
f 1838 	2173 	2172
f 1838 	1837 	2173
f 1837 	2174 	2173
f 1837 	1840 	2174
f 1840 	2175 	2174
f 1840 	1839 	2175
f 1839 	2176 	2175
f 1839 	1842 	2176
f 1842 	2177 	2176
f 1842 	1841 	2177
f 1841 	2178 	2177
f 1841 	1844 	2178
f 1844 	2179 	2178
f 1844 	1843 	2179
f 1843 	2180 	2179
f 1843 	1846 	2180
f 1846 	2181 	2180
f 1846 	1845 	2181
f 1845 	2182 	2181
f 1845 	1848 	2182
f 1848 	2183 	2182
f 1848 	1847 	2183
f 1847 	2184 	2183
f 1847 	1850 	2184
f 1850 	2185 	2184
f 1850 	1849 	2185
f 1849 	2186 	2185
f 1849 	1852 	2186
f 1852 	2187 	2186
f 1852 	1851 	2187
f 1851 	2188 	2187
f 1851 	1854 	2188
f 1854 	2189 	2188
f 1854 	1853 	2189
f 1853 	2190 	2189
f 1853 	1856 	2190
f 1856 	2191 	2190
f 1856 	1855 	2191
f 1855 	2192 	2191
f 1855 	1858 	2192
f 1858 	2193 	2192
f 1858 	1857 	2193
f 1857 	2194 	2193
f 1857 	1860 	2194
f 1860 	2195 	2194
f 1860 	1859 	2195
f 1859 	2196 	2195
f 1859 	1862 	2196
f 1862 	2197 	2196
f 1862 	1861 	2197
f 1861 	2198 	2197
f 1861 	1864 	2198
f 1864 	2199 	2198
f 1864 	1863 	2199
f 1863 	2200 	2199
f 1863 	1866 	2200
f 1866 	2201 	2200
f 1866 	1865 	2201
f 1865 	2202 	2201
f 1865 	1868 	2202
f 1868 	2203 	2202
f 1868 	1867 	2203
f 1867 	2204 	2203
f 1867 	1870 	2204
f 1870 	2205 	2204
f 1870 	1869 	2205
f 1869 	2206 	2205
f 1869 	1872 	2206
f 1872 	2207 	2206
f 1872 	1871 	2207
f 1871 	2208 	2207
f 1871 	1874 	2208
f 1874 	2209 	2208
f 1874 	1873 	2209
f 1873 	2210 	2209
f 1873 	1876 	2210
f 1876 	2211 	2210
f 1876 	1875 	2211
f 1875 	2212 	2211
f 1875 	1878 	2212
f 1878 	2213 	2212
f 1878 	1877 	2213
f 1877 	2214 	2213
f 1877 	1880 	2214
f 1880 	2215 	2214
f 1880 	1879 	2215
f 1879 	2216 	2215
f 1879 	1882 	2216
f 1882 	2217 	2216
f 1882 	1881 	2217
f 1881 	2218 	2217
f 1881 	1884 	2218
f 1884 	2219 	2218
f 1884 	1883 	2219
f 1883 	2220 	2219
f 1883 	1886 	2220
f 1886 	2221 	2220
f 1886 	1885 	2221
f 1885 	2222 	2221
f 1885 	1888 	2222
f 1888 	2223 	2222
f 1888 	1887 	2223
f 1887 	2224 	2223
f 1887 	1890 	2224
f 1890 	2225 	2224
f 1890 	1889 	2225
f 1889 	2226 	2225
f 1889 	1892 	2226
f 1892 	2227 	2226
f 1892 	1891 	2227
f 1891 	2228 	2227
f 1891 	1894 	2228
f 1894 	2229 	2228
f 1894 	1893 	2229
f 1893 	2230 	2229
f 1893 	1896 	2230
f 1896 	2231 	2230
f 1896 	1895 	2231
f 1895 	2232 	2231
f 1895 	1898 	2232
f 1898 	2233 	2232
f 1898 	1897 	2233
f 1897 	2234 	2233
f 1897 	1900 	2234
f 1900 	2235 	2234
f 1900 	1899 	2235
f 1899 	2236 	2235
f 1899 	1902 	2236
f 1902 	2237 	2236
f 1902 	1901 	2237
f 1901 	2238 	2237
f 1901 	1904 	2238
f 1904 	2239 	2238
f 1904 	1903 	2239
f 1903 	2240 	2239
f 1903 	1906 	2240
f 1906 	2241 	2240
f 1906 	1905 	2241
f 1905 	2242 	2241
f 1905 	1908 	2242
f 1908 	2243 	2242
f 1908 	1907 	2243
f 1907 	2244 	2243
f 1907 	1967 	2244
f 1967 	2303 	2244
f 1967 	1970 	2303
f 1970 	2306 	2303
f 1970 	1974 	2306
f 1974 	2310 	2306
f 1974 	1977 	2310
f 1977 	2313 	2310
f 1977 	1981 	2313
f 1981 	2317 	2313
f 1981 	1985 	2317
f 1985 	2321 	2317
f 1985 	1989 	2321
f 1989 	2325 	2321
f 1989 	1993 	2325
f 1993 	2329 	2325
f 1993 	1997 	2329
f 1997 	2333 	2329
f 1997 	2001 	2333
f 2001 	2337 	2333
f 2001 	2005 	2337
f 2005 	2341 	2337
f 2005 	2009 	2341
f 2009 	2345 	2341
f 2009 	2012 	2345
f 2012 	2348 	2345
f 2012 	2015 	2348
f 2015 	2351 	2348
f 2015 	2018 	2351
f 2018 	2354 	2351
f 2018 	2091 	2354
f 2091 	2427 	2354
f 2091 	2089 	2427
f 2089 	2425 	2427
f 2089 	2087 	2425
f 2087 	2423 	2425
f 2087 	2085 	2423
f 2085 	2421 	2423
f 2085 	2083 	2421
f 2083 	2419 	2421
f 2083 	2081 	2419
f 2081 	2417 	2419
f 2081 	2079 	2417
f 2079 	2415 	2417
f 2079 	2077 	2415
f 2077 	2413 	2415
f 2077 	2075 	2413
f 2075 	2411 	2413
f 2075 	2073 	2411
f 2073 	2409 	2411
f 2073 	2071 	2409
f 2071 	2407 	2409
f 2071 	2069 	2407
f 2069 	2405 	2407
f 2069 	2067 	2405
f 2067 	2403 	2405
f 2067 	2065 	2403
f 2065 	2401 	2403
f 2065 	2063 	2401
f 2063 	2399 	2401
f 2063 	2060 	2399
f 2060 	2396 	2399
f 2060 	2058 	2396
f 2058 	2394 	2396
f 2058 	2057 	2394
f 2057 	2393 	2394
f 2057 	2055 	2393
f 2055 	2391 	2393
f 2055 	2053 	2391
f 2053 	2389 	2391
f 2053 	2051 	2389
f 2051 	2387 	2389
f 2051 	2049 	2387
f 2049 	2385 	2387
f 2049 	2047 	2385
f 2047 	2383 	2385
f 2047 	2045 	2383
f 2045 	2381 	2383
f 2045 	2043 	2381
f 2043 	2379 	2381
f 2043 	2041 	2379
f 2041 	2377 	2379
f 2041 	2039 	2377
f 2039 	2375 	2377
f 2039 	2037 	2375
f 2037 	2373 	2375
f 2037 	2035 	2373
f 2035 	2371 	2373
f 2035 	2033 	2371
f 2033 	2369 	2371
f 2033 	2031 	2369
f 2031 	2367 	2369
f 2031 	2029 	2367
f 2029 	2365 	2367
f 2029 	2027 	2365
f 2027 	2363 	2365
f 2027 	2025 	2363
f 2025 	2361 	2363
f 2025 	2023 	2361
f 2023 	2359 	2361
f 2023 	2021 	2359
f 2021 	2357 	2359
f 2021 	2019 	2357
f 2019 	2355 	2357
f 2019 	2016 	2355
f 2016 	2352 	2355
f 2016 	2013 	2352
f 2013 	2349 	2352
f 2013 	2010 	2349
f 2010 	2346 	2349
f 2010 	2006 	2346
f 2006 	2342 	2346
f 2006 	2002 	2342
f 2002 	2338 	2342
f 2002 	1998 	2338
f 1998 	2334 	2338
f 1998 	1994 	2334
f 1994 	2330 	2334
f 1994 	1990 	2330
f 1990 	2326 	2330
f 1990 	1986 	2326
f 1986 	2322 	2326
f 1986 	1982 	2322
f 1982 	2318 	2322
f 1982 	1978 	2318
f 1978 	2314 	2318
f 1978 	1975 	2314
f 1975 	2311 	2314
f 1975 	1971 	2311
f 1971 	2307 	2311
f 1971 	1964 	2307
f 1964 	2300 	2307
f 1964 	1962 	2300
f 1962 	2298 	2300
f 1962 	1960 	2298
f 1960 	2296 	2298
f 1960 	1958 	2296
f 1958 	2294 	2296
f 1958 	1911 	2294
f 1911 	2245 	2294
f 1911 	1910 	2245
f 1910 	2246 	2245
f 1910 	1909 	2246
f 1909 	2247 	2246
f 1909 	1913 	2247
f 1913 	2248 	2247
f 1913 	1912 	2248
f 1912 	2249 	2248
f 1912 	1915 	2249
f 1915 	2250 	2249
f 1915 	1914 	2250
f 1914 	2251 	2250
f 1914 	1917 	2251
f 1917 	2252 	2251
f 1917 	1916 	2252
f 1916 	2253 	2252
f 1916 	1919 	2253
f 1919 	2254 	2253
f 1919 	1918 	2254
f 1918 	2255 	2254
f 1918 	1921 	2255
f 1921 	2256 	2255
f 1921 	1920 	2256
f 1920 	2257 	2256
f 1920 	1923 	2257
f 1923 	2258 	2257
f 1923 	1922 	2258
f 1922 	2259 	2258
f 1922 	1925 	2259
f 1925 	2260 	2259
f 1925 	1924 	2260
f 1924 	2261 	2260
f 1924 	1927 	2261
f 1927 	2262 	2261
f 1927 	1926 	2262
f 1926 	2263 	2262
f 1926 	1929 	2263
f 1929 	2264 	2263
f 1929 	1928 	2264
f 1928 	2265 	2264
f 1928 	1931 	2265
f 1931 	2266 	2265
f 1931 	1930 	2266
f 1930 	2267 	2266
f 1930 	1933 	2267
f 1933 	2268 	2267
f 1933 	1932 	2268
f 1932 	2269 	2268
f 1932 	1935 	2269
f 1935 	2270 	2269
f 1935 	1934 	2270
f 1934 	2271 	2270
f 1934 	1937 	2271
f 1937 	2272 	2271
f 1937 	1936 	2272
f 1936 	2273 	2272
f 1936 	1939 	2273
f 1939 	2274 	2273
f 1939 	1938 	2274
f 1938 	2275 	2274
f 1938 	1941 	2275
f 1941 	2276 	2275
f 1941 	1940 	2276
f 1940 	2277 	2276
f 1940 	1943 	2277
f 1943 	2278 	2277
f 1943 	1942 	2278
f 1942 	2279 	2278
f 1942 	1945 	2279
f 1945 	2280 	2279
f 1945 	1944 	2280
f 1944 	2281 	2280
f 1944 	1947 	2281
f 1947 	2282 	2281
f 1947 	1946 	2282
f 1946 	2283 	2282
f 1946 	1949 	2283
f 1949 	2284 	2283
f 1949 	1948 	2284
f 1948 	2285 	2284
f 1948 	1951 	2285
f 1951 	2286 	2285
f 1951 	1950 	2286
f 1950 	2287 	2286
f 1950 	1953 	2287
f 1953 	2288 	2287
f 1953 	1952 	2288
f 1952 	2289 	2288
f 1952 	1955 	2289
f 1955 	2290 	2289
f 1955 	1954 	2290
f 1954 	2291 	2290
f 1954 	1956 	2291
f 1956 	2292 	2291
f 1956 	1761 	2292
f 1761 	2095 	2292
f 1761 	1760 	2095
f 1760 	2096 	2095
f 1760 	1759 	2096
f 1759 	2097 	2096
f 2431 	2432 	2433
f 2434 	2435 	2431
f 2436 	2437 	2438
f 2439 	2440 	2441
f 2442 	2443 	2439
f 2444 	2445 	2446
f 2431 	2433 	2447
f 2448 	2434 	2431
f 2439 	2441 	2449
f 2450 	2442 	2439
f 2431 	2447 	2451
f 2452 	2448 	2431
f 2439 	2449 	2453
f 2454 	2450 	2439
f 2431 	2451 	2455
f 2456 	2452 	2431
f 2439 	2453 	2457
f 2458 	2454 	2439
f 2431 	2455 	2459
f 2460 	2456 	2431
f 2439 	2457 	2461
f 2462 	2458 	2439
f 2431 	2459 	2463
f 2464 	2460 	2431
f 2439 	2461 	2436
f 2465 	2462 	2439
f 2431 	2463 	2466
f 2467 	2464 	2431
f 2439 	2436 	2438
f 2446 	2465 	2439
f 2431 	2466 	2468
f 2469 	2467 	2431
f 2439 	2438 	2470
f 2444 	2446 	2439
f 2431 	2468 	2471
f 2472 	2469 	2431
f 2439 	2470 	2473
f 2474 	2444 	2439
f 2431 	2471 	2475
f 2476 	2472 	2431
f 2439 	2473 	2477
f 2478 	2474 	2439
f 2431 	2475 	2479
f 2480 	2476 	2431
f 2439 	2477 	2481
f 2482 	2478 	2439
f 2431 	2479 	2483
f 2484 	2480 	2431
f 2482 	2439 	2481
f 2431 	2483 	2485
f 2482 	2481 	2486
f 2431 	2485 	2487
f 2482 	2486 	2488
f 2431 	2487 	2489
f 2482 	2488 	2490
f 2431 	2489 	2491
f 2482 	2490 	2492
f 2431 	2491 	2493
f 2482 	2492 	2494
f 2431 	2493 	2495
f 2482 	2494 	2496
f 2431 	2495 	2497
f 2482 	2496 	2498
f 2431 	2497 	2499
f 2482 	2498 	2500
f 2431 	2499 	2501
f 2482 	2500 	2502
f 2431 	2501 	2503
f 2482 	2502 	2504
f 2431 	2503 	2505
f 2482 	2504 	2506
f 2431 	2505 	2507
f 2482 	2506 	2508
f 2431 	2507 	2509
f 2482 	2508 	2510
f 2431 	2509 	2511
f 2512 	2482 	2510
f 2484 	2431 	2511
f 2513 	2512 	2510
f 2514 	2484 	2511
f 2515 	2513 	2510
f 2516 	2514 	2511
f 2517 	2515 	2510
f 2518 	2516 	2511
f 2519 	2517 	2510
f 2520 	2518 	2511
f 2521 	2519 	2510
f 2522 	2520 	2511
f 2523 	2521 	2510
f 2524 	2522 	2511
f 2525 	2523 	2510
f 2526 	2524 	2511
f 2525 	2510 	2527
f 2526 	2511 	2528
f 2525 	2527 	2529
f 2526 	2528 	2530
f 2525 	2529 	2531
f 2526 	2530 	2532
f 2525 	2531 	2533
f 2526 	2532 	2534
f 2525 	2533 	2535
f 2526 	2534 	2536
f 2525 	2535 	2537
f 2526 	2536 	2538
f 2525 	2537 	2526
f 2526 	2538 	2525
f 2539 	2540 	2541
f 2541 	2542 	2543
f 2544 	2545 	2546
f 2547 	2548 	2549
f 2549 	2550 	2551
f 2552 	2553 	2554
f 2555 	2539 	2541
f 2541 	2543 	2556
f 2557 	2547 	2549
f 2549 	2551 	2558
f 2559 	2555 	2541
f 2541 	2556 	2560
f 2561 	2557 	2549
f 2549 	2558 	2562
f 2563 	2559 	2541
f 2541 	2560 	2564
f 2565 	2561 	2549
f 2549 	2562 	2566
f 2567 	2563 	2541
f 2541 	2564 	2568
f 2569 	2565 	2549
f 2549 	2566 	2570
f 2571 	2567 	2541
f 2541 	2568 	2572
f 2546 	2569 	2549
f 2549 	2570 	2573
f 2574 	2571 	2541
f 2541 	2572 	2575
f 2544 	2546 	2549
f 2549 	2573 	2552
f 2576 	2574 	2541
f 2541 	2575 	2577
f 2578 	2544 	2549
f 2549 	2552 	2554
f 2579 	2576 	2541
f 2541 	2577 	2580
f 2581 	2578 	2549
f 2549 	2554 	2582
f 2583 	2579 	2541
f 2541 	2580 	2584
f 2585 	2581 	2549
f 2549 	2582 	2586
f 2587 	2583 	2541
f 2541 	2584 	2588
f 2589 	2585 	2549
f 2549 	2586 	2590
f 2591 	2587 	2541
f 2541 	2588 	2592
f 2589 	2549 	2590
f 2593 	2591 	2541
f 2594 	2589 	2590
f 2595 	2593 	2541
f 2596 	2594 	2590
f 2597 	2595 	2541
f 2598 	2596 	2590
f 2599 	2597 	2541
f 2600 	2598 	2590
f 2601 	2599 	2541
f 2602 	2600 	2590
f 2603 	2601 	2541
f 2604 	2602 	2590
f 2605 	2603 	2541
f 2606 	2604 	2590
f 2607 	2605 	2541
f 2608 	2606 	2590
f 2609 	2607 	2541
f 2610 	2608 	2590
f 2611 	2609 	2541
f 2612 	2610 	2590
f 2613 	2611 	2541
f 2614 	2612 	2590
f 2615 	2613 	2541
f 2616 	2614 	2590
f 2617 	2615 	2541
f 2618 	2616 	2590
f 2619 	2617 	2541
f 2618 	2590 	2620
f 2619 	2541 	2592
f 2618 	2620 	2621
f 2619 	2592 	2622
f 2618 	2621 	2623
f 2619 	2622 	2624
f 2618 	2623 	2625
f 2619 	2624 	2626
f 2618 	2625 	2627
f 2619 	2626 	2628
f 2618 	2627 	2629
f 2619 	2628 	2630
f 2618 	2629 	2631
f 2619 	2630 	2632
f 2618 	2631 	2633
f 2619 	2632 	2634
f 2635 	2618 	2633
f 2636 	2619 	2634
f 2637 	2635 	2633
f 2638 	2636 	2634
f 2639 	2637 	2633
f 2640 	2638 	2634
f 2641 	2639 	2633
f 2642 	2640 	2634
f 2643 	2641 	2633
f 2644 	2642 	2634
f 2645 	2643 	2633
f 2646 	2644 	2634
f 2634 	2645 	2633
f 2633 	2646 	2634
f 2431 	2435 	2541
f 2435 	2542 	2541
f 2435 	2434 	2542
f 2434 	2543 	2542
f 2434 	2448 	2543
f 2448 	2556 	2543
f 2448 	2452 	2556
f 2452 	2560 	2556
f 2452 	2456 	2560
f 2456 	2564 	2560
f 2456 	2460 	2564
f 2460 	2568 	2564
f 2460 	2464 	2568
f 2464 	2572 	2568
f 2464 	2467 	2572
f 2467 	2575 	2572
f 2467 	2469 	2575
f 2469 	2577 	2575
f 2469 	2472 	2577
f 2472 	2580 	2577
f 2472 	2476 	2580
f 2476 	2584 	2580
f 2476 	2480 	2584
f 2480 	2588 	2584
f 2480 	2484 	2588
f 2484 	2592 	2588
f 2484 	2514 	2592
f 2514 	2622 	2592
f 2514 	2516 	2622
f 2516 	2624 	2622
f 2516 	2518 	2624
f 2518 	2626 	2624
f 2518 	2520 	2626
f 2520 	2628 	2626
f 2520 	2522 	2628
f 2522 	2630 	2628
f 2522 	2524 	2630
f 2524 	2632 	2630
f 2524 	2526 	2632
f 2526 	2634 	2632
f 2526 	2537 	2634
f 2537 	2645 	2634
f 2537 	2535 	2645
f 2535 	2643 	2645
f 2535 	2533 	2643
f 2533 	2641 	2643
f 2533 	2531 	2641
f 2531 	2639 	2641
f 2531 	2529 	2639
f 2529 	2637 	2639
f 2529 	2527 	2637
f 2527 	2635 	2637
f 2527 	2510 	2635
f 2510 	2618 	2635
f 2510 	2508 	2618
f 2508 	2616 	2618
f 2508 	2506 	2616
f 2506 	2614 	2616
f 2506 	2504 	2614
f 2504 	2612 	2614
f 2504 	2502 	2612
f 2502 	2610 	2612
f 2502 	2500 	2610
f 2500 	2608 	2610
f 2500 	2498 	2608
f 2498 	2606 	2608
f 2498 	2496 	2606
f 2496 	2604 	2606
f 2496 	2494 	2604
f 2494 	2602 	2604
f 2494 	2492 	2602
f 2492 	2600 	2602
f 2492 	2490 	2600
f 2490 	2598 	2600
f 2490 	2488 	2598
f 2488 	2596 	2598
f 2488 	2486 	2596
f 2486 	2594 	2596
f 2486 	2481 	2594
f 2481 	2589 	2594
f 2481 	2477 	2589
f 2477 	2585 	2589
f 2477 	2473 	2585
f 2473 	2581 	2585
f 2473 	2470 	2581
f 2470 	2578 	2581
f 2470 	2438 	2578
f 2438 	2544 	2578
f 2438 	2437 	2544
f 2437 	2545 	2544
f 2437 	2436 	2545
f 2436 	2546 	2545
f 2436 	2461 	2546
f 2461 	2569 	2546
f 2461 	2457 	2569
f 2457 	2565 	2569
f 2457 	2453 	2565
f 2453 	2561 	2565
f 2453 	2449 	2561
f 2449 	2557 	2561
f 2449 	2441 	2557
f 2441 	2547 	2557
f 2441 	2440 	2547
f 2440 	2548 	2547
f 2440 	2439 	2548
f 2439 	2549 	2548
f 2439 	2443 	2549
f 2443 	2550 	2549
f 2443 	2442 	2550
f 2442 	2551 	2550
f 2442 	2450 	2551
f 2450 	2558 	2551
f 2450 	2454 	2558
f 2454 	2562 	2558
f 2454 	2458 	2562
f 2458 	2566 	2562
f 2458 	2462 	2566
f 2462 	2570 	2566
f 2462 	2465 	2570
f 2465 	2573 	2570
f 2465 	2446 	2573
f 2446 	2552 	2573
f 2446 	2445 	2552
f 2445 	2553 	2552
f 2445 	2444 	2553
f 2444 	2554 	2553
f 2444 	2474 	2554
f 2474 	2582 	2554
f 2474 	2478 	2582
f 2478 	2586 	2582
f 2478 	2482 	2586
f 2482 	2590 	2586
f 2482 	2512 	2590
f 2512 	2620 	2590
f 2512 	2513 	2620
f 2513 	2621 	2620
f 2513 	2515 	2621
f 2515 	2623 	2621
f 2515 	2517 	2623
f 2517 	2625 	2623
f 2517 	2519 	2625
f 2519 	2627 	2625
f 2519 	2521 	2627
f 2521 	2629 	2627
f 2521 	2523 	2629
f 2523 	2631 	2629
f 2523 	2525 	2631
f 2525 	2633 	2631
f 2525 	2538 	2633
f 2538 	2646 	2633
f 2538 	2536 	2646
f 2536 	2644 	2646
f 2536 	2534 	2644
f 2534 	2642 	2644
f 2534 	2532 	2642
f 2532 	2640 	2642
f 2532 	2530 	2640
f 2530 	2638 	2640
f 2530 	2528 	2638
f 2528 	2636 	2638
f 2528 	2511 	2636
f 2511 	2619 	2636
f 2511 	2509 	2619
f 2509 	2617 	2619
f 2509 	2507 	2617
f 2507 	2615 	2617
f 2507 	2505 	2615
f 2505 	2613 	2615
f 2505 	2503 	2613
f 2503 	2611 	2613
f 2503 	2501 	2611
f 2501 	2609 	2611
f 2501 	2499 	2609
f 2499 	2607 	2609
f 2499 	2497 	2607
f 2497 	2605 	2607
f 2497 	2495 	2605
f 2495 	2603 	2605
f 2495 	2493 	2603
f 2493 	2601 	2603
f 2493 	2491 	2601
f 2491 	2599 	2601
f 2491 	2489 	2599
f 2489 	2597 	2599
f 2489 	2487 	2597
f 2487 	2595 	2597
f 2487 	2485 	2595
f 2485 	2593 	2595
f 2485 	2483 	2593
f 2483 	2591 	2593
f 2483 	2479 	2591
f 2479 	2587 	2591
f 2479 	2475 	2587
f 2475 	2583 	2587
f 2475 	2471 	2583
f 2471 	2579 	2583
f 2471 	2468 	2579
f 2468 	2576 	2579
f 2468 	2466 	2576
f 2466 	2574 	2576
f 2466 	2463 	2574
f 2463 	2571 	2574
f 2463 	2459 	2571
f 2459 	2567 	2571
f 2459 	2455 	2567
f 2455 	2563 	2567
f 2455 	2451 	2563
f 2451 	2559 	2563
f 2451 	2447 	2559
f 2447 	2555 	2559
f 2447 	2433 	2555
f 2433 	2539 	2555
f 2433 	2432 	2539
f 2432 	2540 	2539
f 2432 	2431 	2540
f 2431 	2541 	2540
f 2647 	2648 	2649
f 2650 	2651 	2652
f 2653 	2654 	2655
f 2656 	2657 	2653
f 2658 	2659 	2660
f 2647 	2649 	2661
f 2662 	2650 	2652
f 2653 	2655 	2663
f 2664 	2656 	2653
f 2665 	2658 	2660
f 2647 	2661 	2666
f 2667 	2662 	2652
f 2653 	2663 	2668
f 2669 	2664 	2653
f 2647 	2666 	2670
f 2671 	2667 	2652
f 2653 	2668 	2672
f 2673 	2669 	2653
f 2647 	2670 	2674
f 2675 	2671 	2652
f 2653 	2672 	2676
f 2677 	2673 	2653
f 2647 	2674 	2678
f 2679 	2675 	2652
f 2653 	2676 	2680
f 2681 	2677 	2653
f 2652 	2647 	2678
f 2682 	2679 	2652
f 2653 	2680 	2683
f 2684 	2681 	2653
f 2652 	2678 	2685
f 2686 	2682 	2652
f 2653 	2683 	2687
f 2688 	2684 	2653
f 2652 	2685 	2689
f 2690 	2686 	2652
f 2653 	2687 	2691
f 2692 	2688 	2653
f 2652 	2689 	2693
f 2694 	2690 	2652
f 2653 	2691 	2695
f 2696 	2692 	2653
f 2652 	2693 	2697
f 2698 	2694 	2652
f 2653 	2695 	2699
f 2700 	2696 	2653
f 2652 	2697 	2701
f 2702 	2698 	2652
f 2653 	2699 	2703
f 2704 	2700 	2653
f 2652 	2701 	2705
f 2706 	2702 	2652
f 2653 	2703 	2707
f 2708 	2704 	2653
f 2652 	2705 	2709
f 2710 	2706 	2652
f 2708 	2653 	2707
f 2652 	2709 	2711
f 2712 	2710 	2652
f 2708 	2707 	2713
f 2712 	2652 	2711
f 2708 	2713 	2714
f 2715 	2712 	2711
f 2708 	2714 	2716
f 2717 	2715 	2711
f 2708 	2716 	2718
f 2717 	2711 	2665
f 2708 	2718 	2719
f 2720 	2717 	2665
f 2708 	2719 	2721
f 2720 	2665 	2660
f 2708 	2721 	2722
f 2723 	2720 	2660
f 2708 	2722 	2724
f 2725 	2723 	2660
f 2708 	2724 	2726
f 2725 	2660 	2727
f 2708 	2726 	2728
f 2725 	2727 	2729
f 2708 	2728 	2730
f 2725 	2729 	2731
f 2708 	2730 	2732
f 2733 	2725 	2731
f 2734 	2708 	2732
f 2733 	2731 	2735
f 2736 	2734 	2732
f 2733 	2735 	2737
f 2738 	2736 	2732
f 2733 	2737 	2739
f 2740 	2738 	2732
f 2733 	2739 	2741
f 2742 	2740 	2732
f 2743 	2733 	2741
f 2744 	2742 	2732
f 2745 	2743 	2741
f 2741 	2744 	2732
f 2746 	2745 	2741
f 2741 	2732 	2747
f 2748 	2746 	2741
f 2741 	2747 	2748
f 2749 	2750 	2751
f 2752 	2753 	2754
f 2755 	2756 	2757
f 2757 	2758 	2759
f 2760 	2761 	2762
f 2763 	2749 	2751
f 2752 	2754 	2764
f 2765 	2755 	2757
f 2757 	2759 	2766
f 2760 	2762 	2767
f 2768 	2763 	2751
f 2752 	2764 	2769
f 2770 	2765 	2757
f 2757 	2766 	2771
f 2772 	2768 	2751
f 2752 	2769 	2773
f 2774 	2770 	2757
f 2757 	2771 	2775
f 2776 	2772 	2751
f 2752 	2773 	2777
f 2778 	2774 	2757
f 2757 	2775 	2779
f 2780 	2776 	2751
f 2752 	2777 	2781
f 2782 	2778 	2757
f 2757 	2779 	2783
f 2780 	2751 	2752
f 2752 	2781 	2784
f 2785 	2782 	2757
f 2757 	2783 	2786
f 2787 	2780 	2752
f 2752 	2784 	2788
f 2789 	2785 	2757
f 2757 	2786 	2790
f 2791 	2787 	2752
f 2752 	2788 	2792
f 2793 	2789 	2757
f 2757 	2790 	2794
f 2795 	2791 	2752
f 2752 	2792 	2796
f 2797 	2793 	2757
f 2757 	2794 	2798
f 2799 	2795 	2752
f 2752 	2796 	2800
f 2801 	2797 	2757
f 2757 	2798 	2802
f 2803 	2799 	2752
f 2752 	2800 	2804
f 2805 	2801 	2757
f 2757 	2802 	2806
f 2807 	2803 	2752
f 2752 	2804 	2808
f 2809 	2805 	2757
f 2757 	2806 	2810
f 2811 	2807 	2752
f 2752 	2808 	2812
f 2809 	2757 	2810
f 2813 	2811 	2752
f 2752 	2812 	2814
f 2815 	2809 	2810
f 2813 	2752 	2814
f 2816 	2815 	2810
f 2813 	2814 	2817
f 2818 	2816 	2810
f 2813 	2817 	2819
f 2820 	2818 	2810
f 2767 	2813 	2819
f 2821 	2820 	2810
f 2767 	2819 	2822
f 2823 	2821 	2810
f 2760 	2767 	2822
f 2824 	2823 	2810
f 2760 	2822 	2825
f 2826 	2824 	2810
f 2760 	2825 	2827
f 2828 	2826 	2810
f 2829 	2760 	2827
f 2830 	2828 	2810
f 2831 	2829 	2827
f 2832 	2830 	2810
f 2833 	2831 	2827
f 2834 	2832 	2810
f 2833 	2827 	2835
f 2834 	2810 	2836
f 2837 	2833 	2835
f 2834 	2836 	2838
f 2839 	2837 	2835
f 2834 	2838 	2840
f 2841 	2839 	2835
f 2834 	2840 	2842
f 2843 	2841 	2835
f 2834 	2842 	2844
f 2843 	2835 	2845
f 2834 	2844 	2846
f 2843 	2845 	2847
f 2834 	2846 	2843
f 2843 	2847 	2848
f 2849 	2834 	2843
f 2843 	2848 	2850
f 2850 	2849 	2843
f 2647 	2652 	2751
f 2652 	2752 	2751
f 2652 	2651 	2752
f 2651 	2753 	2752
f 2651 	2650 	2753
f 2650 	2754 	2753
f 2650 	2662 	2754
f 2662 	2764 	2754
f 2662 	2667 	2764
f 2667 	2769 	2764
f 2667 	2671 	2769
f 2671 	2773 	2769
f 2671 	2675 	2773
f 2675 	2777 	2773
f 2675 	2679 	2777
f 2679 	2781 	2777
f 2679 	2682 	2781
f 2682 	2784 	2781
f 2682 	2686 	2784
f 2686 	2788 	2784
f 2686 	2690 	2788
f 2690 	2792 	2788
f 2690 	2694 	2792
f 2694 	2796 	2792
f 2694 	2698 	2796
f 2698 	2800 	2796
f 2698 	2702 	2800
f 2702 	2804 	2800
f 2702 	2706 	2804
f 2706 	2808 	2804
f 2706 	2710 	2808
f 2710 	2812 	2808
f 2710 	2712 	2812
f 2712 	2814 	2812
f 2712 	2715 	2814
f 2715 	2817 	2814
f 2715 	2717 	2817
f 2717 	2819 	2817
f 2717 	2720 	2819
f 2720 	2822 	2819
f 2720 	2723 	2822
f 2723 	2825 	2822
f 2723 	2725 	2825
f 2725 	2827 	2825
f 2725 	2733 	2827
f 2733 	2835 	2827
f 2733 	2743 	2835
f 2743 	2845 	2835
f 2743 	2745 	2845
f 2745 	2847 	2845
f 2745 	2746 	2847
f 2746 	2848 	2847
f 2746 	2748 	2848
f 2748 	2850 	2848
f 2748 	2747 	2850
f 2747 	2849 	2850
f 2747 	2732 	2849
f 2732 	2834 	2849
f 2732 	2730 	2834
f 2730 	2832 	2834
f 2730 	2728 	2832
f 2728 	2830 	2832
f 2728 	2726 	2830
f 2726 	2828 	2830
f 2726 	2724 	2828
f 2724 	2826 	2828
f 2724 	2722 	2826
f 2722 	2824 	2826
f 2722 	2721 	2824
f 2721 	2823 	2824
f 2721 	2719 	2823
f 2719 	2821 	2823
f 2719 	2718 	2821
f 2718 	2820 	2821
f 2718 	2716 	2820
f 2716 	2818 	2820
f 2716 	2714 	2818
f 2714 	2816 	2818
f 2714 	2713 	2816
f 2713 	2815 	2816
f 2713 	2707 	2815
f 2707 	2809 	2815
f 2707 	2703 	2809
f 2703 	2805 	2809
f 2703 	2699 	2805
f 2699 	2801 	2805
f 2699 	2695 	2801
f 2695 	2797 	2801
f 2695 	2691 	2797
f 2691 	2793 	2797
f 2691 	2687 	2793
f 2687 	2789 	2793
f 2687 	2683 	2789
f 2683 	2785 	2789
f 2683 	2680 	2785
f 2680 	2782 	2785
f 2680 	2676 	2782
f 2676 	2778 	2782
f 2676 	2672 	2778
f 2672 	2774 	2778
f 2672 	2668 	2774
f 2668 	2770 	2774
f 2668 	2663 	2770
f 2663 	2765 	2770
f 2663 	2655 	2765
f 2655 	2755 	2765
f 2655 	2654 	2755
f 2654 	2756 	2755
f 2654 	2653 	2756
f 2653 	2757 	2756
f 2653 	2657 	2757
f 2657 	2758 	2757
f 2657 	2656 	2758
f 2656 	2759 	2758
f 2656 	2664 	2759
f 2664 	2766 	2759
f 2664 	2669 	2766
f 2669 	2771 	2766
f 2669 	2673 	2771
f 2673 	2775 	2771
f 2673 	2677 	2775
f 2677 	2779 	2775
f 2677 	2681 	2779
f 2681 	2783 	2779
f 2681 	2684 	2783
f 2684 	2786 	2783
f 2684 	2688 	2786
f 2688 	2790 	2786
f 2688 	2692 	2790
f 2692 	2794 	2790
f 2692 	2696 	2794
f 2696 	2798 	2794
f 2696 	2700 	2798
f 2700 	2802 	2798
f 2700 	2704 	2802
f 2704 	2806 	2802
f 2704 	2708 	2806
f 2708 	2810 	2806
f 2708 	2734 	2810
f 2734 	2836 	2810
f 2734 	2736 	2836
f 2736 	2838 	2836
f 2736 	2738 	2838
f 2738 	2840 	2838
f 2738 	2740 	2840
f 2740 	2842 	2840
f 2740 	2742 	2842
f 2742 	2844 	2842
f 2742 	2744 	2844
f 2744 	2846 	2844
f 2744 	2741 	2846
f 2741 	2843 	2846
f 2741 	2739 	2843
f 2739 	2841 	2843
f 2739 	2737 	2841
f 2737 	2839 	2841
f 2737 	2735 	2839
f 2735 	2837 	2839
f 2735 	2731 	2837
f 2731 	2833 	2837
f 2731 	2729 	2833
f 2729 	2831 	2833
f 2729 	2727 	2831
f 2727 	2829 	2831
f 2727 	2660 	2829
f 2660 	2760 	2829
f 2660 	2659 	2760
f 2659 	2761 	2760
f 2659 	2658 	2761
f 2658 	2762 	2761
f 2658 	2665 	2762
f 2665 	2767 	2762
f 2665 	2711 	2767
f 2711 	2813 	2767
f 2711 	2709 	2813
f 2709 	2811 	2813
f 2709 	2705 	2811
f 2705 	2807 	2811
f 2705 	2701 	2807
f 2701 	2803 	2807
f 2701 	2697 	2803
f 2697 	2799 	2803
f 2697 	2693 	2799
f 2693 	2795 	2799
f 2693 	2689 	2795
f 2689 	2791 	2795
f 2689 	2685 	2791
f 2685 	2787 	2791
f 2685 	2678 	2787
f 2678 	2780 	2787
f 2678 	2674 	2780
f 2674 	2776 	2780
f 2674 	2670 	2776
f 2670 	2772 	2776
f 2670 	2666 	2772
f 2666 	2768 	2772
f 2666 	2661 	2768
f 2661 	2763 	2768
f 2661 	2649 	2763
f 2649 	2749 	2763
f 2649 	2648 	2749
f 2648 	2750 	2749
f 2648 	2647 	2750
f 2647 	2751 	2750
f 2851 	2852 	2853
f 2854 	2855 	2851
f 2856 	2857 	2858
f 2859 	2860 	2861
f 2862 	2863 	2859
f 2864 	2865 	2866
f 2851 	2853 	2867
f 2868 	2854 	2851
f 2859 	2861 	2869
f 2870 	2862 	2859
f 2851 	2867 	2871
f 2872 	2868 	2851
f 2859 	2869 	2873
f 2874 	2870 	2859
f 2851 	2871 	2875
f 2876 	2872 	2851
f 2859 	2873 	2877
f 2878 	2874 	2859
f 2851 	2875 	2879
f 2880 	2876 	2851
f 2859 	2877 	2881
f 2882 	2878 	2859
f 2851 	2879 	2883
f 2884 	2880 	2851
f 2859 	2881 	2856
f 2885 	2882 	2859
f 2851 	2883 	2886
f 2887 	2884 	2851
f 2859 	2856 	2858
f 2866 	2885 	2859
f 2851 	2886 	2888
f 2889 	2887 	2851
f 2859 	2858 	2890
f 2864 	2866 	2859
f 2851 	2888 	2891
f 2892 	2889 	2851
f 2859 	2890 	2893
f 2894 	2864 	2859
f 2851 	2891 	2895
f 2896 	2892 	2851
f 2859 	2893 	2897
f 2898 	2894 	2859
f 2851 	2895 	2899
f 2900 	2896 	2851
f 2859 	2897 	2901
f 2902 	2898 	2859
f 2851 	2899 	2903
f 2904 	2900 	2851
f 2902 	2859 	2901
f 2851 	2903 	2905
f 2902 	2901 	2906
f 2851 	2905 	2907
f 2902 	2906 	2908
f 2851 	2907 	2909
f 2902 	2908 	2910
f 2851 	2909 	2911
f 2902 	2910 	2912
f 2851 	2911 	2913
f 2902 	2912 	2914
f 2851 	2913 	2915
f 2902 	2914 	2916
f 2851 	2915 	2917
f 2902 	2916 	2918
f 2851 	2917 	2919
f 2902 	2918 	2920
f 2851 	2919 	2921
f 2902 	2920 	2922
f 2851 	2921 	2923
f 2902 	2922 	2924
f 2851 	2923 	2925
f 2902 	2924 	2926
f 2851 	2925 	2927
f 2902 	2926 	2928
f 2851 	2927 	2929
f 2902 	2928 	2930
f 2851 	2929 	2931
f 2932 	2902 	2930
f 2904 	2851 	2931
f 2933 	2932 	2930
f 2934 	2904 	2931
f 2935 	2933 	2930
f 2936 	2934 	2931
f 2937 	2935 	2930
f 2938 	2936 	2931
f 2939 	2937 	2930
f 2940 	2938 	2931
f 2941 	2939 	2930
f 2942 	2940 	2931
f 2943 	2941 	2930
f 2944 	2942 	2931
f 2945 	2943 	2930
f 2946 	2944 	2931
f 2945 	2930 	2947
f 2946 	2931 	2948
f 2945 	2947 	2949
f 2946 	2948 	2950
f 2945 	2949 	2951
f 2946 	2950 	2952
f 2945 	2951 	2953
f 2946 	2952 	2954
f 2945 	2953 	2955
f 2946 	2954 	2956
f 2945 	2955 	2957
f 2946 	2956 	2958
f 2945 	2957 	2946
f 2946 	2958 	2945
f 2959 	2960 	2961
f 2961 	2962 	2963
f 2964 	2965 	2966
f 2967 	2968 	2969
f 2969 	2970 	2971
f 2972 	2973 	2974
f 2975 	2959 	2961
f 2961 	2963 	2976
f 2977 	2967 	2969
f 2969 	2971 	2978
f 2979 	2975 	2961
f 2961 	2976 	2980
f 2981 	2977 	2969
f 2969 	2978 	2982
f 2983 	2979 	2961
f 2961 	2980 	2984
f 2985 	2981 	2969
f 2969 	2982 	2986
f 2987 	2983 	2961
f 2961 	2984 	2988
f 2989 	2985 	2969
f 2969 	2986 	2990
f 2991 	2987 	2961
f 2961 	2988 	2992
f 2966 	2989 	2969
f 2969 	2990 	2993
f 2994 	2991 	2961
f 2961 	2992 	2995
f 2964 	2966 	2969
f 2969 	2993 	2972
f 2996 	2994 	2961
f 2961 	2995 	2997
f 2998 	2964 	2969
f 2969 	2972 	2974
f 2999 	2996 	2961
f 2961 	2997 	3000
f 3001 	2998 	2969
f 2969 	2974 	3002
f 3003 	2999 	2961
f 2961 	3000 	3004
f 3005 	3001 	2969
f 2969 	3002 	3006
f 3007 	3003 	2961
f 2961 	3004 	3008
f 3009 	3005 	2969
f 2969 	3006 	3010
f 3011 	3007 	2961
f 2961 	3008 	3012
f 3009 	2969 	3010
f 3013 	3011 	2961
f 3014 	3009 	3010
f 3015 	3013 	2961
f 3016 	3014 	3010
f 3017 	3015 	2961
f 3018 	3016 	3010
f 3019 	3017 	2961
f 3020 	3018 	3010
f 3021 	3019 	2961
f 3022 	3020 	3010
f 3023 	3021 	2961
f 3024 	3022 	3010
f 3025 	3023 	2961
f 3026 	3024 	3010
f 3027 	3025 	2961
f 3028 	3026 	3010
f 3029 	3027 	2961
f 3030 	3028 	3010
f 3031 	3029 	2961
f 3032 	3030 	3010
f 3033 	3031 	2961
f 3034 	3032 	3010
f 3035 	3033 	2961
f 3036 	3034 	3010
f 3037 	3035 	2961
f 3038 	3036 	3010
f 3039 	3037 	2961
f 3038 	3010 	3040
f 3039 	2961 	3012
f 3038 	3040 	3041
f 3039 	3012 	3042
f 3038 	3041 	3043
f 3039 	3042 	3044
f 3038 	3043 	3045
f 3039 	3044 	3046
f 3038 	3045 	3047
f 3039 	3046 	3048
f 3038 	3047 	3049
f 3039 	3048 	3050
f 3038 	3049 	3051
f 3039 	3050 	3052
f 3038 	3051 	3053
f 3039 	3052 	3054
f 3055 	3038 	3053
f 3056 	3039 	3054
f 3057 	3055 	3053
f 3058 	3056 	3054
f 3059 	3057 	3053
f 3060 	3058 	3054
f 3061 	3059 	3053
f 3062 	3060 	3054
f 3063 	3061 	3053
f 3064 	3062 	3054
f 3065 	3063 	3053
f 3066 	3064 	3054
f 3054 	3065 	3053
f 3053 	3066 	3054
f 2851 	2855 	2961
f 2855 	2962 	2961
f 2855 	2854 	2962
f 2854 	2963 	2962
f 2854 	2868 	2963
f 2868 	2976 	2963
f 2868 	2872 	2976
f 2872 	2980 	2976
f 2872 	2876 	2980
f 2876 	2984 	2980
f 2876 	2880 	2984
f 2880 	2988 	2984
f 2880 	2884 	2988
f 2884 	2992 	2988
f 2884 	2887 	2992
f 2887 	2995 	2992
f 2887 	2889 	2995
f 2889 	2997 	2995
f 2889 	2892 	2997
f 2892 	3000 	2997
f 2892 	2896 	3000
f 2896 	3004 	3000
f 2896 	2900 	3004
f 2900 	3008 	3004
f 2900 	2904 	3008
f 2904 	3012 	3008
f 2904 	2934 	3012
f 2934 	3042 	3012
f 2934 	2936 	3042
f 2936 	3044 	3042
f 2936 	2938 	3044
f 2938 	3046 	3044
f 2938 	2940 	3046
f 2940 	3048 	3046
f 2940 	2942 	3048
f 2942 	3050 	3048
f 2942 	2944 	3050
f 2944 	3052 	3050
f 2944 	2946 	3052
f 2946 	3054 	3052
f 2946 	2957 	3054
f 2957 	3065 	3054
f 2957 	2955 	3065
f 2955 	3063 	3065
f 2955 	2953 	3063
f 2953 	3061 	3063
f 2953 	2951 	3061
f 2951 	3059 	3061
f 2951 	2949 	3059
f 2949 	3057 	3059
f 2949 	2947 	3057
f 2947 	3055 	3057
f 2947 	2930 	3055
f 2930 	3038 	3055
f 2930 	2928 	3038
f 2928 	3036 	3038
f 2928 	2926 	3036
f 2926 	3034 	3036
f 2926 	2924 	3034
f 2924 	3032 	3034
f 2924 	2922 	3032
f 2922 	3030 	3032
f 2922 	2920 	3030
f 2920 	3028 	3030
f 2920 	2918 	3028
f 2918 	3026 	3028
f 2918 	2916 	3026
f 2916 	3024 	3026
f 2916 	2914 	3024
f 2914 	3022 	3024
f 2914 	2912 	3022
f 2912 	3020 	3022
f 2912 	2910 	3020
f 2910 	3018 	3020
f 2910 	2908 	3018
f 2908 	3016 	3018
f 2908 	2906 	3016
f 2906 	3014 	3016
f 2906 	2901 	3014
f 2901 	3009 	3014
f 2901 	2897 	3009
f 2897 	3005 	3009
f 2897 	2893 	3005
f 2893 	3001 	3005
f 2893 	2890 	3001
f 2890 	2998 	3001
f 2890 	2858 	2998
f 2858 	2964 	2998
f 2858 	2857 	2964
f 2857 	2965 	2964
f 2857 	2856 	2965
f 2856 	2966 	2965
f 2856 	2881 	2966
f 2881 	2989 	2966
f 2881 	2877 	2989
f 2877 	2985 	2989
f 2877 	2873 	2985
f 2873 	2981 	2985
f 2873 	2869 	2981
f 2869 	2977 	2981
f 2869 	2861 	2977
f 2861 	2967 	2977
f 2861 	2860 	2967
f 2860 	2968 	2967
f 2860 	2859 	2968
f 2859 	2969 	2968
f 2859 	2863 	2969
f 2863 	2970 	2969
f 2863 	2862 	2970
f 2862 	2971 	2970
f 2862 	2870 	2971
f 2870 	2978 	2971
f 2870 	2874 	2978
f 2874 	2982 	2978
f 2874 	2878 	2982
f 2878 	2986 	2982
f 2878 	2882 	2986
f 2882 	2990 	2986
f 2882 	2885 	2990
f 2885 	2993 	2990
f 2885 	2866 	2993
f 2866 	2972 	2993
f 2866 	2865 	2972
f 2865 	2973 	2972
f 2865 	2864 	2973
f 2864 	2974 	2973
f 2864 	2894 	2974
f 2894 	3002 	2974
f 2894 	2898 	3002
f 2898 	3006 	3002
f 2898 	2902 	3006
f 2902 	3010 	3006
f 2902 	2932 	3010
f 2932 	3040 	3010
f 2932 	2933 	3040
f 2933 	3041 	3040
f 2933 	2935 	3041
f 2935 	3043 	3041
f 2935 	2937 	3043
f 2937 	3045 	3043
f 2937 	2939 	3045
f 2939 	3047 	3045
f 2939 	2941 	3047
f 2941 	3049 	3047
f 2941 	2943 	3049
f 2943 	3051 	3049
f 2943 	2945 	3051
f 2945 	3053 	3051
f 2945 	2958 	3053
f 2958 	3066 	3053
f 2958 	2956 	3066
f 2956 	3064 	3066
f 2956 	2954 	3064
f 2954 	3062 	3064
f 2954 	2952 	3062
f 2952 	3060 	3062
f 2952 	2950 	3060
f 2950 	3058 	3060
f 2950 	2948 	3058
f 2948 	3056 	3058
f 2948 	2931 	3056
f 2931 	3039 	3056
f 2931 	2929 	3039
f 2929 	3037 	3039
f 2929 	2927 	3037
f 2927 	3035 	3037
f 2927 	2925 	3035
f 2925 	3033 	3035
f 2925 	2923 	3033
f 2923 	3031 	3033
f 2923 	2921 	3031
f 2921 	3029 	3031
f 2921 	2919 	3029
f 2919 	3027 	3029
f 2919 	2917 	3027
f 2917 	3025 	3027
f 2917 	2915 	3025
f 2915 	3023 	3025
f 2915 	2913 	3023
f 2913 	3021 	3023
f 2913 	2911 	3021
f 2911 	3019 	3021
f 2911 	2909 	3019
f 2909 	3017 	3019
f 2909 	2907 	3017
f 2907 	3015 	3017
f 2907 	2905 	3015
f 2905 	3013 	3015
f 2905 	2903 	3013
f 2903 	3011 	3013
f 2903 	2899 	3011
f 2899 	3007 	3011
f 2899 	2895 	3007
f 2895 	3003 	3007
f 2895 	2891 	3003
f 2891 	2999 	3003
f 2891 	2888 	2999
f 2888 	2996 	2999
f 2888 	2886 	2996
f 2886 	2994 	2996
f 2886 	2883 	2994
f 2883 	2991 	2994
f 2883 	2879 	2991
f 2879 	2987 	2991
f 2879 	2875 	2987
f 2875 	2983 	2987
f 2875 	2871 	2983
f 2871 	2979 	2983
f 2871 	2867 	2979
f 2867 	2975 	2979
f 2867 	2853 	2975
f 2853 	2959 	2975
f 2853 	2852 	2959
f 2852 	2960 	2959
f 2852 	2851 	2960
f 2851 	2961 	2960
f 3067 	3068 	3069
f 3070 	3071 	3072
f 3073 	3074 	3075
f 3076 	3077 	3078
f 3079 	3080 	3081
f 3082 	3083 	3079
f 3084 	3085 	3086
f 3087 	3067 	3069
f 3070 	3072 	3088
f 3089 	3073 	3075
f 3076 	3078 	3090
f 3082 	3079 	3081
f 3070 	3088 	3091
f 3092 	3089 	3075
f 3076 	3090 	3093
f 3094 	3082 	3081
f 3070 	3091 	3095
f 3096 	3092 	3075
f 3076 	3093 	3097
f 3098 	3094 	3081
f 3070 	3095 	3099
f 3100 	3096 	3075
f 3076 	3097 	3101
f 3102 	3098 	3081
f 3070 	3099 	3103
f 3104 	3100 	3075
f 3076 	3101 	3105
f 3086 	3102 	3081
f 3070 	3103 	3106
f 3107 	3104 	3075
f 3076 	3105 	3108
f 3084 	3086 	3081
f 3070 	3106 	3109
f 3110 	3107 	3075
f 3076 	3108 	3111
f 3112 	3084 	3081
f 3075 	3070 	3109
f 3113 	3110 	3075
f 3076 	3111 	3114
f 3115 	3112 	3081
f 3075 	3109 	3116
f 3117 	3113 	3075
f 3076 	3114 	3118
f 3119 	3115 	3081
f 3075 	3116 	3120
f 3121 	3117 	3075
f 3076 	3118 	3122
f 3123 	3119 	3081
f 3075 	3120 	3124
f 3125 	3121 	3075
f 3076 	3122 	3126
f 3127 	3123 	3081
f 3075 	3124 	3128
f 3129 	3125 	3075
f 3081 	3076 	3126
f 3130 	3127 	3081
f 3075 	3128 	3131
f 3132 	3129 	3075
f 3081 	3126 	3133
f 3134 	3130 	3081
f 3075 	3131 	3135
f 3136 	3132 	3075
f 3081 	3133 	3137
f 3138 	3134 	3081
f 3136 	3075 	3135
f 3081 	3137 	3139
f 3140 	3138 	3081
f 3141 	3136 	3135
f 3081 	3139 	3142
f 3143 	3140 	3081
f 3141 	3135 	3087
f 3081 	3142 	3144
f 3145 	3143 	3081
f 3146 	3141 	3087
f 3081 	3144 	3147
f 3148 	3145 	3081
f 3146 	3087 	3069
f 3081 	3147 	3149
f 3150 	3148 	3081
f 3151 	3146 	3069
f 3081 	3149 	3152
f 3153 	3150 	3081
f 3154 	3151 	3069
f 3081 	3152 	3155
f 3156 	3153 	3081
f 3157 	3154 	3069
f 3158 	3156 	3081
f 3159 	3157 	3069
f 3160 	3158 	3081
f 3159 	3069 	3161
f 3161 	3160 	3081
f 3162 	3159 	3161
f 3161 	3081 	3155
f 3163 	3162 	3161
f 3161 	3155 	3164
f 3165 	3163 	3161
f 3161 	3164 	3166
f 3167 	3165 	3161
f 3161 	3166 	3168
f 3169 	3167 	3161
f 3161 	3168 	3170
f 3170 	3169 	3161
f 3171 	3172 	3173
f 3174 	3175 	3176
f 3177 	3178 	3179
f 3180 	3181 	3182
f 3183 	3184 	3185
f 3185 	3186 	3187
f 3188 	3189 	3190
f 3171 	3173 	3191
f 3192 	3174 	3176
f 3177 	3179 	3193
f 3194 	3180 	3182
f 3183 	3185 	3187
f 3195 	3192 	3176
f 3177 	3193 	3196
f 3197 	3194 	3182
f 3183 	3187 	3198
f 3199 	3195 	3176
f 3177 	3196 	3200
f 3201 	3197 	3182
f 3183 	3198 	3202
f 3203 	3199 	3176
f 3177 	3200 	3204
f 3205 	3201 	3182
f 3183 	3202 	3206
f 3207 	3203 	3176
f 3177 	3204 	3208
f 3209 	3205 	3182
f 3183 	3206 	3188
f 3210 	3207 	3176
f 3177 	3208 	3211
f 3212 	3209 	3182
f 3183 	3188 	3190
f 3213 	3210 	3176
f 3177 	3211 	3214
f 3215 	3212 	3182
f 3183 	3190 	3216
f 3213 	3176 	3177
f 3177 	3214 	3217
f 3218 	3215 	3182
f 3183 	3216 	3219
f 3220 	3213 	3177
f 3177 	3217 	3221
f 3222 	3218 	3182
f 3183 	3219 	3223
f 3224 	3220 	3177
f 3177 	3221 	3225
f 3226 	3222 	3182
f 3183 	3223 	3227
f 3228 	3224 	3177
f 3177 	3225 	3229
f 3230 	3226 	3182
f 3183 	3227 	3231
f 3232 	3228 	3177
f 3177 	3229 	3233
f 3230 	3182 	3183
f 3183 	3231 	3234
f 3235 	3232 	3177
f 3177 	3233 	3236
f 3237 	3230 	3183
f 3183 	3234 	3238
f 3239 	3235 	3177
f 3177 	3236 	3240
f 3241 	3237 	3183
f 3183 	3238 	3242
f 3239 	3177 	3240
f 3243 	3241 	3183
f 3183 	3242 	3244
f 3239 	3240 	3245
f 3246 	3243 	3183
f 3183 	3244 	3247
f 3191 	3239 	3245
f 3248 	3246 	3183
f 3183 	3247 	3249
f 3191 	3245 	3250
f 3251 	3248 	3183
f 3183 	3249 	3252
f 3171 	3191 	3250
f 3253 	3251 	3183
f 3183 	3252 	3254
f 3171 	3250 	3255
f 3256 	3253 	3183
f 3183 	3254 	3257
f 3171 	3255 	3258
f 3259 	3256 	3183
f 3183 	3257 	3260
f 3171 	3258 	3261
f 3183 	3260 	3262
f 3171 	3261 	3263
f 3183 	3262 	3264
f 3265 	3171 	3263
f 3183 	3264 	3265
f 3265 	3263 	3266
f 3259 	3183 	3265
f 3265 	3266 	3267
f 3268 	3259 	3265
f 3265 	3267 	3269
f 3270 	3268 	3265
f 3265 	3269 	3271
f 3272 	3270 	3265
f 3265 	3271 	3273
f 3274 	3272 	3265
f 3265 	3273 	3274
f 3069 	3068 	3171
f 3068 	3172 	3171
f 3068 	3067 	3172
f 3067 	3173 	3172
f 3067 	3087 	3173
f 3087 	3191 	3173
f 3087 	3135 	3191
f 3135 	3239 	3191
f 3135 	3131 	3239
f 3131 	3235 	3239
f 3131 	3128 	3235
f 3128 	3232 	3235
f 3128 	3124 	3232
f 3124 	3228 	3232
f 3124 	3120 	3228
f 3120 	3224 	3228
f 3120 	3116 	3224
f 3116 	3220 	3224
f 3116 	3109 	3220
f 3109 	3213 	3220
f 3109 	3106 	3213
f 3106 	3210 	3213
f 3106 	3103 	3210
f 3103 	3207 	3210
f 3103 	3099 	3207
f 3099 	3203 	3207
f 3099 	3095 	3203
f 3095 	3199 	3203
f 3095 	3091 	3199
f 3091 	3195 	3199
f 3091 	3088 	3195
f 3088 	3192 	3195
f 3088 	3072 	3192
f 3072 	3174 	3192
f 3072 	3071 	3174
f 3071 	3175 	3174
f 3071 	3070 	3175
f 3070 	3176 	3175
f 3070 	3075 	3176
f 3075 	3177 	3176
f 3075 	3074 	3177
f 3074 	3178 	3177
f 3074 	3073 	3178
f 3073 	3179 	3178
f 3073 	3089 	3179
f 3089 	3193 	3179
f 3089 	3092 	3193
f 3092 	3196 	3193
f 3092 	3096 	3196
f 3096 	3200 	3196
f 3096 	3100 	3200
f 3100 	3204 	3200
f 3100 	3104 	3204
f 3104 	3208 	3204
f 3104 	3107 	3208
f 3107 	3211 	3208
f 3107 	3110 	3211
f 3110 	3214 	3211
f 3110 	3113 	3214
f 3113 	3217 	3214
f 3113 	3117 	3217
f 3117 	3221 	3217
f 3117 	3121 	3221
f 3121 	3225 	3221
f 3121 	3125 	3225
f 3125 	3229 	3225
f 3125 	3129 	3229
f 3129 	3233 	3229
f 3129 	3132 	3233
f 3132 	3236 	3233
f 3132 	3136 	3236
f 3136 	3240 	3236
f 3136 	3141 	3240
f 3141 	3245 	3240
f 3141 	3146 	3245
f 3146 	3250 	3245
f 3146 	3151 	3250
f 3151 	3255 	3250
f 3151 	3154 	3255
f 3154 	3258 	3255
f 3154 	3157 	3258
f 3157 	3261 	3258
f 3157 	3159 	3261
f 3159 	3263 	3261
f 3159 	3162 	3263
f 3162 	3266 	3263
f 3162 	3163 	3266
f 3163 	3267 	3266
f 3163 	3165 	3267
f 3165 	3269 	3267
f 3165 	3167 	3269
f 3167 	3271 	3269
f 3167 	3169 	3271
f 3169 	3273 	3271
f 3169 	3170 	3273
f 3170 	3274 	3273
f 3170 	3168 	3274
f 3168 	3272 	3274
f 3168 	3166 	3272
f 3166 	3270 	3272
f 3166 	3164 	3270
f 3164 	3268 	3270
f 3164 	3155 	3268
f 3155 	3259 	3268
f 3155 	3152 	3259
f 3152 	3256 	3259
f 3152 	3149 	3256
f 3149 	3253 	3256
f 3149 	3147 	3253
f 3147 	3251 	3253
f 3147 	3144 	3251
f 3144 	3248 	3251
f 3144 	3142 	3248
f 3142 	3246 	3248
f 3142 	3139 	3246
f 3139 	3243 	3246
f 3139 	3137 	3243
f 3137 	3241 	3243
f 3137 	3133 	3241
f 3133 	3237 	3241
f 3133 	3126 	3237
f 3126 	3230 	3237
f 3126 	3122 	3230
f 3122 	3226 	3230
f 3122 	3118 	3226
f 3118 	3222 	3226
f 3118 	3114 	3222
f 3114 	3218 	3222
f 3114 	3111 	3218
f 3111 	3215 	3218
f 3111 	3108 	3215
f 3108 	3212 	3215
f 3108 	3105 	3212
f 3105 	3209 	3212
f 3105 	3101 	3209
f 3101 	3205 	3209
f 3101 	3097 	3205
f 3097 	3201 	3205
f 3097 	3093 	3201
f 3093 	3197 	3201
f 3093 	3090 	3197
f 3090 	3194 	3197
f 3090 	3078 	3194
f 3078 	3180 	3194
f 3078 	3077 	3180
f 3077 	3181 	3180
f 3077 	3076 	3181
f 3076 	3182 	3181
f 3076 	3081 	3182
f 3081 	3183 	3182
f 3081 	3080 	3183
f 3080 	3184 	3183
f 3080 	3079 	3184
f 3079 	3185 	3184
f 3079 	3083 	3185
f 3083 	3186 	3185
f 3083 	3082 	3186
f 3082 	3187 	3186
f 3082 	3094 	3187
f 3094 	3198 	3187
f 3094 	3098 	3198
f 3098 	3202 	3198
f 3098 	3102 	3202
f 3102 	3206 	3202
f 3102 	3086 	3206
f 3086 	3188 	3206
f 3086 	3085 	3188
f 3085 	3189 	3188
f 3085 	3084 	3189
f 3084 	3190 	3189
f 3084 	3112 	3190
f 3112 	3216 	3190
f 3112 	3115 	3216
f 3115 	3219 	3216
f 3115 	3119 	3219
f 3119 	3223 	3219
f 3119 	3123 	3223
f 3123 	3227 	3223
f 3123 	3127 	3227
f 3127 	3231 	3227
f 3127 	3130 	3231
f 3130 	3234 	3231
f 3130 	3134 	3234
f 3134 	3238 	3234
f 3134 	3138 	3238
f 3138 	3242 	3238
f 3138 	3140 	3242
f 3140 	3244 	3242
f 3140 	3143 	3244
f 3143 	3247 	3244
f 3143 	3145 	3247
f 3145 	3249 	3247
f 3145 	3148 	3249
f 3148 	3252 	3249
f 3148 	3150 	3252
f 3150 	3254 	3252
f 3150 	3153 	3254
f 3153 	3257 	3254
f 3153 	3156 	3257
f 3156 	3260 	3257
f 3156 	3158 	3260
f 3158 	3262 	3260
f 3158 	3160 	3262
f 3160 	3264 	3262
f 3160 	3161 	3264
f 3161 	3265 	3264
f 3161 	3069 	3265
f 3069 	3171 	3265
f 3275 	3276 	3277
f 3278 	3279 	3275
f 3280 	3281 	3278
f 3282 	3283 	3280
f 3284 	3285 	3282
f 3286 	3287 	3284
f 3288 	3289 	3286
f 3290 	3291 	3288
f 3292 	3293 	3290
f 3294 	3295 	3292
f 3296 	3297 	3294
f 3298 	3299 	3296
f 3300 	3301 	3298
f 3302 	3303 	3304
f 3303 	3302 	3305
f 3306 	3307 	3308
f 3309 	3310 	3306
f 3311 	3312 	3309
f 3313 	3314 	3311
f 3315 	3316 	3313
f 3317 	3318 	3315
f 3319 	3320 	3317
f 3321 	3322 	3319
f 3323 	3324 	3321
f 3325 	3326 	3323
f 3327 	3328 	3325
f 3329 	3330 	3327
f 3331 	3332 	3329
f 3275 	3277 	3331
f 3280 	3278 	3275
f 3284 	3282 	3280
f 3288 	3286 	3284
f 3292 	3290 	3288
f 3296 	3294 	3292
f 3300 	3298 	3296
f 3302 	3304 	3333
f 3334 	3303 	3305
f 3306 	3308 	3335
f 3311 	3309 	3306
f 3315 	3313 	3311
f 3319 	3317 	3315
f 3323 	3321 	3319
f 3327 	3325 	3323
f 3331 	3329 	3327
f 3280 	3275 	3331
f 3288 	3284 	3280
f 3296 	3292 	3288
f 3336 	3300 	3296
f 3302 	3333 	3337
f 3338 	3334 	3305
f 3306 	3335 	3339
f 3315 	3311 	3306
f 3323 	3319 	3315
f 3331 	3327 	3323
f 3288 	3280 	3331
f 3336 	3296 	3288
f 3302 	3337 	3340
f 3341 	3338 	3305
f 3306 	3339 	3342
f 3331 	3323 	3315
f 3343 	3336 	3288
f 3302 	3340 	3344
f 3345 	3341 	3305
f 3306 	3342 	3346
f 3288 	3331 	3315
f 3347 	3343 	3288
f 3302 	3344 	3348
f 3349 	3345 	3305
f 3306 	3346 	3350
f 3351 	3347 	3288
f 3302 	3348 	3352
f 3350 	3349 	3305
f 3315 	3306 	3350
f 3353 	3351 	3288
f 3302 	3352 	3354
f 3315 	3350 	3305
f 3355 	3353 	3288
f 3302 	3354 	3356
f 3315 	3305 	3357
f 3358 	3355 	3288
f 3302 	3356 	3359
f 3315 	3357 	3360
f 3361 	3358 	3288
f 3302 	3359 	3362
f 3315 	3360 	3363
f 3364 	3361 	3288
f 3302 	3362 	3365
f 3315 	3363 	3366
f 3367 	3364 	3288
f 3302 	3365 	3368
f 3315 	3366 	3369
f 3370 	3367 	3288
f 3302 	3368 	3371
f 3315 	3369 	3372
f 3302 	3371 	3373
f 3315 	3372 	3374
f 3302 	3373 	3375
f 3315 	3374 	3376
f 3302 	3375 	3377
f 3315 	3376 	3378
f 3302 	3377 	3379
f 3315 	3378 	3380
f 3302 	3379 	3381
f 3315 	3380 	3382
f 3383 	3302 	3381
f 3315 	3382 	3384
f 3383 	3381 	3385
f 3315 	3384 	3386
f 3383 	3385 	3387
f 3315 	3386 	3388
f 3383 	3387 	3389
f 3315 	3388 	3390
f 3383 	3389 	3391
f 3315 	3390 	3392
f 3383 	3391 	3393
f 3315 	3392 	3394
f 3383 	3393 	3395
f 3315 	3394 	3396
f 3383 	3395 	3397
f 3315 	3396 	3398
f 3383 	3397 	3399
f 3315 	3398 	3400
f 3383 	3399 	3370
f 3315 	3400 	3401
f 3383 	3370 	3288
f 3315 	3401 	3402
f 3403 	3383 	3288
f 3315 	3402 	3404
f 3405 	3403 	3288
f 3288 	3315 	3404
f 3406 	3405 	3288
f 3288 	3404 	3407
f 3408 	3406 	3288
f 3288 	3407 	3409
f 3410 	3408 	3288
f 3288 	3409 	3411
f 3412 	3410 	3288
f 3288 	3411 	3413
f 3414 	3412 	3288
f 3288 	3413 	3415
f 3416 	3414 	3288
f 3288 	3415 	3416
f 3417 	3418 	3419
f 3419 	3420 	3421
f 3421 	3422 	3423
f 3423 	3424 	3425
f 3425 	3426 	3427
f 3427 	3428 	3429
f 3429 	3430 	3431
f 3431 	3432 	3433
f 3433 	3434 	3435
f 3435 	3436 	3437
f 3437 	3438 	3439
f 3439 	3440 	3441
f 3441 	3442 	3443
f 3444 	3445 	3446
f 3447 	3446 	3445
f 3448 	3449 	3450
f 3450 	3451 	3452
f 3452 	3453 	3454
f 3454 	3455 	3456
f 3456 	3457 	3458
f 3458 	3459 	3460
f 3460 	3461 	3462
f 3462 	3463 	3464
f 3464 	3465 	3466
f 3466 	3467 	3468
f 3468 	3469 	3470
f 3470 	3471 	3472
f 3472 	3473 	3474
f 3474 	3417 	3419
f 3419 	3421 	3423
f 3423 	3425 	3427
f 3427 	3429 	3431
f 3431 	3433 	3435
f 3435 	3437 	3439
f 3439 	3441 	3443
f 3475 	3444 	3446
f 3447 	3445 	3476
f 3477 	3448 	3450
f 3450 	3452 	3454
f 3454 	3456 	3458
f 3458 	3460 	3462
f 3462 	3464 	3466
f 3466 	3468 	3470
f 3470 	3472 	3474
f 3474 	3419 	3423
f 3423 	3427 	3431
f 3431 	3435 	3439
f 3439 	3443 	3478
f 3479 	3475 	3446
f 3447 	3476 	3480
f 3481 	3477 	3450
f 3450 	3454 	3458
f 3458 	3462 	3466
f 3466 	3470 	3474
f 3474 	3423 	3431
f 3431 	3439 	3478
f 3482 	3479 	3446
f 3447 	3480 	3483
f 3484 	3481 	3450
f 3458 	3466 	3474
f 3431 	3478 	3485
f 3486 	3482 	3446
f 3447 	3483 	3487
f 3488 	3484 	3450
f 3458 	3474 	3431
f 3431 	3485 	3489
f 3490 	3486 	3446
f 3447 	3487 	3491
f 3492 	3488 	3450
f 3431 	3489 	3493
f 3494 	3490 	3446
f 3447 	3491 	3492
f 3492 	3450 	3458
f 3431 	3493 	3495
f 3496 	3494 	3446
f 3447 	3492 	3458
f 3431 	3495 	3497
f 3498 	3496 	3446
f 3499 	3447 	3458
f 3431 	3497 	3500
f 3501 	3498 	3446
f 3502 	3499 	3458
f 3431 	3500 	3503
f 3504 	3501 	3446
f 3505 	3502 	3458
f 3431 	3503 	3506
f 3507 	3504 	3446
f 3508 	3505 	3458
f 3431 	3506 	3509
f 3510 	3507 	3446
f 3511 	3508 	3458
f 3431 	3509 	3512
f 3513 	3510 	3446
f 3514 	3511 	3458
f 3515 	3513 	3446
f 3516 	3514 	3458
f 3517 	3515 	3446
f 3518 	3516 	3458
f 3519 	3517 	3446
f 3520 	3518 	3458
f 3521 	3519 	3446
f 3522 	3520 	3458
f 3523 	3521 	3446
f 3524 	3522 	3458
f 3523 	3446 	3525
f 3526 	3524 	3458
f 3527 	3523 	3525
f 3528 	3526 	3458
f 3529 	3527 	3525
f 3530 	3528 	3458
f 3531 	3529 	3525
f 3532 	3530 	3458
f 3533 	3531 	3525
f 3534 	3532 	3458
f 3535 	3533 	3525
f 3536 	3534 	3458
f 3537 	3535 	3525
f 3538 	3536 	3458
f 3539 	3537 	3525
f 3540 	3538 	3458
f 3541 	3539 	3525
f 3542 	3540 	3458
f 3512 	3541 	3525
f 3543 	3542 	3458
f 3431 	3512 	3525
f 3544 	3543 	3458
f 3431 	3525 	3545
f 3546 	3544 	3458
f 3431 	3545 	3547
f 3546 	3458 	3431
f 3431 	3547 	3548
f 3549 	3546 	3431
f 3431 	3548 	3550
f 3551 	3549 	3431
f 3431 	3550 	3552
f 3553 	3551 	3431
f 3431 	3552 	3554
f 3555 	3553 	3431
f 3431 	3554 	3556
f 3557 	3555 	3431
f 3431 	3556 	3558
f 3558 	3557 	3431
f 3276 	3275 	3418
f 3275 	3419 	3418
f 3275 	3279 	3419
f 3279 	3420 	3419
f 3279 	3278 	3420
f 3278 	3421 	3420
f 3278 	3281 	3421
f 3281 	3422 	3421
f 3281 	3280 	3422
f 3280 	3423 	3422
f 3280 	3283 	3423
f 3283 	3424 	3423
f 3283 	3282 	3424
f 3282 	3425 	3424
f 3282 	3285 	3425
f 3285 	3426 	3425
f 3285 	3284 	3426
f 3284 	3427 	3426
f 3284 	3287 	3427
f 3287 	3428 	3427
f 3287 	3286 	3428
f 3286 	3429 	3428
f 3286 	3289 	3429
f 3289 	3430 	3429
f 3289 	3288 	3430
f 3288 	3431 	3430
f 3288 	3291 	3431
f 3291 	3432 	3431
f 3291 	3290 	3432
f 3290 	3433 	3432
f 3290 	3293 	3433
f 3293 	3434 	3433
f 3293 	3292 	3434
f 3292 	3435 	3434
f 3292 	3295 	3435
f 3295 	3436 	3435
f 3295 	3294 	3436
f 3294 	3437 	3436
f 3294 	3297 	3437
f 3297 	3438 	3437
f 3297 	3296 	3438
f 3296 	3439 	3438
f 3296 	3299 	3439
f 3299 	3440 	3439
f 3299 	3298 	3440
f 3298 	3441 	3440
f 3298 	3301 	3441
f 3301 	3442 	3441
f 3301 	3300 	3442
f 3300 	3443 	3442
f 3300 	3336 	3443
f 3336 	3478 	3443
f 3336 	3343 	3478
f 3343 	3485 	3478
f 3343 	3347 	3485
f 3347 	3489 	3485
f 3347 	3351 	3489
f 3351 	3493 	3489
f 3351 	3353 	3493
f 3353 	3495 	3493
f 3353 	3355 	3495
f 3355 	3497 	3495
f 3355 	3358 	3497
f 3358 	3500 	3497
f 3358 	3361 	3500
f 3361 	3503 	3500
f 3361 	3364 	3503
f 3364 	3506 	3503
f 3364 	3367 	3506
f 3367 	3509 	3506
f 3367 	3370 	3509
f 3370 	3512 	3509
f 3370 	3399 	3512
f 3399 	3541 	3512
f 3399 	3397 	3541
f 3397 	3539 	3541
f 3397 	3395 	3539
f 3395 	3537 	3539
f 3395 	3393 	3537
f 3393 	3535 	3537
f 3393 	3391 	3535
f 3391 	3533 	3535
f 3391 	3389 	3533
f 3389 	3531 	3533
f 3389 	3387 	3531
f 3387 	3529 	3531
f 3387 	3385 	3529
f 3385 	3527 	3529
f 3385 	3381 	3527
f 3381 	3523 	3527
f 3381 	3379 	3523
f 3379 	3521 	3523
f 3379 	3377 	3521
f 3377 	3519 	3521
f 3377 	3375 	3519
f 3375 	3517 	3519
f 3375 	3373 	3517
f 3373 	3515 	3517
f 3373 	3371 	3515
f 3371 	3513 	3515
f 3371 	3368 	3513
f 3368 	3510 	3513
f 3368 	3365 	3510
f 3365 	3507 	3510
f 3365 	3362 	3507
f 3362 	3504 	3507
f 3362 	3359 	3504
f 3359 	3501 	3504
f 3359 	3356 	3501
f 3356 	3498 	3501
f 3356 	3354 	3498
f 3354 	3496 	3498
f 3354 	3352 	3496
f 3352 	3494 	3496
f 3352 	3348 	3494
f 3348 	3490 	3494
f 3348 	3344 	3490
f 3344 	3486 	3490
f 3344 	3340 	3486
f 3340 	3482 	3486
f 3340 	3337 	3482
f 3337 	3479 	3482
f 3337 	3333 	3479
f 3333 	3475 	3479
f 3333 	3304 	3475
f 3304 	3444 	3475
f 3304 	3303 	3444
f 3303 	3445 	3444
f 3303 	3334 	3445
f 3334 	3476 	3445
f 3334 	3338 	3476
f 3338 	3480 	3476
f 3338 	3341 	3480
f 3341 	3483 	3480
f 3341 	3345 	3483
f 3345 	3487 	3483
f 3345 	3349 	3487
f 3349 	3491 	3487
f 3349 	3350 	3491
f 3350 	3492 	3491
f 3350 	3346 	3492
f 3346 	3488 	3492
f 3346 	3342 	3488
f 3342 	3484 	3488
f 3342 	3339 	3484
f 3339 	3481 	3484
f 3339 	3335 	3481
f 3335 	3477 	3481
f 3335 	3308 	3477
f 3308 	3448 	3477
f 3308 	3307 	3448
f 3307 	3449 	3448
f 3307 	3306 	3449
f 3306 	3450 	3449
f 3306 	3310 	3450
f 3310 	3451 	3450
f 3310 	3309 	3451
f 3309 	3452 	3451
f 3309 	3312 	3452
f 3312 	3453 	3452
f 3312 	3311 	3453
f 3311 	3454 	3453
f 3311 	3314 	3454
f 3314 	3455 	3454
f 3314 	3313 	3455
f 3313 	3456 	3455
f 3313 	3316 	3456
f 3316 	3457 	3456
f 3316 	3315 	3457
f 3315 	3458 	3457
f 3315 	3318 	3458
f 3318 	3459 	3458
f 3318 	3317 	3459
f 3317 	3460 	3459
f 3317 	3320 	3460
f 3320 	3461 	3460
f 3320 	3319 	3461
f 3319 	3462 	3461
f 3319 	3322 	3462
f 3322 	3463 	3462
f 3322 	3321 	3463
f 3321 	3464 	3463
f 3321 	3324 	3464
f 3324 	3465 	3464
f 3324 	3323 	3465
f 3323 	3466 	3465
f 3323 	3326 	3466
f 3326 	3467 	3466
f 3326 	3325 	3467
f 3325 	3468 	3467
f 3325 	3328 	3468
f 3328 	3469 	3468
f 3328 	3327 	3469
f 3327 	3470 	3469
f 3327 	3330 	3470
f 3330 	3471 	3470
f 3330 	3329 	3471
f 3329 	3472 	3471
f 3329 	3332 	3472
f 3332 	3473 	3472
f 3332 	3331 	3473
f 3331 	3474 	3473
f 3331 	3277 	3474
f 3277 	3417 	3474
f 3277 	3276 	3417
f 3276 	3418 	3417
f 3404 	3402 	3546
f 3402 	3544 	3546
f 3402 	3401 	3544
f 3401 	3543 	3544
f 3401 	3400 	3543
f 3400 	3542 	3543
f 3400 	3398 	3542
f 3398 	3540 	3542
f 3398 	3396 	3540
f 3396 	3538 	3540
f 3396 	3394 	3538
f 3394 	3536 	3538
f 3394 	3392 	3536
f 3392 	3534 	3536
f 3392 	3390 	3534
f 3390 	3532 	3534
f 3390 	3388 	3532
f 3388 	3530 	3532
f 3388 	3386 	3530
f 3386 	3528 	3530
f 3386 	3384 	3528
f 3384 	3526 	3528
f 3384 	3382 	3526
f 3382 	3524 	3526
f 3382 	3380 	3524
f 3380 	3522 	3524
f 3380 	3378 	3522
f 3378 	3520 	3522
f 3378 	3376 	3520
f 3376 	3518 	3520
f 3376 	3374 	3518
f 3374 	3516 	3518
f 3374 	3372 	3516
f 3372 	3514 	3516
f 3372 	3369 	3514
f 3369 	3511 	3514
f 3369 	3366 	3511
f 3366 	3508 	3511
f 3366 	3363 	3508
f 3363 	3505 	3508
f 3363 	3360 	3505
f 3360 	3502 	3505
f 3360 	3357 	3502
f 3357 	3499 	3502
f 3357 	3305 	3499
f 3305 	3447 	3499
f 3305 	3302 	3447
f 3302 	3446 	3447
f 3302 	3383 	3446
f 3383 	3525 	3446
f 3383 	3403 	3525
f 3403 	3545 	3525
f 3403 	3405 	3545
f 3405 	3547 	3545
f 3405 	3406 	3547
f 3406 	3548 	3547
f 3406 	3408 	3548
f 3408 	3550 	3548
f 3408 	3410 	3550
f 3410 	3552 	3550
f 3410 	3412 	3552
f 3412 	3554 	3552
f 3412 	3414 	3554
f 3414 	3556 	3554
f 3414 	3416 	3556
f 3416 	3558 	3556
f 3416 	3415 	3558
f 3415 	3557 	3558
f 3415 	3413 	3557
f 3413 	3555 	3557
f 3413 	3411 	3555
f 3411 	3553 	3555
f 3411 	3409 	3553
f 3409 	3551 	3553
f 3409 	3407 	3551
f 3407 	3549 	3551
f 3407 	3404 	3549
f 3404 	3546 	3549
# 6964 faces

 #end of obj_7

=======
v 149.925 		-99 		100.517
v -28.555 		38 		121.503
v -14.547 		35 		121.503
v -14.547 		38 		121.503
v -28.555 		35 		121.503
v 149.925 		-99 		0.5
v 149.925 		101 		146.5
v 149.925 		99.5 		146.5
v 147.078 		77 		49.5
v 149.925 		99.5 		146.52
v -15.724 		8.52 		48.52
v 65.536 		-78.5 		48.5
v 149.925 		101 		0.5
v -12.724 		8.52 		48.52
v -14.547 		35 		100.52
v 141.456 		77 		49.5
v -5.799 		35 		100.52
v 149.925 		-20 		142.5
v 149.925 		-19.998 		142.5
v 147.078 		98 		48.52
v 149.925 		-20 		146.52
v -7.224 		38 		100.52
v -14.547 		38 		100.52
v 147.078 		80 		49.5
v 42.827 		-79 		47.5
v 149.925 		-19.998 		100.52
v 147.078 		98 		44.5
v -7.224 		38.04 		100.52
v 91.622 		97.25 		58.358
v 90.377 		97.25 		59.686
v 149.925 		-97 		100.517
v 93.491 		97.25 		57.472
v -5.799 		35.04 		100.52
v 141.456 		80 		49.5
v 149.925 		-97 		100.52
v 90.377 		97.25 		57.472
v 94.736 		97.25 		58.358
v 81.077 		-94 		48.52
v 91.622 		97.25 		60.572
v 78.314 		-94 		48.52
v 77.089 		-94 		48.52
v 147.078 		98 		0.5
v 77.089 		-94 		44.5
v -28.555 		35 		100.52
v 147.078 		1 		0.5
v -28.555 		38 		100.52
v 147.078 		4 		0.5
v -72.992 		-20 		111.786
v -9.424 		1 		44.5
v 127.072 		-76 		21.503
v -9.424 		4 		44.5
v 127.072 		-79 		21.503
v 85.395 		97.25 		62.786
v 43.804 		-79 		46.286
v 42.827 		-79 		46.286
v -12.424 		1 		44.5
v 85.395 		97.25 		65.001
v 147.078 		1 		44.5
v 42.827 		-81.5 		46.286
v -14.922 		1 		44.5
v -73.224 		79.503 		121.503
v -72.992 		-20 		109.572
v 82.282 		97.25 		65.001
v -14.922 		4 		44.5
v -12.424 		4 		44.5
v -71.124 		-20 		108.686
v 84.15 		97.25 		64.115
v -76.224 		79.503 		121.503
v -149.925 		98 		100.5
v -149.925 		101 		100.5
v -149.925 		101 		0.5
v -149.925 		98 		0.5
v -69.879 		-20 		109.572
v -69.879 		-20 		107.358
v 147.078 		4 		44.5
v -149.775 		-99 		100.517
v -149.775 		-99 		0.5
v -66.765 		-20 		107.358
v -149.775 		101 		146.5
v -149.427 		101 		146.5
v 42.559 		-81.5 		45.4
v -73.224 		98 		100.52
v -76.224 		98 		100.52
v -149.427 		101 		147
v -76.224 		96 		100.52
v -73.224 		96 		100.52
v -149.775 		101 		100.5
v 127.447 		77 		70.503
v 127.447 		80 		70.503
v -149.427 		-19.5 		147
v 42.827 		-76 		44.5
v 88.509 		97.25 		62.786
v -77.351 		-20 		110.901
v -74.238 		-20 		110.901
v -76.106 		-20 		111.786
v 84.15 		97.25 		61.901
v -76.106 		-20 		114.001
v 48.786 		-79 		40.971
v -77.351 		-20 		113.115
v 45.672 		-79 		40.971
v 127.072 		-76 		0.5
v 127.072 		-79 		0.5
v 87.263 		97.25 		61.901
v 45.672 		-79 		43.185
v -149.775 		98 		100.5
v -73.224 		79.503 		100.52
v -54.924 		29.502 		49.5
v -76.224 		79.503 		100.52
v 46.918 		-79 		44.071
v 82.282 		97.25 		67.215
v 88.509 		97.25 		60.572
v -54.924 		15.494 		49.5
v 87.263 		97.25 		59.686
v -149.775 		98 		0.5
v 46.918 		-79 		41.857
v -57.924 		0 		44.5
v 102.964 		-79 		4.929
v 99.85 		-79 		7.143
v 99.85 		-79 		4.929
v 72.941 		97.25 		73.858
v 69.827 		97.25 		73.858
v 98.604 		-79 		6.257
v -73.224 		65.495 		121.503
v 69.827 		97.25 		75.356
v -80.465 		-20 		113.115
v -57.924 		29.502 		49.5
v -79.219 		-20 		114.001
v 66.713 		97.25 		77.571
v 66.713 		97.25 		75.356
v -57.924 		15.494 		49.5
v 68.582 		97.25 		74.47
v -149.775 		-19.998 		146.5
v -149.427 		-19.5 		146.5
v -76.224 		65.495 		121.503
v 106.078 		-79 		0.5
v 42.827 		-81.5 		43.185
v 42.559 		-81.5 		43.185
v 104.833 		-79 		0.5
v -9.424 		51.995 		0.5
v 42.827 		-79 		43.185
v -9.424 		51.995 		21.503
v -73.224 		35 		100.52
v -73.224 		38 		100.52
v 106.078 		-79 		2.714
v -12.424 		51.995 		21.503
v -12.424 		51.995 		0.5
v -73.224 		65.495 		100.52
v -76.224 		35 		100.52
v 102.964 		-79 		2.714
v -76.224 		38 		100.52
v -54.924 		35.003 		21.503
v -54.924 		35.003 		0.5
v -76.224 		65.495 		100.52
v 104.833 		-79 		1.829
v -58.924 		55.5 		0.5
v -58.924 		52.5 		0.5
v 76.054 		97.25 		71.644
v 43.804 		-79 		44.071
v -149.775 		-19.998 		100.517
v -57.924 		35.003 		0.5
v -126.169 		35 		121.503
v -57.924 		35.003 		21.503
v -126.169 		35 		100.52
v 101.719 		-79 		1.829
v 98.604 		-79 		4.043
v -126.169 		38 		121.503
v 38.287 		-75.5 		48.52
v -126.169 		38 		100.52
v 101.719 		-79 		4.043
v 38.287 		-75.48 		48.52
v 38.912 		-79 		48.5
v 40.691 		-79 		48.5
v 40.691 		-79 		47.5
v 39.445 		-79 		47.614
v 39.445 		-79 		47.5
v 96.604 		97.25 		53.043
v -145.927 		101 		146.5
v -145.927 		99.5 		146.5
v 74.809 		97.25 		70.758
v -145.927 		99.5 		146.52
v 97.85 		97.25 		53.929
v -145.927 		98 		142.5
v -9.424 		1 		0.5
v 94.736 		97.25 		56.143
v 96.604 		97.25 		55.257
v 40.691 		-79 		48
v -9.424 		4 		0.5
v -145.927 		98 		146
v 97.85 		97.25 		56.143
v -145.927 		101 		147
v 93.491 		97.25 		55.257
v -146.925 		98 		146
v -12.424 		1 		0.5
v -14.922 		1 		0.5
v -74.238 		-20 		108.686
v -14.922 		4 		0.5
v -12.424 		4 		0.5
v -54.924 		20.994 		21.503
v -145.927 		35 		142.5
v -54.924 		20.994 		0.5
v 79.168 		97.25 		69.429
v 76.054 		97.25 		69.429
v -57.924 		20.994 		21.503
v -145.927 		38 		142.5
v -57.924 		20.994 		0.5
v 81.036 		97.25 		64.115
v 38.287 		-78.48 		48.5
v 38.287 		-78.348 		48.5
v 81.036 		97.25 		66.329
v -145.927 		35 		146
v -145.927 		38 		146
v -146.925 		35 		131.072
v -146.925 		35 		146
v 77.922 		97.25 		66.329
v 147.078 		-99 		100.517
v 147.078 		-99 		100.5
v -146.925 		38 		131.072
v -146.925 		38 		146
v 79.168 		97.25 		67.215
v 37.577 		-79 		48.128
v 37.577 		-79 		48.5
v -146.925 		-99 		100.5
v 91.622 		80.75 		58.358
v 90.377 		80.75 		59.686
v -146.925 		-99 		100.517
v 93.491 		80.75 		57.472
v 77.922 		97.25 		68.544
v 90.377 		80.75 		57.472
v 94.736 		80.75 		58.358
v 91.622 		80.75 		60.572
v 37.577 		-79 		47.614
v -112.925 		46.5 		49
v 37.577 		-79 		48
v -112.925 		49.5 		49
v -146.925 		96 		100.52
v -116.635 		49 		49
v -113.635 		49 		49
v -146.925 		96 		100.48
v -146.925 		97.72 		100.48
v -140.228 		35 		100.52
v -146.925 		35 		100.52
v 38.287 		-78.348 		48
v -140.228 		35 		121.503
v 38.287 		-78.48 		48
v -146.925 		38 		100.52
v -140.228 		38 		100.52
v -140.228 		38 		121.503
v 74.809 		97.25 		68.544
v 40.691 		-81.5 		47.5
v -146.925 		97.72 		96.5
v -145.927 		-19.5 		147
v -66.765 		-20 		105.143
v -146.925 		98 		0.5
v -146.925 		98 		48.52
v -146.925 		98 		44.5
v 102.964 		-94 		4.929
v 85.395 		80.75 		62.786
v 72.941 		97.25 		71.644
v 98.604 		-94 		6.257
v 85.395 		80.75 		65.001
v 99.85 		-94 		4.929
v -71.124 		-20 		106.472
v 147.078 		35 		142.5
v 68.582 		97.25 		73.142
v 69.827 		97.25 		73.142
v -68.01 		-20 		104.257
v 99.85 		-94 		7.143
v 82.282 		80.75 		65.001
v -68.01 		-20 		106.472
v 40.691 		-81.5 		46.286
v 147.078 		98 		142.5
v 147.078 		38 		142.5
v 84.15 		80.75 		64.115
v 40.077 		-81.5 		45.4
v 69.827 		97.25 		72.972
v -146.898 		52.5 		0.5
v -146.898 		55.5 		0.5
v 147.078 		97.72 		100.48
v 147.078 		96 		100.48
v 147.078 		96 		100.52
v 71.695 		97.25 		72.972
v -146.898 		52.5 		44.5
v 104.833 		-94 		0.5
v 35.084 		-78.5 		48.52
v 106.078 		-94 		0.5
v -146.898 		55.5 		44.5
v 147.078 		35 		100.52
v 35.084 		-79 		47.5
v 140.393 		35 		100.52
v 106.078 		-94 		2.714
v 140.393 		35 		121.503
v 35.084 		-79 		48
v 102.964 		-94 		2.714
v -73.224 		-18 		100.52
v 147.078 		38 		100.52
v 71.695 		97.25 		70.758
v 140.393 		38 		100.52
v 140.393 		38 		121.503
v 104.833 		-94 		1.829
v 35.084 		-78.5 		48.5
v -12.724 		-22 		96.5
v -76.224 		-18 		100.52
v 35.084 		-78.48 		48
v 35.084 		-78.48 		48.5
v 98.604 		-94 		4.043
v 88.509 		80.75 		62.786
v 39.827 		-76 		44.5
v 34.577 		-76 		44.5
v -76.224 		-18 		142.5
v -73.224 		-18 		142.5
v 101.719 		-94 		1.829
v 101.719 		-94 		4.043
v 84.15 		80.75 		61.901
v 80.277 		35 		142.5
v 87.263 		80.75 		61.901
v -12.724 		-19 		96.5
v 77.277 		35 		142.5
v -57.924 		0 		96.5
v -58.204 		-16.5 		96.5
v -58.204 		-19.5 		96.5
v 48.786 		-79 		38.757
v -104.13 		-20 		133.214
v 83.036 		-79 		17.329
v -105.375 		-20 		132.328
v -104.13 		-20 		130.999
v -102.261 		-20 		130.114
v 84.282 		-79 		18.215
v -12.724 		-78.48 		96.5
v -102.261 		-20 		127.899
v -12.724 		-75.48 		96.5
v -101.016 		-20 		130.999
v -12.724 		-94 		96.5
v -101.016 		-20 		128.785
v -15.724 		-94 		96.5
v -99.148 		-20 		127.899
v -54.924 		-82.005 		70.503
v -54.924 		-67.997 		70.503
v -54.924 		-94 		96.5
v 74.941 		-79 		24.858
v 50.032 		-94 		41.857
v 88.509 		80.75 		60.572
v 82.282 		80.75 		67.215
v -113.47 		-20 		139.857
v 87.263 		80.75 		59.686
v -105.375 		-20 		130.114
v 65.6 		-79 		30.785
v -57.924 		-82.005 		70.503
v -57.924 		-67.997 		70.503
v -107.243 		-20 		135.428
v -57.924 		-94 		96.5
v 70.582 		-79 		25.47
v -110.357 		-20 		135.428
v 72.941 		80.75 		73.858
v -110.357 		-20 		137.642
v 71.827 		-79 		24.858
v 7.264 		35 		142.5
v -113.47 		-20 		137.642
v 67.468 		-79 		25.47
v -111.602 		-20 		136.757
v 68.713 		-79 		28.571
v 65.6 		-79 		28.571
v 69.827 		80.75 		73.858
v 12.777 		38 		142.5
v 12.777 		38.04 		142.5
v 68.713 		-79 		26.356
v -113.635 		-16.5 		96.5
v 69.827 		80.75 		75.356
v 66.713 		80.75 		75.356
v 66.713 		80.75 		77.571
v 67.468 		-79 		27.685
v -116.635 		-16.5 		96.5
v -99.148 		-20 		125.685
v 68.582 		80.75 		74.47
v 3.277 		35.04 		142.5
v 7.264 		35.04 		142.5
v 71.827 		-79 		26.356
v -111.602 		-20 		134.542
v -108.489 		-20 		134.542
v -108.489 		-20 		132.328
v 0.277 		35.04 		142.5
v -107.243 		-20 		133.214
v -12.724 		-22 		48.52
v 62.486 		-94 		32.999
v 59.372 		-94 		32.999
v 96.604 		80.75 		53.043
v 76.054 		80.75 		71.644
v 59.372 		-94 		35.214
v 97.85 		80.75 		53.929
v 96.604 		80.75 		55.257
v 94.736 		80.75 		56.143
v 97.85 		80.75 		56.143
v 84.253 		96 		100.48
v -12.724 		-19 		48.52
v 93.491 		80.75 		55.257
v 78.054 		-79 		22.644
v 84.253 		96 		100.52
v 74.941 		-79 		22.644
v 74.809 		80.75 		70.758
v 58.127 		-94 		34.328
v 84.253 		80.248 		100.52
v 76.809 		-79 		21.758
v 56.259 		-94 		37.428
v 53.145 		-94 		37.428
v 53.145 		-94 		39.642
v 51.9 		-94 		38.757
v 81.168 		-79 		20.429
v 78.054 		-79 		20.429
v 79.922 		-79 		17.329
v 126.385 		35 		121.503
v 81.168 		-79 		18.215
v 126.385 		35 		100.52
v 50.032 		-94 		39.642
v 80.277 		35 		100.52
v 76.054 		80.75 		69.429
v 126.385 		38 		121.503
v 79.168 		80.75 		69.429
v 126.385 		38 		100.52
v -80.465 		-35.5 		115.329
v 79.922 		-79 		19.544
v -79.219 		-35.5 		116.215
v 77.277 		35 		100.52
v 81.036 		80.75 		66.329
v 76.809 		-79 		19.544
v -94.788 		-35.5 		124.356
v -96.033 		-35.5 		125.685
v 77.922 		80.75 		66.329
v 51.9 		-94 		36.542
v -94.788 		-35.5 		126.571
v -97.901 		-35.5 		126.571
v 55.013 		-94 		36.542
v 55.013 		-94 		34.328
v 81.036 		80.75 		64.115
v 29.998 		96 		100.48
v 79.168 		80.75 		67.215
v 29.998 		96 		100.52
v 56.259 		-94 		35.214
v -97.901 		-35.5 		128.785
v -96.033 		-35.5 		123.47
v -92.919 		-35.5 		123.47
v 71.827 		-79 		23.972
v -91.674 		-35.5 		124.356
v 71.827 		-79 		24.142
v 73.695 		-79 		21.758
v 77.922 		80.75 		68.544
v 73.695 		-79 		23.972
v 70.582 		-79 		24.142
v 29.998 		80.248 		100.52
v -58.204 		-19.5 		49
v -58.204 		-16.5 		49
v -117.83 		-20 		141.185
v -116.584 		-20 		142.071
v -116.584 		-20 		139.857
v 83.036 		-94 		17.329
v -9.424 		-37.25 		44.5
v 91.577 		98 		44.5
v 84.282 		-94 		18.215
v -9.424 		-40.25 		44.5
v 14.711 		35 		121.503
v 28.77 		35 		121.503
v -88.56 		-35.5 		120.644
v 88.077 		98 		44.5
v -89.806 		-35.5 		121.972
v -86.692 		-35.5 		119.758
v 14.711 		38 		121.503
v -89.806 		-35.5 		119.758
v -85.447 		-35.5 		120.644
v 28.77 		38 		121.503
v -88.56 		-35.5 		122.858
v -122.811 		-20 		146.5
v -122.811 		-20 		144.286
v 91.577 		98 		0.5
v 88.077 		98 		0.5
v 74.809 		80.75 		68.544
v -120.943 		-20 		143.4
v 91.577 		74.505 		0.5
v 88.077 		74.505 		0.5
v -119.698 		-20 		144.286
v 91.577 		74.505 		21.503
v -82.333 		-35.5 		116.215
v -83.579 		-35.5 		117.544
v -82.333 		-35.5 		118.429
v 88.077 		74.505 		21.503
v -85.447 		-35.5 		118.429
v -83.579 		-35.5 		115.329
v 28.77 		35 		100.52
v 72.941 		80.75 		71.644
v -86.692 		-35.5 		117.544
v 28.77 		38 		100.52
v -119.698 		-20 		142.071
v 68.582 		80.75 		73.142
v 74.941 		-94 		24.858
v 69.827 		80.75 		73.142
v -58.924 		-41 		44.5
v -120.943 		-20 		141.185
v 65.6 		-94 		30.785
v -58.924 		-38 		44.5
v 70.582 		-94 		25.47
v 71.827 		-94 		24.858
v 91.577 		1 		44.5
v -91.674 		-35.5 		122.142
v -91.674 		-35.5 		121.972
v 43.804 		-94 		46.286
v -91.674 		-35.5 		122.858
v -92.919 		-35.5 		122.142
v 67.468 		-94 		25.47
v 68.713 		-94 		28.571
v 65.6 		-94 		28.571
v 88.077 		1 		44.5
v 68.713 		-94 		26.356
v 42.559 		-94 		45.4
v 67.468 		-94 		27.685
v 69.827 		80.75 		72.972
v 14.711 		35 		100.52
v -72.992 		-35.5 		109.572
v -72.992 		-35.5 		111.786
v 91.577 		4 		44.5
v -71.124 		-35.5 		108.686
v 71.827 		-94 		26.356
v -69.879 		-35.5 		107.358
v -69.879 		-35.5 		109.572
v 14.711 		38 		100.52
v 12.777 		38 		100.52
v 71.695 		80.75 		72.972
v 45.672 		-94 		40.971
v 48.786 		-94 		40.971
v 88.077 		4 		44.5
v -66.765 		-35.5 		107.358
v 12.777 		38.04 		100.52
v 42.559 		-94 		43.185
v 45.672 		-94 		43.185
v -117.83 		-20 		138.971
v -114.716 		-20 		138.971
v 46.918 		-94 		41.857
v 88.077 		60.497 		0.5
v 91.577 		60.497 		0.5
v 7.264 		35 		100.52
v 91.577 		60.497 		21.503
v -114.716 		-20 		136.757
v 71.695 		80.75 		70.758
v 7.264 		35.04 		100.52
v 88.077 		60.497 		21.503
v 3.277 		35.04 		100.52
v -77.351 		-35.5 		113.115
v -76.106 		-35.5 		111.786
v 121.583 		1 		0.5
v 121.583 		4 		0.5
v -76.106 		-35.5 		114.001
v -79.219 		-35.5 		114.001
v 107.575 		4 		0.5
v 107.575 		1 		0.5
v -80.465 		-35.5 		113.115
v 43.804 		-94 		44.071
v -77.351 		-35.5 		110.901
v -125.347 		-20 		146.5
v -74.238 		-35.5 		110.901
v 121.583 		1 		21.503
v 0.277 		35.04 		100.52
v 46.918 		-94 		44.071
v -74.238 		-35.5 		108.686
v 107.575 		1 		21.503
v -125.347 		-20 		145.614
v -124.057 		-20 		145.614
v -124.057 		-20 		143.4
v 121.583 		4 		21.503
v 57.372 		97.25 		81.999
v 60.486 		97.25 		81.999
v 107.575 		4 		21.503
v 40.691 		-94 		48.5
v 37.577 		-94 		48.5
v 57.372 		97.25 		84.214
v -125.347 		-20 		146.52
v 39.445 		-94 		47.5
v 39.445 		-94 		47.614
v -125.347 		-20 		144.645
v 91.577 		4 		0.5
v 88.077 		4 		0.5
v 91.577 		1 		0.5
v 40.691 		-94 		46.286
v 88.077 		1 		0.5
v -125.347 		-20 		146.645
v 40.077 		-94 		45.4
v -9.424 		-37.25 		0.5
v -9.424 		-40.25 		0.5
v 49.9 		97.25 		87.757
v 51.145 		97.25 		86.428
v 51.145 		97.25 		88.642
v 54.259 		97.25 		86.428
v -66.765 		-35.5 		105.143
v 37.577 		-94 		47.614
v -68.01 		-35.5 		106.472
v -68.01 		-35.5 		104.257
v 78.054 		-94 		22.644
v -54.924 		-62.497 		21.503
v -71.124 		-35.5 		106.472
v -54.924 		-62.497 		0.5
v 74.941 		-94 		22.644
v -58.924 		-38 		0.5
v -58.924 		-41 		0.5
v 76.809 		-94 		21.758
v 39.827 		98 		44.5
v 146.578 		-20 		142.5
v -57.924 		-62.497 		21.503
v -57.924 		-62.497 		0.5
v 146.578 		-18.415 		142.5
v 147.078 		-19.998 		142.5
v 81.168 		-94 		20.429
v 78.054 		-94 		20.429
v 79.922 		-94 		17.329
v 81.168 		-94 		18.215
v -12.724 		-78.48 		48.52
v -12.724 		-75.48 		48.52
v 79.922 		-94 		19.544
v -12.724 		-94 		48.52
v -15.724 		-94 		48.52
v 42.827 		98 		44.5
v -104.13 		-35.5 		130.999
v 76.809 		-94 		19.544
v -105.375 		-35.5 		130.114
v -102.261 		-35.5 		130.114
v -99.148 		-35.5 		127.899
v -99.148 		-35.5 		125.685
v -101.016 		-35.5 		128.785
v 53.013 		97.25 		85.542
v 49.9 		97.25 		85.542
v -102.261 		-35.5 		127.899
v -101.016 		-35.5 		130.999
v 54.259 		97.25 		84.214
v -9.424 		-94 		44.5
v 53.013 		97.25 		83.328
v 56.127 		97.25 		83.328
v -12.424 		-94 		44.5
v 35.084 		-94 		48.52
v 35.084 		-94 		47.5
v 71.827 		-94 		23.972
v 71.827 		-94 		24.142
v 73.695 		-94 		21.758
v 73.695 		-94 		23.972
v -54.924 		-82.005 		49.5
v -54.924 		-94 		49.5
v -54.924 		-67.997 		49.5
v 70.582 		-94 		24.142
v 34.577 		-94 		44.5
v -57.924 		-82.005 		49.5
v -57.924 		-94 		49.5
v -57.924 		-67.997 		49.5
v 15.774 		77 		49.5
v 15.774 		80 		49.5
v 90.509 		-79 		13.786
v 48.786 		-94 		38.757
v -54.924 		-94 		44.5
v -145.927 		-16.384 		142.5
v 29.833 		80 		49.5
v 146.578 		-20 		100.52
v 29.833 		77 		49.5
v -57.924 		-94 		44.5
v 90.509 		-79 		11.572
v 147.078 		-19.998 		100.52
v 92.377 		-79 		10.686
v 146.578 		-18.415 		100.52
v 92.377 		-79 		8.472
v 95.491 		-79 		8.472
v 147.078 		-97 		100.517
v 147.078 		-97 		100.5
v 42.827 		98 		0.5
v 93.622 		-79 		11.572
v -9.424 		-94 		0.5
v -12.424 		-94 		0.5
v 93.622 		-79 		9.358
v 39.827 		98 		0.5
v 42.827 		73.505 		0.5
v 39.827 		73.505 		0.5
v 96.736 		-79 		9.358
v 42.827 		73.505 		21.503
v -54.924 		-94 		0.5
v -54.924 		-76.505 		0.5
v -54.924 		-76.505 		21.503
v 39.827 		73.505 		21.503
v 41.804 		97.25 		95.286
v 41.804 		97.25 		93.071
v 8.327 		-78.5 		48.52
v 15.774 		-78.5 		48.52
v -105.375 		-35.5 		132.328
v -57.924 		-76.505 		21.503
v -57.924 		-76.505 		0.5
v -57.924 		-94 		0.5
v 29.833 		-78.5 		48.52
v -104.13 		-35.5 		133.214
v 44.918 		97.25 		93.071
v 8.327 		-78.48 		48.52
v 42.827 		4 		44.5
v 15.774 		-78.48 		48.52
v 43.672 		97.25 		92.185
v 29.833 		-78.48 		48.52
v 29.753 		-78.48 		48.598
v 15.954 		-78.48 		48.598
v 42.827 		1 		44.5
v 44.918 		97.25 		90.857
v 48.032 		97.25 		90.857
v -113.47 		-35.5 		139.857
v 15.954 		-75.48 		48.598
v 29.753 		-75.48 		48.598
v 73.728 		-20 		146.52
v 39.827 		1 		44.5
v -113.47 		-35.5 		137.642
v 89.263 		-79 		12.901
v -111.602 		-35.5 		136.757
v -110.357 		-35.5 		135.428
v -110.357 		-35.5 		137.642
v 86.15 		-79 		12.901
v 87.395 		-79 		16.001
v -107.243 		-35.5 		135.428
v 87.395 		-79 		13.786
v -116.635 		-16.5 		49
v -113.635 		-16.5 		49
v 84.282 		-79 		16.001
v 39.827 		4 		44.5
v 38.691 		97.25 		95.286
v 38.691 		97.25 		96.248
v 73.728 		-18.415 		142.5
v 77.277 		-18 		142.5
v 80.277 		-18 		142.5
v 37.498 		97.25 		96.248
v 37.498 		97.25 		96.5
v 37.445 		97.25 		96.5
v 83.036 		-79 		15.115
v 86.15 		-79 		15.115
v 39.827 		59.497 		0.5
v 42.827 		59.497 		0.5
v 42.827 		59.497 		21.503
v -116.498 		-94 		0.5
v -116.498 		-94 		21.503
v 39.827 		59.497 		21.503
v -130.503 		-94 		21.503
v -130.503 		-94 		0.5
v -145.347 		-20 		146.645
v -145.347 		-20 		146.52
v 40.559 		97.25 		94.4
v 37.445 		97.25 		94.4
v -116.498 		-99 		0.5
v 42.827 		1 		0.5
v 42.827 		4 		0.5
v -130.503 		-99 		0.5
v 39.827 		4 		0.5
v -145.927 		-19.5 		146.52
v 39.827 		1 		0.5
v -116.498 		-99 		21.503
v 58.127 		-79 		32.114
v -130.503 		-99 		21.503
v -145.347 		-20 		144.645
v 62.486 		-79 		30.785
v -146.925 		-19.5 		96.5
v 64.354 		-79 		27.685
v 64.354 		-79 		29.899
v -146.925 		-16.5 		96.5
v -146.925 		-94 		96.5
v 89.263 		-79 		10.686
v -145.927 		-18.415 		143.36
v -146.898 		-41 		44.5
v -145.927 		-18.415 		146
v 37.498 		90.112 		96.248
v 61.241 		-79 		29.899
v 61.241 		-79 		32.114
v 23.082 		1 		0.5
v 23.082 		4 		0.5
v -146.925 		-18.415 		146
v -146.898 		-38 		44.5
v 9.074 		4 		0.5
v 9.074 		1 		0.5
v 23.082 		1 		21.503
v 9.074 		1 		21.503
v 88.077 		-76 		0.5
v -145.927 		-18.415 		142.5
v 91.577 		-76 		0.5
v 23.082 		4 		21.503
v -111.602 		-35.5 		134.542
v -108.489 		-35.5 		134.542
v 9.074 		4 		21.503
v -107.243 		-35.5 		133.214
v 40.559 		97.25 		92.185
v -108.489 		-35.5 		132.328
v 95.491 		-79 		6.257
v 147.078 		-22 		96.5
v 96.736 		-79 		7.143
v 56.083 		-79 		21.503
v 147.078 		-19 		96.5
v 147.078 		-75.5 		96.5
v 141.456 		-75.5 		70.166
v -117.83 		-35.5 		141.185
v 56.083 		-76 		21.503
v -116.584 		-35.5 		139.857
v -116.584 		-35.5 		142.071
v -146.925 		-16.5 		49
v -146.925 		-19.5 		49
v 0.277 		-18 		142.5
v 3.277 		-18 		142.5
v -137.925 		-30.693 		144.645
v 147.078 		-94 		96.5
v 147.078 		-78.5 		96.5
v 42.827 		-79 		21.503
v 42.827 		-76 		21.503
v 141.456 		-78.5 		70.166
v -145.084 		-30.693 		144.645
v -148.925 		-20 		146.52
v -148.925 		-19.5 		146.52
v -148.925 		-19.5 		146.5
v 129.086 		-20 		121.503
v -148.925 		-19.998 		146.5
v -146.898 		-41 		0.5
v -146.898 		-38 		0.5
v 115.077 		-20 		121.503
v -122.811 		-35.5 		146.5
v 147.078 		-22 		48.52
v -122.811 		-35.5 		144.286
v 129.086 		-18.415 		121.503
v -120.943 		-35.5 		143.4
v 115.077 		-18.415 		121.503
v -119.698 		-35.5 		144.286
v 147.078 		-19 		48.52
v -119.698 		-35.5 		142.071
v -146.925 		-94 		0.5
v -120.943 		-35.5 		141.185
v -146.925 		-94 		48.52
v 129.086 		-20 		100.52
v 58.127 		-94 		32.114
v 115.077 		-20 		100.52
v -145.347 		-36 		144.645
v -145.347 		-36 		146.645
v 62.486 		-94 		30.785
v -146.925 		-94 		44.5
v 64.354 		-94 		27.685
v 64.354 		-94 		29.899
v 129.086 		-18.415 		100.52
v 115.077 		-18.415 		100.52
v -137.925 		-35.693 		144.645
v -145.084 		-35.693 		144.645
v 147.078 		77 		96.5
v -117.83 		-35.5 		138.971
v 61.241 		-94 		29.899
v -114.716 		-35.5 		138.971
v 61.241 		-94 		32.114
v -114.716 		-35.5 		136.757
v 147.078 		-75.5 		48.52
v 141.456 		-75.5 		48.52
v -125.347 		-35.5 		146.5
v -125.347 		-35.5 		145.614
v -124.057 		-35.5 		145.614
v -124.057 		-35.5 		143.4
v 80.277 		-18 		100.52
v 77.277 		-18 		100.52
v 48.032 		97.25 		88.642
v -125.347 		-36 		146.645
v 46.786 		97.25 		87.757
v 46.786 		97.25 		89.971
v -125.347 		-36 		144.645
v 147.078 		-76 		44.5
v 90.509 		-94 		13.786
v 56.083 		-79 		0.5
v 56.083 		-76 		0.5
v 147.078 		-78.5 		48.52
v 43.672 		97.25 		89.971
v 141.456 		-78.5 		48.52
v 90.509 		-94 		11.572
v 40.077 		-79 		0
v 40.077 		-79 		0.5
v 40.077 		-81.5 		0.5
v 92.377 		-94 		10.686
v 34.577 		-79 		0.5
v 34.577 		-79 		0
v 38.287 		-75.5 		96.5
v 38.287 		-75.48 		96.5
v 147.078 		-79 		44.5
v 92.377 		-94 		8.472
v 34.577 		-76 		0.5
v 32.768 		-18.415 		100.52
v 39.827 		-76 		0.5
v 42.827 		-81.5 		0.5
v 147.078 		-94 		48.52
v 95.491 		-94 		8.472
v 8.327 		-78.5 		96.5
v 8.327 		-78.48 		96.5
v 147.078 		-94 		44.5
v 60.486 		80.75 		81.999
v 57.372 		80.75 		81.999
v 57.372 		80.75 		84.214
v -54.924 		77 		96.5
v 141.081 		-76 		21.503
v 93.622 		-94 		11.572
v 93.622 		-94 		9.358
v 0.277 		-18 		100.52
v 3.277 		-18 		100.52
v -58.344 		46.5 		96.5
v -58.344 		49.5 		96.5
v 96.736 		-94 		9.358
v -12.724 		8.52 		96.5
v 49.9 		80.75 		87.757
v 51.145 		80.75 		86.428
v -15.724 		8.52 		96.5
v 141.081 		-79 		21.503
v -57.344 		-18.415 		100.52
v 51.145 		80.75 		88.642
v 54.259 		80.75 		86.428
v 89.263 		-94 		10.686
v 89.263 		-94 		12.901
v -63.651 		-20 		105.143
v -63.651 		-20 		102.929
v 86.15 		-94 		12.901
v -64.897 		-20 		104.257
v 40.077 		-90.112 		0
v -146.925 		-18.415 		100.52
v -112.925 		46.5 		96.5
v 87.395 		-94 		13.786
v 87.395 		-94 		16.001
v 147.078 		-76 		0.5
v -112.925 		49.5 		96.5
v -60.538 		-20 		102.929
v -113.635 		49 		96.5
v -116.635 		49 		96.5
v 84.282 		-94 		16.001
v 147.078 		-94 		0.5
v 147.078 		-79 		0.5
v 141.081 		-79 		0.5
v 141.081 		-76 		0.5
v -137.925 		-30.693 		100.645
v 40.077 		-94 		0.5
v 83.036 		-94 		15.115
v 86.15 		-94 		15.115
v 49.9 		80.75 		85.542
v 53.013 		80.75 		85.542
v -145.084 		-30.693 		100.645
v 54.259 		80.75 		84.214
v 53.013 		80.75 		83.328
v 56.127 		80.75 		83.328
v 34.577 		-94 		0.5
v -57.424 		-20 		100.52
v -57.424 		-20 		100.714
v -60.538 		-20 		100.714
v 40.077 		-95 		0.5
v 40.077 		-95 		0
v 34.577 		-95 		0
v 34.577 		-95 		0.5
v -64.897 		-20 		102.043
v -61.783 		-20 		102.043
v 122.584 		-19 		69.62
v 122.584 		-22 		69.62
v 108.576 		-19 		69.62
v 108.576 		-22 		69.62
v 95.491 		-94 		6.257
v -61.783 		-20 		100.52
v 96.736 		-94 		7.143
v -5.799 		35 		142.5
v -7.224 		38.04 		142.5
v -7.224 		38 		142.5
v 127.447 		-75.5 		70.166
v 41.804 		80.75 		95.286
v -5.799 		35.04 		142.5
v 127.447 		-78.5 		70.166
v -54.424 		97.72 		96.5
v -54.924 		93.5 		96.5
v -54.424 		93.5 		96.5
v 41.804 		80.75 		93.071
v 24.083 		-22 		69.62
v -147.925 		-20 		100.52
v -57.424 		97.72 		96.5
v -73.224 		98 		142.5
v -57.924 		93.5 		96.5
v 10.075 		-22 		69.62
v 44.918 		80.75 		93.071
v -57.424 		93.5 		96.5
v -76.224 		98 		142.5
v 24.083 		-19 		69.62
v 10.075 		-19 		69.62
v 84.253 		80.248 		96.5
v 43.672 		80.75 		92.185
v 147.078 		97.72 		96.5
v 44.918 		80.75 		90.857
v 147.078 		80 		96.5
v 48.032 		80.75 		90.857
v -147.925 		-19.998 		100.517
v -147.925 		-19.998 		100.52
v -73.224 		35 		142.5
v 84.253 		97.72 		96.5
v -73.224 		38 		142.5
v -54.924 		80 		96.5
v -76.224 		35 		142.5
v -63.651 		-35.5 		102.929
v 15.774 		-78.5 		70.166
v -64.897 		-35.5 		104.257
v 29.833 		-78.5 		70.166
v -63.651 		-35.5 		105.143
v 37.498 		80.248 		96.5
v -60.538 		-35.5 		102.929
v 37.498 		97.72 		96.5
v 24.083 		-22 		48.52
v 10.075 		-22 		48.52
v 15.774 		-78.48 		70.166
v 29.833 		-78.48 		70.166
v 15.954 		-78.48 		69.603
v 29.753 		-78.48 		69.603
v 10.075 		-19 		48.52
v 24.083 		-19 		48.52
v -76.224 		38 		142.5
v 37.445 		80.75 		96.5
v 37.498 		80.75 		96.5
v -54.924 		77 		70.503
v 29.753 		-75.48 		69.603
v 15.954 		-75.48 		69.603
v -148.925 		-19.998 		100.52
v -148.925 		-20 		100.52
v -57.424 		-35.5 		100.52
v -61.783 		-35.5 		100.52
v -61.783 		-35.5 		102.043
v -60.538 		-35.5 		100.714
v -64.897 		-35.5 		102.043
v -57.924 		77.505 		70.503
v -57.424 		-35.5 		100.714
v 38.691 		80.75 		96.248
v 38.691 		80.75 		95.286
v -55.924 		77 		70.503
v -55.924 		77.505 		70.503
v 37.498 		80.75 		96.248
v 39.827 		-37.25 		44.5
v 39.827 		-40.25 		44.5
v 108.576 		-19 		48.52
v 108.576 		-22 		48.52
v 122.584 		-22 		48.52
v 122.584 		-19 		48.52
v -137.925 		-35.693 		100.645
v -145.084 		-35.693 		100.645
v -54.924 		63.497 		70.503
v 39.827 		-25.005 		0.5
v 37.445 		80.75 		94.4
v 42.827 		-25.005 		0.5
v 40.559 		80.75 		94.4
v -57.924 		63.497 		70.503
v 42.827 		-10.997 		0.5
v 39.827 		-10.997 		0.5
v 42.827 		-25.005 		21.503
v 42.827 		-10.997 		21.503
v -146.925 		-97 		100.5
v -146.925 		-97 		100.517
v -147.925 		-97 		100.517
v 39.827 		-25.005 		21.503
v -147.925 		-97 		100.52
v -80.465 		-20 		115.329
v 39.827 		-10.997 		21.503
v -79.219 		-20 		116.215
v 84.253 		97.72 		100.48
v -54.924 		29.502 		70.503
v 29.998 		97.72 		100.48
v 39.827 		-37.25 		0.5
v 39.827 		-40.25 		0.5
v -54.924 		15.494 		70.503
v -57.924 		29.502 		70.503
v 40.559 		80.75 		92.185
v -57.924 		15.494 		70.503
v 29.833 		80 		96.5
v 22.079 		-37.25 		21.503
v 22.077 		-37.25 		21.503
v 22.077 		-37.25 		22.003
v 8.069 		-37.25 		22.003
v 48.032 		80.75 		88.642
v 46.786 		80.75 		89.971
v 46.786 		80.75 		87.757
v 22.079 		-40.25 		21.503
v 22.077 		-40.25 		22.003
v 22.077 		-40.25 		21.503
v 8.069 		-40.25 		22.003
v -97.901 		-20 		128.785
v -9.424 		98 		44.5
v -94.788 		-20 		126.571
v -97.901 		-20 		126.571
v 22.079 		-40.25 		0.5
v 22.079 		-37.25 		0.5
v 43.672 		80.75 		89.971
v 8.071 		-37.25 		0.5
v 8.071 		-40.25 		0.5
v -94.788 		-20 		124.356
v -96.033 		-20 		125.685
v 8.069 		-37.25 		0.998
v 8.071 		-37.25 		0.998
v -12.424 		98 		44.5
v 8.071 		-40.25 		0.998
v 8.069 		-40.25 		0.998
v 88.077 		-28.003 		0.5
v 91.577 		-28.003 		0.5
v -91.674 		-20 		124.356
v 91.577 		-13.994 		0.5
v 88.077 		-13.994 		0.5
v -96.033 		-20 		123.47
v -92.919 		-20 		123.47
v 91.577 		-28.003 		21.503
v 62.354 		97.25 		78.899
v 91.577 		-13.994 		21.503
v 60.486 		97.25 		79.785
v 63.6 		97.25 		79.785
v 59.241 		97.25 		81.114
v 88.077 		-28.003 		21.503
v 88.077 		-13.994 		21.503
v 59.241 		97.25 		78.899
v -54.424 		98 		49.5
v -54.424 		93.5 		49.5
v -54.924 		93.5 		49.5
v 50.032 		-79 		41.857
v 127.447 		-75.5 		48.52
v -57.924 		93.5 		49.5
v 127.447 		-78.5 		48.52
v -57.424 		98 		49.5
v 65.468 		97.25 		74.47
v 65.468 		97.25 		76.685
v -57.424 		93.5 		49.5
v 63.6 		97.25 		77.571
v 62.354 		97.25 		76.685
v -54.924 		80 		49.5
v -57.924 		77.505 		49.5
v -55.924 		77 		49.5
v -55.924 		77.505 		49.5
v -88.56 		-20 		122.858
v 56.127 		97.25 		81.114
v -89.806 		-20 		121.972
v -89.806 		-20 		119.758
v -85.447 		-20 		120.644
v 62.486 		-79 		32.999
v 59.372 		-79 		32.999
v -54.924 		98 		44.5
v -54.424 		98 		97.5
v -54.424 		97.72 		97.5
v -88.56 		-20 		120.644
v -86.692 		-20 		119.758
v 59.372 		-79 		35.214
v 81.077 		-78.5 		51.52
v -57.924 		98 		44.5
v 81.077 		-94 		51.52
v -57.424 		98 		97.5
v 58.127 		-79 		34.328
v -57.424 		97.72 		97.5
v -9.424 		98 		0.5
v 78.314 		-78.5 		51.52
v -12.424 		98 		0.5
v -9.424 		66.003 		0.5
v -12.424 		66.003 		0.5
v 78.314 		-94 		51.52
v 56.259 		-79 		37.428
v -9.424 		66.003 		21.503
v -82.333 		-20 		118.429
v -85.447 		-20 		118.429
v 53.145 		-79 		37.428
v -83.579 		-20 		115.329
v 53.145 		-79 		39.642
v -12.424 		66.003 		21.503
v 51.9 		-79 		38.757
v -82.333 		-20 		116.215
v 37.498 		97.72 		97.498
v -83.579 		-20 		117.544
v 33.748 		97.72 		97.498
v 91.577 		-76 		44.5
v 50.032 		-79 		39.642
v 62.354 		80.75 		78.899
v 29.998 		97.72 		98.748
v 33.748 		97.72 		98.748
v 88.077 		-76 		44.5
v 63.6 		80.75 		79.785
v 60.486 		80.75 		79.785
v -54.924 		83.005 		21.503
v 59.241 		80.75 		81.114
v -54.924 		68.997 		21.503
v -86.692 		-20 		117.544
v 59.241 		80.75 		78.899
v -57.924 		83.005 		21.503
v -57.924 		68.997 		21.503
v -54.924 		98 		0.5
v 51.9 		-79 		36.542
v 55.013 		-79 		36.542
v 141.456 		77 		70.503
v -54.924 		83.005 		0.5
v -54.924 		68.997 		0.5
v -91.674 		-20 		121.972
v -91.674 		-20 		122.142
v 55.013 		-79 		34.328
v -57.924 		98 		0.5
v -57.924 		83.005 		0.5
v 56.259 		-79 		35.214
v 141.456 		80 		70.503
v -92.919 		-20 		122.142
v 65.468 		80.75 		76.685
v -57.924 		68.997 		0.5
v 65.468 		80.75 		74.47
v 63.6 		80.75 		77.571
v -91.674 		-20 		122.858
v 62.354 		80.75 		76.685
v 78.314 		-78.5 		48.52
v 81.077 		-78.5 		48.52
v 37.498 		80.248 		97.498
v 33.748 		80.248 		97.498
v 33.748 		80.248 		98.748
v 29.998 		80.248 		98.748
v 77.089 		-79 		48
v -54.924 		63.497 		49.5
v -57.924 		63.497 		49.5
v 77.089 		-78.5 		48.52
v 56.127 		80.75 		81.114
v 77.089 		-78.5 		48.5
v 77.089 		-78.348 		48.5
v 77.089 		-78.348 		48
v -58.924 		52.5 		44.5
v -58.924 		55.5 		44.5
v 77.089 		-79 		44.5
v 15.774 		77 		70.503
v 15.774 		80 		70.503
v 42.827 		-81.5 		47.5
v 29.833 		77 		70.503
v 29.833 		80 		70.503
v -58.344 		46.5 		49
v -58.344 		49.5 		49
v 99.719 		97.25 		53.043
v 99.719 		97.25 		50.829
v 102.833 		97.25 		49.5
v 104.078 		97.25 		49.5
v 104.078 		97.25 		51.714
v 100.964 		97.25 		51.714
v 102.833 		97.25 		50.829
v 100.964 		97.25 		53.929
v 127.447 		77 		49.5
v 127.447 		80 		49.5
v 99.719 		80.75 		53.043
v 99.719 		80.75 		50.829
v 100.964 		80.75 		51.714
v 102.833 		80.75 		50.829
v 104.078 		80.75 		51.714
v 102.833 		80.75 		49.5
v 104.078 		80.75 		49.5
v 100.964 		80.75 		53.929
# 1231 vertices

g group_0_10988977

usemtl color_10988977
s 0

f 4 	3 	5
f 4 	5 	2
f 10 	21 	8
f 7 	8 	13
f 1173 	16 	9
f 19 	8 	21
f 18 	19 	21
f 952 	22 	4
f 23 	4 	22
f 3 	4 	15
f 23 	15 	4
f 8 	19 	26
f 22 	952 	28
f 35 	31 	26
f 8 	26 	13
f 27 	75 	455
f 24 	34 	1182
f 1 	6 	31
f 24 	20 	9
f 818 	9 	20
f 30 	29 	36
f 32 	36 	29
f 29 	37 	32
f 29 	30 	39
f 27 	42 	75
f 31 	6 	26
f 13 	26 	6
f 24 	9 	16
f 24 	16 	34
f 22 	28 	23
f 34 	16 	1182
f 1173 	1182 	16
f 23 	46 	15
f 471 	472 	13
f 42 	471 	13
f 27 	455 	42
f 889 	557 	17
f 42 	47 	75
f 47 	42 	13
f 44 	46 	5
f 2 	5 	46
f 45 	47 	13
f 495 	383 	43
f 46 	44 	15
f 142 	44 	5
f 46 	143 	2
f 28 	447 	23
f 35 	26 	657
f 17 	15 	889
f 142 	899 	44
f 546 	47 	45
f 546 	45 	545
f 662 	1 	31
f 55 	59 	54
f 662 	31 	35
f 50 	52 	101
f 106 	86 	61
f 920 	913 	6
f 919 	920 	6
f 45 	58 	556
f 45 	556 	545
f 59 	55 	25
f 69 	70 	72
f 71 	72 	70
f 77 	748 	76
f 516 	455 	75
f 61 	68 	106
f 777 	51 	716
f 48 	62 	73
f 85 	83 	82
f 85 	82 	86
f 546 	564 	47
f 57 	53 	67
f 57 	67 	63
f 82 	964 	86
f 74 	78 	73
f 86 	238 	85
f 65 	197 	64
f 196 	64 	197
f 25 	55 	54
f 196 	60 	64
f 67 	206 	63
f 257 	92 	53
f 89 	88 	1222
f 89 	1222 	1223
f 96 	53 	103
f 67 	53 	96
f 92 	103 	53
f 132 	133 	79
f 101 	52 	102
f 84 	80 	90
f 70 	69 	105
f 70 	105 	87
f 964 	61 	86
f 315 	96 	103
f 69 	114 	105
f 108 	68 	85
f 68 	969 	85
f 79 	87 	105
f 106 	68 	108
f 143 	46 	147
f 39 	30 	111
f 30 	113 	111
f 113 	103 	111
f 92 	111 	103
f 106 	108 	147
f 144 	102 	52
f 71 	114 	72
f 71 	253 	114
f 341 	230 	111
f 99 	125 	93
f 69 	72 	114
f 168 	153 	235
f 104 	140 	100
f 97 	95 	48
f 238 	235 	85
f 950 	980 	5
f 120 	281 	121
f 228 	224 	36
f 1103 	109 	115
f 29 	230 	223
f 61 	964 	123
f 118 	117 	52
f 129 	1109 	128
f 223 	229 	29
f 124 	131 	129
f 131 	1108 	129
f 118 	119 	117
f 107 	1053 	126
f 124 	121 	131
f 125 	962 	93
f 150 	1001 	134
f 32 	228 	36
f 80 	79 	133
f 39 	230 	29
f 39 	111 	230
f 102 	135 	101
f 80 	133 	90
f 123 	134 	68
f 123 	68 	61
f 555 	93 	94
f 136 	799 	140
f 97 	544 	95
f 57 	260 	53
f 138 	773 	135
f 104 	530 	136
f 257 	53 	260
f 149 	144 	117
f 102 	144 	135
f 140 	104 	136
f 147 	123 	143
f 128 	368 	129
f 79 	105 	132
f 139 	146 	145
f 139 	145 	141
f 373 	131 	264
f 134 	153 	150
f 152 	1165 	151
f 110 	342 	63
f 147 	153 	134
f 147 	134 	123
f 1165 	1124 	151
f 151 	1124 	198
f 67 	273 	432
f 23 	447 	46
f 155 	1205 	156
f 154 	164 	138
f 85 	235 	108
f 108 	235 	153
f 52 	117 	144
f 153 	147 	108
f 97 	547 	544
f 67 	96 	273
f 313 	273 	96
f 799 	100 	140
f 99 	93 	543
f 163 	148 	161
f 224 	344 	30
f 113 	30 	344
f 54 	158 	109
f 99 	543 	125
f 247 	217 	166
f 1001 	150 	166
f 168 	166 	150
f 162 	160 	152
f 162 	152 	151
f 161 	247 	166
f 198 	162 	151
f 168 	163 	161
f 168 	161 	166
f 551 	418 	125
f 341 	111 	92
f 770 	49 	183
f 165 	857 	164
f 857 	138 	164
f 97 	127 	547
f 96 	315 	313
f 150 	153 	168
f 235 	246 	168
f 164 	169 	165
f 113 	315 	103
f 48 	95 	544
f 553 	543 	93
f 148 	309 	984
f 193 	56 	60
f 193 	60 	194
f 135 	285 	138
f 283 	138 	285
f 196 	194 	60
f 135 	144 	285
f 114 	159 	105
f 197 	145 	146
f 159 	132 	105
f 157 	202 	179
f 173 	186 	249
f 172 	249 	186
f 117 	256 	149
f 114 	77 	159
f 184 	189 	185
f 189 	181 	185
f 176 	185 	181
f 190 	180 	177
f 178 	177 	180
f 172 	186 	171
f 185 	191 	184
f 191 	32 	184
f 37 	184 	32
f 188 	192 	182
f 186 	173 	25
f 174 	231 	175
f 1069 	51 	141
f 139 	141 	187
f 169 	312 	165
f 388 	1221 	181
f 261 	256 	119
f 117 	119 	256
f 189 	388 	181
f 204 	211 	182
f 188 	182 	211
f 261 	119 	118
f 193 	194 	196
f 193 	196 	197
f 195 	559 	94
f 176 	385 	389
f 176 	389 	185
f 122 	165 	259
f 211 	218 	192
f 211 	192 	188
f 390 	184 	37
f 94 	93 	195
f 146 	139 	187
f 183 	193 	187
f 193 	197 	187
f 146 	187 	197
f 389 	191 	185
f 203 	116 	162
f 514 	62 	48
f 205 	603 	203
f 603 	116 	203
f 204 	166 	217
f 1202 	12 	208
f 207 	208 	12
f 432 	209 	206
f 162 	198 	203
f 203 	198 	200
f 203 	200 	205
f 206 	67 	432
f 76 	159 	77
f 12 	300 	207
f 148 	984 	161
f 213 	212 	199
f 213 	199 	210
f 215 	216 	1
f 594 	66 	262
f 303 	244 	304
f 206 	209 	63
f 73 	520 	74
f 218 	204 	217
f 211 	204 	218
f 220 	221 	171
f 73 	62 	514
f 223 	224 	228
f 744 	736 	180
f 76 	222 	225
f 527 	78 	74
f 527 	74 	519
f 394 	390 	226
f 229 	223 	226
f 228 	226 	223
f 190 	251 	180
f 223 	230 	224
f 30 	36 	224
f 231 	589 	233
f 192 	254 	182
f 1213 	1212 	234
f 37 	29 	229
f 220 	171 	233
f 186 	233 	171
f 233 	292 	231
f 288 	175 	231
f 235 	239 	192
f 201 	227 	202
f 219 	227 	201
f 235 	238 	239
f 239 	250 	192
f 288 	231 	292
f 236 	917 	237
f 551 	125 	543
f 32 	394 	226
f 213 	765 	212
f 32 	226 	228
f 240 	243 	241
f 84 	177 	80
f 207 	244 	208
f 242 	208 	244
f 236 	371 	917
f 177 	84 	190
f 212 	241 	243
f 212 	243 	161
f 207 	304 	244
f 245 	246 	235
f 246 	240 	163
f 244 	186 	242
f 245 	235 	217
f 218 	217 	192
f 192 	217 	235
f 110 	63 	209
f 227 	219 	214
f 209 	214 	219
f 110 	209 	219
f 87 	79 	80
f 156 	282 	276
f 245 	247 	246
f 303 	233 	244
f 186 	244 	233
f 84 	90 	190
f 221 	569 	171
f 555 	94 	559
f 245 	217 	247
f 243 	240 	246
f 243 	246 	247
f 559 	195 	66
f 164 	154 	311
f 299 	311 	154
f 247 	161 	243
f 169 	164 	312
f 251 	190 	90
f 163 	168 	246
f 174 	175 	572
f 241 	909 	240
f 138 	283 	154
f 299 	154 	283
f 227 	248 	202
f 179 	202 	248
f 256 	881 	290
f 754 	792 	250
f 59 	1209 	270
f 573 	231 	174
f 118 	267 	261
f 268 	260 	63
f 57 	63 	260
f 131 	121 	264
f 783 	949 	118
f 259 	305 	947
f 279 	280 	278
f 271 	278 	280
f 277 	155 	276
f 156 	276 	155
f 261 	267 	256
f 260 	273 	257
f 280 	279 	392
f 81 	274 	137
f 66 	195 	262
f 275 	265 	281
f 265 	121 	281
f 265 	264 	121
f 258 	281 	120
f 269 	262 	266
f 262 	962 	266
f 277 	286 	155
f 1205 	155 	286
f 919 	6 	285
f 175 	288 	633
f 277 	276 	282
f 277 	282 	286
f 285 	144 	290
f 268 	273 	260
f 287 	291 	289
f 149 	256 	293
f 287 	263 	291
f 233 	303 	292
f 295 	272 	280
f 272 	271 	280
f 272 	295 	298
f 297 	298 	295
f 286 	282 	255
f 292 	300 	632
f 288 	292 	633
f 254 	250 	792
f 297 	289 	291
f 297 	291 	298
f 303 	300 	292
f 284 	632 	300
f 290 	144 	293
f 149 	293 	144
f 295 	280 	297
f 300 	12 	284
f 285 	290 	919
f 411 	832 	289
f 296 	258 	179
f 281 	258 	296
f 157 	179 	258
f 962 	262 	195
f 177 	178 	7
f 267 	881 	256
f 311 	299 	283
f 202 	414 	201
f 416 	201 	414
f 309 	302 	294
f 293 	256 	290
f 148 	302 	309
f 304 	207 	300
f 909 	899 	302
f 426 	214 	209
f 148 	163 	302
f 989 	904 	588
f 303 	304 	300
f 257 	306 	92
f 416 	219 	201
f 259 	165 	305
f 309 	310 	772
f 164 	311 	312
f 444 	473 	227
f 252 	78 	588
f 283 	924 	311
f 305 	311 	924
f 527 	588 	78
f 110 	219 	342
f 434 	342 	219
f 980 	310 	142
f 314 	409 	263
f 312 	311 	305
f 227 	214 	426
f 312 	305 	165
f 306 	257 	315
f 313 	315 	257
f 313 	257 	273
f 341 	306 	315
f 414 	202 	157
f 266 	591 	269
f 283 	285 	6
f 341 	92 	306
f 590 	594 	269
f 319 	320 	448
f 353 	486 	258
f 195 	93 	962
f 98 	100 	321
f 321 	100 	799
f 909 	302 	163
f 318 	1055 	348
f 275 	512 	265
f 876 	799 	136
f 281 	512 	275
f 648 	52 	710
f 702 	349 	322
f 486 	386 	258
f 539 	296 	179
f 523 	281 	539
f 309 	651 	984
f 136 	137 	876
f 274 	865 	137
f 865 	876 	137
f 337 	338 	336
f 364 	271 	272
f 340 	1103 	533
f 315 	344 	341
f 344 	224 	341
f 230 	341 	224
f 1206 	339 	395
f 406 	871 	395
f 315 	113 	344
f 268 	63 	342
f 343 	702 	451
f 332 	1141 	568
f 326 	345 	329
f 268 	342 	422
f 360 	1206 	346
f 350 	348 	347
f 350 	318 	348
f 322 	325 	331
f 702 	322 	331
f 336 	347 	348
f 336 	348 	337
f 962 	372 	329
f 362 	523 	353
f 363 	364 	272
f 120 	121 	362
f 120 	362 	353
f 362 	121 	367
f 124 	367 	121
f 369 	1184 	368
f 1186 	373 	368
f 352 	349 	354
f 354 	702 	343
f 349 	702 	354
f 356 	374 	375
f 357 	354 	343
f 367 	368 	373
f 490 	362 	373
f 367 	373 	362
f 540 	536 	375
f 1148 	1156 	404
f 335 	329 	372
f 345 	379 	962
f 1103 	340 	1156
f 369 	368 	128
f 367 	124 	368
f 124 	129 	368
f 780 	378 	379
f 381 	349 	778
f 618 	682 	345
f 346 	361 	360
f 339 	1206 	376
f 360 	376 	1206
f 324 	682 	379
f 365 	376 	360
f 377 	538 	962
f 378 	377 	379
f 326 	619 	345
f 618 	345 	619
f 322 	349 	381
f 994 	966 	382
f 374 	356 	795
f 317 	719 	356
f 795 	356 	719
f 619 	326 	329
f 382 	966 	301
f 752 	358 	370
f 626 	331 	325
f 386 	414 	157
f 376 	355 	339
f 384 	387 	383
f 387 	43 	383
f 333 	622 	1068
f 388 	385 	1224
f 620 	335 	621
f 372 	621 	335
f 394 	389 	390
f 384 	1123 	387
f 157 	258 	386
f 390 	389 	391
f 388 	391 	389
f 389 	385 	388
f 280 	392 	396
f 229 	226 	390
f 436 	387 	1181
f 333 	331 	622
f 626 	622 	331
f 179 	473 	398
f 184 	390 	189
f 391 	189 	390
f 335 	620 	329
f 473 	414 	398
f 372 	962 	1089
f 379 	377 	962
f 396 	400 	280
f 391 	388 	189
f 399 	824 	431
f 324 	379 	345
f 327 	871 	406
f 407 	406 	395
f 650 	1124 	60
f 339 	397 	395
f 403 	1148 	404
f 414 	386 	398
f 486 	398 	386
f 378 	776 	377
f 775 	377 	776
f 390 	37 	229
f 354 	707 	352
f 32 	191 	394
f 394 	191 	389
f 971 	393 	316
f 400 	396 	392
f 1089 	962 	1183
f 291 	263 	409
f 404 	1156 	412
f 314 	413 	409
f 411 	409 	413
f 163 	240 	909
f 272 	298 	415
f 454 	582 	49
f 409 	415 	291
f 298 	291 	415
f 479 	418 	420
f 484 	418 	479
f 415 	409 	411
f 415 	411 	417
f 43 	387 	402
f 56 	631 	60
f 356 	459 	317
f 402 	403 	404
f 340 	41 	404
f 404 	41 	402
f 484 	1147 	418
f 417 	467 	415
f 432 	268 	422
f 340 	404 	412
f 424 	425 	438
f 297 	280 	417
f 280 	400 	417
f 706 	841 	359
f 297 	417 	411
f 424 	428 	425
f 428 	429 	425
f 422 	426 	209
f 430 	431 	427
f 406 	410 	327
f 198 	650 	593
f 1172 	430 	1171
f 427 	1171 	430
f 377 	775 	359
f 209 	432 	422
f 219 	416 	434
f 780 	776 	378
f 431 	430 	1172
f 419 	423 	408
f 1181 	402 	436
f 401 	443 	423
f 437 	620 	429
f 620 	621 	429
f 387 	436 	402
f 616 	325 	687
f 438 	439 	424
f 424 	439 	441
f 504 	503 	439
f 227 	426 	444
f 352 	707 	349
f 98 	321 	525
f 348 	1055 	130
f 322 	381 	778
f 322 	778 	687
f 426 	434 	444
f 528 	521 	447
f 98 	525 	100
f 524 	100 	525
f 682 	324 	345
f 400 	447 	488
f 780 	379 	682
f 448 	449 	319
f 435 	86 	447
f 100 	524 	104
f 442 	446 	440
f 358 	857 	446
f 836 	1210 	88
f 1194 	447 	400
f 445 	440 	443
f 446 	857 	440
f 115 	109 	533
f 443 	440 	857
f 351 	358 	446
f 366 	319 	449
f 1194 	1195 	447
f 137 	136 	529
f 529 	136 	530
f 1195 	433 	447
f 435 	447 	433
f 54 	59 	502
f 421 	317 	459
f 434 	416 	444
f 414 	444 	416
f 488 	467 	417
f 510 	81 	529
f 137 	529 	81
f 273 	268 	432
f 323 	453 	608
f 477 	451 	702
f 327 	410 	456
f 456 	410 	609
f 417 	400 	488
f 452 	343 	451
f 109 	158 	558
f 356 	458 	459
f 485 	421 	459
f 43 	881 	592
f 609 	606 	456
f 456 	606 	881
f 468 	462 	460
f 465 	460 	462
f 356 	536 	458
f 434 	422 	342
f 426 	422 	434
f 521 	522 	464
f 466 	460 	463
f 465 	463 	460
f 193 	667 	56
f 464 	363 	467
f 467 	363 	415
f 468 	503 	462
f 272 	415 	363
f 650 	60 	631
f 458 	521 	464
f 491 	339 	355
f 459 	458 	464
f 459 	464 	467
f 491 	397 	339
f 467 	485 	459
f 505 	358 	351
f 558 	533 	109
f 664 	13 	472
f 179 	248 	473
f 750 	828 	346
f 475 	476 	472
f 475 	472 	471
f 506 	360 	361
f 506 	361 	507
f 471 	42 	455
f 502 	552 	54
f 1222 	88 	654
f 334 	897 	614
f 360 	509 	365
f 540 	375 	374
f 611 	382 	330
f 301 	330 	382
f 248 	227 	473
f 370 	358 	511
f 469 	470 	477
f 501 	1119 	462
f 475 	471 	478
f 455 	478 	471
f 511 	752 	370
f 444 	414 	473
f 174 	572 	573
f 346 	495 	361
f 455 	537 	478
f 380 	955 	557
f 702 	469 	477
f 557 	889 	380
f 479 	481 	480
f 481 	483 	480
f 487 	480 	483
f 476 	482 	472
f 365 	509 	376
f 480 	484 	479
f 358 	505 	511
f 466 	463 	483
f 487 	483 	463
f 258 	120 	353
f 488 	485 	467
f 270 	578 	59
f 112 	1052 	337
f 490 	492 	362
f 461 	472 	482
f 541 	461 	482
f 265 	492 	264
f 490 	264 	492
f 482 	476 	475
f 482 	475 	478
f 485 	488 	521
f 373 	264 	490
f 478 	541 	482
f 43 	592 	491
f 477 	489 	451
f 493 	597 	496
f 513 	458 	536
f 455 	516 	537
f 507 	361 	495
f 510 	274 	81
f 563 	574 	962
f 531 	450 	494
f 521 	458 	513
f 480 	1153 	484
f 363 	522 	364
f 43 	506 	495
f 491 	518 	43
f 249 	578 	270
f 116 	602 	655
f 603 	602 	116
f 461 	541 	526
f 951 	364 	28
f 116 	655 	493
f 116 	493 	496
f 220 	233 	569
f 356 	375 	536
f 811 	813 	469
f 503 	500 	462
f 501 	462 	500
f 498 	491 	355
f 500 	503 	504
f 441 	439 	503
f 505 	351 	497
f 499 	1093 	577
f 474 	494 	815
f 1183 	500 	504
f 506 	509 	360
f 477 	817 	489
f 439 	1090 	504
f 502 	558 	552
f 183 	49 	582
f 813 	817 	470
f 477 	470 	817
f 58 	499 	556
f 577 	560 	499
f 560 	556 	499
f 503 	1086 	441
f 528 	447 	28
f 512 	492 	265
f 559 	517 	514
f 509 	518 	376
f 575 	537 	516
f 517 	519 	520
f 514 	517 	520
f 363 	464 	522
f 525 	649 	524
f 539 	486 	523
f 353 	523 	486
f 519 	590 	527
f 517 	594 	519
f 594 	590 	519
f 376 	518 	355
f 498 	355 	518
f 492 	523 	362
f 512 	523 	492
f 528 	364 	522
f 451 	489 	791
f 514 	48 	515
f 281 	296 	539
f 497 	641 	505
f 791 	452 	451
f 524 	529 	530
f 512 	281 	523
f 536 	890 	513
f 699 	343 	452
f 507 	495 	506
f 517 	559 	66
f 522 	521 	528
f 488 	447 	521
f 521 	513 	485
f 530 	104 	524
f 509 	506 	518
f 506 	43 	518
f 517 	66 	594
f 398 	539 	179
f 519 	74 	520
f 533 	558 	340
f 511 	505 	830
f 73 	514 	520
f 491 	498 	518
f 541 	576 	526
f 540 	374 	542
f 531 	494 	962
f 532 	531 	538
f 534 	576 	541
f 924 	581 	529
f 183 	582 	193
f 541 	478 	537
f 606 	406 	407
f 535 	534 	541
f 535 	541 	537
f 543 	544 	547
f 608 	408 	323
f 631 	56 	667
f 538 	531 	962
f 329 	345 	962
f 359 	538 	377
f 528 	28 	364
f 547 	548 	543
f 406 	606 	410
f 410 	606 	609
f 543 	548 	551
f 418 	551 	548
f 418 	548 	420
f 158 	54 	552
f 398 	486 	539
f 555 	544 	553
f 543 	553 	544
f 515 	544 	555
f 559 	514 	555
f 515 	555 	514
f 158 	552 	558
f 93 	555 	553
f 536 	540 	542
f 536 	542 	890
f 608 	612 	408
f 419 	408 	612
f 75 	47 	564
f 567 	516 	564
f 1096 	565 	566
f 569 	568 	171
f 172 	171 	568
f 474 	815 	563
f 549 	575 	567
f 75 	564 	516
f 33 	17 	557
f 554 	469 	571
f 702 	571 	469
f 546 	545 	556
f 546 	556 	564
f 564 	556 	560
f 564 	560 	567
f 172 	568 	249
f 561 	574 	562
f 563 	562 	574
f 542 	374 	890
f 567 	560 	550
f 567 	550 	549
f 572 	175 	633
f 576 	534 	575
f 535 	575 	534
f 494 	474 	563
f 889 	794 	380
f 395 	397 	592
f 550 	577 	575
f 550 	575 	549
f 401 	423 	599
f 485 	513 	874
f 890 	874 	513
f 547 	127 	548
f 502 	59 	578
f 580 	844 	571
f 200 	198 	595
f 1088 	579 	577
f 575 	577 	579
f 575 	579 	576
f 924 	908 	274
f 1131 	162 	116
f 535 	537 	575
f 443 	401 	636
f 599 	636 	401
f 595 	603 	205
f 595 	205 	200
f 440 	634 	635
f 440 	635 	442
f 516 	567 	575
f 576 	741 	526
f 585 	584 	586
f 852 	850 	584
f 550 	560 	577
f 263 	287 	657
f 571 	736 	580
f 48 	544 	515
f 634 	440 	445
f 624 	584 	585
f 587 	623 	585
f 740 	579 	508
f 641 	446 	635
f 442 	635 	446
f 581 	274 	510
f 1088 	1098 	579
f 508 	579 	1098
f 351 	446 	641
f 494 	563 	962
f 749 	962 	574
f 667 	193 	583
f 582 	583 	193
f 589 	231 	573
f 601 	605 	18
f 588 	590 	591
f 987 	588 	591
f 578 	249 	568
f 19 	657 	26
f 588 	527 	590
f 569 	233 	589
f 221 	220 	569
f 595 	198 	593
f 491 	596 	397
f 592 	397 	596
f 493 	598 	597
f 573 	572 	589
f 572 	633 	589
f 607 	592 	606
f 606 	592 	881
f 601 	18 	21
f 568 	502 	578
f 596 	491 	592
f 683 	655 	602
f 604 	605 	601
f 263 	605 	604
f 19 	18 	605
f 606 	407 	607
f 735 	580 	736
f 593 	602 	603
f 593 	603 	595
f 590 	269 	591
f 846 	561 	562
f 266 	907 	591
f 332 	613 	328
f 610 	328 	613
f 563 	847 	562
f 262 	269 	594
f 806 	601 	810
f 554 	571 	844
f 615 	664 	461
f 395 	607 	407
f 592 	607 	395
f 687 	682 	616
f 423 	617 	599
f 618 	619 	616
f 626 	616 	619
f 419 	612 	423
f 617 	423 	612
f 425 	429 	621
f 437 	622 	620
f 625 	620 	622
f 622 	626 	619
f 625 	622 	619
f 629 	623 	627
f 587 	627 	623
f 624 	585 	623
f 657 	19 	605
f 629 	627 	630
f 666 	583 	628
f 457 	628 	583
f 601 	659 	604
f 630 	565 	1118
f 627 	570 	630
f 570 	565 	630
f 924 	617 	608
f 470 	469 	813
f 284 	686 	632
f 599 	617 	636
f 461 	690 	615
f 633 	292 	632
f 612 	608 	617
f 322 	687 	325
f 443 	636 	637
f 443 	637 	445
f 494 	821 	815
f 325 	616 	626
f 569 	589 	632
f 633 	632 	589
f 338 	639 	336
f 638 	336 	639
f 652 	1223 	654
f 634 	445 	637
f 329 	625 	619
f 337 	640 	112
f 932 	629 	630
f 497 	351 	641
f 643 	644 	347
f 350 	347 	644
f 636 	924 	634
f 635 	634 	641
f 645 	348 	130
f 581 	924 	274
f 637 	636 	634
f 928 	624 	623
f 639 	644 	643
f 639 	643 	638
f 788 	494 	450
f 636 	617 	924
f 640 	645 	130
f 640 	130 	112
f 896 	585 	586
f 510 	529 	581
f 347 	336 	638
f 347 	638 	643
f 620 	625 	329
f 645 	640 	348
f 337 	348 	640
f 338 	334 	639
f 614 	639 	334
f 216 	663 	222
f 321 	649 	525
f 450 	531 	788
f 531 	837 	788
f 822 	644 	614
f 665 	52 	648
f 659 	814 	604
f 321 	405 	649
f 199 	984 	651
f 901 	587 	896
f 674 	676 	650
f 924 	524 	649
f 529 	524 	924
f 757 	759 	651
f 759 	210 	651
f 744 	180 	251
f 823 	653 	806
f 806 	653 	601
f 605 	263 	657
f 924 	649 	427
f 405 	427 	649
f 210 	759 	213
f 674 	650 	631
f 659 	601 	653
f 928 	623 	629
f 657 	287 	659
f 289 	659 	287
f 653 	657 	659
f 932 	630 	1118
f 653 	35 	657
f 297 	411 	289
f 216 	215 	662
f 216 	662 	663
f 639 	614 	644
f 822 	755 	644
f 215 	1 	662
f 583 	666 	667
f 35 	1043 	662
f 469 	554 	844
f 670 	671 	669
f 669 	13 	664
f 670 	669 	664
f 882 	566 	565
f 472 	461 	664
f 664 	673 	670
f 846 	562 	847
f 631 	667 	674
f 21 	702 	601
f 884 	565 	570
f 664 	615 	673
f 690 	729 	615
f 563 	815 	847
f 667 	739 	674
f 940 	739 	666
f 648 	856 	656
f 580 	851 	844
f 669 	671 	677
f 671 	670 	673
f 671 	673 	677
f 656 	665 	648
f 674 	675 	676
f 600 	1069 	669
f 1136 	669 	1069
f 593 	650 	676
f 618 	616 	682
f 683 	684 	685
f 687 	778 	682
f 967 	688 	679
f 732 	600 	677
f 669 	677 	600
f 685 	655 	683
f 674 	685 	684
f 674 	684 	675
f 461 	526 	690
f 676 	675 	684
f 676 	684 	683
f 602 	593 	683
f 676 	683 	593
f 668 	672 	665
f 871 	327 	52
f 672 	118 	52
f 314 	263 	721
f 604 	721 	263
f 672 	52 	665
f 691 	693 	695
f 690 	526 	741
f 413 	314 	721
f 730 	731 	685
f 740 	508 	696
f 730 	685 	739
f 674 	739 	685
f 317 	421 	720
f 698 	853 	697
f 756 	660 	658
f 694 	695 	693
f 741 	729 	690
f 21 	10 	702
f 773 	50 	101
f 758 	598 	493
f 719 	721 	604
f 597 	809 	496
f 701 	170 	700
f 771 	1160 	1097
f 655 	829 	493
f 571 	180 	736
f 699 	839 	704
f 766 	829 	282
f 496 	766 	116
f 703 	769 	745
f 320 	751 	448
f 688 	697 	692
f 692 	779 	679
f 688 	692 	679
f 116 	766 	282
f 841 	706 	704
f 708 	704 	706
f 708 	706 	707
f 700 	611 	1006
f 611 	700 	170
f 706 	775 	707
f 713 	236 	237
f 713 	237 	714
f 327 	918 	715
f 694 	701 	700
f 694 	700 	695
f 237 	366 	714
f 778 	349 	711
f 600 	716 	1069
f 1006 	695 	700
f 720 	721 	719
f 774 	777 	716
f 743 	774 	716
f 449 	714 	366
f 701 	694 	1005
f 707 	354 	708
f 717 	738 	722
f 717 	722 	718
f 699 	704 	343
f 357 	343 	704
f 721 	720 	849
f 613 	632 	680
f 681 	680 	632
f 680 	610 	613
f 686 	681 	632
f 745 	1045 	703
f 918 	912 	715
f 738 	724 	722
f 723 	722 	724
f 704 	708 	357
f 354 	357 	708
f 680 	689 	610
f 600 	732 	716
f 614 	11 	822
f 686 	693 	691
f 686 	691 	681
f 448 	793 	714
f 449 	448 	714
f 538 	359 	841
f 825 	810 	702
f 673 	615 	729
f 642 	628 	308
f 457 	308 	628
f 728 	727 	732
f 728 	732 	729
f 749 	826 	736
f 632 	613 	332
f 677 	673 	732
f 729 	732 	673
f 733 	829 	731
f 685 	731 	655
f 829 	655 	731
f 727 	743 	732
f 743 	716 	732
f 712 	648 	710
f 741 	576 	740
f 579 	740 	576
f 678 	679 	737
f 737 	738 	717
f 678 	737 	717
f 715 	710 	327
f 771 	789 	1160
f 804 	803 	744
f 731 	730 	739
f 731 	739 	746
f 748 	742 	734
f 748 	734 	733
f 1036 	745 	740
f 741 	740 	745
f 745 	743 	741
f 728 	741 	743
f 728 	743 	727
f 731 	746 	748
f 731 	748 	733
f 323 	408 	725
f 793 	448 	751
f 408 	423 	857
f 720 	719 	317
f 728 	729 	741
f 604 	816 	719
f 740 	696 	1038
f 726 	725 	709
f 725 	408 	857
f 744 	251 	804
f 350 	644 	755
f 199 	651 	210
f 756 	902 	705
f 722 	760 	718
f 1036 	1045 	745
f 761 	838 	762
f 829 	253 	255
f 658 	866 	756
f 764 	743 	763
f 745 	763 	743
f 723 	760 	722
f 838 	761 	753
f 183 	187 	768
f 767 	768 	187
f 709 	725 	857
f 705 	709 	756
f 757 	772 	765
f 757 	765 	759
f 745 	769 	763
f 765 	213 	759
f 809 	758 	766
f 758 	493 	829
f 757 	651 	772
f 49 	770 	703
f 770 	183 	768
f 769 	703 	770
f 101 	135 	773
f 857 	771 	138
f 773 	138 	771
f 909 	212 	765
f 349 	707 	711
f 753 	761 	752
f 784 	752 	761
f 1033 	1031 	737
f 766 	758 	829
f 255 	282 	829
f 909 	765 	772
f 706 	359 	775
f 764 	774 	743
f 776 	707 	775
f 711 	707 	776
f 358 	752 	784
f 780 	778 	776
f 711 	776 	778
f 762 	747 	761
f 737 	779 	1033
f 187 	51 	777
f 777 	767 	187
f 780 	682 	778
f 735 	736 	827
f 764 	763 	769
f 764 	769 	774
f 774 	769 	770
f 774 	770 	777
f 973 	1054 	692
f 784 	747 	799
f 1178 	799 	747
f 777 	770 	768
f 777 	768 	767
f 679 	779 	737
f 78 	904 	702
f 122 	947 	781
f 10 	180 	702
f 761 	747 	784
f 954 	679 	678
f 756 	709 	857
f 661 	660 	781
f 660 	756 	857
f 781 	660 	857
f 790 	791 	788
f 254 	792 	822
f 792 	793 	822
f 973 	692 	1074
f 800 	91 	789
f 788 	837 	790
f 790 	839 	699
f 118 	672 	783
f 827 	851 	735
f 795 	719 	794
f 950 	794 	310
f 772 	794 	719
f 787 	953 	786
f 784 	799 	789
f 792 	713 	793
f 713 	714 	793
f 165 	781 	857
f 122 	781 	165
f 802 	749 	796
f 874 	899 	719
f 793 	751 	755
f 858 	857 	784
f 858 	784 	789
f 858 	771 	857
f 799 	800 	789
f 799 	1171 	321
f 1178 	1171 	799
f 792 	754 	713
f 371 	713 	754
f 423 	443 	857
f 489 	819 	791
f 77 	114 	820
f 843 	801 	787
f 574 	796 	749
f 452 	791 	790
f 789 	771 	858
f 799 	876 	800
f 804 	807 	803
f 805 	807 	804
f 452 	790 	699
f 809 	597 	808
f 598 	808 	597
f 58 	45 	855
f 736 	744 	803
f 253 	829 	820
f 598 	758 	808
f 875 	873 	307
f 844 	846 	811
f 805 	133 	807
f 132 	807 	133
f 866 	658 	872
f 842 	786 	812
f 766 	496 	809
f 847 	815 	813
f 782 	944 	812
f 816 	604 	814
f 736 	803 	749
f 658 	660 	872
f 817 	813 	815
f 817 	815 	819
f 758 	809 	808
f 661 	781 	947
f 814 	823 	806
f 815 	821 	819
f 821 	788 	819
f 791 	819 	788
f 253 	820 	114
f 814 	806 	810
f 814 	810 	816
f 742 	77 	820
f 742 	820 	734
f 489 	817 	819
f 825 	833 	810
f 816 	810 	833
f 805 	804 	133
f 133 	804 	90
f 822 	793 	755
f 661 	872 	660
f 90 	804 	251
f 399 	1134 	824
f 35 	653 	823
f 827 	736 	826
f 888 	668 	887
f 665 	887 	668
f 495 	346 	828
f 656 	862 	665
f 830 	831 	752
f 753 	752 	831
f 814 	659 	832
f 672 	668 	888
f 851 	580 	735
f 830 	752 	511
f 832 	823 	814
f 779 	692 	1054
f 831 	838 	753
f 827 	826 	854
f 827 	854 	851
f 856 	862 	656
f 782 	812 	786
f 413 	833 	411
f 411 	833 	832
f 659 	289 	832
f 843 	787 	842
f 786 	842 	787
f 834 	796 	854
f 574 	854 	796
f 712 	911 	648
f 823 	832 	833
f 823 	833 	825
f 494 	788 	821
f 859 	797 	798
f 820 	829 	733
f 820 	733 	734
f 749 	802 	826
f 835 	826 	802
f 762 	838 	840
f 839 	790 	837
f 802 	929 	835
f 705 	902 	903
f 1020 	1016 	760
f 798 	801 	859
f 835 	834 	826
f 854 	826 	834
f 841 	704 	839
f 1028 	834 	835
f 762 	840 	824
f 762 	824 	747
f 532 	839 	531
f 837 	531 	839
f 705 	903 	709
f 912 	712 	710
f 538 	841 	839
f 532 	538 	839
f 316 	894 	785
f 383 	495 	828
f 929 	802 	796
f 1017 	954 	717
f 327 	456 	918
f 842 	812 	843
f 838 	831 	830
f 505 	924 	830
f 469 	844 	811
f 738 	737 	1031
f 844 	845 	846
f 824 	840 	838
f 838 	924 	824
f 810 	601 	702
f 847 	813 	846
f 813 	811 	846
f 830 	924 	838
f 710 	715 	912
f 561 	846 	845
f 833 	874 	816
f 719 	816 	874
f 641 	634 	924
f 641 	924 	505
f 848 	721 	849
f 926 	725 	726
f 836 	785 	894
f 867 	642 	308
f 586 	584 	850
f 848 	413 	721
f 852 	853 	850
f 854 	845 	851
f 849 	720 	421
f 772 	899 	909
f 869 	870 	786
f 856 	648 	911
f 874 	833 	849
f 848 	849 	833
f 844 	851 	845
f 798 	797 	879
f 709 	926 	726
f 413 	848 	833
f 854 	574 	845
f 561 	845 	574
f 241 	212 	909
f 849 	421 	874
f 862 	856 	887
f 911 	912 	856
f 912 	456 	881
f 427 	431 	924
f 823 	825 	35
f 1063 	852 	584
f 642 	666 	628
f 881 	856 	912
f 782 	786 	870
f 332 	879 	797
f 358 	784 	857
f 801 	861 	859
f 860 	853 	1074
f 801 	843 	861
f 864 	865 	863
f 1074 	692 	860
f 782 	870 	301
f 867 	864 	868
f 863 	868 	864
f 772 	719 	899
f 698 	850 	853
f 692 	697 	860
f 853 	860 	697
f 867 	873 	875
f 867 	875 	864
f 421 	485 	874
f 698 	977 	850
f 865 	864 	876
f 864 	875 	876
f 797 	859 	877
f 899 	889 	44
f 878 	947 	872
f 915 	702 	904
f 859 	861 	877
f 1051 	876 	875
f 15 	44 	889
f 876 	1032 	800
f 884 	932 	883
f 45 	913 	855
f 308 	307 	873
f 661 	878 	872
f 308 	873 	867
f 882 	565 	883
f 855 	913 	886
f 50 	855 	886
f 794 	889 	890
f 794 	890 	795
f 374 	795 	890
f 887 	665 	862
f 318 	891 	965
f 892 	965 	891
f 565 	884 	883
f 899 	874 	889
f 890 	889 	874
f 893 	672 	888
f 914 	965 	892
f 783 	672 	949
f 919 	290 	881
f 949 	893 	267
f 888 	887 	893
f 881 	893 	887
f 927 	896 	895
f 431 	824 	924
f 886 	921 	898
f 897 	885 	894
f 881 	887 	856
f 885 	836 	894
f 900 	1061 	895
f 900 	895 	896
f 881 	267 	893
f 920 	898 	921
f 902 	756 	866
f 52 	50 	898
f 886 	898 	50
f 901 	627 	587
f 903 	902 	906
f 881 	871 	919
f 920 	919 	871
f 866 	872 	902
f 924 	902 	872
f 863 	865 	908
f 920 	871 	898
f 586 	900 	896
f 903 	906 	709
f 891 	318 	910
f 939 	933 	868
f 642 	867 	933
f 868 	933 	867
f 904 	985 	905
f 586 	1061 	900
f 13 	6 	45
f 584 	927 	895
f 912 	911 	712
f 917 	250 	916
f 865 	274 	908
f 913 	45 	6
f 803 	1008 	749
f 725 	925 	323
f 453 	323 	925
f 585 	896 	587
f 921 	922 	920
f 922 	913 	920
f 252 	904 	78
f 935 	702 	915
f 666 	642 	933
f 8 	7 	178
f 914 	910 	916
f 366 	916 	910
f 8 	178 	10
f 937 	938 	924
f 905 	915 	904
f 725 	926 	925
f 250 	917 	754
f 754 	917 	371
f 928 	896 	927
f 901 	896 	928
f 913 	922 	886
f 936 	935 	915
f 709 	906 	926
f 334 	338 	897
f 930 	901 	928
f 456 	912 	918
f 922 	921 	886
f 928 	931 	930
f 931 	932 	930
f 929 	796 	923
f 608 	453 	925
f 884 	930 	932
f 932 	931 	629
f 935 	1015 	1009
f 935 	1009 	934
f 925 	926 	906
f 627 	901 	930
f 885 	897 	338
f 939 	940 	933
f 1007 	1008 	807
f 320 	319 	318
f 624 	928 	927
f 908 	924 	938
f 82 	83 	1107
f 951 	964 	364
f 271 	364 	964
f 584 	624 	927
f 807 	132 	1007
f 319 	366 	318
f 937 	940 	939
f 937 	939 	938
f 943 	1025 	944
f 942 	1011 	941
f 930 	884 	627
f 1025 	812 	944
f 629 	931 	928
f 318 	350 	320
f 945 	943 	944
f 945 	944 	946
f 906 	902 	924
f 872 	947 	924
f 782 	946 	944
f 937 	6 	940
f 785 	818 	943
f 945 	785 	943
f 159 	1007 	132
f 884 	570 	627
f 945 	946 	1024
f 825 	702 	934
f 878 	661 	947
f 667 	666 	739
f 935 	934 	702
f 772 	310 	794
f 380 	794 	950
f 785 	945 	316
f 332 	328 	879
f 880 	879 	328
f 941 	266 	962
f 907 	266 	941
f 870 	330 	301
f 893 	949 	672
f 933 	940 	666
f 6 	739 	940
f 267 	118 	949
f 942 	941 	948
f 962 	948 	941
f 982 	951 	952
f 947 	305 	924
f 143 	982 	2
f 952 	2 	982
f 951 	28 	952
f 122 	259 	947
f 1024 	946 	961
f 782 	301 	946
f 294 	302 	899
f 294 	899 	142
f 869 	786 	953
f 924 	283 	937
f 955 	380 	950
f 1033 	960 	954
f 33 	955 	17
f 950 	17 	955
f 925 	924 	608
f 906 	924 	925
f 252 	588 	904
f 801 	798 	956
f 33 	557 	955
f 6 	937 	283
f 956 	953 	801
f 787 	801 	953
f 10 	178 	180
f 1106 	956 	1130
f 956 	798 	879
f 591 	907 	987
f 679 	954 	960
f 1132 	1141 	797
f 989 	985 	904
f 1107 	1110 	963
f 910 	318 	366
f 951 	982 	964
f 961 	946 	301
f 967 	679 	960
f 964 	982 	123
f 966 	961 	301
f 350 	755 	320
f 254 	83 	182
f 316 	945 	970
f 1037 	1038 	696
f 1001 	204 	182
f 1001 	182 	969
f 991 	915 	985
f 905 	985 	915
f 751 	320 	755
f 83 	85 	969
f 1001 	969 	134
f 68 	134 	969
f 971 	316 	970
f 1000 	970 	945
f 972 	976 	1056
f 999 	393 	971
f 1000 	961 	970
f 991 	936 	915
f 970 	961 	966
f 970 	966 	971
f 959 	1101 	957
f 1100 	957 	1101
f 973 	975 	967
f 994 	999 	966
f 971 	966 	999
f 1102 	1101 	958
f 959 	958 	1101
f 941 	1013 	907
f 987 	907 	1013
f 975 	1062 	977
f 973 	1074 	975
f 697 	967 	975
f 558 	502 	1141
f 942 	948 	1011
f 571 	702 	180
f 975 	977 	697
f 698 	697 	977
f 1011 	1013 	941
f 1061 	850 	977
f 310 	980 	950
f 1015 	935 	936
f 1005 	1006 	870
f 976 	972 	974
f 142 	5 	980
f 948 	962 	1010
f 41 	340 	1141
f 962 	979 	978
f 948 	1010 	1011
f 680 	986 	879
f 35 	825 	1009
f 981 	974 	972
f 689 	879 	880
f 143 	123 	982
f 880 	328 	689
f 934 	1009 	825
f 772 	651 	309
f 990 	972 	1056
f 1045 	1042 	703
f 681 	986 	680
f 967 	960 	973
f 1054 	973 	960
f 988 	879 	986
f 588 	987 	989
f 985 	989 	987
f 697 	688 	967
f 985 	1011 	991
f 987 	1013 	985
f 1013 	1011 	985
f 992 	723 	724
f 1102 	958 	983
f 879 	689 	680
f 994 	382 	611
f 691 	995 	681
f 986 	681 	995
f 454 	49 	703
f 1043 	1010 	962
f 988 	986 	995
f 988 	995 	996
f 693 	686 	988
f 693 	988 	996
f 212 	161 	199
f 199 	161 	984
f 997 	998 	996
f 997 	996 	995
f 328 	610 	689
f 204 	1001 	166
f 695 	997 	691
f 995 	691 	997
f 996 	998 	693
f 694 	693 	998
f 330 	870 	1006
f 961 	1000 	993
f 1006 	611 	330
f 238 	86 	433
f 435 	433 	86
f 803 	807 	1008
f 1043 	1009 	1010
f 999 	994 	993
f 999 	993 	1000
f 46 	447 	147
f 86 	106 	447
f 106 	147 	447
f 1021 	454 	703
f 991 	1011 	1012
f 17 	3 	15
f 962 	1008 	1007
f 962 	1007 	979
f 965 	1105 	1014
f 5 	3 	950
f 962 	749 	1008
f 1011 	1010 	1012
f 1010 	1009 	1012
f 1015 	1012 	1009
f 1017 	717 	1016
f 718 	1016 	717
f 950 	3 	17
f 979 	1007 	978
f 159 	978 	1007
f 1016 	1020 	1017
f 1018 	1115 	1004
f 696 	91 	1037
f 4 	2 	952
f 1002 	1031 	1020
f 1002 	1020 	1003
f 1014 	1114 	1019
f 991 	1012 	936
f 1043 	962 	1041
f 1018 	1034 	1014
f 1019 	1018 	1014
f 724 	1031 	1002
f 738 	1031 	724
f 1005 	998 	997
f 1005 	997 	1006
f 1004 	1029 	1018
f 457 	1065 	1022
f 695 	1006 	997
f 718 	760 	1016
f 885 	1048 	1029
f 1004 	885 	1029
f 978 	1041 	962
f 1005 	694 	998
f 965 	1034 	318
f 818 	20 	1026
f 1024 	1026 	1023
f 1025 	1026 	1024
f 978 	159 	1041
f 159 	76 	1041
f 993 	994 	170
f 611 	170 	994
f 1003 	990 	1002
f 936 	1012 	1015
f 943 	1026 	1025
f 923 	796 	1027
f 834 	1027 	796
f 957 	724 	1056
f 1028 	835 	929
f 678 	717 	954
f 1027 	1028 	929
f 1027 	929 	923
f 818 	1026 	943
f 834 	1028 	1027
f 876 	1051 	1032
f 1033 	1017 	1031
f 1031 	1017 	1020
f 1034 	965 	1014
f 1002 	990 	1056
f 1009 	1043 	35
f 1035 	1036 	740
f 1034 	1198 	126
f 1043 	1040 	662
f 1024 	1023 	945
f 1034 	1018 	1029
f 222 	663 	1039
f 1029 	1198 	1034
f 1040 	225 	222
f 1040 	222 	1039
f 225 	1041 	76
f 1040 	1041 	225
f 740 	1038 	1035
f 945 	1023 	1000
f 1039 	663 	1040
f 663 	662 	1040
f 1032 	1030 	1042
f 1032 	1042 	1037
f 1041 	1040 	1043
f 1044 	125 	418
f 1017 	1033 	954
f 1026 	20 	1023
f 1037 	1042 	1045
f 1037 	1045 	1038
f 420 	548 	127
f 127 	1046 	420
f 897 	894 	14
f 1042 	1021 	703
f 1030 	1050 	1042
f 418 	1147 	1044
f 279 	278 	392
f 1038 	1045 	1036
f 1038 	1036 	1035
f 1023 	20 	1000
f 1047 	392 	278
f 107 	1029 	1048
f 1050 	1051 	1072
f 1048 	885 	1052
f 338 	1052 	885
f 1044 	1147 	125
f 238 	433 	239
f 1049 	239 	433
f 1050 	1032 	1051
f 1030 	1032 	1050
f 1052 	338 	337
f 983 	959 	1056
f 992 	724 	957
f 1002 	1056 	724
f 779 	1054 	1033
f 97 	48 	702
f 48 	73 	702
f 78 	702 	73
f 1000 	20 	14
f 1053 	1055 	318
f 126 	1053 	1034
f 318 	1034 	1053
f 1121 	1144 	702
f 1046 	702 	1144
f 1046 	97 	702
f 107 	1048 	1053
f 127 	97 	1046
f 1021 	1042 	1050
f 1053 	1048 	1052
f 1053 	1052 	1055
f 1054 	960 	1033
f 112 	130 	1055
f 112 	1055 	1052
f 875 	1022 	1051
f 1021 	1050 	1059
f 1 	216 	6
f 1133 	82 	1107
f 294 	310 	309
f 1058 	1059 	1057
f 993 	1024 	961
f 142 	310 	294
f 1060 	454 	1059
f 236 	713 	371
f 1063 	895 	1061
f 1021 	1059 	454
f 910 	232 	891
f 1062 	1063 	1061
f 1022 	1065 	1051
f 910 	914 	232
f 1062 	853 	1063
f 852 	1063 	853
f 1066 	1064 	1065
f 1064 	1051 	1065
f 914 	892 	234
f 1061 	586 	850
f 916 	237 	917
f 739 	6 	746
f 234 	232 	914
f 584 	895 	1063
f 457 	583 	1067
f 1067 	1065 	457
f 366 	237 	916
f 957 	1056 	959
f 1058 	1066 	1065
f 1058 	1065 	1059
f 333 	1068 	331
f 1070 	702 	1068
f 331 	1068 	702
f 1057 	1064 	1066
f 1057 	1066 	1058
f 965 	914 	250
f 1059 	1065 	1067
f 1059 	1067 	1060
f 963 	968 	965
f 1072 	1073 	1050
f 958 	959 	983
f 853 	1062 	1074
f 1075 	1076 	583
f 1075 	583 	582
f 1073 	1057 	1050
f 499 	58 	855
f 1207 	1210 	885
f 1057 	1059 	1050
f 1079 	1080 	1075
f 963 	965 	250
f 1062 	975 	1074
f 1061 	977 	1062
f 77 	742 	748
f 746 	222 	748
f 222 	76 	748
f 914 	916 	250
f 1075 	582 	1079
f 582 	454 	1060
f 1079 	582 	1060
f 1051 	1064 	1072
f 863 	908 	868
f 1223 	1211 	89
f 89 	1056 	976
f 1076 	1082 	1083
f 1085 	773 	1084
f 771 	1084 	773
f 1076 	1083 	583
f 583 	1083 	1067
f 1087 	1088 	577
f 439 	1089 	1090
f 222 	746 	216
f 746 	6 	216
f 1082 	1080 	1079
f 1082 	1079 	1083
f 1091 	773 	1085
f 1073 	1072 	1064
f 1073 	1064 	1057
f 868 	908 	939
f 938 	939 	908
f 1091 	1093 	499
f 499 	1155 	1091
f 1082 	1076 	1075
f 1082 	1075 	1080
f 1094 	1095 	1092
f 1094 	1092 	1099
f 1087 	577 	1093
f 1060 	1067 	1083
f 1060 	1083 	1079
f 565 	1096 	1118
f 1097 	1084 	771
f 1068 	1071 	1070
f 1086 	702 	1070
f 1115 	1116 	646
f 43 	402 	41
f 558 	1141 	340
f 502 	568 	1141
f 332 	568 	569
f 332 	569 	632
f 1099 	1096 	1094
f 566 	1094 	1096
f 646 	1004 	1115
f 1098 	1097 	508
f 1086 	1070 	1077
f 372 	1089 	1078
f 1085 	1084 	1097
f 1085 	1097 	1091
f 647 	1113 	1208
f 1208 	1113 	983
f 1091 	1097 	1098
f 1091 	1098 	1093
f 686 	284 	988
f 284 	12 	988
f 1095 	1094 	1162
f 1093 	1098 	1088
f 1093 	1088 	1087
f 869 	167 	870
f 170 	870 	167
f 1157 	1167 	1092
f 870 	170 	1005
f 701 	1005 	170
f 1162 	1094 	566
f 1100 	1101 	1102
f 1102 	983 	1113
f 437 	1068 	622
f 80 	177 	87
f 1070 	1071 	428
f 429 	428 	1071
f 812 	1025 	843
f 861 	843 	1104
f 1106 	861 	1104
f 340 	412 	1156
f 1114 	1014 	1105
f 115 	533 	1103
f 877 	861 	1106
f 1070 	428 	1077
f 424 	1077 	428
f 20 	974 	271
f 278 	271 	974
f 1110 	1113 	1105
f 1078 	438 	425
f 129 	1108 	1109
f 621 	1078 	425
f 1111 	128 	1109
f 1111 	1109 	1112
f 1110 	1105 	968
f 965 	968 	1105
f 898 	871 	52
f 1112 	1092 	1111
f 1095 	1111 	1092
f 1071 	1068 	429
f 437 	429 	1068
f 968 	963 	1110
f 372 	1078 	621
f 953 	956 	1104
f 1106 	1104 	956
f 1114 	1105 	1113
f 1100 	1102 	1107
f 1110 	1107 	1102
f 1113 	1110 	1102
f 424 	441 	1077
f 441 	1086 	1077
f 964 	1125 	271
f 1116 	1113 	646
f 439 	438 	1089
f 1104 	843 	1025
f 438 	1078 	1089
f 1155 	499 	855
f 1183 	504 	1090
f 855 	50 	1155
f 1206 	395 	871
f 710 	52 	327
f 468 	1117 	503
f 1114 	1113 	1116
f 647 	646 	1113
f 465 	462 	1119
f 1018 	1019 	1115
f 1116 	1115 	1019
f 38 	1132 	877
f 1120 	465 	1119
f 964 	82 	1133
f 1133 	1125 	964
f 1164 	1118 	1096
f 877 	1106 	38
f 369 	128 	1111
f 1116 	1019 	1114
f 1121 	466 	483
f 1123 	384 	1122
f 383 	1122 	384
f 1186 	1108 	373
f 1117 	468 	1127
f 383 	828 	750
f 383 	750 	1122
f 1121 	1127 	460
f 1121 	460 	466
f 1100 	20 	1125
f 1107 	254 	1100
f 1100 	1125 	957
f 1126 	957 	1125
f 1129 	387 	1123
f 465 	1120 	463
f 1128 	463 	1120
f 1133 	1126 	1125
f 253 	1179 	255
f 797 	877 	1132
f 332 	797 	1141
f 747 	824 	1134
f 460 	1127 	468
f 1095 	1162 	1161
f 963 	1135 	1133
f 963 	1133 	1107
f 1134 	399 	1178
f 38 	1130 	1132
f 1127 	1121 	1117
f 1131 	1205 	255
f 1133 	1135 	1126
f 1104 	167 	953
f 1122 	1206 	1129
f 1129 	1206 	1142
f 1129 	1123 	1122
f 1176 	1120 	1119
f 1157 	1092 	1112
f 20 	1100 	254
f 750 	346 	1122
f 346 	1206 	1122
f 969 	182 	83
f 1136 	13 	669
f 879 	988 	1137
f 254 	1107 	83
f 566 	882 	1162
f 1139 	1140 	1138
f 1170 	71 	1138
f 1138 	71 	1136
f 1139 	1138 	1136
f 40 	41 	1141
f 702 	1117 	1121
f 254 	192 	250
f 1141 	1137 	40
f 402 	1181 	1142
f 1143 	1069 	141
f 1145 	483 	1144
f 481 	1144 	483
f 1130 	879 	1137
f 1139 	1136 	1143
f 1136 	1069 	1143
f 1148 	403 	1146
f 1124 	1138 	1081
f 278 	974 	1047
f 981 	1047 	974
f 1164 	1096 	1167
f 1141 	1132 	1130
f 1141 	1130 	1137
f 1140 	1149 	1138
f 1081 	1138 	1149
f 145 	1081 	1149
f 481 	479 	1144
f 1149 	1143 	145
f 141 	145 	1143
f 957 	1154 	992
f 1143 	1149 	1140
f 1143 	1140 	1139
f 1150 	405 	321
f 1179 	71 	1170
f 992 	1154 	1152
f 773 	1091 	1155
f 1158 	1159 	1154
f 1161 	1162 	1157
f 1167 	1157 	1162
f 71 	87 	13
f 1142 	1146 	402
f 403 	402 	1146
f 177 	7 	87
f 1121 	483 	1145
f 957 	1158 	1154
f 1164 	1167 	1162
f 1162 	882 	1164
f 883 	1164 	882
f 1171 	427 	1150
f 650 	198 	1124
f 1124 	1165 	1163
f 463 	1128 	487
f 1166 	487 	1128
f 1131 	255 	1179
f 1181 	1129 	1142
f 508 	1097 	1160
f 1196 	1148 	1142
f 1146 	1142 	1148
f 1103 	1148 	1196
f 1121 	1145 	1144
f 13 	87 	7
f 1169 	1131 	1168
f 1179 	1168 	1131
f 1025 	1024 	1104
f 1153 	1166 	1147
f 962 	125 	1147
f 957 	1126 	1158
f 162 	1131 	1169
f 773 	1155 	50
f 1099 	1092 	1167
f 1151 	1046 	1144
f 1156 	1148 	1103
f 1111 	1095 	1161
f 1126 	1135 	1049
f 1168 	1163 	1165
f 1168 	1165 	1169
f 71 	70 	87
f 879 	1130 	956
f 1106 	1130 	1191
f 1049 	1158 	1126
f 1166 	1128 	1120
f 239 	1049 	1135
f 1138 	1124 	1170
f 1120 	1183 	962
f 962 	1147 	1166
f 9 	836 	1173
f 88 	1173 	836
f 405 	1150 	427
f 963 	250 	1135
f 1124 	1163 	1170
f 1174 	1170 	1163
f 1099 	1167 	1096
f 871 	881 	1206
f 43 	1206 	881
f 152 	1175 	1165
f 500 	1177 	501
f 1176 	501 	1177
f 253 	71 	1179
f 13 	1136 	71
f 431 	1172 	1178
f 974 	20 	24
f 976 	974 	24
f 1119 	501 	1176
f 1174 	1180 	1179
f 1174 	1179 	1170
f 993 	170 	1024
f 1104 	1024 	170
f 1177 	500 	1183
f 1185 	1175 	160
f 152 	160 	1175
f 24 	1182 	976
f 89 	976 	1182
f 387 	1129 	1181
f 239 	1135 	250
f 1189 	1184 	1187
f 369 	1187 	1184
f 1186 	368 	1184
f 399 	431 	1178
f 1179 	1180 	1168
f 88 	89 	1173
f 1182 	1173 	89
f 1188 	503 	1117
f 1161 	1157 	1187
f 1189 	1187 	1157
f 818 	785 	9
f 836 	9 	785
f 1169 	1185 	160
f 1169 	160 	162
f 1086 	503 	1188
f 1150 	321 	1171
f 1178 	1172 	1171
f 972 	1192 	400
f 1194 	400 	1192
f 1163 	1168 	1180
f 1163 	1180 	1174
f 369 	1111 	1187
f 1177 	1183 	1176
f 1137 	1190 	40
f 1169 	1165 	1175
f 1169 	1175 	1185
f 972 	400 	392
f 972 	392 	981
f 1047 	981 	392
f 131 	373 	1108
f 1183 	1120 	1176
f 972 	990 	1192
f 1186 	1184 	1108
f 1109 	1108 	1184
f 1166 	1120 	962
f 1090 	1089 	1183
f 1191 	1130 	38
f 747 	1134 	1178
f 990 	1003 	1192
f 1003 	760 	1192
f 1003 	1020 	760
f 1152 	1192 	760
f 1152 	760 	723
f 1152 	723 	992
f 1152 	1154 	1192
f 1193 	1192 	1154
f 1189 	1112 	1184
f 1086 	1188 	1117
f 702 	1086 	1117
f 1192 	1193 	1194
f 1160 	789 	91
f 187 	141 	51
f 1193 	1154 	1194
f 1159 	1194 	1154
f 1158 	1195 	1194
f 1158 	1194 	1159
f 1187 	1111 	1161
f 1191 	38 	1106
f 508 	1160 	696
f 1195 	1158 	433
f 1049 	433 	1158
f 1112 	1189 	1157
f 64 	60 	1124
f 1199 	1201 	41
f 43 	41 	1196
f 1109 	1184 	1112
f 20 	254 	14
f 1032 	1037 	800
f 800 	1037 	91
f 1199 	41 	1190
f 40 	1190 	41
f 107 	1197 	1029
f 457 	1022 	308
f 307 	308 	1022
f 1197 	1198 	1029
f 1137 	1199 	1190
f 1164 	883 	1200
f 932 	1200 	883
f 1198 	1197 	126
f 107 	126 	1197
f 875 	307 	1022
f 932 	1118 	1200
f 892 	891 	1212
f 1201 	12 	1202
f 1151 	1144 	479
f 1118 	1164 	1200
f 891 	232 	1212
f 12 	1201 	1199
f 167 	1104 	170
f 242 	1203 	1202
f 1147 	484 	1153
f 1103 	1196 	109
f 54 	109 	1196
f 242 	186 	1203
f 11 	14 	254
f 487 	1166 	1153
f 480 	487 	1153
f 654 	88 	1210
f 1202 	1203 	1201
f 1196 	1201 	1203
f 12 	1137 	988
f 1046 	1151 	420
f 479 	420 	1151
f 1204 	156 	1205
f 1056 	89 	1211
f 1196 	41 	1201
f 282 	156 	1204
f 1206 	43 	1196
f 1202 	208 	242
f 1196 	1203 	186
f 1207 	646 	647
f 1207 	647 	1208
f 59 	25 	1209
f 1204 	1131 	116
f 646 	1207 	1004
f 1210 	836 	885
f 1209 	25 	249
f 25 	173 	249
f 249 	270 	1209
f 1131 	1204 	1205
f 286 	255 	1205
f 1210 	1207 	1208
f 1210 	1208 	1211
f 282 	1204 	116
f 1196 	186 	25
f 1196 	25 	54
f 1196 	1142 	1206
f 254 	822 	11
f 1004 	1207 	885
f 1212 	1213 	892
f 654 	1210 	1211
f 654 	1211 	652
f 91 	696 	1160
f 232 	234 	1212
f 1213 	234 	892
f 11 	897 	14
f 869 	953 	167
f 1125 	20 	271
f 894 	316 	14
f 393 	14 	316
f 11 	614 	897
f 12 	1199 	1137
f 1223 	652 	1211
f 1211 	1208 	1056
f 983 	1056 	1208
f 197 	65 	145
f 1081 	64 	1124
f 999 	1000 	14
f 393 	999 	14
f 1069 	716 	51
f 1220 	1215 	1219
f 1214 	1219 	1215
f 65 	64 	1081
f 1217 	1216 	1220
f 1219 	1218 	1220
f 1217 	1220 	1218
f 1081 	145 	65
f 1227 	1225 	1215
f 1227 	1215 	1220
f 1216 	1227 	1220
f 385 	176 	1214
f 1219 	1214 	1221
f 181 	1221 	1214
f 181 	1214 	176
f 1222 	654 	1223
f 1224 	1214 	1225
f 1225 	1214 	1215
f 1225 	1226 	1224
f 1228 	1226 	1227
f 1225 	1227 	1226
f 1229 	1230 	1227
f 1228 	1227 	1230
f 1229 	1216 	1217
f 1229 	1217 	1230
f 1217 	1218 	1228
f 1217 	1228 	1230
f 1219 	1226 	1228
f 1216 	1229 	1227
f 1218 	1219 	1228
f 1214 	1224 	385
f 388 	1224 	1231
f 1226 	1231 	1224
f 1231 	1221 	388
f 1219 	1221 	1226
f 1231 	1226 	1221
# 2494 faces

 #end of obj_0

>>>>>>> main
