# Object Export From Tinkercad Server 2015

mtllib obj.mtl

o obj_0
v -1 		-6.9362 		75
v -1 		-13.003 		75
v -1 		-23.0638 		75
v -1 		-12.973 		61.043
v -1 		-12.883 		60.593
v -1 		-12.736 		60.16
v -1 		-12.533 		59.749
v -1 		-12.279 		59.368
v -1 		-11.977 		59.023
v 50.1187 		-13.851 		55
v 50.1209 		-13.857 		55
v -1 		-11.632 		58.721
v -1 		-11.251 		58.467
v 50.1612 		-13.9659 		55
v -1 		-10.84 		58.264
v 50.2557 		-14.222 		55
v -1 		-10.407 		58.117
v -1 		-9.957 		58.027
v -1 		-9.5 		57.998
v -1 		-9.043 		58.027
v 49.9876 		-13.6065 		55
v 49.9304 		-13.499 		55
v -1 		-8.593 		58.117
v -1 		-8.16 		58.264
v -1 		-7.749 		58.467
v -1 		-7.368 		58.721
v 49.6936 		-13.173 		55
v -1 		-7.023 		59.023
v -1 		-6.721 		59.368
v 49.4957 		-12.9645 		55
v 49.4133 		-12.878 		55
v 10.618 		-25 		71.342
v 11.205 		-25 		71.279
v 11.205 		-26 		71.279
v 10.618 		-26 		71.342
v 9.544 		-25 		71.082
v 9.544 		-26 		71.082
v 8.9 		-25 		70.302
v 8.9 		-26 		70.302
v 12.252 		-25 		66.345
v 11.5 		-25 		66.086
v 49.152 		-12.6672 		55
v 12.252 		-26 		66.345
v 11.5 		-26 		66.086
v 12.288 		-25 		66.3708
v 8.913 		-25 		66.334
v 8.192 		-25 		67.0486
v 8.913 		-26 		66.334
v 10.601 		-25 		66
v 10.2196 		-25 		66.0755
v 10.601 		-26 		66
v 11.397 		-25 		66.0761
v 10.6629 		-25 		66.0059
v 9.537 		-25 		66.913
v 10.601 		-25 		66.652
v 11.205 		-25 		66.716
v 11.689 		-25 		66.908
v 12.053 		-25 		67.228
v 12.288 		-25 		67.6406
v 8.685 		-25 		69.003
v 8.898 		-25 		67.697
v 9.537 		-26 		66.913
v 10.601 		-26 		66.652
v 11.205 		-26 		66.716
v 11.689 		-26 		66.908
v 12.053 		-26 		67.228
v 49.152 		-17.3296 		55
v 49.4102 		-17.1205 		55
v 49.4133 		-17.118 		55
v 8.685 		-26 		69.003
v 8.898 		-26 		67.697
v 49.6104 		-16.9103 		55
v 49.6936 		-16.823 		55
v 49.9304 		-16.497 		55
v 7.8671 		-24.003 		70.5
v 7.8578 		-24 		70.4543
v 49.991 		-16.384 		55
v 7.8764 		-24 		70.5457
v 6.3182 		-24 		70.4543
v 6.3106 		-24.003 		70.5
v 6.3031 		-24 		70.5457
v 5.1722 		-24.003 		70.5
v 5.18 		-24 		70.4543
v 5.1644 		-24 		70.5457
v 1.883 		-24 		70.4543
v 1.883 		-24.003 		70.5
v 1.883 		-24 		70.5457
v 6.272 		-25 		70.11
v 6.144 		-25 		69.8725
v 7.902 		-25 		70.671
v 8.192 		-25 		70.9547
v 8.192 		-25 		72
v 7.902 		-26 		70.671
v 7.6901 		-25 		69.632
v 6.272 		-26 		70.11
v 6.322 		-25 		70.431
v 6.322 		-26 		70.431
v 6.244 		-25 		70.904
v 6.244 		-26 		70.904
v 6.144 		-25 		71.0627
v 6.12 		-25 		69.828
v 5.9159 		-25 		69.632
v 6.12 		-26 		69.828
v 6.007 		-25 		71.28
v 6.007 		-26 		71.28
v 5.614 		-25 		71.559
v 5.614 		-26 		71.559
v 5.045 		-25 		71.755
v 5.045 		-26 		71.755
v 4.286 		-25 		71.873
v 4.286 		-26 		71.873
v 4.096 		-25 		71.8808
v 4.7086 		-25 		69.632
v 4.786 		-25 		69.661
v 5.012 		-25 		69.838
v 5.147 		-25 		70.079
v 5.192 		-25 		70.384
v 5.143 		-25 		70.671
v 4.997 		-25 		70.898
v 4.753 		-25 		71.066
v 4.409 		-25 		71.183
v 4.096 		-25 		71.2314
v 4.786 		-26 		69.661
v 5.012 		-26 		69.838
v 5.147 		-26 		70.079
v -1 		-6.467 		59.749
v 5.192 		-26 		70.384
v -1 		-6.264 		60.16
v -1 		-6.117 		60.593
v 5.143 		-26 		70.671
v -1 		-6.027 		61.043
v 4.997 		-26 		70.898
v -1 		-6.003 		60.003
v 4.753 		-26 		71.066
v -1 		-6.003 		57.998
v -1 		-13.003 		61.5
v 4.409 		-26 		71.183
v -1 		-12.533 		63.251
v -1 		-12.736 		62.84
v -1 		-12.883 		62.407
v 7.901 		-25 		67.337
v 7.7416 		-25 		68.1254
v 6.232 		-25 		66.868
v 6.144 		-25 		66.7947
v -1 		-12.973 		61.957
v 18.886 		-16.838 		42.773
v -1 		-8.593 		64.883
v -1 		-9.043 		64.973
v -1 		-9.5 		65.003
v -1 		-9.957 		64.973
v 18.494 		-16.889 		42.605
v -1 		-10.407 		64.883
v -1 		-10.84 		64.736
v 18.73 		-16.684 		42.605
v -1 		-11.251 		64.533
v -1 		-11.632 		64.279
v -1 		-11.977 		63.977
v -1 		-12.279 		63.632
v -1 		-5.998 		61.5
v -1 		-6.027 		61.957
v -1 		-6.117 		62.407
v -1 		-6.264 		62.84
v -1 		-6.467 		63.251
v -1 		-6.721 		63.632
v -1 		-7.023 		63.977
v -1 		-7.368 		64.279
v 18.628 		-17.062 		42.773
v -1 		-7.749 		64.533
v -1 		-8.16 		64.736
v -1 		-12.883 		69.593
v -1 		-12.736 		69.16
v -1 		-12.533 		68.749
v -1 		-12.279 		68.368
v -1 		-11.977 		68.023
v -1 		-11.632 		67.721
v -1 		-11.251 		67.467
v -1 		-10.84 		67.264
v 19.01 		-16.96 		42.954
v -1 		-10.407 		67.117
v -1 		-9.957 		67.027
v -1 		-9.5 		66.998
v -1 		-9.043 		67.027
v -1 		-8.593 		67.117
v 18.735 		-17.199 		42.954
v -1 		-13.003 		70.5
v -1 		-12.973 		70.043
v -1 		-11.251 		73.533
v 16.665 		-12.256 		42.954
v -1 		-11.632 		73.279
v -1 		-11.977 		72.977
v -1 		-12.279 		72.632
v 17.03 		-12.232 		42.954
v -1 		-12.533 		72.251
v -1 		-12.736 		71.84
v 17.396 		-12.256 		42.954
v -1 		-12.883 		71.407
v -1 		-12.973 		70.957
v -1 		-8.16 		67.264
v -1 		-7.749 		67.467
v -1 		-7.368 		67.721
v -1 		-7.023 		68.023
v -1 		-6.721 		68.368
v -1 		-6.467 		68.749
v -1 		-6.264 		69.16
v -1 		-6.117 		69.593
v -1 		-6.027 		70.043
v -1 		-5.998 		70.5
v -1 		-6.027 		70.957
v -1 		-6.117 		71.407
v -1 		-6.264 		71.84
v -1 		-6.467 		72.251
v -1 		-6.721 		72.632
v -1 		-7.023 		72.977
v -1 		-7.368 		73.279
v -1 		-7.749 		73.533
v -1 		-8.16 		73.736
v -1 		-8.593 		73.883
v -1 		-9.043 		73.973
v -1 		-9.5 		74.003
v -1 		-9.957 		73.973
v -1 		-10.407 		73.883
v -1 		-10.84 		73.736
v -1 		-5.998 		65.536
v -1 		-5.905 		74.096
v -1 		-5 		73.0637
v -1 		-5 		60.003
v -1 		-5 		57.998
v -1 		-5 		56.9383
v -1 		-5.905 		55.906
v -1 		-6.9384 		55
v -1 		-23.973 		61.043
v -1 		-23.883 		60.593
v -1 		-23.736 		60.16
v -1 		-23.533 		59.749
v -1 		-23.279 		59.368
v 18.546 		-12.405 		43.545
v -1 		-24 		60
v -1 		-23.998 		60.003
v -1 		-22.977 		59.023
v -1 		-22.632 		58.721
v 18.875 		-12.623 		43.545
v -1 		-22.251 		58.467
v -1 		-21.84 		58.264
v -1 		-21.407 		58.117
v -1 		-20.957 		58.027
v -1 		-24 		58
v -1 		-23.998 		57.998
v -1 		-20.5 		57.998
v -1 		-20.043 		58.027
v -1 		-19.593 		58.117
v -1 		-19.16 		58.264
v -1 		-18.749 		58.467
v -1 		-18.368 		58.721
v -1 		-18.023 		59.023
v -1 		-17.721 		59.368
v -1 		-17.467 		59.749
v 54.265 		-14.232 		45.372
v -1 		-17.264 		60.16
v -1 		-17.117 		60.593
v -1 		-17.027 		61.043
v -1 		-24.003 		61.5
v -1 		-20.5 		65.003
v -1 		-20.957 		64.973
v 54.2317 		-14.222 		45.4008
v 54.2324 		-14.2365 		45.4066
v -1 		-21.407 		64.883
v -1 		-21.84 		64.736
v 54.2478 		-14.3208 		45.4135
v -1 		-22.251 		64.533
v -1 		-22.632 		64.279
v -1 		-22.977 		63.977
v -1 		-23.279 		63.632
v -1 		-23.533 		63.251
v -1 		-23.736 		62.84
v -1 		-23.883 		62.407
v -1 		-23.973 		61.957
v -1 		-16.998 		61.5
v -1 		-17.027 		61.957
v -1 		-17.117 		62.407
v -1 		-17.264 		62.84
v -1 		-17.467 		63.251
v -1 		-17.721 		63.632
v -1 		-18.023 		63.977
v -1 		-18.368 		64.279
v -1 		-18.749 		64.533
v -1 		-19.16 		64.736
v -1 		-19.593 		64.883
v -1 		-20.043 		64.973
v -1 		-23.883 		69.593
v -1 		-23.736 		69.16
v -1 		-23.533 		68.749
v -1 		-23.279 		68.368
v -1 		-22.977 		68.023
v -1 		-22.632 		67.721
v 54.149 		-13.864 		45.323
v -1 		-22.251 		67.467
v -1 		-21.84 		67.264
v -1 		-21.407 		67.117
v -1 		-20.957 		67.027
v -1 		-20.5 		66.998
v -1 		-24.003 		70.5
v -1 		-23.973 		70.043
v -1 		-22.251 		73.533
v -1 		-22.632 		73.279
v -1 		-22.977 		72.977
v -1 		-23.279 		72.632
v -1 		-23.533 		72.251
v -1 		-23.736 		71.84
v 54.1209 		-13.8699 		45.3539
v -1 		-23.883 		71.407
v -1 		-23.973 		70.957
v 54.1175 		-13.851 		45.3451
v -1 		-20.043 		67.027
v 54.1433 		-13.9409 		45.3632
v -1 		-19.593 		67.117
v -1 		-19.16 		67.264
v 54.2299 		-14.2162 		45.4
v -1 		-18.749 		67.467
v -1 		-18.368 		67.721
v -1 		-18.023 		68.023
v -1 		-17.721 		68.368
v -1 		-17.467 		68.749
v -1 		-17.264 		69.16
v -1 		-17.117 		69.593
v 19.173 		-12.882 		43.545
v -1 		-17.027 		70.043
v 19.435 		-13.177 		43.545
v -1 		-16.998 		70.5
v -1 		-17.027 		70.957
v -1 		-17.117 		71.407
v -1 		-17.264 		71.84
v -1 		-17.467 		72.251
v -1 		-17.721 		72.632
v 18.494 		-12.494 		43.145
v -1 		-18.023 		72.977
v -1 		-18.368 		73.279
v -1 		-18.749 		73.533
v -1 		-19.16 		73.736
v -1 		-19.593 		73.883
v -1 		-20.043 		73.973
v 18.812 		-12.704 		43.145
v -1 		-20.5 		74.003
v -1 		-20.957 		73.973
v -1 		-21.407 		73.883
v -1 		-21.84 		73.736
v 19.1 		-12.954 		43.145
v 19.353 		-13.239 		43.145
v -1 		-16.384 		57.998
v 18.533 		-12.428 		43.344
v -1 		-23.0616 		55
v -1 		-25 		73.0637
v -1 		-24.095 		74.096
v 18.859 		-12.644 		43.344
v -1 		-25 		65.536
v -1 		-25 		60
v -1 		-25 		58
v -1 		-25 		60.003
v -1 		-25 		57.998
v -1 		-24.095 		55.906
v -1 		-25 		56.9383
v 19.155 		-12.9 		43.344
v 19.414 		-13.192 		43.344
v 19.655 		-13.503 		43.545
v 19.83 		-13.854 		43.545
v 19.958 		-14.226 		43.545
v 19.565 		-13.554 		43.145
v 19.735 		-13.894 		43.145
v 19.858 		-14.252 		43.145
v 19.632 		-13.516 		43.344
v 19.806 		-13.864 		43.344
v 19.932 		-14.232 		43.344
v 18.494 		-13.115 		42.605
v 18.628 		-12.942 		42.773
v 18.886 		-13.166 		42.773
v 18.735 		-12.804 		42.954
v 18.19 		-17.772 		43.545
v 17.815 		-17.898 		43.545
v 17.426 		-17.974 		43.545
v 18.151 		-17.677 		43.145
v 17.788 		-17.799 		43.145
v 17.412 		-17.873 		43.145
v 18.18 		-17.748 		43.344
v 17.808 		-17.873 		43.344
v 17.423 		-17.949 		43.344
v 19.01 		-13.043 		42.954
v 53.988 		-13.516 		45.257
v 19.565 		-14.33 		42.773
v 53.963 		-13.499 		45.2657
v 53.9698 		-13.521 		45.2778
v 53.9906 		-13.5676 		45.2873
v 54.1151 		-13.8457 		45.3441
v 19.617 		-13.942 		42.954
v 19.735 		-14.285 		42.954
v 53.786 		-13.192 		45.173
v 19.112 		-13.813 		42.605
v 19.112 		-13.421 		42.773
v 53.776 		-13.1956 		45.1851
v 19.303 		-13.704 		42.773
v 53.7656 		-13.173 		45.1707
v 53.7909 		-13.2196 		45.1914
v 7.901 		-26 		67.337
v 6.232 		-26 		66.868
v 7.563 		-25 		69.009
v 7.5949 		-25 		69.1655
v 6.477 		-25 		67.281
v 7.563 		-26 		69.009
v 6.477 		-26 		67.281
v 6.559 		-25 		67.769
v 6.559 		-26 		67.769
v 6.347 		-25 		68.43
v 6.347 		-26 		68.43
v 6.144 		-25 		68.5749
v 5.533 		-25 		69.388
v 5.1756 		-25 		69.2662
v 5.711 		-25 		68.884
v 5.533 		-26 		69.388
v 5.867 		-25 		69.585
v 5.867 		-26 		69.585
v 4.6788 		-25 		69.6208
v 5.711 		-26 		68.884
v 5.128 		-25 		69.25
v 4.651 		-25 		69.173
v 4.651 		-25 		69.132
v 5.128 		-26 		69.25
v 4.651 		-26 		69.173
v 4.651 		-25 		69.6104
v 4.651 		-26 		69.132
v 4.096 		-25 		69.4785
v 4.463 		-25 		69.54
v 4.463 		-26 		69.54
v 5.3575 		-25 		67.584
v 5.428 		-25 		67.798
v 5.222 		-25 		68.36
v 4.603 		-25 		68.697
v 5.428 		-26 		67.798
v 5.222 		-26 		68.36
v 4.603 		-26 		68.697
v 4.613 		-25 		66.132
v 4.096 		-25 		66.0989
v 4.613 		-26 		66.132
v 5.277 		-25 		66.281
v 4.9003 		-25 		66.1965
v 5.277 		-26 		66.281
v 5.825 		-25 		66.529
v 5.825 		-26 		66.529
v 4.096 		-25 		66.7666
v 4.633 		-25 		66.832
v 5.229 		-25 		67.194
v 4.633 		-26 		66.832
v 5.229 		-26 		67.194
v 3.833 		-25 		66.082
v 0.82 		-25 		66.082
v 3.833 		-26 		66.082
v 0.82 		-26 		66.082
v 3.335 		-25 		71.912
v 3.335 		-26 		71.912
v 0.82 		-25 		71.912
v 0.82 		-26 		71.912
v 1.883 		-25 		71.277
v 1.883 		-25 		69.444
v 3.495 		-25 		69.444
v 4.033 		-25 		69.468
v 3.95 		-25 		71.254
v 3.377 		-25 		71.277
v 1.883 		-26 		71.277
v 1.883 		-26 		69.444
v 3.495 		-26 		69.444
v 4.033 		-26 		69.468
v 3.571 		-25 		68.809
v 1.883 		-25 		68.809
v 1.883 		-25 		66.711
v 3.639 		-25 		66.711
v 3.571 		-26 		68.809
v 1.883 		-26 		68.809
v 1.883 		-26 		66.711
v 3.639 		-26 		66.711
v 3.95 		-26 		71.254
v 3.377 		-26 		71.277
v 19.252 		-13.316 		42.954
v 19.455 		-13.617 		42.954
v 18.003 		-24 		61.4543
v 18.003 		-24 		61.5457
v 60 		-24 		58
v 60 		-24 		60
v 18.546 		-13.503 		42.453
v 18.73 		-13.711 		42.453
v 18.73 		-13.32 		42.605
v 18.938 		-13.554 		42.605
v 18.003 		-24 		70.5457
v 18.003 		-24 		70.4543
v 14.9154 		-24 		70.5457
v 14.8967 		-24 		70.4543
v 16.0647 		-24 		70.4543
v 16.1402 		-24 		70.5457
v 18.494 		-13.891 		42.319
v 13.3591 		-24 		70.4543
v 13.3267 		-24 		70.5457
v 12.1859 		-24 		70.5457
v 9.1012 		-24 		70.5457
v 9.0257 		-24 		70.4543
v 12.2382 		-24 		70.4543
v 18.628 		-14.089 		42.319
v 18.735 		-14.303 		42.319
v 18.886 		-13.942 		42.453
v -0.483 		-24 		60
v 19.01 		-14.191 		42.453
v -0.483 		-24 		58
v 19.252 		-14.092 		42.605
v 19.455 		-14.008 		42.773
v 0 		-24 		61.4543
v 0 		-24 		61.5457
v 0 		-24 		70.4543
v 0.82 		-24 		70.4543
v 0.82 		-24 		70.5457
v 0 		-24 		70.5457
v 18.151 		-12.326 		43.145
v 2.767 		-24 		55.376
v 2.64 		-24 		55.549
v 2.49 		-24 		55.704
v 2.3418 		-24 		55.8227
v 2.319 		-24 		53.327
v 2.49 		-24 		53.464
v 2.64 		-24 		53.62
v 2.767 		-24 		53.792
v 2.867 		-24 		53.978
v 2.941 		-24 		54.174
v 2.985 		-24 		54.377
v 3 		-24 		54.584
v 2.985 		-24 		54.791
v 2.941 		-24 		54.994
v 17.653 		-12.704 		42.605
v 2.867 		-24 		55.19
v 17.71 		-12.494 		42.773
v 0.027 		-24 		53.464
v 0.198 		-24 		53.327
v 18.035 		-12.603 		42.773
v 0.1752 		-24 		55.8227
v 0.027 		-24 		55.704
v 18.343 		-12.753 		42.773
v 17.755 		-12.326 		42.954
v 0.388 		-24 		53.212
v 0.592 		-24 		53.121
v 0.808 		-24 		53.054
v 1.031 		-24 		53.014
v 1.258 		-24 		53
v 1.486 		-24 		53.014
v 1.709 		-24 		53.054
v 1.925 		-24 		53.121
v 2.129 		-24 		53.212
v 18.102 		-12.443 		42.954
v -0.424 		-24 		54.994
v -0.468 		-24 		54.791
v -0.483 		-24 		54.584
v -0.468 		-24 		54.377
v -0.424 		-24 		54.174
v -0.35 		-24 		53.978
v -0.25 		-24 		53.792
v -0.123 		-24 		53.62
v -0.123 		-24 		55.549
v -0.25 		-24 		55.376
v -0.35 		-24 		55.19
v 51.661 		-18 		44.075
v 51.6324 		-17.996 		44.0844
v 17.03 		-18 		43.545
v 17.008 		-17.996 		43.5652
v 51.689 		-13.239 		42.759
v 51.908 		-13.192 		42.85
v 51.322 		-13.043 		42.751
v 51.567 		-12.954 		42.853
v 16.635 		-17.974 		43.545
v 16.6219 		-17.9714 		43.545
v 16.3942 		-17.9269 		43.545
v 17.03 		-17.898 		43.145
v 16.648 		-17.873 		43.145
v 17.03 		-17.974 		43.344
v 16.638 		-17.949 		43.344
v 18.153 		-16.45 		42.319
v 17.953 		-16.582 		42.319
v 18.335 		-16.684 		42.453
v 50.509 		-16.292 		42.415
v 50.654 		-15.914 		42.331
v 50.365 		-16.062 		42.355
v 18.102 		-16.838 		42.453
v 17.61 		-16.387 		42.207
v 50.167 		-15.551 		42.273
v 17.423 		-16.45 		42.207
v 17.736 		-16.688 		42.319
v 17.508 		-16.765 		42.319
v 48.4887 		-12.288 		55
v 48.357 		-12.228 		55
v 48.0577 		-12.1345 		55
v 47.9535 		-12.102 		55
v 47.5362 		-12.026 		55
v 47.1111 		-12 		55
v 18.232 		-17.062 		42.605
v 46.7821 		-12.0201 		55
v 46.6874 		-12.0259 		55
v 46.6862 		-12.026 		55
v 17.95 		-17.199 		42.605
v 46.3588 		-12.0856 		55
v 46.2687 		-12.102 		55
v 18.343 		-17.25 		42.773
v 45.8658 		-12.228 		55
v 18.035 		-17.401 		42.773
v 45.7341 		-12.288 		55
v 49.0958 		-12.6219 		55
v 49.0935 		-12.62 		55
v 48.8369 		-12.4624 		55
v 48.739 		-12.402 		55
v 45.4839 		-12.402 		55
v 45.1954 		-12.5793 		55
v 45.1313 		-12.6187 		55
v 45.1293 		-12.62 		55
v 45.056 		-12.679 		55
v 53.5404 		-12.8899 		45.0634
v 53.547 		-12.9 		45.074
v 53.542 		-12.8953 		45.0719
v 47.1111 		-17.996 		55
v 47.5362 		-17.971 		55
v 53.5454 		-12.9007 		45.076
v 47.9517 		-17.8943 		55
v 47.9535 		-17.894 		55
v 53.5484 		-12.9044 		45.0773
v 53.7624 		-13.169 		45.1693
v 48.2509 		-17.8011 		55
v 48.357 		-17.768 		55
v 48.739 		-17.595 		55
v 48.9941 		-17.4382 		55
v 49.0935 		-17.377 		55
v 45.0703 		-17.3294 		55
v 45.1277 		-17.3758 		55
v 45.1293 		-17.377 		55
v 45.056 		-17.3178 		55
v 45.4158 		-17.5531 		55
v 45.4839 		-17.595 		55
v 45.8658 		-17.768 		55
v 46.2687 		-17.894 		55
v 46.5936 		-17.954 		55
v 46.6858 		-17.9709 		55
v 46.6862 		-17.971 		55
v 54.366 		-15.778 		45.195
v 47.0128 		-17.9902 		55
v 49.876 		-15.617 		42.317
v 49.615 		-15.674 		42.391
v -0.9 		-6 		58
v -0.9 		-6 		60
v -0.9 		-5 		60
v -0.9 		-5 		58
v 18.43 		-17.401 		42.954
v 54.248 		-16.149 		45.146
v 54.149 		-16.139 		45.323
v 49.389 		-15.719 		42.493
v 49.323 		-15.363 		42.466
v 49.202 		-15.751 		42.623
v 50.098 		-16.191 		42.409
v 49.969 		-15.912 		42.356
v 49.857 		-16.3 		42.491
v 49.717 		-15.995 		42.433
v 49.498 		-16.062 		42.539
v 49.316 		-16.11 		42.67
v 49.174 		-16.139 		42.826
v -0.483 		-6.9384 		55
v 49.057 		-14.232 		42.778
v 49.11 		-15.002 		42.585
v 49.133 		-14.624 		42.595
v 17.85 		-16.96 		42.453
v 48.986 		-14.614 		42.749
v 17.585 		-17.05 		42.453
v 48.963 		-15.002 		42.739
v 17.653 		-17.299 		42.605
v 48.862 		-15.002 		42.915
v 17.71 		-17.51 		42.773
v 49.133 		-15.38 		42.595
v 18.102 		-17.561 		42.954
v 49.057 		-15.771 		42.778
v 17.755 		-17.677 		42.954
v 48.986 		-15.39 		42.749
v 17.228 		-16.488 		42.207
v 17.03 		-16.501 		42.207
v 52.356 		-16.488 		42.914
v 17.271 		-16.811 		42.319
v 17.03 		-16.827 		42.319
v 52.173 		-16.501 		42.838
v 51.991 		-16.488 		42.763
v 51.811 		-16.45 		42.688
v 16.833 		-16.488 		42.207
v 51.908 		-16.811 		42.85
v 16.638 		-16.45 		42.207
v 16.451 		-16.387 		42.207
v 16.79 		-16.811 		42.319
v 16.553 		-16.765 		42.319
v 51.638 		-16.387 		42.616
v 51.689 		-16.765 		42.759
v 51.478 		-16.688 		42.672
v 17.31 		-17.104 		42.453
v 51.278 		-16.582 		42.589
v 17.03 		-17.122 		42.453
v 16.751 		-17.104 		42.453
v 16.476 		-17.05 		42.453
v 17.344 		-17.36 		42.605
v 54.1143 		-16.145 		45.3527
v 54.0892 		-16.2012 		45.3412
v 17.03 		-17.38 		42.605
v 16.717 		-17.36 		42.605
v 16.408 		-17.299 		42.605
v 18.43 		-12.603 		42.954
v 54.265 		-15.771 		45.372
v 54.2058 		-15.8488 		45.3966
v 54.2295 		-15.774 		45.4062
v 54.1166 		-16.1324 		45.3586
v 54.1154 		-16.1391 		45.3555
v 17.508 		-13.239 		42.319
v 17.585 		-12.954 		42.453
v 17.85 		-13.043 		42.453
v 18.102 		-13.166 		42.453
v 17.95 		-12.804 		42.605
v 54.336 		-15.39 		45.401
v 54.2986 		-15.389 		45.4398
v 54.2821 		-15.4801 		45.4322
v 17.373 		-17.576 		42.773
v 54.2299 		-15.7662 		45.4093
v 17.03 		-17.598 		42.773
v 16.688 		-17.576 		42.773
v 17.396 		-17.748 		42.954
v 54.36 		-15.002 		45.411
v 17.03 		-17.772 		42.954
v 16.665 		-17.748 		42.954
v 54.3218 		-15.002 		45.4511
v 54.3225 		-14.998 		45.4499
v 54.316 		-15.0992 		45.448
v 54.2985 		-15.3874 		45.4403
v 16.273 		-12.205 		43.145
v 15.881 		-12.256 		43.344
v 16.253 		-12.131 		43.344
v 54.336 		-14.614 		45.401
v 15.871 		-12.232 		43.545
v 54.3001 		-14.607 		45.4361
v 54.2995 		-14.6165 		45.4393
v 16.246 		-12.106 		43.545
v 54.3051 		-14.7115 		45.4422
v 15.515 		-12.405 		43.545
v 15.567 		-12.494 		43.145
v 15.91 		-12.326 		43.145
v 15.528 		-12.428 		43.344
v 14.626 		-13.177 		43.545
v 14.888 		-12.882 		43.545
v 15.186 		-12.623 		43.545
v 53.248 		-13.851 		47.4444
v 14.708 		-13.239 		43.145
v 14.961 		-12.954 		43.145
v 15.248 		-12.704 		43.145
v 14.647 		-13.192 		43.344
v 14.906 		-12.9 		43.344
v 15.201 		-12.644 		43.344
v 54.086 		-16.501 		45.079
v 14.495 		-13.554 		43.145
v 14.428 		-13.516 		43.344
v 53.547 		-17.104 		45.074
v 53.525 		-17.118 		45.0731
v 14.406 		-13.503 		43.545
v 14.103 		-14.226 		43.545
v 14.231 		-13.854 		43.545
v 14.203 		-14.252 		43.145
v 14.326 		-13.894 		43.145
v 53.786 		-16.811 		45.173
v 14.128 		-14.232 		43.344
v 14.255 		-13.864 		43.344
v 53.761 		-16.823 		45.1818
v 53.7536 		-16.8322 		45.1786
v 53.5367 		-17.0996 		45.0871
v 53.5278 		-17.1135 		45.0765
v 53.5275 		-17.114 		45.0762
v 44.8662 		-12.8319 		55
v 44.8089 		-12.878 		55
v 15.718 		-12.753 		42.773
v 44.5289 		-13.173 		55
v 16.026 		-12.603 		42.773
v 44.2921 		-13.499 		55
v 16.351 		-12.494 		42.773
v 44.1038 		-13.851 		55
v 44.0487 		-14 		55
v 15.631 		-12.603 		42.954
v 44.7743 		-14 		53.248
v 15.959 		-12.443 		42.954
v 16.306 		-12.326 		42.954
v 44.0501 		-16 		55
v 44.1038 		-16.145 		55
v 44.7758 		-16 		53.248
v 44.2317 		-16.384 		55
v 44.2921 		-16.497 		55
v 44.5289 		-16.823 		55
v 44.8089 		-17.118 		55
v 15.959 		-13.166 		42.453
v 16.21 		-13.043 		42.453
v 15.567 		-13.115 		42.605
v 15.828 		-12.942 		42.605
v 16.11 		-12.804 		42.605
v 15.433 		-12.942 		42.773
v 15.175 		-13.166 		42.773
v 51.567 		-17.05 		42.853
v 51.322 		-16.96 		42.751
v 15.051 		-13.043 		42.954
v 15.326 		-12.804 		42.954
v 16.108 		-13.813 		42.207
v 16.273 		-13.704 		42.207
v 53.988 		-16.488 		45.257
v 15.907 		-13.554 		42.319
v 53.7692 		-16.8051 		45.1934
v 53.9391 		-16.5286 		45.2681
v 53.9586 		-16.497 		45.2763
v 52.356 		-13.516 		42.914
v 53.9635 		-16.4812 		45.2849
v 53.9603 		-16.4917 		45.2792
v 52.233 		-14.226 		42.696
v 52.327 		-14.232 		42.735
v 52.42 		-14.252 		42.773
v 51.093 		-16.45 		42.512
v 51.09 		-16.838 		42.655
v 52.51 		-14.285 		42.81
v 50.874 		-16.684 		42.566
v 52.595 		-14.33 		42.846
v 50.68 		-16.501 		42.485
v 52.348 		-13.864 		42.814
v 50.669 		-16.889 		42.646
v 52.485 		-13.894 		42.871
v 50.451 		-16.684 		42.555
v 50.259 		-16.45 		42.476
v 50.243 		-16.838 		42.651
v 51.171 		-17.199 		42.854
v 50.911 		-17.062 		42.746
v 50.745 		-17.25 		42.859
v 50.481 		-17.062 		42.75
v 51.811 		-13.554 		42.688
v 50.313 		-17.199 		42.876
v 51.991 		-13.516 		42.763
v 52.173 		-13.503 		42.838
v 50.033 		-16.582 		42.564
v 50.059 		-16.96 		42.771
v 49.836 		-16.688 		42.678
v 51.321 		-13.813 		42.485
v 49.648 		-16.387 		42.601
v 51.474 		-13.704 		42.548
v 49.902 		-17.05 		42.913
v 51.638 		-13.617 		42.616
v 49.669 		-16.765 		42.817
v 49.472 		-16.45 		42.735
v 51.278 		-13.421 		42.589
v 51.478 		-13.316 		42.672
v 49.335 		-16.488 		42.893
v 52.208 		-13.854 		42.756
v 51.87 		-14.33 		42.546
v 51.955 		-14.285 		42.581
v 52.045 		-14.252 		42.618
v 52.138 		-14.232 		42.656
v 53.284 		-14.089 		43.298
v 53.386 		-14.252 		43.34
v 51.798 		-13.942 		42.586
v 53.336 		-13.711 		43.441
v 51.93 		-13.894 		42.641
v 53.483 		-13.891 		43.502
v 52.068 		-13.864 		42.698
v 51.358 		-14.303 		42.404
v 51.45 		-14.191 		42.442
v 51.555 		-14.092 		42.486
v 51.672 		-14.008 		42.534
v 50.745 		-12.753 		42.859
v 51.09 		-13.166 		42.655
v 50.669 		-13.115 		42.646
v 50.911 		-12.942 		42.746
v 51.171 		-12.804 		42.854
v 50.243 		-13.166 		42.651
v 50.481 		-12.942 		42.75
v 50.313 		-12.804 		42.876
v 44.8771 		-14 		53
v 50.059 		-13.043 		42.771
v 44.8785 		-16 		53
v 49.669 		-13.239 		42.817
v 49.902 		-12.954 		42.913
v 20.015 		-6.9384 		55
v 17.008 		-12 		55
v 18.232 		-12.942 		42.605
v 52.0013 		-17.9661 		44.2847
v 51.9887 		-17.971 		44.2505
v 52.3304 		-17.894 		44.433
v 18.003 		-6 		61.5315
v 18.003 		-6 		61.4685
v 52.2285 		-17.9163 		44.3879
v 51.8671 		-17.971 		44.544
v 16.408 		-12.704 		42.605
v 16.717 		-12.644 		42.605
v 17.03 		-12.623 		42.605
v 17.344 		-12.644 		42.605
v 18.003 		-5.998 		61.5
v 16.688 		-12.428 		42.773
v 17.03 		-12.405 		42.773
v 18.2804 		-12.288 		55
v 18.159 		-12.228 		55
v 17.373 		-12.428 		42.773
v 17.786 		-12.102 		55
v 17.4 		-12.026 		55
v 16.615 		-12.026 		55
v 16.384 		-12.0715 		55
v 19.6679 		-16.384 		55
v 19.786 		-16.145 		55
v 19.913 		-15.774 		55
v 19.989 		-15.389 		55
v 20.015 		-14.998 		55
v 19.989 		-14.607 		55
v 19.913 		-14.222 		55
v 19.786 		-13.851 		55
v 19.612 		-13.499 		55
v 19.394 		-13.173 		55
v 19.134 		-12.878 		55
v 16.553 		-13.239 		42.319
v 18.838 		-12.62 		55
v 52.6633 		-17.768 		44.6052
v 16.79 		-13.192 		42.319
v 18.511 		-12.402 		55
v 52.5079 		-17.8249 		44.5399
v 52.3436 		-17.8852 		44.4689
v 17.008 		-17.996 		55
v 17.4 		-17.971 		55
v 52.3314 		-17.8934 		44.4356
v 17.03 		-13.177 		42.319
v 17.786 		-17.894 		55
v 18.159 		-17.768 		55
v 17.271 		-13.192 		42.319
v 18.511 		-17.595 		55
v 18.838 		-17.377 		55
v 19.134 		-17.118 		55
v 16.476 		-12.954 		42.453
v 19.394 		-16.823 		55
v 19.612 		-16.497 		55
v 16.751 		-12.9 		42.453
v 16.384 		-17.9249 		55
v 16.615 		-17.971 		55
v 17.03 		-12.882 		42.453
v 16.229 		-12.102 		55
v 15.857 		-12.228 		55
v 17.31 		-12.9 		42.453
v 15.7353 		-12.288 		55
v 52.9772 		-17.595 		44.7695
v 52.7855 		-17.6976 		44.6855
v 52.6753 		-17.7561 		44.6396
v 15.504 		-12.402 		55
v 15.177 		-12.62 		55
v 14.881 		-12.878 		55
v 14.622 		-13.173 		55
v 14.403 		-13.499 		55
v 14.229 		-13.851 		55
v 52.9872 		-17.5798 		44.8051
v 53.0349 		-17.5447 		44.8272
v 14.102 		-14.222 		55
v 14.026 		-14.607 		55
v 52.9785 		-17.593 		44.7741
v 14 		-14.998 		55
v 14.026 		-15.389 		55
v 14.102 		-15.774 		55
v 17.953 		-13.813 		42.207
v 14.229 		-16.145 		55
v 14.3471 		-16.384 		55
v 17.953 		-13.421 		42.319
v 18.153 		-13.554 		42.319
v 51.6181 		-17.995 		44.0785
v 18.335 		-13.711 		42.319
v 51.2908 		-17.9722 		43.9362
v 51.2861 		-17.9717 		43.9239
v 18.335 		-13.32 		42.453
v 17.423 		-13.554 		42.207
v 17.61 		-13.617 		42.207
v 17.788 		-13.704 		42.207
v 53.467 		-14.428 		43.374
v 17.736 		-13.316 		42.319
v 53.526 		-14.614 		43.398
v 53.561 		-14.806 		43.413
v 17.95 		-14.303 		42.118
v 51.02 		-17.873 		43.591
v 18.102 		-13.942 		42.207
v 18.232 		-14.089 		42.207
v 53.27 		-14.852 		43.196
v 16.108 		-13.421 		42.319
v 53.279 		-15.002 		43.199
v 16.324 		-13.316 		42.319
v 53.27 		-15.152 		43.196
v 50.59 		-17.772 		43.631
v 50.9214 		-17.8923 		43.7682
v 53.573 		-15.002 		43.418
v 50.921 		-17.894 		43.768
v 53.561 		-15.197 		43.413
v 51.0959 		-17.9316 		43.8405
v 51.072 		-17.9266 		43.8306
v 50.9339 		-17.8968 		43.7733
v 15.726 		-13.711 		42.319
v 15.515 		-13.503 		42.453
v 51.0737 		-17.9269 		43.8314
v 15.726 		-13.32 		42.453
v 50.7571 		-17.8327 		43.7003
v 50.5899 		-17.772 		43.6313
v 50.5893 		-17.7717 		43.6311
v 50.5779 		-17.7656 		43.6264
v 16.11 		-14.303 		42.118
v 50.577 		-17.768 		43.626
v 16.21 		-14.191 		42.118
v 50.937 		-17.898 		43.775
v 50.9335 		-17.8967 		43.7735
v 53.526 		-15.39 		43.398
v 53.467 		-15.575 		43.374
v 53.386 		-15.751 		43.34
v 53.284 		-15.914 		43.298
v 53.483 		-16.113 		43.502
v 53.336 		-16.292 		43.441
v 51.5157 		-17.377 		49.152
v 50.9356 		-17.8975 		43.7787
v 50.9342 		-17.897 		43.7753
v 50.925 		-13.711 		42.443
v 51.093 		-13.554 		42.512
v 50.509 		-13.711 		42.415
v 16.324 		-14.092 		42.118
v 15.959 		-13.942 		42.207
v 53.96 		-13.239 		44.594
v 53.428 		-12.644 		44.588
v 53.701 		-12.9 		44.701
v 53.941 		-13.192 		44.801
v 15.718 		-14.252 		42.207
v 15.828 		-14.089 		42.207
v 15.433 		-14.089 		42.319
v 53.671 		-13.166 		44.071
v 15.567 		-13.891 		42.319
v 53.462 		-12.804 		44.181
v 53.717 		-13.043 		44.286
v 15.33 		-13.711 		42.453
v 14.948 		-13.813 		42.605
v 53.461 		-12.704 		44.387
v 15.123 		-13.554 		42.605
v 53.727 		-12.954 		44.497
v 15.33 		-13.32 		42.605
v 14.403 		-16.497 		55
v 14.622 		-16.823 		55
v 14.881 		-17.118 		55
v 15.177 		-17.377 		55
v 15.504 		-17.595 		55
v 15.857 		-17.768 		55
v 51.55 		-12.256 		43.389
v 51.888 		-12.232 		43.528
v 54.299 		-14.33 		44.331
v 54.277 		-13.942 		44.518
v 54.386 		-14.285 		44.563
v 51.114 		-12.205 		43.415
v 50.676 		-12.256 		43.448
v 54.313 		-13.894 		44.74
v 54.303 		-13.864 		44.951
v 54.156 		-13.554 		44.675
v 54.142 		-13.516 		44.884
v 52.311 		-12.644 		43.326
v 52.596 		-12.704 		43.444
v 54.073 		-14.092 		44.056
v 53.881 		-13.421 		44.158
v 54.057 		-13.704 		44.231
v 54.197 		-14.008 		44.289
v 52.273 		-12.428 		43.492
v 53.94 		-13.316 		44.378
v 54.128 		-13.617 		44.456
v 53.373 		-13.115 		43.766
v 53.433 		-12.942 		43.972
v -0.483 		-23.0616 		55
v 53.285 		-13.32 		43.564
v -0.483 		-6 		60
v -0.483 		-6 		58
v 53.479 		-13.503 		43.645
v 53.65 		-13.711 		43.716
v 53.592 		-13.32 		43.856
v 16.229 		-17.894 		55
v -3 		-6.9362 		55
v -0.483 		-6.9362 		55
v -3 		-23.0638 		55
v -0.483 		-23.0638 		55
v -3 		-6.9384 		35
v -0.483 		-6.9384 		35
v -0.483 		-23.0616 		35
v -3 		-23.0616 		35
v -3 		-25 		53.0637
v -0.483 		-25 		53.0637
v -3 		-25 		36.9383
v -0.483 		-25 		36.9383
v -3 		-5 		53.0637
v -0.483 		-5 		53.0637
v -3 		-5 		36.9383
v -0.483 		-5 		36.9383
v -3 		-5.905 		54.096
v -0.483 		-5.905 		54.096
v -0.483 		-6.4616 		54.584
v 52.353 		-13.192 		43.034
v 52.572 		-13.239 		43.125
v 52.338 		-12.9 		43.172
v 52.592 		-12.954 		43.277
v 52.837 		-13.043 		43.379
v 53.069 		-13.166 		43.475
v 6 		-5 		61.213
v 6 		-4 		61.213
v 6 		-6 		61.4685
v 6 		-5.998 		61.5
v 6 		-6 		61.5315
v 3 		-4 		61.213
v 14.758 		-13.704 		42.773
v 52.079 		-12.882 		43.065
v 14.948 		-13.421 		42.773
v 51.731 		-12.644 		43.086
v 14.606 		-13.617 		42.954
v 52.021 		-12.623 		43.206
v 14.809 		-13.316 		42.954
v 51.329 		-12.494 		43.101
v 51.641 		-12.428 		43.23
v 51.957 		-12.405 		43.361
v 15.326 		-14.303 		42.319
v 15.051 		-14.191 		42.453
v 15.175 		-13.942 		42.453
v 51.218 		-12.326 		43.251
v 14.809 		-14.092 		42.605
v 14.495 		-14.33 		42.773
v 14.606 		-14.008 		42.773
v 52.709 		-13.617 		43.06
v 52.873 		-13.704 		43.128
v 53.026 		-13.813 		43.191
v 14.444 		-13.942 		42.954
v 52.783 		-13.316 		43.212
v 14.326 		-14.285 		42.954
v 52.983 		-13.421 		43.295
v 53.168 		-13.554 		43.372
v 14.026 		-14.61 		43.545
v 14 		-15.002 		43.545
v 14.0001 		-15 		43.545
v 14.128 		-14.624 		43.145
v 14.103 		-15.002 		43.145
v 14.026 		-15.002 		43.344
v 14.052 		-14.614 		43.344
v 3 		-6 		58
v 3 		-6 		60
v 3 		-5 		61.213
v 14.231 		-16.149 		43.545
v 14.1503 		-15.915 		43.545
v 14.103 		-15.778 		43.545
v 14.026 		-15.393 		43.545
v 14.1025 		-15.7754 		43.545
v 14.0868 		-15.697 		43.545
v 14.326 		-16.11 		43.145
v 14.203 		-15.751 		43.145
v 14.128 		-15.38 		43.145
v 14.255 		-16.139 		43.344
v 80 		-23.0638 		75
v 14.128 		-15.771 		43.344
v 70 		-14 		75
v 14.052 		-15.39 		43.344
v 70 		-16 		69.5
v 70 		-14 		69.5
v 78.098 		-16 		69.5
v 78.098 		-14 		74.503
v 78.098 		-14 		69.5
v 70 		-23.0638 		75
v 77.603 		-23.0638 		75
v 16.273 		-14.801 		42.053
v 16.306 		-14.705 		42.053
v 70 		-20.5 		74
v 77.603 		-22.6626 		74.503
v 16.351 		-14.614 		42.053
v 78.098 		-22.6626 		74.503
v 15.91 		-14.705 		42.118
v -3 		-5.498 		52.6644
v -3 		-6.357 		53.644
v -3 		-7.3366 		54.503
v 15.959 		-14.563 		42.118
v -2.481 		-5.498 		52.6644
v -2.481 		-6.357 		53.644
v -2.481 		-7.3366 		54.503
v -3 		-5.905 		35.906
v 16.026 		-14.428 		42.118
v -0.483 		-5.905 		35.906
v -3 		-7.3389 		35.498
v -3 		-6.357 		36.359
v -3 		-5.498 		37.3386
v -2.481 		-7.3389 		35.498
v -2.481 		-6.357 		36.359
v -2.481 		-5.498 		37.3386
v 53.783 		-13.554 		43.936
v -3 		-24.095 		54.096
v -0.483 		-24.095 		54.096
v -0.483 		-23.5384 		54.584
v 53.945 		-13.813 		44.002
v -3 		-22.6626 		54.503
v -3 		-23.643 		53.644
v -3 		-24.503 		52.6632
v -2.481 		-22.6626 		54.503
v -2.481 		-23.643 		53.644
v -2.481 		-24.503 		52.6632
v -3 		-24.095 		35.906
v -0.483 		-24.095 		35.906
v -3 		-24.503 		37.3398
v -3 		-23.643 		36.359
v -3 		-22.6603 		35.498
v 53.607 		-14.089 		43.553
v -2.481 		-24.503 		37.3398
v -2.481 		-23.643 		36.359
v -2.481 		-22.6603 		35.498
v 53.705 		-14.303 		43.594
v 53.794 		-13.942 		43.775
v 78.098 		-20.5 		74
v 78.098 		-16.384 		67.6947
v 78.098 		-16.343 		67.778
v 53.908 		-14.191 		43.823
v 78.098 		-16.153 		68.335
v 78.098 		-16.038 		68.913
v 78.098 		-16.038 		70.087
v 78.098 		-16.153 		70.665
v 78.098 		-16.343 		71.222
v 78.098 		-16.384 		71.3053
v 78.098 		-18.9861 		73.728
v 78.098 		-19.335 		73.847
v 78.098 		-19.913 		73.962
v 54.361 		-14.663 		44.357
v 54.382 		-15.002 		44.365
v 78.098 		-21.087 		73.962
v 54.361 		-15.341 		44.357
v -0.483 		-8.192 		54.584
v 54.167 		-14.386 		44.094
v -0.483 		-10.24 		54.584
v 54.223 		-14.691 		44.118
v -0.483 		-12.288 		54.584
v 54.242 		-15.002 		44.126
v 54.223 		-15.312 		44.118
v -0.483 		-12.998 		54.584
v 54.386 		-15.719 		44.563
v 54.313 		-16.11 		44.74
v -0.483 		-18.432 		54.584
v -0.483 		-17.003 		54.584
v 54.303 		-16.139 		44.951
v 78.098 		-21.665 		73.847
v 78.098 		-22.0139 		73.728
v 78.098 		-16.603 		71.75
v 78.098 		-16.93 		72.239
v 78.098 		-17.318 		72.682
v 54.299 		-15.674 		44.331
v 78.098 		-17.761 		73.07
v 78.098 		-18.25 		73.397
v 54.277 		-16.062 		44.518
v 78.098 		-18.778 		73.657
v 77.603 		-23.643 		73.644
v 54.167 		-15.617 		44.094
v 78.098 		-23.643 		73.644
v 54.073 		-15.912 		44.056
v 78.098 		-22.222 		73.657
v 78.098 		-22.75 		73.397
v 54.197 		-15.995 		44.289
v 78.098 		-23.239 		73.07
v 18.343 		-14.252 		42.207
v 78.098 		-23.682 		72.682
v 54.057 		-16.3 		44.231
v 78.098 		-24 		72.3189
v 78.098 		-24 		66.6811
v 78.098 		-23.682 		66.318
v -0.483 		-20.48 		54.584
v 17.423 		-14.33 		42.053
v 17.474 		-13.942 		42.118
v 17.61 		-14.008 		42.118
v 17.736 		-14.092 		42.118
v 52.86 		-14.092 		43.026
v -0.483 		-22.528 		54.584
v 17.85 		-14.191 		42.118
v 78.098 		-23.3189 		66
v 78.098 		-17.6811 		66
v 78.098 		-17.318 		66.318
v 78.098 		-16.93 		66.761
v 78.098 		-16.603 		67.25
v 70 		-16.343 		67.778
v 70 		-16.384 		67.6947
v 70 		-16.153 		68.335
v 70 		-16.038 		68.913
v 70 		-16.038 		70.087
v 70 		-16.153 		70.665
v 70 		-16.343 		71.222
v 16.451 		-13.617 		42.207
v 70 		-16.384 		71.3053
v 70 		-19.335 		73.847
v 70 		-18.9861 		73.728
v 46.5261 		-16.145 		49.152
v 16.638 		-13.554 		42.207
v 70 		-19.913 		73.962
v 70 		-21.087 		73.962
v 16.833 		-13.516 		42.207
v 70 		-21.665 		73.847
v 70 		-22.0139 		73.728
v 70 		-16.603 		71.75
v 17.03 		-13.503 		42.207
v 70 		-16.93 		72.239
v 70 		-17.318 		72.682
v 70 		-17.761 		73.07
v 17.228 		-13.516 		42.207
v 70 		-18.25 		73.397
v 70 		-18.778 		73.657
v 70 		-22.222 		73.657
v 70 		-22.75 		73.397
v 70 		-23.239 		73.07
v 70 		-23.682 		72.682
v 70 		-24 		72.3189
v 70 		-23.682 		66.318
v 70 		-24 		66.6811
v 50.68 		-13.503 		42.485
v 70 		-23.3189 		66
v 70 		-17.318 		66.318
v 70 		-17.6811 		66
v 50.874 		-13.32 		42.566
v 70 		-16.93 		66.761
v 70 		-16.603 		67.25
v 16.928 		-14.232 		42.053
v 80 		-6.9362 		75
v 80 		-5 		73.0637
v 80 		-5.905 		74.096
v 17.03 		-14.226 		42.053
v 50.259 		-13.554 		42.476
v 77.603 		-5 		73.0637
v 17.133 		-14.232 		42.053
v 50.451 		-13.32 		42.555
v 77.603 		-5 		67.4724
v 17.233 		-14.252 		42.053
v 77.603 		-5 		69.5
v 17.331 		-14.285 		42.053
v 70 		-5 		73.0637
v 70 		-5 		69.5
v 17.03 		-13.854 		42.118
v 17.182 		-13.864 		42.118
v 50.961 		-14.252 		42.336
v 51.063 		-14.089 		42.378
v 17.331 		-13.894 		42.118
v 51.184 		-13.942 		42.428
v 50.556 		-14.303 		42.29
v 50.654 		-14.089 		42.331
v 50.778 		-13.891 		42.382
v 16.638 		-14.33 		42.053
v 16.73 		-14.285 		42.053
v 0.82 		-24.003 		70.5
v 50.25 		-14.191 		42.308
v 16.827 		-14.252 		42.053
v 50.365 		-13.942 		42.355
v 16.451 		-14.008 		42.118
v 16.587 		-13.942 		42.118
v 16.73 		-13.894 		42.118
v 16.879 		-13.864 		42.118
v 50.098 		-13.813 		42.409
v 49 		-26 		66.082
v 46.375 		-26 		69.15
v 47.785 		-26 		66.082
v 45.169 		-26 		69.126
v 45.785 		-26 		69.679
v 45.751 		-26 		68.609
v 48.797 		-26 		71.912
v 49.857 		-13.704 		42.491
v 47.7 		-26 		71.912
v 42.578 		-26 		66.082
v 43.658 		-26 		66.082
v 43.886 		-26 		71.912
v 42.755 		-26 		71.912
v 50.033 		-13.421 		42.564
v 41.008 		-26 		66.776
v 41.449 		-26 		67.37
v 41.713 		-26 		68.11
v 41.801 		-26 		68.997
v 41.714 		-26 		69.884
v 41.452 		-26 		70.624
v 41.016 		-26 		71.218
v 49.648 		-13.617 		42.601
v 40.619 		-26 		69.736
v 40.464 		-26 		70.327
v 40.206 		-26 		70.778
v 39.837 		-26 		71.091
v 39.359 		-26 		71.279
v 20.035 		-14.61 		43.545
v 38.772 		-26 		71.342
v 40.418 		-26 		71.653
v 37.698 		-26 		71.082
v 39.67 		-26 		71.913
v 38.772 		-26 		72
v 20.061 		-15.002 		43.545
v 37.054 		-26 		70.302
v 37.074 		-26 		71.668
v 39.359 		-26 		66.716
v 20.035 		-15.002 		43.747
v 39.842 		-26 		66.908
v 40.206 		-26 		67.228
v 40.464 		-26 		67.681
v 39.654 		-26 		66.086
v 40.619 		-26 		68.273
v 40.405 		-26 		66.345
v 40.67 		-26 		69.003
v 19.932 		-14.624 		43.145
v 38.755 		-26 		66.652
v 37.69 		-26 		66.913
v 38.755 		-26 		66
v 19.958 		-15.002 		43.145
v 37.052 		-26 		67.697
v 37.067 		-26 		66.334
v 36.056 		-26 		70.671
v 32.94 		-26 		69.661
v 33.165 		-26 		69.838
v 20.015 		-14.998 		43.7977
v 33.3 		-26 		70.079
v 33.345 		-26 		70.384
v 33.296 		-26 		70.671
v 20.035 		-15.393 		43.545
v 33.15 		-26 		70.898
v 34.273 		-26 		69.828
v 20.009 		-14.614 		43.344
v 32.906 		-26 		71.066
v 34.425 		-26 		70.11
v 34.476 		-26 		70.431
v 34.397 		-26 		70.904
v 34.161 		-26 		71.28
v 33.767 		-26 		71.559
v 33.199 		-26 		71.755
v 20.035 		-15.002 		43.344
v 70 		-6.9362 		75
v 77.603 		-6.9362 		75
v 70 		-5.905 		74.096
v 77.603 		-5.905 		74.096
v 70 		-9.5 		74
v 77.603 		-7.3366 		74.503
v 36.839 		-26 		69.003
v 19.958 		-15.778 		43.545
v 36.054 		-26 		67.337
v 35.717 		-26 		69.009
v 33.686 		-26 		69.388
v 34.02 		-26 		69.585
v 32.805 		-26 		69.173
v 33.281 		-26 		69.25
v 32.805 		-26 		69.132
v 19.83 		-16.149 		43.545
v 33.581 		-26 		67.798
v 33.375 		-26 		68.36
v 34.712 		-26 		67.769
v 34.5 		-26 		68.43
v 33.865 		-26 		68.884
v 19.932 		-15.38 		43.145
v 32.786 		-26 		66.832
v 33.383 		-26 		67.194
v 33.43 		-26 		66.281
v 33.978 		-26 		66.529
v 34.386 		-26 		66.868
v 34.631 		-26 		67.281
v 30.037 		-26 		71.277
v 32.562 		-26 		71.183
v 19.858 		-15.751 		43.145
v 32.104 		-26 		71.254
v 31.531 		-26 		71.277
v 28.974 		-26 		71.912
v 32.439 		-26 		71.873
v 31.488 		-26 		71.912
v 30.037 		-26 		69.444
v 31.649 		-26 		69.444
v 32.186 		-26 		69.468
v 32.616 		-26 		69.54
v 30.037 		-26 		68.809
v 19.735 		-16.11 		43.145
v 31.725 		-26 		68.809
v 30.037 		-26 		66.711
v 31.792 		-26 		66.711
v 28.974 		-26 		66.082
v 31.986 		-26 		66.082
v 32.767 		-26 		66.132
v 32.756 		-26 		68.697
v 26.67 		-26 		66.082
v 27.547 		-26 		66.082
v 26.754 		-26 		71.171
v 26.707 		-26 		70.486
v 26.679 		-26 		69.967
v 26.67 		-26 		69.614
v 26.703 		-26 		71.171
v 27.547 		-26 		71.912
v 24.636 		-26 		67.158
v 24.669 		-26 		67.158
v 20.009 		-15.39 		43.344
v 25.091 		-26 		66.082
v 26.104 		-26 		71.912
v 24.205 		-26 		66.082
v 23.218 		-26 		71.912
v 22.619 		-26 		71.183
v 19.932 		-15.771 		43.344
v 22.568 		-26 		71.183
v 21.809 		-26 		66.082
v 22.678 		-26 		66.082
v 22.678 		-26 		69.561
v 22.666 		-26 		69.99
v 22.629 		-26 		70.53
v 21.809 		-26 		71.912
v 20.598 		-26 		68.11
v 20.686 		-26 		68.997
v 20.599 		-26 		69.884
v 19.504 		-26 		69.736
v 19.806 		-16.139 		43.344
v 19.349 		-26 		70.327
v 19.091 		-26 		70.778
v 18.722 		-26 		71.091
v 78.098 		-7.3366 		74.503
v 78.098 		-9.5 		74
v 78.098 		-7.9861 		73.728
v 19.632 		-14.663 		42.773
v 78.098 		-8.192 		73.7982
v 19.655 		-15.002 		42.773
v 77.603 		-5.0085 		69.632
v 77.603 		-5.038 		70.087
v 18.1861 		-12.2414 		43.624
v 18.19 		-12.232 		43.545
v 18.159 		-12.228 		43.5924
v 19.632 		-15.341 		42.773
v 18.243 		-26 		71.279
v 20.337 		-26 		70.624
v 17.656 		-26 		71.342
v 19.901 		-26 		71.218
v 19.303 		-26 		71.653
v 16.583 		-26 		71.082
v 18.555 		-26 		71.913
v 17.656 		-26 		72
v 17.64 		-26 		66.652
v 16.575 		-26 		66.913
v 18.243 		-26 		66.716
v 19.806 		-14.64 		42.954
v 17.64 		-26 		66
v 18.727 		-26 		66.908
v 77.603 		-5.498 		72.6644
v 17.815 		-12.106 		43.545
v 17.8135 		-12.1113 		43.5878
v 19.83 		-15.002 		42.954
v 77.603 		-5.153 		70.665
v 17.786 		-12.102 		43.5583
v 17.8942 		-12.1386 		43.5888
v 78.098 		-5.498 		72.6644
v 77.603 		-5.343 		71.222
v 17.426 		-12.029 		43.545
v 17.4102 		-12.028 		43.545
v 17.4258 		-12.0311 		43.5611
v 17.4562 		-12.0371 		43.561
v 77.603 		-6.357 		73.644
v 77.603 		-5.498 		71.5368
v 78.098 		-6.357 		73.644
v 19.091 		-26 		67.228
v 19.349 		-26 		67.681
v 18.539 		-26 		66.086
v 19.504 		-26 		68.273
v 19.29 		-26 		66.345
v 19.555 		-26 		69.003
v 15.528 		-14.806 		42.207
v 17.4 		-12.026 		43.545
v 17.008 		-12 		43.545
v 19.893 		-26 		66.776
v 20.334 		-26 		67.37
v 16.615 		-12.026 		43.545
v 15.939 		-26 		70.302
v 15.959 		-26 		71.668
v 15.567 		-14.614 		42.207
v 14.941 		-26 		70.671
v 19.806 		-16.139 		43.747
v 12.465 		-26 		69.736
v 12.311 		-26 		70.327
v 13.561 		-26 		69.884
v 13.299 		-26 		70.624
v 12.863 		-26 		71.218
v 15.937 		-26 		67.697
v 15.631 		-14.428 		42.207
v 15.952 		-26 		66.334
v 14.939 		-26 		67.337
v 15.724 		-26 		69.003
v 14.601 		-26 		69.009
v 12.311 		-26 		67.681
v 12.465 		-26 		68.273
v 12.517 		-26 		69.003
v 12.854 		-26 		66.776
v 13.295 		-26 		67.37
v 13.56 		-26 		68.11
v 13.648 		-26 		68.997
v 12.053 		-26 		70.778
v 19.786 		-16.145 		43.7864
v 19.759 		-16.1997 		43.7856
v 11.683 		-26 		71.091
v 12.265 		-26 		71.653
v 11.516 		-26 		71.913
v 10.618 		-26 		72
v 8.921 		-26 		71.668
v 19.932 		-15.771 		43.747
v 19.913 		-15.774 		43.791
v 19.8883 		-15.8463 		43.791
v 19.7903 		-16.1326 		43.7909
v 18.494 		-14.614 		42.207
v 18.533 		-14.806 		42.207
v 18.812 		-14.529 		42.319
v 18.859 		-14.764 		42.319
v 20.009 		-15.39 		43.747
v 52.965 		-14.191 		43.069
v 19.9145 		-15.7663 		43.7938
v 53.058 		-14.303 		43.108
v 19.9708 		-15.4814 		43.7972
v 38.755 		-25 		66
v 19.989 		-15.389 		43.7976
v 32.768 		-25 		60.003
v 17.64 		-25 		66
v 53.163 		-13.942 		43.248
v 20.0147 		-15.002 		43.7991
v 20.0082 		-15.1004 		43.7985
v 19.9891 		-15.3874 		43.7982
v 52.13 		-13.177 		42.942
v 20.009 		-14.614 		43.747
v 51.821 		-12.9 		42.958
v 19.989 		-14.607 		43.7936
v 19.9896 		-14.6165 		43.7968
v 19.996 		-14.7127 		43.7974
v 18.003 		-24.003 		61.5
v 51.446 		-12.704 		42.967
v 19.932 		-14.232 		43.747
v 19.9158 		-14.2364 		43.7902
v 19.913 		-14.222 		43.7851
v 19.932 		-14.3182 		43.7906
v 19.1 		-14.453 		42.453
v 52.536 		-13.554 		42.988
v 19.155 		-14.725 		42.453
v 49.836 		-13.316 		42.678
v 49.472 		-13.554 		42.735
v 19.353 		-14.386 		42.605
v 19.414 		-14.691 		42.605
v 49.335 		-13.516 		42.893
v 52.743 		-14.008 		42.978
v 18.546 		-15.002 		42.207
v 49.969 		-14.092 		42.356
v 18.533 		-15.197 		42.207
v 52.618 		-13.942 		42.926
v 18.875 		-15.002 		42.319
v 49.717 		-14.008 		42.433
v 18.859 		-15.24 		42.319
v 19.173 		-15.002 		42.453
v 19.155 		-15.279 		42.453
v 50.898 		-12.443 		43.118
v 19.435 		-15.002 		42.605
v 19.806 		-13.864 		43.747
v 19.414 		-15.312 		42.605
v 19.786 		-13.851 		43.7781
v 19.7924 		-13.8697 		43.7849
v 19.816 		-13.9387 		43.7851
v 50.462 		-12.494 		43.145
v 50.779 		-12.326 		43.277
v 19.565 		-15.674 		42.773
v 16.246 		-15.002 		42.053
v 16.253 		-14.901 		42.053
v 19.806 		-15.363 		42.954
v 19.632 		-13.516 		43.747
v 19.735 		-15.719 		42.954
v 19.617 		-16.062 		42.954
v 19.612 		-13.499 		43.7653
v 19.6229 		-13.5211 		43.7738
v 16.306 		-15.299 		42.053
v 16.273 		-15.203 		42.053
v 16.253 		-15.103 		42.053
v 78.098 		-5.498 		71.5368
v 19.414 		-13.192 		43.747
v 18.494 		-15.39 		42.207
v 78.098 		-5.603 		71.75
v 78.098 		-5.93 		72.239
v 18.812 		-15.474 		42.319
v 78.098 		-6.318 		72.682
v 18.735 		-15.7 		42.319
v 78.098 		-6.761 		73.07
v 19.394 		-13.173 		43.7531
v 19.4092 		-13.1957 		43.7626
v 19.4261 		-13.221 		43.7629
v 78.098 		-7.25 		73.397
v 78.098 		-7.778 		73.657
v 19.1 		-15.551 		42.453
v 19.01 		-15.813 		42.453
v 78.098 		-6.6811 		66
v 78.098 		-6.318 		66.318
v 78.098 		-5.93 		66.761
v 19.353 		-15.617 		42.605
v 19.155 		-12.9 		43.747
v 78.098 		-5.603 		67.25
v 19.134 		-12.878 		43.7245
v 77.603 		-5.498 		67.4632
v 77.603 		-5.343 		67.778
v 78.098 		-5.498 		67.4632
v 77.603 		-5.153 		68.335
v 77.603 		-5.038 		68.913
v 18.628 		-15.914 		42.319
v 49.615 		-14.33 		42.391
v 18.494 		-16.113 		42.319
v 78.098 		-8.335 		73.847
v 49.389 		-14.285 		42.493
v 78.098 		-8.913 		73.962
v 18.886 		-16.062 		42.453
v 49.498 		-13.942 		42.539
v 78.098 		-10.087 		73.962
v 18.73 		-16.292 		42.453
v 78.098 		-10.665 		73.847
v 78.098 		-11.0139 		73.728
v 49.202 		-14.252 		42.623
v 49.316 		-13.894 		42.67
v 78.098 		-11.222 		73.657
v 19.252 		-15.912 		42.605
v 78.098 		-11.75 		73.397
v 78.098 		-12.239 		73.07
v 19.112 		-16.191 		42.605
v 49.174 		-13.864 		42.826
v 78.098 		-12.682 		72.682
v 78.098 		-13.07 		72.239
v 78.098 		-13.397 		71.75
v 60 		-24.2298 		58
v 60 		-24.9676 		60
v 60 		-24.9678 		60.003
v 60 		-24.2285 		57.998
v 52.745 		-14.453 		42.908
v 50.351 		-12.428 		43.314
v 50.168 		-12.704 		43.023
v 80 		-25 		56.9383
v 52.506 		-14.725 		42.766
v 52.538 		-14.764 		42.779
v 50.049 		-12.644 		43.189
v 70 		-25 		65
v 77.603 		-25 		60.5
v 77.603 		-25 		61.5254
v 49.9573 		-12.6231 		43.3684
v 49.9564 		-12.6239 		43.3681
v 52.564 		-14.806 		42.79
v 49.9536 		-12.6265 		43.3669
v 77.603 		-25 		56.9383
v 69.9 		-25 		58
v 69.9 		-25 		60
v 70 		-25 		60.003
v 70 		-25 		60.5
v 49.776 		-12.9 		43.075
v 70 		-25 		57.998
v 15.881 		-14.852 		42.118
v 70 		-25 		56.9383
v 15.91 		-15.299 		42.118
v 80 		-24.095 		55.906
v 70 		-24.095 		55.906
v 77.603 		-24.095 		55.906
v 15.881 		-15.152 		42.118
v 53.777 		-14.529 		43.624
v 53.82 		-14.764 		43.642
v 53.992 		-14.453 		43.857
v 54.042 		-14.725 		43.878
v 77.603 		-24.576 		58.6135
v 77.603 		-24.503 		58.4653
v 78.098 		-24.503 		58.4653
v 78.098 		-24.397 		58.25
v 78.098 		-24.07 		57.761
v 78.098 		-24 		57.6811
v 53.835 		-15.002 		43.648
v 53.82 		-15.24 		43.642
v 78.098 		-24.503 		63.2247
v 52.674 		-14.386 		42.878
v 78.098 		-24 		63.3189
v 78.098 		-24.07 		63.239
v 54.059 		-15.002 		43.885
v 54.042 		-15.279 		43.878
v 78.098 		-24.397 		62.75
v 77.603 		-24.503 		62.5347
v 77.603 		-24.576 		62.3865
v 78.098 		-24.503 		62.5347
v 77.603 		-24.962 		59.913
v 77.603 		-24.847 		59.335
v 77.603 		-24.657 		58.778
v 53.777 		-15.474 		43.624
v 53.705 		-15.7 		43.594
v 77.603 		-24.657 		62.222
v 15.871 		-15.002 		42.118
v 77.603 		-24.847 		61.665
v 77.603 		-24.962 		61.087
v 53.992 		-15.551 		43.857
v 15.515 		-15.002 		42.207
v 53.908 		-15.813 		43.823
v 77.603 		-24.503 		57.3398
v 15.528 		-15.197 		42.207
v 19.455 		-15.995 		42.773
v 19.303 		-16.3 		42.773
v 15.201 		-14.764 		42.319
v 53.607 		-15.914 		43.553
v 15.248 		-14.529 		42.319
v 53.794 		-16.062 		43.775
v 53.65 		-16.292 		43.716
v 14.906 		-14.725 		42.453
v 14.961 		-14.453 		42.453
v 18.035 		-14.428 		42.118
v 53.945 		-16.191 		44.002
v 18.102 		-14.563 		42.118
v 14.647 		-14.691 		42.605
v 18.151 		-14.705 		42.118
v 14.708 		-14.386 		42.605
v 14.428 		-14.663 		42.773
v 18.43 		-14.428 		42.207
v 15.186 		-15.002 		42.319
v 17.508 		-14.386 		42.053
v 15.201 		-15.24 		42.319
v 17.585 		-14.453 		42.053
v 17.653 		-14.529 		42.053
v 17.71 		-14.614 		42.053
v 52.248 		-14.61 		42.659
v 52.295 		-14.614 		42.679
v 52.342 		-14.624 		42.698
v 53.366 		-12.623 		44.781
v 17.755 		-14.705 		42.053
v 17.788 		-14.801 		42.053
v 14.888 		-15.002 		42.453
v 14.906 		-15.279 		42.453
v 14.626 		-15.002 		42.605
v 14.647 		-15.312 		42.605
v 18.18 		-14.852 		42.118
v 18.19 		-15.002 		42.118
v 14.406 		-15.002 		42.773
v 14.428 		-15.341 		42.773
v 53.641 		-12.882 		44.895
v 18.18 		-15.152 		42.118
v 52.47 		-14.691 		42.751
v 18.151 		-15.299 		42.118
v 52.387 		-14.64 		42.717
v 52.43 		-14.663 		42.735
v 53.882 		-13.177 		44.995
v 78.098 		-24.503 		57.3398
v 69.9 		-24.397 		58.25
v 69.9 		-24.576 		58.6135
v 70 		-24.07 		57.761
v 70 		-24.2285 		57.998
v 69.9 		-24.2298 		58
v 70 		-24 		57.6811
v 16.351 		-15.39 		42.053
v 70 		-24.07 		63.239
v 70 		-24 		63.3189
v 70 		-24.397 		62.75
v 70 		-24.576 		62.3865
v 70 		-24.9678 		60.003
v 16.21 		-15.813 		42.118
v 69.9 		-24.962 		59.913
v 69.9 		-24.9676 		60
v 16.11 		-15.7 		42.118
v 16.026 		-15.575 		42.118
v 69.9 		-24.847 		59.335
v 15.959 		-15.441 		42.118
v 69.9 		-24.657 		58.778
v 70 		-24.657 		62.222
v 70 		-24.847 		61.665
v 70 		-24.962 		61.087
v 53.5371 		-12.878 		45.044
v 15.718 		-15.751 		42.207
v 15.631 		-15.575 		42.207
v 15.567 		-15.39 		42.207
v 53.2801 		-12.62 		44.8922
v 53.2896 		-12.6404 		44.9304
v 53.5253 		-12.8668 		45.0389
v 53.2775 		-12.6181 		44.891
v 16.324 		-15.912 		42.118
v 16.273 		-16.3 		42.207
v 52.457 		-12.131 		44.186
v 16.108 		-16.191 		42.207
v 52.801 		-12.256 		44.328
v 15.959 		-16.062 		42.207
v 15.828 		-15.914 		42.207
v 52.386 		-12.106 		44.375
v 52.733 		-12.232 		44.519
v 15.726 		-16.292 		42.319
v 15.567 		-16.113 		42.319
v 17.412 		-14.901 		42.013
v 17.423 		-14.951 		42.013
v 17.426 		-15.002 		42.013
v 17.423 		-15.053 		42.013
v 17.412 		-15.103 		42.013
v 17.808 		-14.901 		42.053
v 17.815 		-15.002 		42.053
v 17.808 		-15.103 		42.053
v 17.788 		-15.203 		42.053
v 19.1424 		-12.8876 		43.7379
v 19.1482 		-12.8941 		43.747
v 52.601 		-14.901 		42.805
v 52.585 		-14.852 		42.799
v 19.1541 		-12.9008 		43.7501
v 19.1582 		-12.9054 		43.7502
v 52.61 		-14.951 		42.809
v 52.613 		-15.002 		42.811
v 52.61 		-15.053 		42.809
v 52.601 		-15.103 		42.805
v 18.838 		-12.62 		43.6825
v 18.8616 		-12.6406 		43.7141
v 19.1236 		-12.8689 		43.7243
v 18.5377 		-12.4198 		43.6747
v 18.511 		-12.402 		43.6415
v 18.7558 		-12.5652 		43.6804
v 18.3369 		-12.3159 		43.6315
v 52.585 		-15.152 		42.799
v 52.564 		-15.197 		42.79
v 52.538 		-15.24 		42.779
v 52.506 		-15.279 		42.766
v 17.4 		-17.971 		43.5823
v 17.353 		-17.974 		43.5823
v 17.03 		-17.9946 		43.587
v 17.425 		-17.966 		43.6096
v 17.674 		-17.9163 		43.6177
v 17.786 		-17.894 		43.6195
v 17.9928 		-17.8241 		43.6493
v 17.8115 		-17.8854 		43.6468
v 18.159 		-17.768 		43.6514
v 17.755 		-15.299 		42.053
v 51.029 		-12.603 		42.977
v 50.594 		-12.603 		42.993
v 49.536 		-13.192 		42.976
v 49.949 		-12.62 		43.365
v 50.261 		-12.405 		43.495
v 50.2028 		-12.4467 		43.4709
v 50.261 		-12.405 		43.4951
v 50.2549 		-12.4093 		43.4926
v 50.2612 		-12.4049 		43.4952
v 50.251 		-12.402 		43.491
v 49.4398 		-13.1775 		43.1546
v 49.4402 		-13.177 		43.1547
v 49.6819 		-12.8821 		43.2549
v 49.682 		-12.882 		43.2549
v 49.4404 		-13.1767 		43.1548
v 49.6805 		-12.8839 		43.2543
v 49.237 		-13.503 		43.07
v 49.3209 		-13.3683 		43.1051
v 49.2379 		-13.5014 		43.0706
v 49.436 		-13.173 		43.153
v 49.234 		-13.499 		43.069
v 49.2369 		-13.503 		43.0702
v 49.2372 		-13.5027 		43.0703
v 49.675 		-12.878 		43.252
v 78.098 		-13.657 		71.222
v 78.098 		-13.847 		70.665
v 78.098 		-13.962 		70.087
v 78.098 		-13.9915 		69.632
v 78.098 		-13.962 		68.913
v 78.098 		-13.847 		68.335
v 78.098 		-13.657 		67.778
v 78.098 		-13.397 		67.25
v 53.136 		-14.428 		43.14
v 53.198 		-14.563 		43.166
v 53.243 		-14.705 		43.184
v 49 		-25 		66.082
v 80 		-25 		73.0637
v 78.098 		-13.07 		66.761
v 77.603 		-25 		69.5
v 77.603 		-25 		73.0637
v 78.098 		-12.682 		66.318
v 70 		-25 		69.5
v 78.098 		-12.3189 		66
v 70 		-25 		73.0637
v 70 		-8.192 		73.7982
v 70 		-7.9861 		73.728
v 80 		-24.095 		74.096
v 70 		-5.038 		70.087
v 70 		-24.095 		74.096
v 70 		-5.0085 		69.632
v 53.243 		-15.299 		43.184
v 77.603 		-24.095 		74.096
v 70 		-5.153 		70.665
v 70 		-5.343 		71.222
v 70 		-5.603 		71.75
v 70 		-5.93 		72.239
v 70 		-6.318 		72.682
v 70 		-6.761 		73.07
v 70 		-7.25 		73.397
v 70 		-7.778 		73.657
v 53.198 		-15.441 		43.166
v 77.603 		-24.503 		72.6632
v 53.136 		-15.575 		43.14
v 70 		-6.318 		66.318
v 78.098 		-24.503 		72.6632
v 70 		-6.6811 		66
v 70 		-5.93 		66.761
v 70 		-5.603 		67.25
v 70 		-5.343 		67.778
v 15.433 		-15.914 		42.319
v 70 		-5.153 		68.335
v 70 		-5.038 		68.913
v 78.098 		-24.07 		72.239
v 70 		-8.335 		73.847
v 78.098 		-24.397 		71.75
v 70 		-8.913 		73.962
v 77.603 		-24.503 		71.5347
v 77.603 		-24.576 		71.3865
v 78.098 		-24.503 		71.5347
v 70 		-10.087 		73.962
v 70 		-10.665 		73.847
v 77.603 		-24.576 		67.6135
v 77.603 		-24.503 		67.4653
v 78.098 		-24.503 		67.4653
v 70 		-11.0139 		73.728
v 78.098 		-24.397 		67.25
v 70 		-11.222 		73.657
v 78.098 		-24.07 		66.761
v 70 		-11.75 		73.397
v 70 		-12.239 		73.07
v 70 		-12.682 		72.682
v 15.326 		-15.7 		42.319
v 77.603 		-24.962 		68.913
v 70 		-13.07 		72.239
v 77.603 		-24.847 		68.335
v 70 		-13.397 		71.75
v 77.603 		-24.657 		67.778
v 15.248 		-15.474 		42.319
v 70 		-13.657 		71.222
v 70 		-13.847 		70.665
v 70 		-13.962 		70.087
v 77.603 		-24.657 		71.222
v 70 		-13.9915 		69.632
v 77.603 		-24.847 		70.665
v 15.051 		-15.813 		42.453
v 70 		-13.962 		68.913
v 77.603 		-24.962 		70.087
v 70 		-13.847 		68.335
v 70 		-13.657 		67.778
v 70 		-13.397 		67.25
v 70 		-13.07 		66.761
v 70 		-12.682 		66.318
v 70 		-12.3189 		66
v 70 		-24.07 		72.239
v 70 		-24.397 		71.75
v 52.253 		-15.002 		42.647
v 70 		-24.576 		71.3865
v 70 		-24.397 		67.25
v 70 		-24.576 		67.6135
v 70 		-24.07 		66.761
v 70 		-24.962 		68.913
v 70 		-24.847 		68.335
v 70 		-24.657 		67.778
v 70 		-24.657 		71.222
v 70 		-24.847 		70.665
v 70 		-24.962 		70.087
v 32.768 		-25 		73.0637
v 38.772 		-25 		72
v 16.384 		-25 		73.0637
v 17.656 		-25 		72
v 10.618 		-25 		72
v 47.785 		-25 		66.082
v 45.8226 		-25 		68.5201
v 46.375 		-25 		69.15
v 48.797 		-25 		71.912
v 47.7 		-25 		71.912
v 45.056 		-25 		70.5362
v 45.785 		-25 		69.679
v 45.056 		-25 		68.9932
v 45.169 		-25 		69.126
v 45.056 		-25 		69.2564
v 17.182 		-14.64 		42.013
v 45.751 		-25 		68.609
v 45.056 		-25 		67.7699
v 17.228 		-14.663 		42.013
v 17.271 		-14.691 		42.013
v 42.578 		-25 		66.082
v 44.835 		-25 		69.5114
v 41.008 		-25 		66.776
v 40.96 		-25 		66.7417
v 17.31 		-14.725 		42.013
v 43.658 		-25 		66.082
v 17.344 		-14.764 		42.013
v 17.373 		-14.806 		42.013
v 44.3852 		-25 		71.3249
v 43.8677 		-25 		70.6278
v 41.449 		-25 		67.37
v 43.886 		-25 		71.912
v 42.9777 		-25 		71.655
v 41.713 		-25 		68.11
v 42.755 		-25 		71.912
v 41.801 		-25 		68.997
v 41.714 		-25 		69.884
v 41.452 		-25 		70.624
v 41.016 		-25 		71.218
v 40.96 		-25 		71.2587
v 40.418 		-25 		71.653
v 39.67 		-25 		71.913
v 40.2697 		-25 		71.7046
v 37.074 		-25 		71.668
v 37.287 		-25 		71.7096
v 38.3951 		-25 		71.9263
v 36.864 		-25 		71.4623
v 40.6262 		-25 		69.632
v 40.619 		-25 		69.736
v 40.464 		-25 		70.327
v 40.206 		-25 		70.778
v 39.837 		-25 		71.091
v 39.359 		-25 		71.279
v 38.772 		-25 		71.342
v 37.698 		-25 		71.082
v 37.054 		-25 		70.302
v 36.9431 		-25 		69.632
v 16.928 		-14.624 		42.013
v 16.979 		-14.614 		42.013
v 17.03 		-14.61 		42.013
v 17.082 		-14.614 		42.013
v 17.133 		-14.624 		42.013
v 40.405 		-25 		66.345
v 40.0853 		-25 		66.2348
v 39.654 		-25 		66.086
v 40.8336 		-25 		66.6514
v 40.4885 		-25 		66.4047
v 39.5499 		-25 		66.076
v 38.912 		-25 		66.015
v 38.912 		-25 		66.6686
v 39.359 		-25 		66.716
v 39.842 		-25 		66.908
v 40.206 		-25 		67.228
v 40.464 		-25 		67.681
v 40.619 		-25 		68.273
v 40.67 		-25 		69.003
v 37.067 		-25 		66.334
v 36.864 		-25 		66.535
v 38.3712 		-25 		66.0759
v 37.69 		-25 		66.913
v 38.755 		-25 		66.652
v 36.864 		-25 		69.154
v 36.864 		-25 		68.8497
v 37.052 		-25 		67.697
v 16.408 		-14.529 		42.053
v 36.056 		-25 		70.671
v 34.273 		-25 		69.828
v 34.0689 		-25 		69.632
v 34.425 		-25 		70.11
v 34.3897 		-25 		70.0445
v 34.476 		-25 		70.431
v 16.476 		-14.453 		42.053
v 34.397 		-25 		70.904
v 34.4581 		-25 		70.5381
v 34.161 		-25 		71.28
v 33.767 		-25 		71.559
v 33.199 		-25 		71.755
v 32.768 		-25 		71.8219
v 16.553 		-14.386 		42.053
v 32.8623 		-25 		69.632
v 32.94 		-25 		69.661
v 33.165 		-25 		69.838
v 33.3 		-25 		70.079
v 33.345 		-25 		70.384
v 33.296 		-25 		70.671
v 33.15 		-25 		70.898
v 32.906 		-25 		71.066
v 32.768 		-25 		71.1129
v 35.717 		-25 		69.009
v 36.054 		-25 		67.337
v 36.839 		-25 		69.003
v 34.712 		-25 		67.769
v 34.6912 		-25 		67.6434
v 34.6813 		-25 		67.584
v 34.5 		-25 		68.43
v 33.686 		-25 		69.388
v 33.3298 		-25 		69.2666
v 33.865 		-25 		68.884
v 34.02 		-25 		69.585
v 32.8337 		-25 		69.6213
v 33.281 		-25 		69.25
v 32.805 		-25 		69.173
v 32.805 		-25 		69.132
v 32.805 		-25 		69.6106
v 32.768 		-25 		69.5968
v 16.688 		-14.806 		42.013
v 16.717 		-14.764 		42.013
v 33.581 		-25 		67.798
v 33.375 		-25 		68.36
v 32.768 		-25 		68.6905
v 16.751 		-14.725 		42.013
v 16.79 		-14.691 		42.013
v 33.43 		-25 		66.281
v 33.0562 		-25 		66.197
v 32.768 		-25 		66.1322
v 16.833 		-14.663 		42.013
v 33.978 		-25 		66.529
v 16.879 		-14.64 		42.013
v 34.386 		-25 		66.868
v 34.631 		-25 		67.281
v 32.768 		-25 		66.8298
v 32.786 		-25 		66.832
v 33.383 		-25 		67.194
v 32.439 		-25 		71.873
v 31.488 		-25 		71.912
v 28.974 		-25 		71.912
v 32.562 		-25 		71.183
v 32.104 		-25 		71.254
v 31.531 		-25 		71.277
v 30.037 		-25 		71.277
v 31.986 		-25 		66.082
v 28.974 		-25 		66.082
v 32.767 		-25 		66.132
v 30.037 		-25 		69.444
v 31.649 		-25 		69.444
v 32.186 		-25 		69.468
v 32.616 		-25 		69.54
v 17.396 		-14.852 		42.013
v 30.037 		-25 		68.809
v 32.756 		-25 		68.697
v 31.725 		-25 		68.809
v 30.037 		-25 		66.711
v 31.792 		-25 		66.711
v 26.707 		-25 		70.486
v 26.754 		-25 		71.171
v 26.703 		-25 		71.171
v 25.091 		-25 		66.082
v 26.679 		-25 		69.967
v 26.67 		-25 		69.614
v 26.67 		-25 		66.082
v 27.547 		-25 		66.082
v 27.547 		-25 		71.912
v 26.104 		-25 		71.912
v 24.576 		-25 		67.3592
v 24.636 		-25 		67.158
v 24.669 		-25 		67.158
v 18.003 		-24.003 		70.5
v 23.218 		-25 		71.912
v 21.809 		-25 		66.082
v 20.598 		-25 		68.11
v 24.205 		-25 		66.082
v 22.678 		-25 		66.082
v 22.678 		-25 		70.9932
v 22.678 		-25 		69.561
v 22.634 		-25 		71.1348
v 22.666 		-25 		69.99
v 22.619 		-25 		71.183
v 22.629 		-25 		70.53
v 22.568 		-25 		71.183
v 21.809 		-25 		71.912
v 20.686 		-25 		68.997
v 20.599 		-25 		69.884
v 20.48 		-25 		70.2201
v 20.337 		-25 		70.624
v 20.4056 		-25 		70.4302
v 19.901 		-25 		71.218
v 19.9942 		-25 		71.0911
v 19.303 		-25 		71.653
v 18.555 		-25 		71.913
v 19.1537 		-25 		71.7049
v 16.384 		-25 		71.7511
v 17.2802 		-25 		71.9265
v 10.0852 		-6.947 		75
v 10.0852 		-10.998 		75
v 19.5112 		-25 		69.632
v 14.8376 		-9.4543 		74
v 19.504 		-25 		69.736
v 14.8376 		-9.5457 		74
v 19.349 		-25 		70.327
v 14.8234 		-9.5 		74.003
v 18.003 		-9.5457 		74
v 18.003 		-9.4543 		74
v 18.003 		-9.5 		74.003
v 6 		-5 		71.213
v 6 		-6 		70.4685
v 6 		-6 		70.5315
v 6 		-5.998 		70.5
v 18.003 		-6 		70.5315
v 18.003 		-6 		70.4685
v 18.003 		-5.998 		70.5
v 6 		-4 		71.213
v 3 		-4 		71.213
v 14.961 		-15.551 		42.453
v 5 		-6.85 		78
v 5 		-10.998 		76.07
v 5 		-6.947 		76.07
v 3 		-5 		71.213
v 5 		-6.947 		76
v 14.708 		-15.617 		42.605
v 5 		-6.85 		76
v 14.495 		-15.674 		42.773
v 5 		-10.998 		76
v 10.0852 		-19.003 		75
v 10.0852 		-22.947 		75
v 14.8376 		-20.4543 		74
v 14.8376 		-20.5457 		74
v 15.33 		-16.292 		42.453
v 14.8234 		-20.5 		74.003
v 18.003 		-20.5457 		74
v 18.003 		-20.4543 		74
v 18.003 		-20.5 		74.003
v 15.175 		-16.062 		42.453
v 5 		-22.85 		78
v 5 		-22.85 		76.07
v 5 		-19.003 		76.07
v 14.948 		-16.191 		42.605
v 5 		-19.003 		76
v 14.809 		-15.912 		42.605
v 3 		-6 		61.4685
v 3 		-6 		61.5315
v 3 		-5.998 		61.5
v 3 		-6 		70.4685
v 3 		-6 		70.5315
v 3 		-5.998 		70.5
v 2.3418 		-6 		55.8227
v 0.1752 		-6 		55.8227
v 0 		-6 		61.4685
v 0 		-6 		61.5315
v 0 		-6 		70.4685
v 0 		-6 		70.5315
v 18.546 		-17.598 		43.545
v 18.511 		-17.595 		43.688
v 18.2986 		-17.6994 		43.6816
v 18.1833 		-17.756 		43.6794
v 52.47 		-15.312 		42.751
v 18.875 		-17.38 		43.545
v 52.43 		-15.341 		42.735
v 18.838 		-17.377 		43.7266
v 18.5793 		-17.5495 		43.7196
v 18.5348 		-17.5791 		43.7185
v 19.173 		-17.122 		43.545
v 19.155 		-17.104 		43.747
v 51.791 		-14.386 		42.513
v 18.859 		-17.36 		43.747
v 18.8525 		-17.3643 		43.747
v 19.134 		-17.118 		43.7551
v 18.8584 		-17.3592 		43.7497
v 18.856 		-17.3612 		43.7486
v 51.931 		-14.806 		42.528
v 51.958 		-14.764 		42.539
v 51.989 		-14.725 		42.552
v 52.025 		-14.691 		42.567
v 52.108 		-14.64 		42.601
v 52.065 		-14.663 		42.584
v 17.03 		-15.002 		42
v 52.153 		-14.624 		42.62
v 52.2 		-14.614 		42.639
v 51.72 		-14.453 		42.483
v 51.533 		-14.801 		42.406
v 51.563 		-14.705 		42.418
v 51.605 		-14.614 		42.436
v 51.658 		-14.529 		42.458
v 51.218 		-14.563 		42.346
v 51.28 		-14.428 		42.371
v 14.758 		-16.3 		42.773
v 14.606 		-15.995 		42.773
v 52.101 		-12.055 		44.039
v 14.444 		-16.062 		42.954
v 52.0028 		-12.0274 		44.2159
v 52.0124 		-12.028 		44.2199
v 52.225 		-12.256 		43.668
v 19.091 		-25 		70.778
v 18.722 		-25 		71.091
v 18.243 		-25 		71.279
v 17.656 		-25 		71.342
v 16.583 		-25 		71.082
v 16.384 		-25 		70.841
v 52.514 		-12.205 		43.995
v 19.29 		-25 		66.345
v 18.9703 		-25 		66.2348
v 18.539 		-25 		66.086
v 19.893 		-25 		66.776
v 19.7186 		-25 		66.6514
v 19.3735 		-25 		66.4047
v 19.435 		-16.827 		43.545
v 19.414 		-16.811 		43.747
v 51.461 		-12.131 		43.559
v 19.394 		-16.823 		43.7652
v 19.3854 		-16.8328 		43.7651
v 51.814 		-12.106 		43.705
v 19.1504 		-17.0994 		43.7637
v 19.1376 		-17.1139 		43.757
v 52.167 		-12.131 		43.851
v 2.49 		-6 		55.704
v 2.64 		-6 		55.549
v 2.767 		-6 		55.376
v 51.376 		-12.055 		43.738
v 3 		-6 		54.584
v 2.985 		-6 		54.377
v 53.058 		-15.7 		43.108
v 2.941 		-6 		54.174
v 2.867 		-6 		53.978
v 2.767 		-6 		53.792
v 2.64 		-6 		53.62
v 2.49 		-6 		53.464
v 2.319 		-6 		53.327
v 2.941 		-6 		54.994
v 2.985 		-6 		54.791
v 51.738 		-12.029 		43.888
v 2.867 		-6 		55.19
v 0.198 		-6 		53.327
v 0.027 		-6 		53.464
v 0.027 		-6 		55.704
v 52.965 		-15.813 		43.069
v 2.129 		-6 		53.212
v 1.925 		-6 		53.121
v 1.709 		-6 		53.054
v 1.486 		-6 		53.014
v 1.258 		-6 		53
v 1.031 		-6 		53.014
v 0.808 		-6 		53.054
v 0.592 		-6 		53.121
v 0.388 		-6 		53.212
v -0.123 		-6 		53.62
v -0.25 		-6 		53.792
v -0.35 		-6 		53.978
v -0.424 		-6 		54.174
v -0.468 		-6 		54.377
v -0.483 		-6 		54.584
v -0.468 		-6 		54.791
v -0.424 		-6 		54.994
v -0.35 		-6 		55.19
v -0.25 		-6 		55.376
v -0.123 		-6 		55.549
v 0.7632 		-10.998 		75
v 0.7632 		-6.947 		75
v 0.7632 		-22.947 		75
v 0.7632 		-19.003 		75
v 20.334 		-25 		67.37
v 17.2562 		-25 		66.0759
v 19.632 		-16.488 		43.747
v 18.4349 		-25 		66.076
v 17.7008 		-25 		66.0058
v 19.655 		-16.501 		43.545
v 14.231 		-15.002 		42.954
v 14.255 		-14.64 		42.954
v 16.575 		-25 		66.913
v 17.64 		-25 		66.652
v 18.243 		-25 		66.716
v 18.727 		-25 		66.908
v 19.091 		-25 		67.228
v 19.349 		-25 		67.681
v 19.504 		-25 		68.273
v 19.555 		-25 		69.003
v 16.384 		-25 		67.1477
v 19.5904 		-16.5293 		43.7765
v 14.326 		-15.719 		42.954
v 19.612 		-16.497 		43.7768
v 19.406 		-16.805 		43.7728
v 14.255 		-15.363 		42.954
v 14.906 		-24.003 		70.5
v 16.1025 		-24.003 		70.5
v 0 		-10.8562 		73.728
v 0 		-11.251 		73.533
v 0 		-11.632 		73.279
v 0 		-11.977 		72.977
v 0 		-12.279 		72.632
v 0 		-12.533 		72.251
v 13.3429 		-24.003 		70.5
v 16.246 		-17.898 		43.545
v 12.212 		-24.003 		70.5
v 9.0635 		-24.003 		70.5
v 15.871 		-17.772 		43.545
v 0 		-12.736 		71.84
v 0 		-12.883 		71.407
v 0 		-12.973 		70.957
v 16.2415 		-17.8965 		43.545
v 0 		-6.027 		70.957
v 51.02 		-12.131 		43.591
v 0 		-6.0142 		70.7554
v 0 		-6.117 		71.407
v 0 		-6.264 		71.84
v 0 		-6.467 		72.251
v 52.86 		-15.912 		43.026
v 0 		-6.721 		72.632
v 0 		-7.023 		72.977
v 0 		-7.368 		73.279
v 0 		-7.749 		73.533
v 0 		-8.1438 		73.728
v 53.163 		-16.062 		43.248
v 0 		-8.16 		73.736
v 0 		-8.593 		73.883
v 0 		-9.043 		73.973
v 52.003 		-12.026 		44.216
v 53.026 		-16.191 		43.191
v 0 		-9.4543 		74
v 0 		-9.5457 		74
v 0 		-9.957 		73.973
v 0 		-10.407 		73.883
v 51.6606 		-12.0041 		44.0745
v 0 		-10.84 		73.736
v 52.873 		-16.3 		43.128
v 51.6611 		-12.004 		44.0747
v 51.296 		-12.029 		43.923
v 0.5834 		-9.5457 		74
v 0.5834 		-9.4543 		74
v 0.5839 		-9.5 		74.003
v 19.6199 		-16.4811 		43.7829
v 0 		-21.8562 		73.728
v 0 		-22.251 		73.533
v 0 		-22.632 		73.279
v 52.027 		-12.029 		44.226
v 0 		-22.977 		72.977
v 0 		-23.279 		72.632
v 52.0123 		-12.028 		44.22
v 0 		-23.533 		72.251
v 0 		-23.736 		71.84
v 0 		-23.883 		71.407
v 0 		-23.973 		70.957
v 16.615 		-17.971 		43.545
v 51.64 		-12.0055 		44.066
v 16.6352 		-17.9723 		43.5589
v 51.5171 		-12.0139 		44.0151
v 16.9909 		-17.9949 		43.5652
v 51.2958 		-12.0291 		43.9234
v 51.2966 		-12.029 		43.9237
v 16.6264 		-17.9717 		43.5495
v 0 		-17.027 		70.957
v 0 		-17.0142 		70.7554
v 0 		-17.117 		71.407
v 51.2788 		-12.0327 		43.9163
v 0 		-17.264 		71.84
v 0 		-17.467 		72.251
v 0 		-17.721 		72.632
v 0 		-18.023 		72.977
v 0 		-18.368 		73.279
v 50.9233 		-12.1111 		43.7689
v 50.9366 		-12.1063 		43.7745
v 0 		-18.749 		73.533
v 50.9371 		-12.106 		43.7747
v 0 		-19.1438 		73.728
v 51.096 		-12.0719 		43.8405
v 0 		-19.16 		73.736
v 16.229 		-12.102 		43.545
v 15.857 		-12.228 		43.545
v 51.278 		-12.026 		43.916
v 15.959 		-25 		71.668
v 16.172 		-25 		71.7097
v 15.504 		-12.402 		43.545
v 14.941 		-25 		70.671
v 13.561 		-25 		69.884
v 13.5857 		-25 		69.632
v 50.921 		-12.102 		43.768
v 15.177 		-12.62 		43.545
v 14.7284 		-25 		69.632
v 14.881 		-12.878 		43.545
v 15.939 		-25 		70.302
v 15.8281 		-25 		69.632
v 14.622 		-13.173 		43.545
v 14.403 		-13.499 		43.545
v 13.299 		-25 		70.624
v 14.229 		-13.851 		43.545
v 12.863 		-25 		71.218
v 14.102 		-14.222 		43.545
v 12.288 		-25 		71.6363
v 14.026 		-14.607 		43.545
v 12.465 		-25 		69.736
v 12.311 		-25 		70.327
v 12.288 		-25 		70.3672
v 14 		-14.998 		43.545
v 14.0003 		-15.002 		43.5471
v 14.0002 		-15.0007 		43.5457
v 51.64 		-12 		44.066
v 0 		-19.593 		73.883
v 0 		-20.043 		73.973
v 0 		-20.4543 		74
v 0 		-20.5457 		74
v 0 		-20.957 		73.973
v 0 		-21.407 		73.883
v 14.026 		-15.389 		43.5471
v 0 		-21.84 		73.736
v 50.59 		-12.232 		43.631
v 15.515 		-17.598 		43.545
v 16.273 		-17.799 		43.145
v 0.5834 		-20.5457 		74
v 0.5834 		-20.4543 		74
v 0.5839 		-20.5 		74.003
v 14.0268 		-15.3929 		43.551
v 15.91 		-17.677 		43.145
v 50.7585 		-12.1708 		43.7009
v 0 		-12.9991 		61.44
v 0 		-12.973 		61.043
v 0 		-12.883 		60.593
v 14.102 		-15.774 		43.545
v 0 		-12.736 		60.16
v 50.5805 		-12.237 		43.6274
v 50.5899 		-12.232 		43.6313
v 0 		-12.533 		59.749
v 50.5905 		-12.2318 		43.6316
v 0 		-12.288 		59.3815
v 0 		-12.279 		59.368
v 0 		-11.977 		59.023
v 0 		-11.632 		58.721
v 15.567 		-17.51 		43.145
v 0 		-11.251 		58.467
v 0 		-10.84 		58.264
v 0 		-10.407 		58.117
v 16.253 		-17.873 		43.344
v 0 		-9.957 		58.027
v 0 		-9.5 		57.998
v 15.881 		-17.748 		43.344
v 0 		-9.043 		58.027
v 0 		-8.593 		58.117
v 0 		-8.192 		58.2531
v 15.528 		-17.576 		43.344
v 0 		-8.16 		58.264
v 0 		-7.749 		58.467
v 0 		-7.368 		58.721
v 0 		-7.023 		59.023
v 0 		-6.721 		59.368
v 0 		-6.467 		59.749
v 0 		-6.264 		60.16
v 52.807 		-14.529 		42.934
v 0 		-6.117 		60.593
v 0 		-6.027 		61.043
v 0 		-6.0018 		61.44
v 0 		-6.003 		61.4212
v 52.86 		-14.614 		42.956
v 50.577 		-12.228 		43.626
v 0 		-13.003 		61.5
v 52.902 		-14.705 		42.973
v 0 		-12.288 		63.6185
v 0 		-12.533 		63.251
v 0 		-12.736 		62.84
v 52.932 		-14.801 		42.986
v 0 		-12.883 		62.407
v 0 		-12.973 		61.957
v 0 		-8.192 		64.7469
v 0 		-8.593 		64.883
v 0 		-9.043 		64.973
v 0 		-9.5 		65.003
v 0 		-9.957 		64.973
v 0 		-10.407 		64.883
v 0 		-10.84 		64.736
v 0 		-11.251 		64.533
v 0 		-11.632 		64.279
v 0 		-11.977 		63.977
v 0 		-12.279 		63.632
v 0 		-6.027 		61.957
v 0 		-6.117 		62.407
v 14.939 		-25 		67.337
v 12.854 		-25 		66.776
v 12.6836 		-25 		66.654
v 12.3317 		-25 		66.4021
v 15.952 		-25 		66.334
v 14.1033 		-15.7779 		43.5477
v 15.7492 		-25 		68.8488
v 15.937 		-25 		67.697
v 14.1028 		-15.7762 		43.5459
v 14.626 		-16.827 		43.545
v 14.601 		-25 		69.009
v 14.6349 		-25 		69.1748
v 13.295 		-25 		67.37
v 14.229 		-16.145 		43.545
v 14.406 		-16.501 		43.545
v 15.724 		-25 		69.003
v 15.186 		-17.38 		43.545
v 13.56 		-25 		68.11
v 14.888 		-17.122 		43.545
v 13.648 		-25 		68.997
v 15.248 		-17.299 		43.145
v 12.311 		-25 		67.681
v 12.465 		-25 		68.273
v 12.517 		-25 		69.003
v 14.961 		-17.05 		43.145
v 14.403 		-16.497 		43.545
v 14.622 		-16.823 		43.545
v 14.881 		-17.118 		43.545
v 14.708 		-16.765 		43.145
v 15.177 		-17.377 		43.545
v 15.504 		-17.595 		43.545
v 15.857 		-17.768 		43.545
v 16.229 		-17.894 		43.545
v 16.2462 		-17.8974 		43.5497
v 14.495 		-16.45 		43.145
v 16.2431 		-17.8968 		43.5466
v 15.201 		-17.36 		43.344
v 14.906 		-17.104 		43.344
v 14.647 		-16.811 		43.344
v 14.428 		-16.488 		43.344
v 51.895 		-15.103 		42.513
v 51.885 		-15.053 		42.509
v 51.882 		-15.002 		42.508
v 12.265 		-25 		71.653
v 16.324 		-16.688 		42.319
v 11.516 		-25 		71.913
v 12.1161 		-25 		71.7047
v 16.108 		-16.582 		42.319
v 8.921 		-25 		71.668
v 9.133 		-25 		71.7095
v 10.2411 		-25 		71.9263
v 12.053 		-25 		70.778
v 11.683 		-25 		71.091
v 15.907 		-16.45 		42.319
v 51.885 		-14.951 		42.509
v 15.959 		-16.838 		42.453
v 51.895 		-14.901 		42.513
v 51.91 		-14.852 		42.519
v 15.726 		-16.684 		42.453
v 52.951 		-14.901 		42.993
v 52.957 		-15.002 		42.996
v 52.951 		-15.103 		42.993
v 15.515 		-16.501 		42.453
v 15.567 		-16.889 		42.605
v 52.932 		-15.203 		42.986
v 52.902 		-15.299 		42.973
v 16.21 		-16.96 		42.453
v 52.065 		-15.341 		42.584
v 52.025 		-15.312 		42.567
v 51.989 		-15.279 		42.552
v 51.958 		-15.24 		42.539
v 16.11 		-17.199 		42.605
v 51.931 		-15.197 		42.528
v 51.91 		-15.152 		42.519
v 15.828 		-17.062 		42.605
v 16.026 		-17.401 		42.773
v 15.718 		-17.25 		42.773
v 15.433 		-17.062 		42.773
v 15.631 		-17.401 		42.954
v 52.86 		-15.39 		42.956
v 52.807 		-15.474 		42.934
v 16.351 		-17.51 		42.773
v 16.306 		-17.677 		42.954
v 15.959 		-17.561 		42.954
v 15.33 		-16.684 		42.605
v 15.123 		-16.45 		42.605
v 0 		-6.264 		62.84
v 15.175 		-16.838 		42.773
v 14.948 		-16.582 		42.773
v 17.396 		-15.152 		42.013
v 17.373 		-15.197 		42.013
v 17.344 		-15.24 		42.013
v 17.31 		-15.279 		42.013
v 17.271 		-15.312 		42.013
v 51.508 		-15.002 		42.395
v 51.514 		-14.901 		42.398
v 17.228 		-15.341 		42.013
v 0 		-6.467 		63.251
v 0 		-6.721 		63.632
v 0 		-7.023 		63.977
v 0 		-7.368 		64.279
v 0 		-7.749 		64.533
v 0 		-8.16 		64.736
v 52.6989 		-12.2414 		44.5903
v 52.6858 		-12.228 		44.551
v 51.563 		-15.299 		42.418
v 51.533 		-15.203 		42.406
v 51.514 		-15.103 		42.398
v 32.768 		-23.0616 		55
v 52.3681 		-12.1114 		44.4146
v 15.326 		-17.199 		42.954
v 52.743 		-15.995 		42.978
v 15.051 		-16.96 		42.954
v 52.618 		-16.062 		42.926
v 14.809 		-16.688 		42.954
v 14.606 		-16.387 		42.954
v 60 		-23.998 		60.003
v 60 		-23.998 		57.998
v 52.3538 		-12.102 		44.3764
v 52.4425 		-12.1386 		44.4458
v 52.6847 		-12.2276 		44.5505
v 70 		-23.0616 		55
v 80 		-23.0616 		55
v 77.603 		-23.0616 		55
v 52.0206 		-12.0311 		44.2407
v 52.049 		-12.0371 		44.2526
v 0 		-12.8908 		69.632
v 0 		-12.883 		69.593
v 0 		-12.736 		69.16
v 0 		-12.533 		68.749
v 0 		-12.279 		68.368
v 0 		-11.977 		68.023
v 0 		-11.632 		67.721
v 0 		-11.251 		67.467
v 0 		-10.84 		67.264
v 0 		-10.407 		67.117
v 0 		-9.957 		67.027
v 0 		-9.5 		66.998
v 52.709 		-16.387 		43.06
v 0 		-9.043 		67.027
v 0 		-8.593 		67.117
v 0 		-8.192 		67.2531
v 0 		-13.003 		70.5
v 0 		-12.973 		70.043
v 53.168 		-16.45 		43.372
v 53.181 		-12.603 		44.064
v 0 		-8.16 		67.264
v 0 		-7.749 		67.467
v 0 		-7.368 		67.721
v 0 		-7.023 		68.023
v 52.849 		-12.326 		44.134
v 0 		-6.721 		68.368
v 0 		-6.467 		68.749
v 0 		-6.264 		69.16
v 0 		-6.117 		69.593
v 0 		-6.1092 		69.632
v 0 		-6.027 		70.043
v 53.167 		-12.494 		44.265
v 16.635 		-15.002 		42.013
v 16.638 		-14.951 		42.013
v 16.648 		-14.901 		42.013
v 16.665 		-14.852 		42.013
v 16.648 		-15.103 		42.013
v 16.638 		-15.053 		42.013
v 0 		-23.9991 		61.44
v 0 		-23.973 		61.043
v 0 		-23.883 		60.593
v 0 		-23.736 		60.16
v 0 		-23.533 		59.749
v 0 		-23.279 		59.368
v 0 		-22.977 		59.023
v 0 		-22.632 		58.721
v 0 		-22.251 		58.467
v 0 		-21.84 		58.264
v 0 		-21.407 		58.117
v 0 		-20.957 		58.027
v 0 		-20.5 		57.998
v 0 		-20.48 		57.9993
v 16.833 		-15.341 		42.013
v 0 		-20.043 		58.027
v 16.79 		-15.312 		42.013
v 0 		-19.593 		58.117
v 0 		-19.16 		58.264
v 16.751 		-15.279 		42.013
v 0 		-18.749 		58.467
v 0 		-18.368 		58.721
v 16.717 		-15.24 		42.013
v 0 		-18.023 		59.023
v 0 		-17.721 		59.368
v 16.688 		-15.197 		42.013
v 0 		-17.467 		59.749
v 0 		-17.264 		60.16
v 16.665 		-15.152 		42.013
v 0 		-17.117 		60.593
v 0 		-17.027 		61.043
v 0 		-17.0018 		61.44
v 0 		-20.48 		65.0017
v 0 		-20.5 		65.003
v 0 		-20.957 		64.973
v 0 		-21.407 		64.883
v 52.983 		-16.582 		43.295
v 0 		-21.84 		64.736
v 0 		-22.251 		64.533
v 52.783 		-16.688 		43.212
v 0 		-22.632 		64.279
v 0 		-22.977 		63.977
v 0 		-23.279 		63.632
v 0 		-23.533 		63.251
v 0 		-23.736 		62.84
v 52.572 		-16.765 		43.125
v 0 		-23.883 		62.407
v 0 		-23.973 		61.957
v 52.353 		-16.811 		43.034
v 0 		-16.998 		61.5
v 0 		-17.027 		61.957
v 0 		-17.117 		62.407
v 0 		-17.264 		62.84
v 0 		-17.467 		63.251
v 0 		-17.721 		63.632
v 53.069 		-16.838 		43.475
v 0 		-18.023 		63.977
v 0 		-18.368 		64.279
v 0 		-18.749 		64.533
v 0 		-19.16 		64.736
v 0 		-19.593 		64.883
v 0 		-20.043 		64.973
v 52.837 		-16.96 		43.379
v 52.592 		-17.05 		43.277
v 52.338 		-17.104 		43.172
v 0 		-23.8908 		69.632
v 0 		-23.883 		69.593
v 0 		-23.736 		69.16
v 0 		-23.533 		68.749
v 0 		-23.279 		68.368
v 0 		-22.977 		68.023
v 0 		-22.632 		67.721
v 0 		-22.251 		67.467
v 0 		-21.84 		67.264
v 52.596 		-17.299 		43.444
v 0 		-21.407 		67.117
v 0 		-20.957 		67.027
v 52.311 		-17.36 		43.326
v 0 		-20.5 		66.998
v 0 		-20.48 		66.9993
v 0 		-23.973 		70.043
v 0 		-20.043 		67.027
v 0 		-19.593 		67.117
v 0 		-19.16 		67.264
v 0 		-18.749 		67.467
v 0 		-18.368 		67.721
v 0 		-18.023 		68.023
v 52.273 		-17.576 		43.492
v 0 		-17.721 		68.368
v 0 		-17.467 		68.749
v 0 		-17.264 		69.16
v 0 		-17.117 		69.593
v 0 		-17.1092 		69.632
v 0 		-17.027 		70.043
v 0 		-16.998 		70.5
v 52.079 		-17.122 		43.065
v 52.021 		-17.38 		43.206
v 51.731 		-17.36 		43.086
v 51.888 		-17.772 		43.528
v 51.957 		-17.598 		43.361
v 51.641 		-17.576 		43.23
v 0.943 		-6.85 		78
v 0.943 		-6.947 		76.0001
v 0.943 		-10.998 		76.0001
v 51.329 		-17.51 		43.101
v 0.943 		-6.85 		76
v 0.943 		-6.947 		76
v 51.55 		-17.748 		43.389
v 0.943 		-10.998 		76
v 51.218 		-17.677 		43.251
v 52.536 		-16.45 		42.988
v 18.102 		-15.441 		42.118
v 18.035 		-15.575 		42.118
v 17.03 		-12.004 		43.545
v 17.95 		-15.7 		42.118
v 16.635 		-12.029 		43.545
v 18.43 		-15.575 		42.207
v 18.343 		-15.751 		42.207
v 17.71 		-15.39 		42.053
v 17.653 		-15.474 		42.053
v 17.585 		-15.551 		42.053
v 17.508 		-15.617 		42.053
v 17.423 		-15.674 		42.053
v 54.427 		-14.252 		44.787
v 17.85 		-15.813 		42.118
v 54.42 		-14.232 		44.999
v 54.437 		-14.61 		45.225
v 18.232 		-15.914 		42.207
v 54.461 		-15.002 		45.234
v 18.102 		-16.062 		42.207
v 17.953 		-16.191 		42.207
v 18.335 		-16.292 		42.319
v 54.437 		-15.393 		45.225
v 17.736 		-15.912 		42.118
v 17.61 		-15.995 		42.118
v 17.474 		-16.062 		42.118
v 54.452 		-14.64 		44.591
v 54.474 		-15.002 		44.6
v 17.788 		-16.3 		42.207
v 54.496 		-14.624 		44.816
v 54.519 		-15.002 		44.825
v 17.182 		-15.363 		42.013
v 54.491 		-14.614 		45.028
v 17.133 		-15.38 		42.013
v 17.082 		-15.39 		42.013
v 17.03 		-15.393 		42.013
v 54.514 		-15.002 		45.038
v 16.979 		-15.39 		42.013
v 16.928 		-15.38 		42.013
v 54.452 		-15.363 		44.591
v 54.496 		-15.38 		44.816
v 54.427 		-15.751 		44.787
v 54.491 		-15.39 		45.028
v 17.331 		-15.719 		42.053
v 54.42 		-15.771 		44.999
v 17.233 		-15.751 		42.053
v 17.133 		-15.771 		42.053
v 17.03 		-15.778 		42.053
v 16.928 		-15.771 		42.053
v 52.13 		-16.827 		42.942
v 16.879 		-15.363 		42.013
v 51.821 		-17.104 		42.958
v 53.126 		-12.428 		44.463
v 52.871 		-12.804 		43.558
v 53.132 		-12.942 		43.666
v 52.585 		-12.494 		43.621
v 52.885 		-12.603 		43.745
v 53.169 		-12.753 		43.863
v 52.557 		-12.326 		43.806
v 52.877 		-12.443 		43.938
v 53.061 		-12.405 		44.655
v 53.0064 		-12.4191 		44.7661
v 52.9948 		-12.402 		44.727
v 53.2006 		-12.5616 		44.8555
v 52.8335 		-12.3144 		44.6523
v 54.156 		-16.45 		44.675
v 53.96 		-16.765 		44.594
v 54.142 		-16.488 		44.884
v 53.941 		-16.811 		44.801
v 53.701 		-17.104 		44.701
v 53.428 		-17.36 		44.588
v 53.366 		-17.38 		44.781
v 53.881 		-16.582 		44.158
v 53.671 		-16.838 		44.071
v 54.128 		-16.387 		44.456
v 53.94 		-16.688 		44.378
v 53.717 		-16.96 		44.286
v 53.462 		-17.199 		44.181
v 53.727 		-17.05 		44.497
v 53.461 		-17.299 		44.387
v 53.479 		-16.501 		43.645
v 53.285 		-16.684 		43.564
v 53.783 		-16.45 		43.936
v 53.592 		-16.684 		43.856
v 53.373 		-16.889 		43.766
v 53.433 		-17.062 		43.972
v 53.2633 		-17.377 		44.9328
v 53.641 		-17.122 		44.895
v 70 		-20.5 		56
v 77.603 		-22.6603 		55.498
v 78.098 		-22.6603 		55.498
v 51.446 		-17.299 		42.967
v 78.098 		-20.5 		56
v 78.098 		-23.239 		65.93
v 78.098 		-22.75 		65.603
v 78.098 		-22.6139 		65.536
v 78.098 		-18.3861 		65.536
v 78.098 		-18.25 		65.603
v 78.098 		-17.996 		65.7729
v 78.098 		-22.222 		65.343
v 78.098 		-21.665 		65.153
v 0.943 		-22.85 		76.0001
v 0.943 		-22.85 		78
v 0.943 		-19.003 		76.0001
v 1.103 		-22.85 		76.89
v 1.103 		-22.947 		76.89
v 0.943 		-19.003 		76
v 2.49 		-6.1354 		55.704
v 2.64 		-6.3122 		55.549
v 2.767 		-6.5096 		55.376
v 2.81 		-6.6008 		55.296
v 2.867 		-6.7217 		55.19
v 2.9387 		-6.9384 		55
v 0.027 		-6.1354 		55.704
v 0 		-6.1672 		55.6761
v -0.4217 		-6.9384 		55
v -0.35 		-6.7217 		55.19
v -0.25 		-6.5096 		55.376
v -0.123 		-6.3122 		55.549
v 45.3082 		-14 		51.9592
v 45.2424 		-14.222 		51.9197
v 78.098 		-21.087 		65.038
v 78.098 		-20.5 		65
v 73.728 		-20.5 		65
v 77.603 		-20.5 		65
v 78.098 		-19.913 		65.038
v 78.098 		-19.335 		65.153
v 52.745 		-15.551 		42.908
v 78.098 		-18.778 		65.343
v 70 		-23.239 		65.93
v 70 		-22.75 		65.603
v 70 		-22.6139 		65.536
v 70 		-18.25 		65.603
v 70 		-18.3861 		65.536
v 70 		-17.996 		65.7729
v 70 		-22.222 		65.343
v 70 		-21.665 		65.153
v 70 		-21.087 		65.038
v 70 		-20.5 		65
v 70 		-19.913 		65.038
v 70 		-19.335 		65.153
v 70 		-18.778 		65.343
v 78.098 		-17.996 		64.2271
v 78.098 		-18.25 		64.397
v 78.098 		-18.778 		64.657
v 78.098 		-19.335 		64.847
v 78.098 		-19.913 		64.962
v 78.098 		-20.48 		64.9987
v 78.098 		-23.7048 		57.344
v 78.098 		-21.087 		64.962
v 78.098 		-21.665 		64.847
v 78.098 		-22.222 		64.657
v 78.098 		-22.75 		64.397
v 78.098 		-23.239 		64.07
v 78.098 		-23.682 		63.682
v 77.603 		-23.643 		56.359
v 78.098 		-23.643 		56.359
v 78.098 		-23.682 		57.318
v 16.476 		-15.551 		42.053
v 78.098 		-23.239 		56.93
v 52.674 		-15.617 		42.878
v 78.098 		-22.75 		56.603
v 16.408 		-15.474 		42.053
v 52.51 		-15.719 		42.81
v 78.098 		-22.222 		56.343
v 52.595 		-15.674 		42.846
v 78.098 		-21.665 		56.153
v 78.098 		-21.087 		56.038
v 78.098 		-19.913 		56.038
v 52.42 		-15.751 		42.773
v 78.098 		-19.335 		56.153
v 16.827 		-15.751 		42.053
v 78.098 		-18.778 		56.343
v 16.73 		-15.719 		42.053
v 78.098 		-18.25 		56.603
v 78.098 		-17.996 		56.7729
v 70 		-18.25 		64.397
v 70 		-17.996 		64.2271
v 16.638 		-15.674 		42.053
v 70 		-18.778 		64.657
v 70 		-19.335 		64.847
v 70 		-19.913 		64.962
v 16.553 		-15.617 		42.053
v 70 		-20.48 		64.9987
v 70 		-23.7048 		57.344
v 52.387 		-15.363 		42.717
v 45.056 		-14 		52.568
v 52.342 		-15.38 		42.698
v 70 		-21.087 		64.962
v 45.1759 		-14.607 		51.8798
v 52.295 		-15.39 		42.679
v 52.248 		-15.393 		42.659
v 70 		-21.665 		64.847
v 45.1618 		-14.8522 		51.8713
v 45.1539 		-14.9935 		51.8666
v 45.1536 		-14.998 		51.8665
v 70 		-22.222 		64.657
v 70 		-22.75 		64.397
v 70 		-23.239 		64.07
v 70 		-23.682 		63.682
v 45.1678 		-15.2432 		51.8749
v 45.1759 		-15.389 		51.8798
v 70 		-23.682 		57.318
v 45.2424 		-15.774 		51.9197
v 70 		-23.239 		56.93
v 70 		-22.75 		56.603
v 45.3094 		-16 		51.9599
v 70 		-22.222 		56.343
v 45.056 		-16 		52.5716
v 70 		-21.665 		56.153
v 70 		-21.087 		56.038
v 70 		-19.913 		56.038
v 52.327 		-15.771 		42.735
v 70 		-19.335 		56.153
v 52.233 		-15.778 		42.696
v 70 		-18.778 		56.343
v 70 		-18.25 		56.603
v 70 		-17.996 		56.7729
v 42.5669 		-14 		55
v 42.5669 		-16 		55
v 41.1371 		-5 		60.003
v 52.485 		-16.11 		42.871
v 52.348 		-16.139 		42.814
v 53.274 		-17.36 		44.961
v 53.2693 		-17.3634 		44.959
v 53.2727 		-17.3593 		44.9628
v 53.2713 		-17.361 		44.9613
v 52.2 		-15.39 		42.639
v 52.153 		-15.38 		42.62
v 52.108 		-15.363 		42.601
v 53.882 		-16.827 		44.995
v 2.9387 		-12.998 		55
v 2.941 		-12.998 		54.994
v 2.985 		-12.998 		54.791
v 3 		-12.998 		54.584
v 2.985 		-12.998 		54.377
v 2.941 		-12.998 		54.174
v 2.867 		-12.998 		53.978
v 53.181 		-17.401 		44.064
v 2.767 		-12.998 		53.792
v 2.64 		-12.998 		53.62
v 52.138 		-15.771 		42.656
v 2.49 		-12.998 		53.464
v 2.319 		-12.998 		53.327
v 52.045 		-15.751 		42.618
v 51.955 		-15.719 		42.581
v 0.198 		-12.998 		53.327
v 53.167 		-17.51 		44.265
v 0.027 		-12.998 		53.464
v 52.849 		-17.677 		44.134
v 1.258 		-12.998 		53
v 1.031 		-12.998 		53.014
v 0.808 		-12.998 		53.054
v 0.592 		-12.998 		53.121
v 0.388 		-12.998 		53.212
v 53.126 		-17.576 		44.463
v 2.129 		-12.998 		53.212
v 1.925 		-12.998 		53.121
v 1.709 		-12.998 		53.054
v 52.801 		-17.748 		44.328
v 1.486 		-12.998 		53.014
v 43.71 		-14 		51
v 43.71 		-16 		51
v 52.457 		-17.873 		44.186
v -0.123 		-12.998 		53.62
v -0.25 		-12.998 		53.792
v -0.35 		-12.998 		53.978
v -0.424 		-12.998 		54.174
v -0.468 		-12.998 		54.377
v -0.468 		-12.998 		54.791
v -0.424 		-12.998 		54.994
v -0.4217 		-12.998 		55
v 52.101 		-17.949 		44.039
v 2.9387 		-17.003 		55
v 2.941 		-17.003 		54.994
v 2.985 		-17.003 		54.791
v 3 		-17.003 		54.584
v 2.985 		-17.003 		54.377
v 2.941 		-17.003 		54.174
v 2.867 		-17.003 		53.978
v 53.132 		-17.062 		43.666
v 2.767 		-17.003 		53.792
v 2.64 		-17.003 		53.62
v 50.898 		-17.561 		43.118
v 2.49 		-17.003 		53.464
v 2.319 		-17.003 		53.327
v 51.114 		-17.799 		43.415
v 52.871 		-17.199 		43.558
v 50.779 		-17.677 		43.277
v 53.169 		-17.25 		43.863
v 51.87 		-15.674 		42.546
v 51.791 		-15.617 		42.513
v 50.462 		-17.51 		43.145
v 52.885 		-17.401 		43.745
v 50.676 		-17.748 		43.448
v 50.351 		-17.576 		43.314
v 60 		-6.003 		60.003
v 60 		-6.003 		57.998
v 60 		-6 		58
v 60 		-6 		60
v 60 		-5.7715 		57.998
v 49.237 		-16.501 		43.07
v 60 		-5.7702 		58
v 60 		-5.0322 		60.003
v 60 		-5.0324 		60
v 0.198 		-17.003 		53.327
v 0.027 		-17.003 		53.464
v 49.2349 		-16.4965 		43.0694
v 51.72 		-15.551 		42.483
v 70 		-14 		56
v 78.098 		-14 		55.498
v 51.658 		-15.474 		42.458
v 70 		-16 		60.5
v 70 		-14 		60.5
v 51.605 		-15.39 		42.436
v 78.098 		-14 		60.5
v 78.098 		-16 		60.5
v 78.098 		-17.761 		65.93
v 51.45 		-15.813 		42.442
v 51.358 		-15.7 		42.404
v 51.28 		-15.575 		42.371
v 70 		-17.761 		65.93
v 51.218 		-15.441 		42.346
v 78.098 		-16.384 		58.6947
v 78.098 		-16.343 		58.778
v 78.098 		-16.153 		59.335
v 78.098 		-16.038 		59.913
v 78.098 		-16.038 		61.087
v 78.098 		-16.153 		61.665
v 52.208 		-16.149 		42.756
v 78.098 		-16.343 		62.222
v 50.168 		-17.299 		43.023
v 52.068 		-16.139 		42.698
v 78.098 		-16.384 		62.3053
v 50.049 		-17.36 		43.189
v 78.098 		-17.2952 		57.344
v 78.098 		-16.93 		57.761
v 49.776 		-17.104 		43.075
v 51.93 		-16.11 		42.641
v 78.098 		-16.603 		58.25
v 51.798 		-16.062 		42.586
v 78.098 		-16.603 		62.75
v 78.098 		-16.93 		63.239
v 51.029 		-17.401 		42.977
v 78.098 		-17.318 		63.682
v 78.098 		-17.761 		64.07
v 51.672 		-15.995 		42.534
v 50.594 		-17.401 		42.993
v 51.555 		-15.912 		42.486
v 51.474 		-16.3 		42.548
v 51.321 		-16.191 		42.485
v 52.585 		-17.51 		43.621
v 78.098 		-17.761 		56.93
v 78.098 		-17.318 		57.318
v 70 		-16.343 		58.778
v 70 		-16.384 		58.6947
v 70 		-16.153 		59.335
v 70 		-16.038 		59.913
v 70 		-16.038 		61.087
v 51.173 		-14.705 		42.327
v 52.877 		-17.561 		43.938
v 50.786 		-14.806 		42.263
v 52.557 		-17.677 		43.806
v 50.821 		-14.614 		42.278
v 52.225 		-17.748 		43.668
v 50.88 		-14.428 		42.303
v 52.514 		-17.799 		43.995
v 50.441 		-14.764 		42.242
v 50.484 		-14.529 		42.26
v 52.167 		-17.873 		43.851
v 51.814 		-17.898 		43.705
v 49.536 		-16.811 		42.976
v 51.461 		-17.873 		43.559
v 51.145 		-14.852 		42.316
v 51.136 		-15.002 		42.312
v 51.173 		-15.299 		42.327
v 51.738 		-17.974 		43.888
v 51.145 		-15.152 		42.316
v 70 		-16.153 		61.665
v 70 		-16.343 		62.222
v 70 		-16.384 		62.3053
v 70 		-16.93 		57.761
v 70 		-17.2952 		57.344
v 70 		-16.603 		58.25
v 70 		-16.603 		62.75
v 50.774 		-15.002 		42.258
v 70 		-16.93 		63.239
v 70 		-17.318 		63.682
v 50.786 		-15.197 		42.263
v 70 		-17.761 		64.07
v 70 		-17.761 		56.93
v 70 		-17.318 		57.318
v 50.426 		-15.002 		42.236
v 70 		-6.9384 		55
v 77.603 		-6.9384 		55
v 80 		-6.9384 		55
v 50.441 		-15.24 		42.242
v 80 		-5.905 		55.906
v 70 		-5.905 		55.906
v 77.603 		-5.905 		55.906
v 1.031 		-17.003 		53.014
v 1.258 		-17.003 		53
v 0.808 		-17.003 		53.054
v 0.592 		-17.003 		53.121
v 0.388 		-17.003 		53.212
v 2.129 		-17.003 		53.212
v 1.925 		-17.003 		53.121
v 1.709 		-17.003 		53.054
v 70 		-9.5 		56
v 1.486 		-17.003 		53.014
v 77.603 		-7.3389 		55.498
v -0.123 		-17.003 		53.62
v -0.25 		-17.003 		53.792
v -0.35 		-17.003 		53.978
v -0.424 		-17.003 		54.174
v 78.098 		-7.3389 		55.498
v -0.468 		-17.003 		54.377
v 78.098 		-9.5 		56
v -0.468 		-17.003 		54.791
v -0.424 		-17.003 		54.994
v -0.4217 		-17.003 		55
v 80 		-5 		56.9383
v 77.603 		-5 		60.5
v 77.603 		-5 		56.9383
v 51.376 		-17.949 		43.738
v 49.234 		-16.497 		43.069
v 70 		-5 		65
v 70 		-5 		57.998
v 70 		-5 		58
v 49.4405 		-16.8274 		43.1549
v 49.4402 		-16.827 		43.1547
v 70 		-5 		60.003
v 70 		-5 		60
v 49.4371 		-16.8221 		43.1535
v 49.3227 		-16.6386 		43.1059
v 70 		-5 		60.5
v 49.2369 		-16.501 		43.0702
v 49.2368 		-16.5006 		43.0701
v 49.9511 		-17.3741 		43.3659
v 49.6822 		-17.1221 		43.255
v 49.682 		-17.122 		43.2549
v 49.677 		-17.1158 		43.2528
v 70 		-5 		56.9383
v 49.949 		-17.377 		43.365
v 49.675 		-17.118 		43.252
v 77.603 		-5.1082 		61.44
v 77.603 		-5.153 		61.665
v 49.9582 		-17.3806 		43.3688
v 78.098 		-5.498 		65
v 49.9573 		-17.3799 		43.3685
v 77.603 		-5.343 		62.222
v 2.49 		-23.8646 		55.704
v 77.603 		-5.498 		62.5368
v 78.098 		-5.498 		62.5368
v 2.64 		-23.6878 		55.549
v 78.098 		-5.603 		62.75
v 2.767 		-23.4904 		55.376
v 49.436 		-16.823 		43.153
v 78.098 		-5.93 		63.239
v 2.81 		-23.3992 		55.296
v 78.098 		-6.318 		63.682
v 2.867 		-23.2783 		55.19
v 78.098 		-6.761 		64.07
v 2.9387 		-23.0616 		55
v 50.261 		-17.598 		43.495
v 78.098 		-7.25 		64.397
v 54.366 		-14.226 		45.195
v 78.098 		-7.778 		64.657
v 50.2001 		-17.5543 		43.4697
v 50.261 		-17.598 		43.4951
v 78.098 		-8.192 		64.7982
v 50.2608 		-17.5978 		43.495
v 50.2526 		-17.592 		43.4917
v 78.098 		-6.2952 		57.344
v 78.098 		-5.93 		57.761
v 50.251 		-17.595 		43.491
v 78.098 		-5.603 		58.25
v 54.248 		-13.854 		45.146
v 77.603 		-5.498 		58.4632
v 77.603 		-5.343 		58.778
v 78.098 		-5.498 		58.4632
v 77.603 		-5.153 		59.335
v 54.086 		-13.503 		45.079
v 77.603 		-5.038 		59.913
v 77.603 		-5.038 		61.087
v 78.098 		-8.335 		64.847
v 78.098 		-8.913 		64.962
v 78.098 		-9.5 		65
v 73.728 		-9.5 		65
v 77.603 		-9.5 		65
v 78.098 		-10.087 		64.962
v 78.098 		-10.665 		64.847
v 78.098 		-11.222 		64.657
v 78.098 		-11.75 		64.397
v 17.331 		-16.11 		42.118
v 17.182 		-16.139 		42.118
v 17.03 		-16.149 		42.118
v 16.879 		-16.139 		42.118
v 16.73 		-16.11 		42.118
v 16.587 		-16.062 		42.118
v 16.451 		-15.995 		42.118
v 19.565 		-16.45 		43.145
v 19.632 		-16.488 		43.344
v 19.353 		-16.765 		43.145
v 19.1 		-17.05 		43.145
v 18.812 		-17.299 		43.145
v 19.414 		-16.811 		43.344
v 19.155 		-17.104 		43.344
v 18.859 		-17.36 		43.344
v 18.494 		-17.51 		43.145
v 18.533 		-17.576 		43.344
v 19.112 		-16.582 		42.773
v 19.455 		-16.387 		42.954
v 19.252 		-16.688 		42.954
v 18.546 		-16.501 		42.453
v 18.938 		-16.45 		42.605
v 51.296 		-17.974 		43.923
v 0 		-23.8328 		55.6761
v 0.027 		-23.8646 		55.704
v 51.2838 		-17.9714 		43.9184
v 51.2781 		-17.9702 		43.916
v 51.278 		-17.971 		43.916
v -0.4217 		-23.0616 		55
v -0.35 		-23.2783 		55.19
v -0.25 		-23.4904 		55.376
v -0.123 		-23.6878 		55.549
v 52.733 		-17.772 		44.519
v 52.386 		-17.898 		44.375
v 50.117 		-14.725 		42.252
v 50.167 		-14.453 		42.273
v 49.819 		-14.691 		42.293
v 49.876 		-14.386 		42.317
v 49.553 		-14.663 		42.365
v 49.323 		-14.64 		42.466
v 50.1 		-15.002 		42.245
v 50.117 		-15.279 		42.252
v 49.8 		-15.002 		42.286
v 49.819 		-15.312 		42.293
v 53.061 		-17.598 		44.655
v 49.532 		-15.002 		42.357
v 52.027 		-17.974 		44.226
v 51.9452 		-17.974 		44.2325
v 49.553 		-15.341 		42.365
v 51.6448 		-17.9945 		44.114
v 49.301 		-15.002 		42.457
v 78.098 		-12.239 		64.07
v 78.098 		-12.682 		63.682
v 78.098 		-13.07 		63.239
v 50.961 		-15.751 		42.336
v 78.098 		-13.397 		62.75
v 50.88 		-15.575 		42.303
v 78.098 		-13.657 		62.222
v 50.821 		-15.39 		42.278
v 78.098 		-13.847 		61.665
v 50.556 		-15.7 		42.29
v 78.098 		-13.8918 		61.44
v 78.098 		-13.962 		59.913
v 50.484 		-15.474 		42.26
v 78.098 		-13.847 		59.335
v 78.098 		-13.657 		58.778
v 78.098 		-13.397 		58.25
v 78.098 		-13.07 		57.761
v 50.25 		-15.813 		42.308
v 78.098 		-12.7048 		57.344
v 78.098 		-13.962 		61.087
v 78.098 		-12.682 		57.318
v 51.184 		-16.062 		42.428
v 78.098 		-12.239 		56.93
v 51.063 		-15.914 		42.378
v 78.098 		-11.75 		56.603
v 78.098 		-11.222 		56.343
v 78.098 		-10.665 		56.153
v 50.925 		-16.292 		42.443
v 78.098 		-10.087 		56.038
v 50.778 		-16.113 		42.382
v 78.098 		-8.913 		56.038
v 77.603 		-6.357 		56.359
v 78.098 		-6.357 		56.359
v 78.098 		-8.335 		56.153
v 49.075 		-13.854 		43.003
v 48.9583 		-14.2227 		42.955
v 49.0062 		-14.0709 		42.975
v 78.098 		-7.778 		56.343
v 49.0748 		-13.854 		43.0037
v 49.0754 		-13.8527 		43.004
v 77.603 		-5.498 		57.3386
v 49.0756 		-13.8522 		43.0041
v 78.098 		-5.498 		57.3386
v 78.098 		-7.25 		56.603
v 78.098 		-6.761 		56.93
v 78.098 		-6.318 		57.318
v 70 		-5.153 		61.665
v 70 		-5.1082 		61.44
v 48.956 		-14.222 		42.954
v 70 		-5.343 		62.222
v 49.073 		-13.851 		43.003
v 70 		-5.603 		62.75
v 70 		-5.93 		63.239
v 70 		-6.318 		63.682
v 48.9571 		-14.227 		42.9545
v 70 		-6.761 		64.07
v 48.9573 		-14.226 		42.9545
v 70 		-7.25 		64.397
v 48.8622 		-14.998 		42.9151
v 48.8623 		-14.9975 		42.9151
v 48.886 		-14.61 		42.925
v 70 		-7.778 		64.657
v 70 		-8.192 		64.7982
v 70 		-6 		57.6811
v 70 		-6.2952 		57.344
v 48.9156 		-14.4497 		42.9375
v 48.8859 		-14.61 		42.9254
v 70 		-5.93 		57.761
v 48.886 		-14.6093 		42.9254
v 48.8864 		-14.6072 		42.9256
v 70 		-5.7715 		57.998
v 70 		-5.603 		58.25
v 70 		-5.7702 		58
v 70 		-5.343 		58.778
v 70 		-5.153 		59.335
v 70 		-5.038 		59.913
v 48.862 		-14.998 		42.915
v 48.885 		-14.607 		42.925
v 70 		-5.0322 		60.003
v 70 		-5.0324 		60
v 48.8622 		-14.9984 		42.9151
v 70 		-5.038 		61.087
v 48.8621 		-15 		42.9151
v 48.8683 		-15.105 		42.9177
v 70 		-8.335 		64.847
v 48.9565 		-15.7739 		42.9542
v 48.9151 		-15.5508 		42.9373
v 48.886 		-15.393 		42.925
v 70 		-8.913 		64.962
v 48.8859 		-15.393 		42.9254
v 70 		-9.5 		65
v 48.8859 		-15.3923 		42.9254
v 48.8856 		-15.3889 		42.9253
v 48.956 		-15.774 		42.954
v 70 		-10.087 		64.962
v 48.956 		-15.774 		42.954
v 48.885 		-15.389 		42.925
v 70 		-10.665 		64.847
v 70 		-11.222 		64.657
v 70 		-11.75 		64.397
v 70 		-12.239 		64.07
v 49.075 		-16.149 		43.003
v 70 		-12.682 		63.682
v 49.0054 		-15.9301 		42.9747
v 70 		-13.07 		63.239
v 48.9576 		-15.779 		42.9547
v 70 		-13.397 		62.75
v 48.9573 		-15.778 		42.9545
v 70 		-13.657 		62.222
v 49.0775 		-16.1548 		43.0048
v 49.0744 		-16.1476 		43.0036
v 49.0735 		-16.1448 		43.0032
v 70 		-13.847 		61.665
v 49.0748 		-16.1488 		43.0037
v 70 		-13.8918 		61.44
v 49.073 		-16.145 		43.003
v 70 		-13.962 		59.913
v 70 		-13.847 		59.335
v 70 		-13.657 		58.778
v 70 		-13.397 		58.25
v 70 		-13.07 		57.761
v 70 		-12.7048 		57.344
v 48.9575 		-15.7788 		42.9547
v 48.9703 		-15.8198 		42.9604
v 48.957 		-15.778 		42.955
v 70 		-13.962 		61.087
v 48.9572 		-15.778 		42.9546
v 48.9569 		-15.7776 		42.955
v 48.9569 		-15.7777 		42.9551
v 70 		-12.682 		57.318
v 70 		-12.239 		56.93
v 70 		-11.75 		56.603
v 70 		-11.222 		56.343
v 49.0748 		-16.149 		43.0039
v 70 		-10.665 		56.153
v 70 		-10.087 		56.038
v 70 		-8.913 		56.038
v 70 		-8.335 		56.153
v 70 		-7.778 		56.343
v 48.8619 		-15.0007 		42.9157
v 70 		-7.25 		56.603
v 70 		-6.761 		56.93
v 70 		-6.318 		57.318
v 48.9569 		-15.778 		42.9554
v 48.8615 		-15.002 		42.917
v 78.098 		-7.3861 		65.536
v 78.098 		-7.25 		65.603
v 78.098 		-6.761 		65.93
v 78.098 		-12.239 		65.93
v 78.098 		-11.75 		65.603
v 78.098 		-11.6139 		65.536
v 78.098 		-11.222 		65.343
v 78.098 		-10.665 		65.153
v 78.098 		-10.087 		65.038
v 78.098 		-8.913 		65.038
v 78.098 		-8.335 		65.153
v 17.412 		-12.131 		43.145
v 78.098 		-7.778 		65.343
v 17.788 		-12.205 		43.145
v 70 		-7.25 		65.603
v 70 		-7.3861 		65.536
v 70 		-6.761 		65.93
v 17.423 		-12.055 		43.344
v 17.808 		-12.131 		43.344
v 70 		-12.239 		65.93
v 18.18 		-12.256 		43.344
v 70 		-11.75 		65.603
v 70 		-11.6139 		65.536
v 70 		-11.222 		65.343
v 70 		-10.665 		65.153
v 70 		-10.087 		65.038
v 70 		-8.913 		65.038
v 70 		-8.335 		65.153
v 70 		-7.778 		65.343
v 16.648 		-12.131 		43.145
v 49.152 		-6.9384 		55
v 17.03 		-12.106 		43.145
v 16.638 		-12.055 		43.344
v 17.03 		-12.029 		43.344
v 50.0611 		-16.2532 		55
v 50.1177 		-16.1468 		55
v 50.1187 		-16.145 		55
v 50.213 		-15.8894 		55
v 50.2557 		-15.774 		55
v 50.3387 		-15.389 		55
v 50.3668 		-14.998 		55
v 50.3387 		-14.607 		55
# 3613 vertices

g group_0_2829873

usemtl color_2829873
s 0

f 32 	33 	34
f 32 	34 	35
f 36 	32 	35
f 36 	35 	37
f 38 	36 	37
f 38 	37 	39
f 38 	39 	70
f 40 	43 	44
f 40 	44 	41
f 43 	40 	45
f 46 	48 	47
f 48 	50 	51
f 49 	51 	50
f 50 	48 	46
f 53 	51 	49
f 52 	44 	51
f 52 	51 	53
f 44 	52 	41
f 55 	54 	62
f 55 	62 	63
f 56 	55 	63
f 56 	63 	64
f 57 	56 	64
f 57 	64 	65
f 58 	57 	65
f 58 	65 	66
f 59 	58 	66
f 70 	60 	38
f 61 	60 	70
f 61 	70 	71
f 54 	61 	71
f 54 	71 	62
f 76 	75 	78
f 81 	80 	79
f 83 	82 	84
f 87 	86 	85
f 90 	93 	91
f 406 	93 	94
f 90 	94 	93
f 88 	95 	89
f 96 	97 	95
f 96 	95 	88
f 98 	99 	97
f 98 	97 	96
f 98 	100 	99
f 105 	99 	100
f 101 	103 	102
f 101 	89 	103
f 95 	103 	89
f 104 	105 	100
f 104 	106 	107
f 104 	107 	105
f 106 	108 	109
f 106 	109 	107
f 108 	110 	111
f 108 	111 	109
f 110 	112 	111
f 113 	419 	123
f 114 	113 	123
f 115 	114 	123
f 115 	123 	124
f 116 	115 	124
f 116 	124 	125
f 117 	116 	125
f 117 	125 	127
f 118 	117 	127
f 118 	127 	130
f 119 	118 	130
f 119 	130 	132
f 120 	119 	132
f 120 	132 	134
f 121 	120 	134
f 121 	134 	137
f 122 	121 	137
f 246 	356 	237
f 355 	237 	356
f 142 	141 	401
f 141 	47 	401
f 48 	401 	47
f 144 	143 	402
f 404 	403 	406
f 401 	406 	142
f 403 	142 	406
f 143 	405 	407
f 143 	407 	402
f 94 	404 	406
f 408 	409 	407
f 408 	407 	405
f 410 	411 	409
f 410 	409 	408
f 420 	411 	412
f 410 	412 	411
f 413 	416 	414
f 417 	418 	416
f 417 	416 	413
f 417 	102 	418
f 103 	418 	102
f 419 	426 	123
f 412 	415 	420
f 421 	424 	425
f 421 	425 	422
f 421 	414 	424
f 416 	424 	414
f 430 	123 	426
f 423 	422 	425
f 423 	425 	427
f 429 	428 	430
f 426 	429 	430
f 415 	423 	427
f 415 	427 	420
f 432 	431 	435
f 433 	432 	435
f 433 	435 	436
f 434 	433 	436
f 434 	436 	437
f 434 	437 	473
f 438 	440 	439
f 442 	440 	438
f 440 	442 	443
f 441 	443 	442
f 444 	445 	443
f 444 	443 	441
f 444 	144 	445
f 402 	445 	144
f 447 	446 	449
f 448 	447 	449
f 448 	449 	450
f 431 	448 	450
f 431 	450 	435
f 451 	453 	454
f 451 	454 	452
f 451 	439 	453
f 440 	453 	439
f 112 	455 	456
f 112 	456 	111
f 455 	457 	458
f 455 	458 	456
f 465 	466 	460
f 465 	460 	459
f 461 	460 	466
f 461 	466 	467
f 462 	461 	467
f 462 	467 	468
f 428 	462 	468
f 428 	468 	430
f 473 	474 	470
f 473 	470 	469
f 471 	470 	474
f 471 	474 	475
f 472 	471 	475
f 472 	475 	476
f 446 	472 	476
f 446 	476 	449
f 473 	469 	434
f 463 	122 	477
f 137 	477 	122
f 464 	463 	477
f 464 	477 	478
f 459 	464 	478
f 459 	478 	465
f 484 	483 	505
f 490 	494 	493
f 494 	490 	489
f 497 	496 	491
f 492 	491 	496
f 500 	501 	499
f 498 	499 	501
f 78 	81 	76
f 79 	76 	81
f 87 	85 	84
f 83 	84 	85
f 512 	513 	514
f 512 	514 	515
f 483 	507 	505
f 482 	511 	481
f 510 	481 	511
f 525 	526 	544
f 526 	527 	544
f 527 	528 	544
f 524 	525 	544
f 523 	524 	544
f 528 	529 	544
f 529 	530 	544
f 530 	532 	544
f 541 	542 	520
f 519 	520 	544
f 518 	519 	544
f 559 	560 	520
f 537 	538 	520
f 522 	523 	544
f 517 	518 	544
f 543 	544 	520
f 542 	543 	520
f 538 	559 	520
f 532 	517 	544
f 545 	546 	544
f 544 	546 	547
f 544 	547 	548
f 521 	544 	549
f 548 	549 	544
f 521 	522 	544
f 555 	556 	520
f 554 	555 	520
f 556 	557 	520
f 557 	558 	520
f 558 	534 	520
f 535 	541 	520
f 534 	535 	520
f 552 	553 	520
f 551 	552 	520
f 553 	554 	520
f 561 	551 	520
f 560 	561 	520
f 645 	646 	647
f 647 	648 	645
f 355 	505 	237
f 237 	505 	246
f 505 	507 	246
f 507 	356 	246
f 1067 	646 	645
f 1067 	645 	1068
f 648 	1068 	645
f 1067 	647 	646
f 1100 	1101 	1102
f 1099 	1103 	2249
f 1099 	1098 	1138
f 1099 	1138 	1103
f 483 	1707 	507
f 513 	1338 	514
f 457 	452 	454
f 458 	457 	454
f 1347 	1348 	1349
f 1352 	1349 	1348
f 1353 	1355 	1348
f 1355 	1351 	1348
f 1352 	1348 	1351
f 1351 	1350 	1352
f 1357 	1352 	1350
f 1356 	1357 	1350
f 1351 	1358 	1350
f 1350 	1358 	1359
f 1363 	1389 	1362
f 1364 	1389 	1363
f 1365 	1391 	1364
f 1366 	1369 	1365
f 1367 	1370 	1366
f 1369 	1366 	1370
f 1371 	1370 	1367
f 1372 	1371 	1376
f 1367 	1376 	1371
f 1378 	1379 	1373
f 1373 	1372 	1378
f 1378 	1372 	1376
f 1379 	1377 	1375
f 1375 	1373 	1379
f 1382 	1377 	1379
f 1381 	1377 	1382
f 1382 	1399 	1381
f 1385 	1383 	1388
f 1388 	1390 	1385
f 1386 	1385 	1390
f 1390 	1361 	1386
f 1387 	1386 	1361
f 1361 	1362 	1387
f 1389 	1387 	1362
f 1389 	1364 	1391
f 1391 	1365 	1369
f 1393 	1395 	1383
f 1393 	1394 	1395
f 1388 	1383 	1395
f 1398 	1395 	1394
f 1397 	1398 	1394
f 1400 	1431 	1401
f 1401 	1428 	1403
f 1404 	1403 	1408
f 1408 	1411 	1404
f 1411 	1412 	1404
f 1412 	1413 	1404
f 1405 	1404 	1413
f 1413 	1414 	1405
f 1407 	1405 	1414
f 1414 	1415 	1407
f 1410 	1407 	1415
f 1410 	1415 	1416
f 1399 	1427 	1381
f 1398 	1397 	1426
f 1424 	1381 	1427
f 1424 	1427 	1397
f 1426 	1397 	1427
f 1429 	1403 	1428
f 1408 	1403 	1429
f 1457 	1430 	1400
f 1431 	1400 	1430
f 1428 	1401 	1431
f 1457 	1456 	1430
f 1436 	1437 	1434
f 1435 	1434 	1437
f 1435 	1437 	1438
f 1432 	1466 	1438
f 1441 	1440 	1442
f 1442 	1443 	1441
f 1443 	1444 	1441
f 1434 	1441 	1444
f 1434 	1444 	1445
f 1436 	1434 	1445
f 1416 	1447 	1410
f 1449 	1447 	1452
f 1416 	1452 	1447
f 1450 	1449 	1453
f 1452 	1453 	1449
f 1446 	1450 	1453
f 1451 	1446 	1453
f 1454 	1446 	1451
f 1451 	1458 	1454
f 1455 	1454 	1458
f 1458 	1460 	1455
f 1456 	1455 	1460
f 1466 	1432 	1460
f 1451 	1463 	1458
f 1461 	1458 	1463
f 1463 	1464 	1461
f 1462 	1461 	1464
f 1465 	1440 	1464
f 1462 	1464 	1440
f 1442 	1440 	1465
f 1435 	1438 	1466
f 1432 	1430 	1460
f 1456 	1460 	1430
f 1470 	1471 	1474
f 1468 	1474 	1472
f 1472 	1474 	1471
f 1467 	1468 	1472
f 1469 	1470 	1474
f 1474 	1479 	1469
f 1473 	1469 	1479
f 1479 	1476 	1473
f 1478 	1473 	1476
f 1478 	1476 	1475
f 1478 	1475 	1480
f 1481 	1482 	1475
f 1482 	1481 	1484
f 1480 	1475 	1482
f 1490 	1484 	1481
f 1485 	1486 	1487
f 1488 	1490 	1487
f 1489 	1490 	1488
f 1484 	1490 	1489
f 1485 	1487 	1490
f 1493 	1512 	1494
f 1496 	1494 	1512
f 1512 	1514 	1496
f 1497 	1496 	1514
f 1514 	1515 	1497
f 1498 	1497 	1515
f 1515 	1517 	1498
f 1511 	1498 	1517
f 1517 	1518 	1511
f 1513 	1511 	1518
f 1516 	1513 	1518
f 1518 	1554 	1516
f 1523 	1519 	1520
f 1523 	1543 	1521
f 1521 	1519 	1523
f 1524 	1521 	1543
f 1543 	1545 	1524
f 1541 	1524 	1545
f 1545 	1550 	1541
f 1542 	1541 	1550
f 1550 	1551 	1542
f 1544 	1542 	1551
f 1551 	1491 	1544
f 1491 	1492 	1544
f 1493 	1546 	1492
f 1494 	1546 	1493
f 1546 	1544 	1492
f 1520 	1565 	1523
f 1553 	1516 	1554
f 1554 	1556 	1553
f 1560 	1561 	1558
f 1559 	1558 	1561
f 1559 	1561 	1562
f 1566 	1565 	1563
f 1520 	1563 	1565
f 1566 	1563 	1568
f 1563 	1567 	1568
f 1556 	1568 	1553
f 1567 	1553 	1568
f 1572 	1573 	1569
f 1569 	66 	1572
f 1570 	1569 	1573
f 1573 	1574 	1570
f 1574 	1575 	1570
f 1575 	1560 	1571
f 1558 	1571 	1560
f 1571 	1570 	1575
f 1559 	1562 	1576
f 1579 	1576 	1580
f 1562 	1580 	1576
f 1581 	1582 	34
f 34 	1579 	1581
f 1581 	1579 	1580
f 1582 	37 	35
f 35 	34 	1582
f 1583 	39 	37
f 1583 	37 	1582
f 1583 	93 	39
f 51 	44 	64
f 64 	63 	51
f 63 	62 	51
f 65 	64 	44
f 44 	43 	65
f 66 	65 	43
f 43 	1572 	66
f 70 	406 	71
f 48 	51 	62
f 48 	62 	71
f 93 	406 	39
f 132 	130 	105
f 99 	105 	130
f 130 	127 	99
f 123 	424 	124
f 124 	416 	125
f 127 	125 	103
f 103 	95 	127
f 95 	97 	127
f 97 	99 	127
f 105 	107 	132
f 134 	132 	107
f 107 	109 	134
f 137 	134 	109
f 137 	109 	111
f 48 	71 	401
f 401 	71 	406
f 70 	39 	406
f 411 	435 	409
f 420 	436 	411
f 409 	435 	407
f 418 	125 	416
f 103 	125 	418
f 430 	425 	123
f 424 	123 	425
f 416 	124 	424
f 473 	427 	425
f 430 	468 	425
f 436 	435 	411
f 437 	436 	420
f 420 	427 	437
f 427 	473 	437
f 440 	443 	449
f 450 	449 	443
f 443 	445 	450
f 445 	402 	450
f 407 	435 	402
f 450 	402 	435
f 465 	458 	466
f 466 	474 	467
f 454 	475 	474
f 466 	458 	474
f 476 	453 	449
f 440 	449 	453
f 476 	475 	453
f 454 	453 	475
f 473 	467 	474
f 473 	425 	468
f 467 	473 	468
f 477 	137 	111
f 478 	477 	456
f 111 	456 	477
f 465 	478 	456
f 456 	458 	465
f 454 	474 	458
f 1727 	355 	1726
f 1824 	1726 	1707
f 356 	1707 	1726
f 484 	505 	1708
f 356 	507 	1707
f 355 	1708 	505
f 356 	1726 	355
f 1821 	1726 	1820
f 1726 	1824 	1820
f 1834 	1727 	1833
f 1726 	1833 	1727
f 1833 	1726 	1837
f 1837 	1726 	1839
f 1839 	1726 	1821
f 355 	1727 	1708
f 1834 	1708 	1727
f 2034 	2033 	1349
f 1937 	1347 	1349
f 1937 	1349 	2033
f 1348 	1347 	1937
f 1348 	1937 	2035
f 2036 	1353 	1348
f 2036 	1348 	2035
f 1355 	1353 	2037
f 2036 	2037 	1353
f 1351 	2039 	2038
f 2041 	2040 	1350
f 2042 	2041 	1350
f 2037 	2039 	1351
f 2037 	1351 	1355
f 1349 	1352 	2034
f 2044 	2034 	1352
f 2045 	2044 	1352
f 2045 	1352 	1357
f 2040 	2048 	1356
f 2040 	1356 	1350
f 2053 	1357 	1356
f 2053 	1356 	2048
f 1357 	2053 	2045
f 2049 	2042 	1350
f 2051 	2050 	1361
f 1358 	1351 	2038
f 1358 	2038 	2056
f 2057 	2049 	1350
f 2050 	2058 	1362
f 2050 	1362 	1361
f 2059 	1358 	2056
f 1350 	1359 	2057
f 2058 	2061 	1363
f 2058 	1363 	1362
f 2059 	2062 	1359
f 2059 	1359 	1358
f 2060 	2057 	1359
f 2062 	2060 	1359
f 2061 	2063 	1364
f 2061 	1364 	1363
f 2064 	1365 	1364
f 2064 	1364 	2063
f 2065 	1366 	1365
f 2065 	1365 	2064
f 2066 	1367 	1366
f 2066 	1366 	2065
f 2066 	2067 	1367
f 1367 	2067 	1376
f 2068 	1376 	2067
f 1378 	1376 	2070
f 2068 	2070 	1376
f 1378 	2070 	2069
f 2069 	2029 	1379
f 2069 	1379 	1378
f 2073 	1379 	2029
f 1379 	2073 	1382
f 2072 	1382 	2073
f 2071 	1382 	2072
f 2071 	2074 	1382
f 1391 	1369 	2075
f 2076 	2075 	1369
f 2077 	2076 	1369
f 2077 	1369 	1370
f 2078 	2077 	1370
f 2078 	1370 	1371
f 2079 	2078 	1371
f 2079 	1371 	1372
f 2080 	2079 	1372
f 2080 	1372 	1373
f 2081 	2080 	1373
f 2081 	1373 	1375
f 2082 	2081 	1375
f 2082 	1375 	1377
f 2083 	2082 	1377
f 2083 	1377 	1381
f 2084 	2083 	1381
f 2091 	1388 	2092
f 1388 	2091 	1390
f 2090 	1390 	2091
f 2094 	1390 	2090
f 2093 	1390 	2094
f 2051 	1361 	2093
f 1390 	2093 	1361
f 2095 	1388 	2096
f 1388 	2095 	2092
f 2098 	2097 	1383
f 2099 	2098 	1383
f 2099 	1383 	1385
f 2100 	2099 	1385
f 2100 	1385 	1386
f 2101 	2100 	1386
f 2101 	1386 	1387
f 2102 	2101 	1387
f 2102 	1387 	1389
f 2103 	2102 	1389
f 2103 	1389 	1391
f 2075 	2103 	1391
f 2104 	1398 	2105
f 1398 	2106 	1395
f 1597 	1395 	2106
f 2106 	1398 	2104
f 1597 	2096 	1395
f 1388 	1395 	2096
f 2108 	2107 	1394
f 2108 	1394 	1393
f 2097 	2108 	1393
f 2097 	1393 	1383
f 2109 	2084 	1424
f 1381 	1424 	2084
f 1397 	2111 	2110
f 2107 	2111 	1397
f 2107 	1397 	1394
f 2074 	2113 	1399
f 2074 	1399 	1382
f 2113 	2136 	1399
f 2114 	1408 	2115
f 2117 	1408 	2114
f 1408 	2117 	1411
f 2116 	1411 	2117
f 2118 	1412 	1411
f 2118 	1411 	2116
f 2121 	1412 	2118
f 1412 	2121 	1413
f 2120 	1413 	2121
f 2122 	1414 	1413
f 2122 	1413 	2120
f 2122 	2123 	1415
f 2122 	1415 	1414
f 2123 	2124 	1416
f 2123 	1416 	1415
f 2124 	2125 	1416
f 2127 	2147 	1400
f 2128 	2127 	1400
f 2129 	2128 	1400
f 2129 	1400 	1401
f 2130 	2129 	1401
f 2130 	1401 	1403
f 2131 	2130 	1403
f 2131 	1403 	1404
f 2132 	2131 	1404
f 2132 	1404 	1405
f 2133 	2132 	1405
f 2133 	1405 	1407
f 2134 	2133 	1407
f 2134 	1407 	1410
f 2135 	2134 	1410
f 2136 	1427 	1399
f 2136 	2137 	1426
f 2136 	1426 	1427
f 2137 	2105 	1426
f 1398 	1426 	2105
f 1424 	2138 	2109
f 2110 	2138 	1424
f 2110 	1424 	1397
f 2140 	1436 	2141
f 2139 	1436 	2140
f 2142 	1437 	1436
f 2142 	1436 	2139
f 2143 	1428 	2144
f 2146 	1429 	1428
f 2146 	1428 	2143
f 2146 	2115 	1429
f 1408 	1429 	2115
f 2151 	2152 	1400
f 2147 	2151 	1400
f 2142 	2145 	1438
f 2142 	1438 	1437
f 2148 	1431 	1430
f 2148 	1430 	2149
f 2148 	2144 	1431
f 1428 	1431 	2144
f 2150 	2149 	1430
f 2150 	1430 	1432
f 1457 	1400 	2152
f 2145 	2150 	1432
f 2145 	1432 	1438
f 2155 	2170 	1434
f 2156 	2155 	1434
f 2156 	1434 	1435
f 2157 	2156 	1435
f 1442 	1465 	2161
f 2160 	1442 	2161
f 2164 	1443 	1442
f 2164 	1442 	2160
f 2166 	1444 	1443
f 2166 	1443 	2164
f 2167 	1445 	1444
f 2167 	1444 	2166
f 2167 	2141 	1445
f 1436 	1445 	2141
f 1462 	1440 	2168
f 2169 	2168 	1440
f 2170 	2169 	1440
f 2170 	1440 	1441
f 2170 	1441 	1434
f 1416 	2125 	1452
f 2171 	1452 	2125
f 2171 	2172 	1453
f 2171 	1453 	1452
f 2172 	2173 	1451
f 2172 	1451 	1453
f 1446 	2181 	2177
f 2174 	2135 	1447
f 1410 	1447 	2135
f 2175 	2174 	1447
f 2175 	1447 	1449
f 2176 	2175 	1449
f 2176 	1449 	1450
f 2177 	2176 	1450
f 2177 	1450 	1446
f 2178 	1464 	1463
f 2178 	1463 	2179
f 2180 	1465 	1464
f 2180 	1464 	2178
f 2180 	2162 	1465
f 2162 	2161 	1465
f 2173 	2179 	1451
f 1451 	2179 	1463
f 1446 	1454 	2181
f 2182 	2181 	1454
f 2182 	1454 	1455
f 2183 	2182 	1455
f 2183 	1455 	1456
f 2184 	2183 	1456
f 2184 	1456 	1457
f 2186 	2188 	1458
f 1460 	1458 	2188
f 2186 	1458 	1461
f 2152 	2184 	1457
f 1461 	2189 	2186
f 2190 	2189 	1461
f 2190 	1461 	1462
f 2168 	2190 	1462
f 2187 	2157 	1466
f 1435 	1466 	2157
f 2188 	2187 	1466
f 2188 	1466 	1460
f 2192 	2191 	1470
f 2192 	1470 	1469
f 2191 	2195 	1471
f 2191 	1471 	1470
f 2195 	2196 	1472
f 2195 	1472 	1471
f 2196 	2197 	1467
f 2196 	1467 	1472
f 2198 	1468 	1467
f 2198 	1467 	2197
f 2193 	2192 	1469
f 2193 	1469 	1473
f 1468 	2198 	1474
f 2199 	1474 	2198
f 2199 	2200 	1474
f 1478 	2194 	2193
f 1478 	2193 	1473
f 2200 	1479 	1474
f 2202 	2201 	1475
f 1481 	1475 	2201
f 2203 	2202 	1475
f 2203 	1475 	1476
f 2200 	2203 	1476
f 2200 	1476 	1479
f 2205 	1481 	2201
f 2205 	2217 	1481
f 1481 	2217 	1490
f 1478 	1480 	2208
f 1478 	2208 	2194
f 2209 	1486 	1485
f 2209 	1485 	2206
f 2210 	2208 	1480
f 2209 	2211 	1487
f 2209 	1487 	1486
f 1480 	1482 	2210
f 2212 	2210 	1482
f 2211 	2213 	1488
f 2211 	1488 	1487
f 2214 	2212 	1482
f 2214 	1482 	1484
f 2213 	2215 	1489
f 2213 	1489 	1488
f 1484 	2216 	2214
f 2215 	2216 	1484
f 2215 	1484 	1489
f 1485 	1490 	2206
f 2217 	2206 	1490
f 2207 	2218 	1492
f 2207 	1492 	1491
f 2219 	1493 	1492
f 2219 	1492 	2218
f 1493 	2219 	2220
f 1493 	2220 	1512
f 2222 	1512 	2220
f 2221 	1512 	2222
f 2224 	1512 	2221
f 1512 	2224 	1514
f 2223 	1514 	2224
f 2223 	2225 	1515
f 2223 	1515 	1514
f 2225 	2227 	1515
f 2226 	1517 	2227
f 1515 	2227 	1517
f 2226 	2031 	1518
f 2226 	1518 	1517
f 2229 	1518 	2031
f 1518 	2229 	2228
f 2239 	2233 	2238
f 2235 	2238 	2233
f 2245 	2242 	2243
f 2242 	2245 	2246
f 2241 	1098 	2248
f 1099 	2248 	1098
f 2243 	2242 	2244
f 1099 	2249 	2248
f 2249 	2254 	2241
f 2249 	2241 	2248
f 2267 	2262 	2266
f 2263 	2266 	2262
f 2254 	2249 	1103
f 1138 	2254 	1103
f 2276 	2277 	2278
f 2279 	2280 	2281
f 648 	1136 	1068
f 1546 	1494 	2232
f 2234 	2232 	1494
f 2236 	2234 	1494
f 2236 	1494 	1496
f 2329 	2236 	1496
f 2329 	1496 	1497
f 2330 	2329 	1497
f 2330 	1497 	1498
f 2331 	2330 	1498
f 2331 	1498 	1511
f 2332 	2331 	1511
f 2332 	1511 	1513
f 2333 	2332 	1513
f 2333 	1513 	1516
f 2334 	2333 	1516
f 2334 	1516 	1553
f 2337 	1545 	1543
f 2337 	1543 	2338
f 2336 	1545 	2337
f 2341 	1545 	2336
f 1067 	1137 	647
f 1137 	1067 	1068
f 2276 	2284 	2277
f 2285 	2277 	2284
f 2287 	2280 	2286
f 1136 	1137 	1068
f 2279 	2286 	2280
f 2353 	2283 	2352
f 2359 	2367 	2358
f 2356 	2358 	2367
f 2360 	2367 	2359
f 2361 	2353 	2360
f 2362 	2353 	2361
f 2363 	2353 	2362
f 2355 	2356 	2367
f 2355 	2367 	2365
f 2364 	2365 	2367
f 2367 	2360 	2353
f 2372 	2353 	2363
f 2369 	2353 	2368
f 2381 	2353 	2369
f 2382 	2383 	2353
f 2370 	2283 	2353
f 2351 	2352 	2283
f 2282 	2351 	2283
f 2373 	2353 	2372
f 2374 	2353 	2373
f 2375 	2353 	2374
f 2376 	2353 	2375
f 2377 	2353 	2376
f 2378 	2353 	2377
f 2379 	2353 	2378
f 2380 	2353 	2379
f 2368 	2353 	2380
f 2382 	2353 	2381
f 2385 	2353 	2384
f 2386 	2353 	2385
f 2387 	2353 	2386
f 2388 	2353 	2387
f 2383 	2384 	2353
f 2390 	2353 	2389
f 2389 	2353 	2388
f 2370 	2353 	2391
f 2391 	2353 	2390
f 2340 	1545 	2341
f 1545 	2340 	1550
f 2339 	1550 	2340
f 2396 	1551 	1550
f 2396 	1550 	2339
f 2396 	2207 	1551
f 1491 	1551 	2207
f 1600 	1523 	2397
f 1565 	2397 	1523
f 2400 	1523 	1600
f 2399 	1543 	1523
f 2399 	1523 	2400
f 1543 	2399 	2338
f 2405 	2404 	1520
f 2405 	1520 	1519
f 2406 	2405 	1519
f 2406 	1519 	1521
f 2407 	2406 	1521
f 2407 	1521 	1524
f 2408 	2407 	1524
f 2408 	1524 	1541
f 2409 	2408 	1541
f 2409 	1541 	1542
f 2410 	2409 	1542
f 2410 	1542 	1544
f 2411 	2410 	1544
f 2411 	1544 	1546
f 2232 	2411 	1546
f 1520 	2404 	2412
f 492 	2418 	491
f 2419 	493 	494
f 2426 	496 	497
f 2432 	2437 	2433
f 2431 	2437 	2432
f 2425 	2437 	2431
f 2424 	2437 	2425
f 2423 	2437 	2424
f 2422 	2437 	2423
f 2421 	2437 	2422
f 2420 	2437 	2421
f 2750 	2433 	2437
f 2420 	2458 	2437
f 2437 	2446 	2445
f 2437 	2445 	2444
f 2437 	2444 	2443
f 2437 	2443 	2442
f 2437 	2442 	2440
f 2437 	2440 	2439
f 2437 	2439 	2438
f 2437 	2438 	2435
f 2446 	2437 	2448
f 2458 	2456 	2437
f 2456 	2455 	2437
f 2455 	2454 	2437
f 2454 	2453 	2437
f 2453 	2450 	2437
f 2449 	2437 	2450
f 2448 	2437 	2449
f 2454 	2462 	2463
f 2454 	2463 	2453
f 501 	2428 	498
f 499 	2429 	500
f 1518 	2228 	1554
f 2505 	1554 	2228
f 2504 	1554 	2505
f 2504 	2507 	1556
f 2504 	1556 	1554
f 2507 	2512 	1556
f 1553 	2514 	2334
f 2515 	2514 	1553
f 2509 	2508 	1560
f 2518 	1561 	1560
f 2518 	1560 	2508
f 2520 	1562 	1561
f 2520 	1561 	2518
f 2520 	2522 	1562
f 2524 	2631 	1571
f 2524 	1571 	1558
f 2525 	2524 	1558
f 2525 	1558 	1559
f 2526 	2525 	1559
f 2466 	515 	2467
f 2467 	2476 	2475
f 2467 	2475 	2474
f 2467 	2474 	2473
f 2471 	2468 	2473
f 2470 	2468 	2471
f 2467 	2473 	2468
f 2486 	2840 	2485
f 2496 	2840 	2498
f 2485 	2840 	2487
f 2493 	2840 	2496
f 2492 	2840 	2493
f 2491 	2840 	2492
f 2490 	2840 	2491
f 2489 	2840 	2490
f 2487 	2840 	2489
f 2531 	2840 	2532
f 2500 	2840 	2531
f 2532 	2840 	2533
f 2498 	2840 	2500
f 2533 	2840 	2534
f 2536 	2840 	2538
f 2535 	2840 	2536
f 2534 	2840 	2535
f 2534 	2542 	2543
f 2534 	2543 	2533
f 2612 	1565 	1566
f 2612 	1566 	2608
f 1565 	2612 	2397
f 1563 	2615 	2614
f 2412 	2615 	1563
f 2412 	1563 	1520
f 2611 	2610 	43
f 45 	2611 	43
f 1572 	43 	2610
f 1572 	2610 	2609
f 2619 	2618 	1568
f 1556 	2512 	1568
f 2618 	2608 	1566
f 2618 	1566 	1568
f 2623 	2515 	1567
f 1553 	1567 	2515
f 2614 	2623 	1567
f 2614 	1567 	1563
f 2609 	2620 	1573
f 2609 	1573 	1572
f 2619 	1568 	2512
f 2625 	1574 	1573
f 2625 	1573 	2620
f 2627 	1575 	1574
f 2627 	1574 	2625
f 2627 	2509 	1575
f 1560 	1575 	2509
f 66 	1569 	59
f 2629 	59 	1569
f 2630 	2629 	1569
f 2630 	1569 	1570
f 2631 	2630 	1570
f 2631 	1570 	1571
f 2522 	2651 	1580
f 2522 	1580 	1562
f 1581 	1580 	2654
f 2651 	2654 	1580
f 1581 	2654 	2653
f 2653 	2032 	1582
f 2653 	1582 	1581
f 2658 	1582 	2032
f 1582 	2658 	1583
f 2657 	1583 	2658
f 2656 	1583 	2657
f 93 	1583 	91
f 2656 	91 	1583
f 1559 	1576 	2526
f 2659 	2526 	1576
f 2660 	2659 	1576
f 2660 	1576 	1579
f 33 	2660 	1579
f 33 	1579 	34
f 1100 	1102 	886
f 885 	886 	1102
f 1136 	3180 	1137
f 3181 	1137 	3180
f 3181 	3186 	1137
f 2548 	2587 	2596
f 2549 	2548 	2596
f 2555 	2552 	2596
f 2552 	2550 	2596
f 2550 	2549 	2596
f 2571 	2570 	2557
f 2569 	2558 	2570
f 2557 	2570 	2558
f 2558 	2569 	2567
f 2558 	2567 	2566
f 2558 	2566 	2564
f 2558 	2564 	2563
f 2558 	2563 	2562
f 2558 	2562 	2560
f 2558 	2560 	2559
f 2575 	2557 	2576
f 2574 	2557 	2575
f 2573 	2557 	2574
f 2571 	2557 	2573
f 2577 	2576 	2557
f 2583 	2584 	2557
f 2584 	2582 	2557
f 2582 	2581 	2557
f 2581 	2579 	2557
f 2578 	2557 	2579
f 2577 	2557 	2578
f 2587 	2594 	2596
f 2589 	2596 	2590
f 2594 	2593 	2596
f 2593 	2591 	2596
f 2590 	2596 	2591
f 2557 	2555 	2595
f 2605 	2596 	2589
f 2596 	2595 	2555
f 2596 	2605 	2604
f 2596 	2604 	2603
f 2596 	2603 	2602
f 2596 	2602 	2601
f 2596 	2601 	2600
f 2596 	2600 	2599
f 2596 	2599 	2598
f 2596 	2598 	2597
f 2284 	2583 	2557
f 2595 	2710 	2557
f 2710 	2709 	2557
f 2709 	2708 	2557
f 2708 	2707 	2557
f 2707 	2706 	2557
f 2706 	2705 	2557
f 2705 	2694 	2557
f 2694 	2607 	2557
f 2607 	2606 	2557
f 2285 	2557 	2606
f 2284 	2557 	2285
f 2735 	2286 	2736
f 2736 	2286 	2737
f 2437 	2287 	2734
f 2754 	2749 	2737
f 2747 	2738 	2748
f 2738 	2737 	2748
f 2749 	2748 	2737
f 2738 	2747 	2745
f 2738 	2745 	2744
f 2738 	2744 	2743
f 2738 	2743 	2742
f 2738 	2742 	2741
f 2738 	2741 	2740
f 2738 	2740 	2739
f 2750 	2437 	2751
f 2734 	2751 	2437
f 2735 	2734 	2286
f 2756 	2737 	2757
f 2755 	2737 	2756
f 2754 	2737 	2755
f 2762 	2761 	2737
f 2761 	2760 	2737
f 2760 	2759 	2737
f 2759 	2757 	2737
f 2763 	2762 	2737
f 2764 	2763 	2737
f 2764 	2737 	2286
f 2286 	2734 	2287
f 2782 	2804 	2783
f 2781 	2804 	2782
f 2780 	2804 	2781
f 2779 	2804 	2780
f 2778 	2804 	2779
f 2777 	2804 	2778
f 2784 	2783 	2804
f 2776 	2804 	2777
f 2775 	2804 	2776
f 2774 	2804 	2775
f 2773 	2804 	2774
f 2772 	2804 	2773
f 2785 	2784 	2804
f 2785 	2804 	2787
f 2789 	2787 	2804
f 2803 	2802 	2804
f 2802 	2801 	2804
f 2801 	2799 	2804
f 2799 	2798 	2804
f 2798 	2796 	2804
f 2796 	2795 	2804
f 2795 	2793 	2804
f 2793 	2792 	2804
f 2792 	2790 	2804
f 2789 	2804 	2790
f 510 	511 	2804
f 2772 	510 	2804
f 511 	2819 	2804
f 2819 	2818 	2804
f 2818 	2816 	2804
f 2816 	2815 	2804
f 2805 	2804 	2815
f 2806 	2805 	2815
f 2806 	2815 	2814
f 2806 	2814 	2813
f 2806 	2813 	2812
f 2806 	2812 	2810
f 2809 	2807 	2810
f 2806 	2810 	2807
f 2803 	2804 	2821
f 2804 	2833 	2821
f 2833 	2832 	2821
f 2832 	2831 	2821
f 2831 	2830 	2821
f 2830 	2829 	2821
f 2829 	2828 	2821
f 2828 	2826 	2821
f 2826 	2825 	2821
f 2822 	2821 	2825
f 2824 	2823 	2825
f 2822 	2825 	2823
f 2848 	2847 	2850
f 2847 	2845 	2850
f 2845 	2844 	2850
f 2844 	2843 	2850
f 2843 	2842 	2850
f 2842 	2841 	2850
f 2841 	2840 	2850
f 2851 	2850 	2840
f 2838 	2466 	2839
f 2837 	2466 	2838
f 2852 	2466 	2837
f 512 	2466 	2852
f 2840 	2839 	2466
f 2466 	512 	515
f 2476 	2467 	515
f 2851 	2840 	2853
f 2854 	2853 	2840
f 2864 	2863 	2840
f 2863 	2862 	2840
f 2862 	2861 	2840
f 2861 	2860 	2840
f 2860 	2858 	2840
f 2858 	2857 	2840
f 2857 	2856 	2840
f 2856 	2855 	2840
f 2854 	2840 	2855
f 2864 	2840 	2865
f 2865 	2840 	2866
f 2466 	2538 	2840
f 2866 	2840 	2486
f 2989 	2351 	2282
f 2351 	2989 	2352
f 2990 	2352 	2989
f 2990 	2991 	2353
f 2990 	2353 	2352
f 2353 	2991 	2367
f 2991 	2992 	2367
f 2993 	2367 	2992
f 2993 	2364 	2367
f 2993 	2994 	2364
f 2370 	2391 	2995
f 2995 	2283 	2370
f 2386 	2385 	1091
f 1222 	1091 	2385
f 2386 	1091 	2387
f 2387 	1091 	1222
f 2997 	2998 	2388
f 2388 	2998 	2389
f 2998 	2999 	2389
f 2390 	2389 	2999
f 3000 	2391 	2390
f 2390 	2999 	3000
f 3000 	2996 	2391
f 2996 	2995 	2391
f 3114 	2364 	2994
f 3114 	2365 	2364
f 2355 	2365 	3116
f 2355 	3116 	2356
f 2359 	2358 	3119
f 3119 	2360 	2359
f 2361 	2360 	3122
f 3122 	2362 	2361
f 2362 	3125 	2363
f 3128 	2369 	2368
f 3132 	2377 	2376
f 2378 	3135 	2379
f 3135 	2380 	2379
f 3139 	2373 	2372
f 3139 	2374 	2373
f 3147 	2382 	2381
f 2382 	3147 	2383
f 3149 	2384 	2383
f 3149 	2385 	2384
f 1224 	1222 	2385
f 2387 	1222 	1224
f 2388 	3152 	2997
f 2994 	3113 	3114
f 2365 	3115 	3116
f 3116 	3117 	2356
f 3117 	3118 	2356
f 2358 	3118 	3119
f 2360 	3119 	3121
f 3121 	3122 	2360
f 2362 	3122 	3124
f 3124 	3125 	2362
f 2369 	3128 	3130
f 2378 	2377 	3134
f 3134 	3135 	2378
f 2380 	3128 	2368
f 3132 	2376 	2375
f 2369 	3130 	2381
f 3146 	2381 	3130
f 3147 	2381 	3146
f 3148 	2383 	3147
f 3149 	2383 	3148
f 2385 	3150 	1224
f 1226 	3151 	1224
f 3152 	2388 	2387
f 2365 	3114 	3115
f 2358 	2356 	3118
f 2372 	2363 	3125
f 3122 	3121 	3113
f 3121 	3119 	3113
f 3125 	3124 	3113
f 3124 	3122 	3113
f 3114 	3113 	3119
f 3115 	3114 	3119
f 3116 	3115 	3119
f 3118 	3117 	3119
f 3116 	3119 	3117
f 3153 	3152 	3113
f 3113 	3146 	3130
f 3113 	3130 	3128
f 3128 	3136 	3113
f 3132 	3133 	2377
f 3133 	3134 	2377
f 3135 	3136 	2380
f 3136 	3128 	2380
f 3125 	3138 	2372
f 3138 	3139 	2372
f 2374 	3139 	3140
f 3140 	3142 	2375
f 3140 	2375 	2374
f 3142 	3132 	2375
f 3139 	3113 	3140
f 3125 	3113 	3138
f 3138 	3113 	3139
f 3142 	3140 	3113
f 3136 	3135 	3113
f 3135 	3134 	3113
f 3134 	3133 	3113
f 3133 	3132 	3113
f 3142 	3113 	3132
f 3149 	3150 	2385
f 3150 	1229 	1226
f 1226 	1224 	3150
f 2387 	1224 	3151
f 1229 	3151 	1226
f 3151 	3152 	2387
f 3152 	3153 	2997
f 3148 	3113 	3149
f 3149 	3113 	3150
f 3147 	3113 	3148
f 3146 	3113 	3147
f 3150 	3113 	1229
f 3151 	3113 	3152
f 1229 	3113 	3151
f 3180 	1136 	3184
f 3155 	3156 	3302
f 3156 	3157 	3302
f 3157 	3158 	3302
f 3158 	3159 	3302
f 3159 	3160 	3302
f 3160 	3161 	3302
f 3161 	3163 	3302
f 3164 	3302 	3163
f 3166 	3302 	3164
f 3167 	3302 	3166
f 3188 	3302 	3187
f 3287 	3288 	3302
f 3285 	3302 	3284
f 3286 	3302 	3285
f 3284 	3302 	3282
f 3187 	3302 	3286
f 3282 	3302 	3283
f 3302 	3167 	3287
f 3288 	3289 	3302
f 3291 	3302 	3289
f 3283 	3302 	3291
f 1232 	1233 	3298
f 3300 	1233 	1232
f 3188 	3293 	3302
f 3293 	3294 	3302
f 3294 	3295 	3302
f 3295 	3296 	3302
f 3296 	3298 	3302
f 3298 	1233 	3302
f 1233 	3300 	3302
f 3300 	3301 	3302
f 3160 	3159 	526
f 526 	3161 	3160
f 3166 	3164 	522
f 522 	3167 	3166
f 3287 	549 	3288
f 548 	3288 	549
f 548 	3289 	3288
f 3289 	546 	3291
f 546 	3283 	3291
f 557 	3294 	3293
f 3294 	557 	3295
f 1259 	1232 	3298
f 3300 	1232 	1259
f 3404 	3302 	3301
f 3155 	3345 	3156
f 3157 	529 	3158
f 3158 	528 	527
f 3158 	527 	3159
f 527 	526 	3159
f 526 	525 	3161
f 525 	3163 	3161
f 3163 	523 	3164
f 3164 	523 	522
f 3310 	648 	3314
f 549 	3287 	3167
f 3282 	543 	3284
f 3284 	543 	3285
f 542 	3285 	543
f 3285 	542 	3286
f 541 	3286 	542
f 541 	535 	3286
f 647 	3314 	648
f 3289 	547 	546
f 3188 	534 	3293
f 556 	3295 	557
f 3296 	3295 	556
f 555 	554 	3296
f 3298 	554 	1259
f 1265 	1259 	554
f 1265 	552 	1259
f 3301 	551 	3404
f 519 	3333 	520
f 3336 	3333 	518
f 519 	518 	3333
f 518 	517 	3336
f 3338 	3336 	517
f 517 	532 	3338
f 3341 	3338 	532
f 532 	3343 	3341
f 3345 	530 	3156
f 3345 	3343 	530
f 532 	530 	3343
f 3157 	3156 	529
f 530 	529 	3156
f 528 	3158 	529
f 3163 	525 	524
f 524 	523 	3163
f 522 	521 	3167
f 3187 	3286 	535
f 3188 	3187 	534
f 535 	534 	3187
f 558 	3293 	534
f 3399 	559 	3400
f 538 	537 	3400
f 544 	3282 	545
f 3283 	545 	3282
f 544 	543 	3282
f 521 	549 	3167
f 548 	547 	3289
f 3283 	546 	545
f 558 	557 	3293
f 3296 	556 	555
f 3298 	3296 	554
f 554 	553 	1186
f 1265 	554 	1186
f 553 	552 	1186
f 3300 	1259 	552
f 1186 	552 	1265
f 3301 	3300 	551
f 552 	551 	3300
f 3404 	551 	3405
f 561 	3405 	551
f 560 	3406 	561
f 3405 	561 	3406
f 3406 	560 	3407
f 559 	3407 	560
f 3399 	3407 	559
f 3400 	559 	538
f 3499 	3310 	3498
f 3498 	3310 	3500
f 3500 	3310 	3501
f 3314 	3502 	3310
f 3314 	3506 	3502
f 3501 	3310 	3502
f 3499 	3184 	3310
f 647 	3186 	3314
f 648 	3310 	3184
f 3314 	3186 	3506
f 648 	3184 	1136
f 647 	1137 	3186
# 1448 faces

g group_0_4634441

usemtl color_4634441
s 0

f 348 	256 	6
f 256 	258 	6
f 7 	348 	6
f 9 	348 	8
f 12 	348 	9
f 13 	348 	12
f 7 	8 	348
f 15 	348 	13
f 17 	230 	15
f 18 	19 	230
f 20 	23 	230
f 229 	230 	25
f 24 	25 	230
f 135 	229 	25
f 228 	229 	135
f 31 	42 	3275
f 28 	135 	26
f 29 	135 	28
f 1599 	1600 	41
f 2397 	2612 	41
f 444 	441 	46
f 52 	1599 	41
f 53 	357 	52
f 49 	357 	53
f 56 	57 	60
f 57 	58 	60
f 58 	59 	60
f 59 	2629 	60
f 2629 	2630 	60
f 55 	56 	60
f 60 	61 	55
f 54 	55 	61
f 67 	68 	2729
f 68 	69 	2729
f 69 	72 	2729
f 72 	73 	2729
f 73 	74 	2729
f 79 	80 	76
f 75 	76 	80
f 78 	75 	81
f 80 	81 	75
f 82 	83 	85
f 82 	85 	86
f 87 	84 	86
f 82 	86 	84
f 89 	404 	88
f 104 	100 	92
f 100 	98 	92
f 90 	96 	94
f 88 	94 	96
f 96 	90 	98
f 90 	91 	98
f 102 	403 	101
f 101 	404 	89
f 91 	92 	98
f 104 	92 	106
f 106 	92 	108
f 92 	351 	110
f 112 	110 	351
f 110 	108 	92
f 116 	120 	115
f 115 	120 	114
f 118 	119 	117
f 119 	120 	117
f 116 	117 	120
f 121 	113 	120
f 122 	428 	121
f 126 	135 	29
f 25 	26 	135
f 128 	133 	126
f 129 	133 	128
f 131 	226 	129
f 135 	126 	133
f 278 	279 	140
f 140 	145 	278
f 142 	408 	141
f 47 	141 	143
f 46 	143 	144
f 145 	136 	278
f 277 	278 	136
f 176 	177 	153
f 176 	153 	155
f 158 	174 	157
f 156 	176 	155
f 279 	280 	140
f 163 	223 	162
f 164 	223 	163
f 161 	162 	223
f 165 	223 	164
f 169 	198 	168
f 147 	148 	182
f 181 	182 	149
f 168 	223 	166
f 280 	281 	174
f 174 	158 	280
f 158 	138 	280
f 138 	139 	280
f 149 	150 	180
f 180 	181 	149
f 182 	183 	147
f 183 	198 	169
f 169 	147 	183
f 281 	282 	174
f 193 	331 	191
f 191 	2 	190
f 326 	328 	185
f 324 	326 	170
f 282 	283 	173
f 223 	168 	198
f 199 	223 	198
f 202 	223 	201
f 205 	223 	204
f 204 	223 	203
f 205 	206 	223
f 207 	225 	206
f 210 	225 	209
f 211 	225 	210
f 213 	214 	224
f 208 	209 	225
f 215 	1 	214
f 225 	211 	212
f 217 	1 	216
f 219 	1 	218
f 222 	2 	221
f 2 	222 	187
f 187 	189 	2
f 190 	2 	189
f 197 	185 	329
f 218 	1 	217
f 220 	2 	219
f 221 	2 	220
f 1 	219 	2
f 200 	223 	199
f 201 	223 	200
f 203 	223 	202
f 148 	149 	182
f 179 	180 	150
f 150 	152 	179
f 177 	179 	152
f 152 	153 	177
f 157 	175 	156
f 223 	206 	225
f 225 	226 	223
f 207 	208 	225
f 225 	212 	224
f 212 	213 	224
f 1 	224 	214
f 216 	1 	215
f 133 	129 	226
f 131 	159 	226
f 159 	160 	226
f 223 	226 	161
f 160 	161 	226
f 165 	166 	223
f 23 	24 	230
f 227 	228 	135
f 19 	20 	230
f 17 	18 	230
f 348 	15 	230
f 233 	238 	232
f 234 	238 	233
f 235 	247 	234
f 238 	357 	232
f 239 	247 	235
f 240 	247 	239
f 350 	359 	242
f 243 	350 	242
f 238 	234 	247
f 244 	350 	243
f 245 	350 	244
f 248 	350 	245
f 250 	350 	249
f 251 	348 	250
f 252 	348 	251
f 253 	348 	252
f 5 	6 	258
f 267 	269 	296
f 354 	296 	269
f 272 	354 	271
f 261 	357 	276
f 323 	324 	170
f 283 	321 	171
f 322 	323 	171
f 300 	313 	262
f 262 	263 	299
f 263 	266 	298
f 291 	354 	290
f 292 	354 	291
f 294 	354 	293
f 296 	354 	294
f 297 	267 	296
f 298 	299 	263
f 287 	288 	313
f 313 	315 	287
f 292 	293 	354
f 289 	290 	354
f 304 	3 	303
f 308 	351 	307
f 311 	351 	310
f 301 	351 	311
f 315 	316 	286
f 286 	287 	315
f 285 	286 	316
f 318 	285 	316
f 321 	283 	320
f 186 	170 	326
f 330 	331 	196
f 333 	2 	332
f 338 	2 	337
f 337 	2 	336
f 339 	2 	338
f 342 	3 	340
f 345 	3 	344
f 345 	303 	3
f 305 	352 	304
f 307 	351 	306
f 3 	2 	340
f 3 	342 	343
f 343 	344 	3
f 319 	285 	318
f 320 	283 	319
f 170 	171 	323
f 288 	262 	313
f 299 	300 	262
f 297 	298 	266
f 266 	267 	297
f 270 	354 	269
f 271 	354 	270
f 273 	354 	272
f 276 	354 	275
f 274 	354 	273
f 172 	173 	283
f 173 	174 	282
f 175 	157 	174
f 176 	156 	175
f 139 	140 	280
f 5 	260 	4
f 4 	260 	136
f 260 	5 	259
f 277 	136 	260
f 171 	172 	283
f 185 	186 	326
f 321 	322 	171
f 284 	319 	283
f 285 	319 	284
f 196 	197 	329
f 328 	329 	185
f 329 	330 	196
f 194 	196 	331
f 193 	194 	331
f 2 	191 	331
f 2 	331 	332
f 335 	2 	333
f 336 	2 	335
f 340 	2 	339
f 350 	348 	230
f 248 	249 	350
f 254 	348 	253
f 255 	348 	254
f 256 	348 	255
f 259 	5 	258
f 350 	250 	348
f 359 	247 	242
f 240 	242 	247
f 3 	304 	352
f 305 	306 	352
f 351 	352 	306
f 308 	310 	351
f 351 	301 	302
f 302 	289 	354
f 351 	302 	354
f 274 	275 	354
f 231 	357 	261
f 231 	232 	357
f 354 	276 	357
f 359 	360 	247
f 358 	247 	360
f 1599 	52 	357
f 4 	2550 	5
f 2550 	2552 	5
f 2559 	2560 	9
f 2564 	2566 	17
f 25 	2574 	26
f 26 	2575 	28
f 129 	2582 	131
f 2587 	2548 	136
f 138 	2590 	2591
f 138 	2591 	139
f 139 	2591 	140
f 145 	2587 	136
f 2601 	153 	152
f 153 	2601 	155
f 2582 	2584 	131
f 160 	2606 	161
f 2607 	2694 	161
f 2710 	2595 	169
f 182 	2747 	183
f 2748 	2749 	183
f 2750 	186 	185
f 187 	2422 	189
f 189 	2422 	190
f 191 	2424 	193
f 2425 	194 	193
f 197 	2750 	185
f 198 	2755 	199
f 199 	2755 	200
f 2759 	2760 	202
f 2438 	209 	208
f 209 	2438 	210
f 2446 	216 	215
f 2449 	217 	216
f 217 	2449 	218
f 220 	2455 	2456
f 220 	2456 	221
f 2456 	2458 	221
f 2458 	2420 	222
f 510 	2772 	261
f 2774 	232 	231
f 232 	2774 	233
f 2776 	234 	233
f 234 	2776 	235
f 2778 	239 	235
f 2778 	2779 	239
f 405 	143 	141
f 404 	101 	403
f 46 	47 	143
f 403 	410 	142
f 405 	141 	408
f 408 	142 	410
f 94 	88 	404
f 410 	403 	412
f 102 	417 	403
f 421 	415 	414
f 413 	414 	415
f 417 	413 	415
f 417 	415 	412
f 412 	403 	417
f 422 	423 	421
f 421 	423 	415
f 114 	120 	113
f 113 	121 	419
f 419 	121 	426
f 426 	121 	429
f 433 	434 	432
f 431 	432 	434
f 442 	357 	441
f 451 	357 	439
f 438 	357 	442
f 50 	46 	357
f 144 	444 	46
f 431 	434 	448
f 448 	434 	447
f 457 	455 	351
f 461 	464 	460
f 462 	463 	461
f 429 	121 	428
f 428 	463 	462
f 463 	428 	122
f 464 	461 	463
f 459 	460 	464
f 469 	470 	471
f 469 	471 	472
f 447 	434 	446
f 472 	446 	469
f 469 	446 	434
f 249 	2789 	250
f 250 	2789 	251
f 2802 	260 	259
f 2802 	2803 	260
f 267 	2810 	269
f 269 	2810 	270
f 272 	2814 	273
f 2815 	2816 	273
f 275 	2819 	276
f 2819 	511 	276
f 277 	2822 	278
f 2823 	279 	2822
f 278 	2822 	279
f 2823 	2824 	279
f 2828 	2829 	283
f 286 	2832 	287
f 2832 	2833 	287
f 2833 	2804 	288
f 289 	2838 	2839
f 289 	2839 	290
f 290 	2839 	291
f 296 	2844 	297
f 2845 	298 	297
f 302 	2837 	289
f 2538 	2466 	345
f 303 	2467 	2468
f 303 	2468 	304
f 304 	2468 	305
f 306 	2471 	307
f 2473 	2474 	307
f 310 	2476 	311
f 2476 	515 	311
f 300 	2851 	313
f 313 	2853 	315
f 318 	2857 	319
f 319 	2857 	320
f 329 	2487 	330
f 330 	2487 	331
f 333 	2492 	335
f 2492 	2493 	335
f 590 	3602 	589
f 591 	3602 	590
f 592 	3602 	591
f 594 	596 	3602
f 598 	600 	3602
f 879 	3602 	603
f 603 	605 	879
f 42 	606 	3275
f 3602 	3275 	607
f 606 	607 	3275
f 609 	3602 	608
f 589 	3602 	609
f 611 	879 	610
f 611 	612 	879
f 605 	610 	879
f 613 	879 	612
f 614 	879 	613
f 619 	621 	2729
f 622 	625 	2729
f 621 	622 	2729
f 626 	2729 	625
f 626 	627 	2729
f 628 	629 	2729
f 67 	2729 	629
f 627 	628 	2729
f 631 	632 	2716
f 632 	634 	2716
f 634 	635 	2716
f 636 	2716 	635
f 636 	637 	2716
f 637 	638 	2716
f 639 	640 	2716
f 640 	642 	2716
f 2729 	2716 	618
f 343 	2535 	2536
f 343 	2536 	344
f 2536 	2538 	344
f 1065 	3405 	350
f 2 	2392 	1
f 2260 	2392 	2
f 3 	2395 	2
f 2260 	2 	2395
f 452 	357 	451
f 4 	136 	2548
f 2550 	4 	2549
f 6 	5 	2552
f 7 	6 	2552
f 7 	2552 	2555
f 2555 	2557 	7
f 2559 	9 	8
f 12 	9 	2560
f 2562 	13 	2560
f 12 	2560 	13
f 2562 	2563 	13
f 2564 	17 	15
f 18 	17 	2566
f 19 	18 	2566
f 19 	2569 	20
f 20 	2569 	23
f 2570 	23 	2569
f 2570 	2571 	23
f 24 	23 	2571
f 24 	2573 	2574
f 24 	2574 	25
f 2575 	26 	2574
f 2575 	2576 	28
f 29 	28 	2577
f 2576 	2577 	28
f 2578 	126 	2577
f 29 	2577 	126
f 2579 	128 	2578
f 126 	2578 	128
f 129 	128 	2581
f 2579 	2581 	128
f 129 	2581 	2582
f 2549 	4 	2548
f 158 	2589 	138
f 140 	2591 	2593
f 2594 	145 	2593
f 140 	2593 	145
f 145 	2594 	2587
f 148 	147 	2596
f 150 	2599 	152
f 2600 	2601 	152
f 155 	2601 	2602
f 2602 	156 	155
f 159 	2285 	160
f 161 	2606 	2607
f 162 	161 	2694
f 2694 	163 	162
f 2706 	164 	163
f 2707 	165 	2706
f 164 	2706 	165
f 2707 	2708 	165
f 166 	165 	2708
f 168 	166 	2708
f 168 	2708 	2709
f 2709 	2710 	168
f 169 	168 	2710
f 147 	169 	2595
f 171 	170 	2735
f 172 	171 	2737
f 2737 	2738 	172
f 173 	172 	2738
f 2739 	174 	2738
f 173 	2738 	174
f 2740 	175 	2739
f 174 	2739 	175
f 175 	2740 	2741
f 175 	2741 	176
f 2742 	177 	2741
f 176 	2741 	177
f 177 	2742 	2743
f 177 	2743 	179
f 2744 	180 	2743
f 179 	2743 	180
f 2744 	2745 	180
f 181 	180 	2745
f 181 	2745 	2747
f 181 	2747 	182
f 2748 	183 	2747
f 183 	2749 	198
f 186 	2734 	170
f 187 	2420 	2421
f 2422 	187 	2421
f 190 	2422 	2423
f 2423 	2424 	190
f 191 	190 	2424
f 2425 	193 	2424
f 196 	194 	2432
f 2432 	2433 	196
f 198 	2754 	2755
f 2759 	202 	201
f 203 	202 	2760
f 2761 	204 	2760
f 203 	2760 	204
f 204 	2761 	205
f 2764 	206 	2763
f 205 	2763 	206
f 2764 	2286 	206
f 2438 	2439 	210
f 211 	210 	2440
f 2439 	2440 	210
f 2442 	212 	2440
f 211 	2440 	212
f 212 	2442 	2443
f 212 	2443 	213
f 2443 	214 	213
f 214 	2444 	215
f 2446 	215 	2445
f 216 	2446 	2448
f 2448 	2449 	216
f 218 	2449 	2450
f 2450 	2453 	218
f 219 	2454 	220
f 222 	221 	2458
f 187 	222 	2420
f 261 	2772 	231
f 2774 	231 	2773
f 240 	239 	2779
f 240 	2779 	242
f 242 	2780 	243
f 2781 	2782 	243
f 601 	603 	3602
f 614 	773 	879
f 774 	879 	773
f 879 	776 	3100
f 778 	780 	3100
f 781 	3100 	780
f 789 	790 	3101
f 2716 	3101 	790
f 787 	789 	3101
f 791 	2716 	790
f 791 	792 	2716
f 792 	633 	2716
f 630 	631 	2716
f 2716 	633 	630
f 244 	2783 	245
f 248 	245 	2783
f 248 	2783 	2784
f 2784 	2785 	248
f 248 	2785 	249
f 249 	2787 	2789
f 251 	2789 	2790
f 251 	2790 	2792
f 251 	2792 	252
f 2793 	253 	2792
f 252 	2792 	253
f 253 	2793 	2795
f 253 	2795 	254
f 2796 	255 	2795
f 254 	2795 	255
f 255 	2796 	2798
f 255 	2798 	256
f 2799 	258 	2798
f 256 	2798 	258
f 885 	893 	886
f 258 	2799 	2801
f 258 	2801 	259
f 259 	2801 	2802
f 897 	879 	896
f 897 	899 	879
f 915 	918 	879
f 900 	879 	899
f 263 	262 	2805
f 263 	2806 	266
f 879 	900 	880
f 2807 	2809 	266
f 267 	2809 	2810
f 902 	879 	901
f 901 	879 	880
f 270 	2810 	2812
f 271 	270 	2812
f 271 	2812 	2813
f 2716 	903 	904
f 904 	905 	2716
f 2813 	2814 	271
f 272 	271 	2814
f 2815 	273 	2814
f 274 	273 	2816
f 2716 	905 	906
f 275 	274 	2816
f 275 	2816 	2818
f 2819 	275 	2818
f 908 	909 	3100
f 909 	910 	3100
f 910 	911 	3100
f 911 	912 	3100
f 913 	879 	912
f 915 	879 	913
f 280 	279 	2824
f 2825 	281 	2824
f 280 	2824 	281
f 896 	879 	918
f 3345 	921 	2716
f 926 	2716 	925
f 928 	929 	2716
f 926 	928 	2716
f 929 	930 	2716
f 930 	932 	2716
f 932 	933 	2716
f 903 	2716 	933
f 3345 	936 	921
f 902 	938 	879
f 939 	2994 	938
f 941 	2994 	939
f 945 	2994 	941
f 946 	947 	2994
f 948 	949 	2994
f 949 	950 	2994
f 950 	953 	2994
f 956 	3113 	954
f 960 	961 	3345
f 961 	1037 	3345
f 281 	2825 	282
f 2828 	283 	282
f 284 	283 	2829
f 285 	284 	2829
f 285 	2829 	2830
f 2830 	2831 	285
f 286 	285 	2831
f 2832 	286 	2831
f 288 	287 	2833
f 262 	288 	2804
f 293 	292 	2842
f 2843 	294 	2842
f 293 	2842 	294
f 294 	2843 	2844
f 294 	2844 	296
f 2845 	297 	2844
f 1037 	1038 	3345
f 1040 	1041 	3345
f 1042 	3345 	1041
f 2848 	299 	298
f 300 	299 	2848
f 305 	2468 	2470
f 2470 	2471 	305
f 306 	305 	2471
f 2473 	307 	2471
f 308 	307 	2474
f 310 	308 	2474
f 310 	2474 	2475
f 2476 	310 	2475
f 2853 	313 	2851
f 315 	2853 	2854
f 315 	2854 	2855
f 315 	2855 	316
f 2856 	318 	2855
f 316 	2855 	318
f 318 	2856 	2857
f 320 	2858 	2860
f 321 	320 	2860
f 321 	2860 	322
f 323 	2863 	324
f 2863 	2864 	324
f 328 	2486 	329
f 329 	2485 	2487
f 2491 	333 	332
f 333 	2491 	2492
f 336 	335 	2493
f 337 	336 	2493
f 337 	2498 	338
f 2500 	2531 	338
f 339 	338 	2531
f 2531 	2532 	339
f 340 	339 	2532
f 2532 	2533 	340
f 342 	2534 	343
f 345 	344 	2538
f 303 	345 	2466
f 359 	350 	3405
f 958 	3155 	957
f 3336 	2716 	3333
f 1138 	1098 	226
f 228 	3280 	229
f 1154 	2004 	1153
f 1275 	1154 	1153
f 1151 	1290 	1995
f 1995 	1992 	1151
f 1990 	1988 	1151
f 1927 	1928 	1211
f 1155 	1211 	1929
f 1930 	1931 	1209
f 1931 	1932 	1207
f 1932 	1933 	1207
f 1313 	1419 	1149
f 1285 	1281 	1151
f 1162 	1285 	1158
f 1151 	1158 	1285
f 1159 	1419 	1163
f 1163 	1245 	1159
f 1156 	1217 	1165
f 1205 	1220 	1165
f 1156 	1165 	1163
f 1209 	1210 	1930
f 1268 	1269 	3226
f 1157 	1930 	1210
f 1210 	1155 	1157
f 1211 	1212 	1927
f 1929 	1157 	1155
f 1926 	1927 	1212
f 1706 	1926 	1213
f 1213 	1214 	1706
f 1214 	1237 	1706
f 1217 	1156 	1216
f 1156 	1215 	1216
f 1205 	1165 	1217
f 1220 	1235 	1165
f 1953 	1159 	1245
f 1163 	1165 	1245
f 1235 	1236 	1165
f 1236 	1249 	1165
f 1237 	1238 	1156
f 1156 	1705 	1237
f 1238 	1239 	1156
f 1239 	1241 	1156
f 1241 	1242 	1156
f 1242 	1244 	1156
f 1215 	1156 	1244
f 1245 	1165 	1247
f 1249 	1250 	1165
f 1247 	1165 	1250
f 1252 	1247 	1250
f 1206 	1207 	1933
f 1269 	1270 	3226
f 1273 	1311 	2011
f 1154 	1275 	2007
f 1272 	2009 	1274
f 1274 	2007 	1275
f 1997 	1995 	1290
f 1276 	1153 	2004
f 1297 	1151 	1282
f 1281 	1282 	1151
f 1162 	1158 	1286
f 1289 	1158 	1298
f 1286 	1158 	1288
f 1288 	1158 	1289
f 1280 	1278 	1290
f 1290 	1151 	1292
f 1292 	1151 	1293
f 1297 	1296 	1151
f 1293 	1151 	1294
f 1294 	1151 	1296
f 1298 	1158 	1299
f 1307 	1308 	3271
f 1311 	1310 	2011
f 1321 	1323 	1314
f 1318 	1314 	1323
f 452 	457 	354
f 351 	354 	457
f 354 	357 	452
f 1338 	513 	512
f 1338 	512 	301
f 515 	514 	1338
f 515 	1338 	301
f 520 	359 	537
f 359 	1736 	360
f 1158 	3 	352
f 3308 	3102 	1326
f 1159 	1149 	1419
f 1315 	1421 	1419
f 1313 	1315 	1419
f 1982 	1981 	1151
f 1977 	1418 	1422
f 1975 	1418 	1977
f 1975 	1946 	1418
f 1151 	1422 	1418
f 1163 	1419 	1423
f 1499 	1689 	1500
f 1500 	1692 	1156
f 1499 	1500 	1156
f 1423 	1499 	1156
f 1423 	1156 	1163
f 1421 	1538 	1419
f 1423 	1419 	1538
f 1538 	1540 	1423
f 1499 	1423 	1540
f 1540 	1668 	1499
f 1503 	1499 	1501
f 1318 	1421 	1314
f 1318 	1505 	1506
f 1506 	1529 	1318
f 1315 	1314 	1421
f 1318 	1538 	1421
f 1529 	1533 	1318
f 1533 	1539 	1318
f 1318 	1525 	1538
f 1540 	1538 	1532
f 1525 	1318 	1539
f 1525 	1532 	1538
f 1599 	1728 	1937
f 2048 	2092 	1599
f 1599 	2095 	2096
f 1599 	2096 	1597
f 2104 	1599 	2106
f 1597 	2106 	1599
f 2164 	1599 	2105
f 2104 	2105 	1599
f 2160 	2161 	1599
f 2338 	2399 	1599
f 2399 	2400 	1599
f 2397 	41 	1600
f 2197 	2194 	1599
f 2609 	2610 	2612
f 50 	357 	49
f 441 	357 	46
f 439 	357 	438
f 40 	41 	2612
f 358 	360 	1731
f 261 	1611 	510
f 482 	1611 	511
f 481 	510 	1611
f 261 	511 	1611
f 481 	1611 	482
f 1532 	1525 	1656
f 1539 	1656 	1525
f 1659 	1660 	1532
f 1656 	1659 	1532
f 1660 	1662 	1532
f 1540 	1532 	1662
f 1662 	1664 	1540
f 1668 	1540 	1664
f 1669 	1499 	1668
f 1499 	1669 	1501
f 1673 	1674 	3330
f 1674 	1677 	3330
f 1680 	1321 	1679
f 1680 	1682 	1321
f 3334 	3330 	1679
f 1677 	1681 	3330
f 1323 	1321 	1683
f 1682 	1683 	1321
f 1323 	1505 	1318
f 1689 	1499 	1687
f 1687 	1499 	1503
f 1694 	1695 	1156
f 1692 	1694 	1156
f 1695 	1698 	1156
f 1698 	1700 	1156
f 1700 	1701 	1156
f 1701 	1704 	1156
f 1704 	1705 	1156
f 1706 	1237 	1705
f 3333 	2716 	520
f 1928 	1929 	1211
f 1212 	1213 	1926
f 1728 	1599 	1709
f 359 	520 	1736
f 1731 	1710 	358
f 1938 	1720 	1714
f 1719 	1714 	1720
f 1714 	1719 	1725
f 1729 	1937 	1728
f 360 	1733 	1731
f 1718 	1937 	1729
f 2023 	2022 	1718
f 1303 	1304 	1718
f 1984 	1759 	1983
f 1744 	1745 	1819
f 1819 	1745 	1746
f 1746 	1747 	1819
f 1747 	1748 	1819
f 1760 	1758 	1751
f 1760 	1751 	1757
f 1754 	1757 	1751
f 1984 	1751 	1758
f 1759 	1984 	1758
f 1761 	1762 	1725
f 1719 	1761 	1725
f 1762 	1763 	1725
f 1743 	1725 	1763
f 1720 	1998 	1766
f 1766 	1998 	1759
f 1983 	1759 	1998
f 1720 	1766 	1768
f 1720 	1768 	1769
f 1720 	1769 	1719
f 1725 	1737 	1735
f 1725 	1735 	1714
f 1773 	3037 	1725
f 1737 	1725 	3037
f 1743 	1744 	1725
f 1773 	1725 	1744
f 1744 	1819 	1773
f 1830 	1829 	1718
f 1828 	3081 	1718
f 1827 	1718 	1829
f 1728 	1831 	1729
f 1830 	1718 	1840
f 1306 	1303 	1718
f 1840 	1718 	1841
f 1841 	1718 	1842
f 1207 	1209 	1931
f 1271 	1206 	1933
f 1729 	1842 	1718
f 1736 	3084 	1733
f 1823 	1731 	1733
f 1822 	1823 	1733
f 2725 	247 	1710
f 1709 	1831 	1728
f 1823 	1710 	1731
f 360 	1736 	1733
f 2036 	1937 	1943
f 1718 	1943 	1937
f 1942 	3224 	1939
f 1720 	1938 	1940
f 1941 	1940 	1938
f 1945 	2036 	1943
f 1946 	1947 	1418
f 1947 	1961 	1418
f 1959 	1958 	1420
f 1956 	1325 	1957
f 1714 	1313 	1938
f 1313 	1149 	1948
f 1938 	1948 	1941
f 1953 	1941 	1948
f 1951 	1325 	1949
f 1159 	1953 	1149
f 1948 	1149 	1953
f 1949 	1325 	1954
f 1954 	1325 	1955
f 1950 	1299 	1158
f 1955 	1325 	1956
f 1245 	1963 	1941
f 1957 	1325 	1958
f 1325 	1420 	1958
f 1953 	1245 	1941
f 1961 	1960 	1418
f 1959 	1420 	1960
f 1963 	1245 	1247
f 1418 	1960 	1420
f 1252 	1254 	1247
f 1963 	1247 	1966
f 1967 	3308 	1965
f 1247 	1254 	1966
f 1965 	3308 	1968
f 1970 	1969 	3308
f 1978 	1963 	1966
f 1968 	3308 	1969
f 1254 	1256 	1966
f 1256 	1974 	1966
f 1970 	3308 	1972
f 1978 	1966 	1980
f 1972 	3308 	1973
f 1974 	1976 	1966
f 1326 	1973 	3308
f 1325 	1951 	1326
f 1980 	1966 	1976
f 1422 	1151 	1981
f 1988 	1986 	1151
f 1751 	1984 	1985
f 1982 	1151 	1986
f 1751 	1985 	1987
f 1989 	1751 	1987
f 1989 	1257 	1751
f 1990 	1151 	1991
f 1258 	1751 	1257
f 1991 	1151 	1992
f 1994 	1996 	1720
f 1940 	1994 	1720
f 2001 	2000 	1278
f 1998 	1720 	1996
f 1277 	2001 	1278
f 1290 	1278 	1997
f 2000 	1997 	1278
f 2001 	1277 	2002
f 1963 	1978 	1941
f 1979 	1941 	1978
f 1941 	1979 	2003
f 2003 	2005 	1941
f 1277 	1276 	2002
f 2005 	2008 	1941
f 1940 	1941 	2008
f 2007 	1274 	2009
f 1950 	1300 	1299
f 2009 	1272 	2010
f 2010 	1272 	2011
f 1945 	1301 	1950
f 1300 	1950 	1301
f 2015 	1302 	1945
f 1301 	1945 	1302
f 2004 	2002 	1276
f 2019 	1718 	2021
f 1943 	1718 	2022
f 2019 	2024 	1718
f 2023 	1718 	2024
f 2020 	2024 	2019
f 1945 	2025 	2018
f 1945 	2018 	2016
f 2016 	2015 	1945
f 2025 	1945 	2026
f 2026 	1945 	2027
f 1943 	2027 	1945
f 1950 	2028 	1945
f 2028 	2123 	2074
f 2029 	2062 	2028
f 2069 	2062 	2029
f 2062 	2059 	2028
f 2059 	2037 	2028
f 2037 	2036 	2028
f 2031 	2226 	2030
f 2028 	2200 	2199
f 2028 	2199 	2173
f 2028 	2173 	2172
f 2172 	2171 	2028
f 455 	112 	351
f 2032 	2030 	92
f 2653 	2654 	2030
f 2504 	2520 	2507
f 2030 	351 	92
f 352 	1950 	1158
f 2030 	2028 	352
f 1950 	352 	2028
f 352 	351 	2030
f 2034 	2045 	2033
f 2053 	1599 	2033
f 2033 	1599 	1937
f 2035 	1937 	2036
f 1945 	2028 	2036
f 2038 	2039 	2037
f 2040 	2041 	2042
f 2044 	2045 	2034
f 2053 	2033 	2045
f 2042 	2061 	2040
f 2040 	2061 	2048
f 2049 	2061 	2042
f 2048 	2050 	2051
f 2048 	1599 	2053
f 2057 	2063 	2049
f 2050 	2048 	2058
f 2038 	2037 	2056
f 2059 	2056 	2037
f 2060 	2065 	2057
f 2058 	2048 	2061
f 2063 	2057 	2064
f 2062 	2065 	2060
f 2061 	2049 	2063
f 2064 	2057 	2065
f 2065 	2062 	2066
f 2066 	2062 	2067
f 2068 	2067 	2062
f 2069 	2070 	2062
f 2068 	2062 	2070
f 2073 	2028 	2072
f 2029 	2028 	2073
f 2072 	2028 	2071
f 2078 	2079 	2077
f 2079 	2080 	2077
f 2080 	2081 	2077
f 2081 	2082 	2077
f 2082 	2083 	2077
f 2083 	2084 	2077
f 2076 	2077 	2084
f 2075 	2076 	2084
f 2048 	2090 	2091
f 2048 	2091 	2092
f 2095 	1599 	2092
f 2094 	2048 	2093
f 2090 	2048 	2094
f 2051 	2093 	2048
f 2138 	2110 	2102
f 2109 	2138 	2102
f 2101 	2102 	2110
f 2102 	2103 	2109
f 2084 	2109 	2103
f 2075 	2084 	2103
f 2100 	2101 	2110
f 2099 	2100 	2110
f 2098 	2099 	2110
f 2108 	2097 	2110
f 2110 	2111 	2108
f 2107 	2108 	2111
f 2122 	2120 	2074
f 2071 	2028 	2074
f 2142 	2136 	2115
f 2117 	2136 	2116
f 2114 	2136 	2117
f 2121 	2118 	2113
f 2116 	2113 	2118
f 2121 	2113 	2120
f 2113 	2074 	2120
f 2122 	2074 	2123
f 2125 	2124 	2028
f 2124 	2123 	2028
f 2129 	2130 	2128
f 2133 	2134 	2127
f 2134 	2135 	2127
f 2147 	2127 	2135
f 2151 	2147 	2135
f 2152 	2151 	2135
f 2113 	2116 	2136
f 2105 	2137 	2166
f 2160 	1599 	2164
f 2136 	2139 	2137
f 2097 	2098 	2110
f 2140 	2141 	2137
f 2167 	2137 	2141
f 2167 	2166 	2137
f 2139 	2140 	2137
f 2139 	2136 	2142
f 2114 	2115 	2136
f 2144 	2145 	2143
f 2142 	2146 	2145
f 2143 	2145 	2146
f 2115 	2146 	2142
f 2130 	2131 	2128
f 2149 	2150 	2148
f 2145 	2148 	2150
f 2144 	2148 	2145
f 2127 	2128 	2131
f 2131 	2132 	2127
f 2156 	2157 	2155
f 2170 	2155 	2157
f 2162 	1599 	2161
f 2105 	2166 	2164
f 2170 	2157 	2169
f 2171 	2125 	2028
f 2175 	2176 	2182
f 2181 	2182 	2176
f 2177 	2181 	2176
f 2174 	2175 	2183
f 2183 	2184 	2174
f 2179 	1599 	2178
f 2179 	2198 	1599
f 2178 	1599 	2180
f 2162 	2180 	1599
f 2199 	2198 	2173
f 2183 	2175 	2182
f 2184 	2152 	2174
f 2132 	2133 	2127
f 2135 	2174 	2152
f 2188 	2190 	2187
f 2186 	2189 	2188
f 2190 	2188 	2189
f 2157 	2187 	2190
f 2168 	2169 	2157
f 2190 	2168 	2157
f 2192 	2193 	2191
f 2195 	2191 	2194
f 2194 	2208 	1599
f 2193 	2194 	2191
f 2195 	2194 	2196
f 2196 	2194 	2197
f 2198 	2197 	1599
f 2179 	2173 	2198
f 2205 	2201 	2200
f 2201 	2202 	2203
f 2201 	2203 	2200
f 490 	2204 	489
f 2028 	2030 	2205
f 2200 	2028 	2205
f 2206 	2207 	2396
f 2339 	2340 	2206
f 2396 	2339 	2206
f 1599 	2208 	2209
f 2206 	1599 	2209
f 2210 	2215 	2208
f 2208 	2211 	2209
f 2214 	2216 	2212
f 2211 	2208 	2213
f 2210 	2212 	2216
f 2213 	2208 	2215
f 2215 	2210 	2216
f 2217 	2205 	2030
f 2219 	2218 	2217
f 2207 	2206 	2218
f 2206 	2217 	2218
f 2222 	2217 	2221
f 2219 	2217 	2220
f 2222 	2220 	2217
f 2224 	2217 	2223
f 2221 	2217 	2224
f 2223 	2217 	2225
f 2227 	2217 	2226
f 2225 	2217 	2227
f 2217 	2030 	2226
f 2031 	2030 	2229
f 2228 	2229 	2030
f 2231 	1418 	2230
f 2239 	2240 	2233
f 2237 	2233 	2240
f 2237 	2240 	2235
f 2238 	2235 	2240
f 2239 	2238 	2240
f 1325 	3102 	2241
f 2245 	2243 	2244
f 2242 	2246 	2244
f 2244 	2247 	2245
f 2247 	2244 	2246
f 225 	224 	1325
f 2246 	2245 	2247
f 1418 	1 	2230
f 225 	1325 	2241
f 1420 	224 	1418
f 2241 	2254 	225
f 1418 	2231 	1151
f 2260 	1151 	2231
f 2260 	2261 	1158
f 1158 	1151 	2260
f 2267 	2268 	2262
f 2265 	2262 	2268
f 2265 	2268 	2263
f 2266 	2263 	2268
f 2267 	2266 	2268
f 1138 	226 	2254
f 2254 	226 	225
f 229 	3280 	2282
f 229 	2282 	2283
f 229 	2283 	2995
f 2996 	229 	2995
f 2606 	160 	2285
f 2276 	2278 	2284
f 159 	2284 	2278
f 2277 	2285 	2278
f 159 	2278 	2285
f 2281 	207 	2286
f 2287 	2437 	207
f 2281 	2287 	207
f 2279 	2281 	2286
f 2281 	2280 	2287
f 2329 	2330 	2236
f 2330 	2331 	2236
f 2331 	2332 	2236
f 2332 	2333 	2236
f 2333 	2334 	2236
f 2234 	2236 	2334
f 2334 	2514 	2234
f 1599 	2206 	2337
f 1599 	2337 	2338
f 2341 	2336 	2206
f 2336 	2337 	2206
f 2340 	2341 	2206
f 1420 	1325 	224
f 226 	3102 	133
f 1 	2392 	2393
f 3 	2394 	2395
f 1600 	1599 	2400
f 2407 	2408 	2614
f 2408 	2409 	2614
f 2409 	2410 	2614
f 2410 	2411 	2614
f 2623 	2614 	2411
f 2515 	2623 	2411
f 2232 	2515 	2411
f 2404 	2405 	2412
f 2426 	2418 	496
f 492 	496 	2418
f 2418 	2426 	491
f 2204 	490 	2419
f 493 	2419 	490
f 2204 	2419 	494
f 2204 	494 	489
f 171 	2736 	2737
f 186 	2750 	2751
f 2735 	170 	2734
f 2751 	2734 	186
f 491 	2426 	497
f 500 	2429 	501
f 2428 	501 	2429
f 194 	2425 	2431
f 2432 	194 	2431
f 197 	196 	2433
f 2433 	2750 	197
f 2762 	205 	2761
f 205 	2762 	2763
f 208 	207 	2437
f 2435 	208 	2437
f 2438 	208 	2435
f 214 	2443 	2444
f 2428 	2429 	499
f 2428 	499 	498
f 2445 	215 	2444
f 219 	218 	2453
f 219 	2453 	2464
f 2464 	2454 	219
f 2455 	220 	2454
f 2453 	2463 	2464
f 2464 	2462 	2454
f 291 	2839 	2840
f 2841 	292 	2840
f 291 	2840 	292
f 292 	2841 	2842
f 301 	512 	302
f 2852 	302 	512
f 2838 	289 	2837
f 2852 	2837 	302
f 301 	311 	515
f 323 	322 	2862
f 323 	2862 	2863
f 2865 	326 	2864
f 326 	324 	2864
f 2866 	328 	2865
f 326 	2865 	328
f 2866 	2486 	328
f 2485 	329 	2486
f 331 	2487 	2489
f 331 	2489 	332
f 2490 	332 	2489
f 2491 	332 	2490
f 337 	2493 	2496
f 2498 	337 	2496
f 2500 	338 	2498
f 2505 	2030 	2504
f 2228 	2030 	2505
f 2030 	2520 	2504
f 2512 	2507 	2508
f 2512 	2508 	2509
f 2512 	2509 	2619
f 2232 	2234 	2515
f 2514 	2515 	2234
f 2508 	2507 	2518
f 2518 	2507 	2520
f 2520 	2030 	2522
f 2525 	2526 	60
f 38 	60 	2526
f 342 	340 	2533
f 342 	2533 	2544
f 2544 	2534 	342
f 2535 	343 	2534
f 2467 	303 	2466
f 2533 	2543 	2544
f 2544 	2542 	2534
f 8 	7 	2557
f 8 	2557 	2558
f 2559 	8 	2558
f 15 	13 	2563
f 2564 	15 	2563
f 19 	2566 	2567
f 19 	2567 	2569
f 2573 	24 	2571
f 2583 	159 	2584
f 2590 	138 	2589
f 148 	2596 	2597
f 2597 	2598 	148
f 149 	148 	2598
f 2599 	150 	2598
f 149 	2598 	150
f 2600 	152 	2599
f 156 	2602 	2603
f 157 	156 	2603
f 157 	2603 	2604
f 2604 	2605 	157
f 158 	157 	2605
f 158 	2605 	2589
f 159 	131 	2584
f 2284 	159 	2583
f 2620 	2609 	2608
f 2610 	2611 	2612
f 2611 	45 	2612
f 45 	40 	2612
f 2614 	2615 	2412
f 2619 	2509 	2618
f 2620 	2608 	2625
f 2612 	2608 	2609
f 2618 	2625 	2608
f 2412 	2405 	2614
f 2406 	2407 	2614
f 2405 	2406 	2614
f 2625 	2618 	2627
f 2627 	2618 	2509
f 2630 	2631 	60
f 2631 	2524 	60
f 947 	948 	2994
f 3113 	2994 	953
f 953 	954 	3113
f 957 	3155 	956
f 1038 	1039 	3345
f 960 	3345 	958
f 2994 	2993 	879
f 1599 	357 	238
f 2030 	2651 	2522
f 2651 	2030 	2654
f 2032 	2653 	2030
f 2657 	92 	2656
f 2658 	92 	2657
f 2032 	92 	2658
f 2656 	92 	91
f 2526 	2659 	2660
f 2526 	2660 	33
f 2526 	33 	32
f 2526 	32 	36
f 2526 	36 	38
f 2524 	2525 	60
f 226 	1098 	3102
f 1101 	1100 	886
f 1101 	886 	893
f 1102 	1101 	885
f 893 	885 	1101
f 2705 	163 	2694
f 2706 	163 	2705
f 2596 	147 	2595
f 639 	2716 	638
f 642 	618 	2716
f 618 	619 	2729
f 935 	936 	3345
f 922 	2716 	921
f 925 	2716 	922
f 1039 	1040 	3345
f 1072 	3345 	1042
f 935 	3345 	1072
f 238 	2724 	1599
f 2725 	2724 	247
f 238 	247 	2724
f 1709 	1599 	2724
f 247 	358 	1710
f 2729 	1736 	2716
f 1736 	520 	2716
f 2730 	1313 	1735
f 1735 	1737 	2730
f 133 	3178 	3179
f 171 	2735 	2736
f 2754 	198 	2749
f 200 	2755 	2756
f 200 	2756 	201
f 2757 	201 	2756
f 2757 	2759 	201
f 207 	206 	2286
f 233 	2774 	2775
f 2776 	233 	2775
f 235 	2776 	2777
f 2778 	235 	2777
f 2780 	242 	2779
f 2781 	243 	2780
f 244 	243 	2782
f 244 	2782 	2783
f 2787 	249 	2785
f 2773 	231 	2772
f 263 	2805 	2806
f 2807 	266 	2806
f 267 	266 	2809
f 261 	276 	511
f 277 	260 	2803
f 277 	2803 	2821
f 277 	2821 	2822
f 2826 	282 	2825
f 2828 	282 	2826
f 2805 	262 	2804
f 2847 	298 	2845
f 2848 	298 	2847
f 300 	2848 	2850
f 2851 	300 	2850
f 320 	2857 	2858
f 2861 	322 	2860
f 322 	2861 	2862
f 135 	133 	3179
f 3179 	3182 	135
f 1 	1418 	224
f 1 	2393 	2230
f 2392 	2260 	2231
f 1737 	2731 	2730
f 2729 	2970 	3092
f 2729 	3092 	3091
f 2729 	3091 	3089
f 3089 	3087 	2729
f 3086 	1736 	3087
f 2971 	2731 	3037
f 1737 	3037 	2731
f 2972 	3046 	3048
f 2972 	3048 	3049
f 2972 	3049 	2974
f 3192 	2972 	3050
f 2974 	3050 	2972
f 2971 	2972 	3192
f 1714 	1735 	1313
f 1948 	1938 	1313
f 3034 	3035 	2975
f 1267 	3036 	1258
f 2975 	3036 	1267
f 2977 	2981 	3034
f 3035 	3036 	2975
f 2975 	2976 	3034
f 2977 	3034 	2976
f 3003 	3031 	2982
f 2982 	3032 	2981
f 1158 	2261 	3
f 2394 	3 	2261
f 3280 	3602 	2282
f 2989 	2282 	879
f 2990 	2989 	879
f 2991 	2990 	879
f 2992 	2991 	879
f 2993 	2992 	879
f 230 	229 	2998
f 230 	2998 	662
f 2996 	3000 	229
f 662 	2998 	2997
f 2998 	229 	2999
f 2999 	229 	3000
f 3008 	3028 	3007
f 2979 	2980 	3024
f 2021 	1718 	1304
f 1718 	3011 	1306
f 3011 	1718 	3012
f 3013 	3012 	3079
f 1718 	3079 	3012
f 3013 	3079 	3017
f 3020 	3065 	3021
f 3021 	3063 	3022
f 3061 	3058 	3023
f 3015 	3023 	3058
f 3014 	3058 	3016
f 3008 	3010 	3026
f 3026 	3027 	3008
f 3029 	3007 	3028
f 3027 	3028 	3008
f 3030 	1819 	1748
f 3004 	3007 	3029
f 3004 	3031 	3003
f 3031 	3032 	2982
f 3032 	3033 	2981
f 3034 	2981 	3033
f 3036 	1753 	1258
f 1751 	1258 	1753
f 1753 	1754 	1751
f 3038 	3037 	1819
f 1773 	1819 	3037
f 3037 	3038 	2972
f 3037 	2972 	2971
f 3041 	3038 	3039
f 3030 	3039 	1819
f 3041 	3043 	3038
f 1819 	3039 	3038
f 2972 	3038 	3043
f 3046 	2972 	3043
f 3050 	3052 	3192
f 3052 	3054 	3192
f 3056 	3192 	3054
f 3057 	3192 	3056
f 3234 	3192 	3057
f 3014 	3015 	3058
f 3059 	3016 	3058
f 3061 	3022 	3062
f 3062 	3022 	3063
f 3065 	3063 	3021
f 1822 	1733 	1825
f 1825 	1733 	3066
f 3020 	3019 	3070
f 3019 	3018 	3074
f 3018 	3017 	3074
f 3070 	3019 	3074
f 3080 	3079 	1718
f 3074 	3017 	3078
f 3078 	3017 	3079
f 1827 	1828 	1718
f 3080 	1718 	3081
f 3066 	1733 	3084
f 2729 	3087 	1736
f 3084 	1736 	3086
f 2729 	3191 	3093
f 3095 	3191 	3097
f 3097 	3191 	3098
f 3272 	3099 	3191
f 3098 	3191 	3099
f 3100 	912 	879
f 907 	908 	3100
f 3100 	3101 	907
f 2716 	906 	3101
f 907 	3101 	906
f 1098 	2241 	3102
f 945 	946 	2994
f 228 	3324 	3280
f 2997 	3153 	662
f 3302 	1065 	3153
f 879 	938 	2994
f 3113 	3155 	3302
f 3113 	956 	3155
f 774 	776 	879
f 778 	3100 	776
f 786 	787 	3101
f 16 	14 	3275
f 2731 	3276 	2730
f 3093 	2970 	2729
f 2731 	2971 	3276
f 3292 	3276 	2971
f 3292 	2971 	3192
f 1315 	2730 	1314
f 1313 	2730 	1315
f 3277 	1314 	2730
f 1270 	1271 	1933
f 3545 	3544 	3238
f 3546 	3545 	3236
f 3194 	3239 	3195
f 2013 	2012 	3268
f 3210 	3212 	3433
f 3206 	3207 	3440
f 3446 	3197 	3198
f 3198 	3209 	3446
f 3435 	3437 	3210
f 3433 	3435 	3210
f 3431 	3433 	3212
f 1268 	3226 	3199
f 2980 	3199 	3227
f 3227 	3199 	3226
f 3227 	3024 	2980
f 1272 	1273 	2011
f 1307 	2012 	1310
f 1308 	3203 	3271
f 3016 	3059 	3203
f 3059 	3271 	3203
f 3022 	3061 	3023
f 3208 	3198 	3197
f 3441 	3442 	3206
f 3429 	3431 	3223
f 3212 	3215 	3431
f 3428 	3429 	3223
f 3224 	1942 	3223
f 3221 	3192 	3218
f 1944 	3428 	3223
f 3226 	1939 	3224
f 3024 	3025 	2979
f 3010 	2978 	3025
f 2978 	2979 	3025
f 3025 	3026 	3010
f 3235 	3192 	3234
f 3205 	3442 	3221
f 3218 	3192 	3217
f 3217 	3192 	3235
f 3236 	3237 	3546
f 3194 	3195 	3240
f 3195 	3552 	3240
f 3268 	3533 	3531
f 3264 	3191 	3263
f 3263 	3191 	3265
f 3191 	3546 	3237
f 3265 	3191 	3237
f 3531 	3529 	3268
f 2014 	2013 	3268
f 3529 	2014 	3268
f 3095 	3093 	3191
f 3272 	3191 	3273
f 3264 	3273 	3191
f 3276 	3277 	2730
f 3303 	1314 	3279
f 3302 	3153 	3113
f 3279 	3277 	3281
f 3276 	3281 	3277
f 3280 	3567 	3275
f 3290 	3562 	3275
f 3561 	3191 	3562
f 3275 	3562 	3191
f 2729 	3275 	3191
f 3281 	3276 	3458
f 3292 	3458 	3276
f 3192 	3451 	3452
f 3455 	3299 	3192
f 3297 	3192 	3299
f 3299 	3457 	3297
f 3292 	3192 	3297
f 3404 	1065 	3302
f 3277 	3279 	1314
f 3305 	3304 	3303
f 3304 	1321 	3303
f 1314 	3303 	1321
f 3155 	958 	3345
f 1321 	3327 	3328
f 3328 	3332 	1321
f 3334 	1321 	3332
f 3340 	3342 	3330
f 3338 	2716 	3336
f 3330 	3334 	3335
f 3341 	2716 	3338
f 3335 	3337 	3330
f 3337 	3340 	3330
f 3343 	2716 	3341
f 3342 	3344 	3330
f 3345 	2716 	3343
f 3344 	3347 	3330
f 3349 	3584 	3347
f 3352 	3367 	3584
f 3360 	3467 	3469
f 3355 	3356 	3469
f 3356 	3358 	3469
f 3361 	3363 	3305
f 3360 	3469 	3362
f 3358 	3362 	3469
f 3363 	3365 	3305
f 3365 	3304 	3305
f 3327 	1321 	3366
f 3304 	3366 	1321
f 3582 	3584 	3367
f 3369 	3581 	3368
f 3368 	3581 	3367
f 3580 	3372 	3579
f 3372 	3373 	3579
f 3373 	3374 	3578
f 3577 	3578 	3375
f 3375 	3427 	3576
f 3575 	3576 	3427
f 3428 	1944 	3427
f 662 	3153 	1065
f 3404 	3405 	1065
f 3406 	3407 	359
f 3405 	3406 	359
f 3407 	3399 	359
f 537 	359 	3400
f 3400 	359 	3399
f 3215 	3223 	3431
f 3437 	3446 	3210
f 3209 	3210 	3446
f 3197 	3438 	3208
f 3440 	3441 	3206
f 3205 	3206 	3442
f 3442 	3443 	3221
f 3445 	3192 	3443
f 3207 	3208 	3438
f 3438 	3440 	3207
f 3192 	3221 	3443
f 3447 	3192 	3445
f 3449 	3192 	3447
f 3451 	3192 	3449
f 3452 	3453 	3192
f 3455 	3192 	3453
f 3457 	3460 	3297
f 3292 	3297 	3459
f 3292 	3459 	3458
f 3469 	3467 	3459
f 3460 	3464 	3297
f 3464 	3470 	3297
f 3305 	3303 	3281
f 3303 	3279 	3281
f 3467 	3305 	3458
f 3458 	3459 	3467
f 3459 	3297 	3470
f 3470 	3471 	3459
f 3281 	3458 	3305
f 3360 	3361 	3305
f 3467 	3360 	3305
f 3469 	3459 	3472
f 3471 	3472 	3459
f 3472 	3355 	3469
f 3474 	3308 	3473
f 3479 	3478 	3308
f 3473 	3308 	3476
f 3479 	3308 	3480
f 3476 	3308 	3478
f 3489 	3600 	3511
f 3280 	3324 	3569
f 3490 	3324 	3494
f 3494 	3324 	3497
f 3505 	3313 	3317
f 3308 	3474 	3508
f 3308 	3508 	3317
f 3505 	3185 	3313
f 3488 	3600 	3489
f 3517 	3597 	3521
f 3521 	3597 	3524
f 3527 	2014 	3529
f 3524 	3596 	3525
f 3525 	3595 	3526
f 3266 	3533 	3268
f 3262 	3261 	3533
f 3535 	3533 	3261
f 3260 	3539 	3261
f 3266 	3262 	3533
f 3552 	3541 	3260
f 3535 	3261 	3539
f 3539 	3260 	3541
f 3195 	3239 	3543
f 3543 	3239 	3544
f 3239 	3238 	3544
f 3238 	3236 	3545
f 3546 	3191 	3547
f 3547 	3191 	3548
f 3260 	3240 	3552
f 3556 	3548 	3191
f 3557 	3556 	3191
f 3561 	3559 	3191
f 3557 	3191 	3558
f 3558 	3191 	3559
f 3290 	3275 	3563
f 3563 	3275 	3564
f 3564 	3275 	3565
f 3309 	3497 	3324
f 3565 	3275 	3567
f 3491 	3569 	3324
f 3567 	3280 	3568
f 3568 	3280 	3569
f 3491 	3324 	3490
f 3497 	3309 	3182
f 3102 	3313 	3185
f 3317 	3102 	3308
f 3313 	3102 	3317
f 1681 	1679 	3330
f 1672 	1673 	3330
f 3574 	1672 	3330
f 3573 	3574 	3330
f 3226 	1270 	1933
f 1933 	1939 	3226
f 1944 	3223 	1942
f 3575 	3427 	1944
f 3579 	3373 	3578
f 3577 	3375 	3576
f 3374 	3375 	3578
f 3580 	3369 	3372
f 3334 	1679 	1321
f 3584 	3572 	3347
f 3349 	3352 	3584
f 3581 	3582 	3367
f 3572 	3573 	3347
f 3330 	3347 	3573
f 3484 	3308 	3586
f 3588 	3308 	1967
f 3591 	2014 	3527
f 2011 	1310 	2012
f 2012 	1307 	3271
f 3269 	3268 	2012
f 3527 	3526 	3593
f 3594 	3593 	3526
f 3593 	3591 	3527
f 3271 	3269 	2012
f 3595 	3594 	3526
f 3596 	3595 	3525
f 3597 	3596 	3524
f 3517 	3515 	3598
f 3515 	3511 	3598
f 3586 	3587 	3484
f 3588 	3586 	3308
f 3484 	3482 	3308
f 3482 	3480 	3308
f 3598 	3511 	3599
f 3599 	3511 	3600
f 3587 	3600 	3484
f 3488 	3484 	3600
f 608 	3602 	607
f 592 	593 	3602
f 593 	594 	3602
f 596 	597 	3602
f 597 	598 	3602
f 600 	601 	3602
f 133 	3102 	3178
f 879 	2282 	3602
f 228 	227 	3324
f 3309 	3324 	227
f 1325 	1326 	3102
f 3309 	227 	3182
f 227 	135 	3182
f 3602 	3280 	3275
f 3102 	3185 	3178
f 74 	77 	2729
f 3606 	2729 	77
f 3606 	3607 	2729
f 3607 	3608 	2729
f 3608 	3609 	2729
f 3609 	3610 	2729
f 3610 	3611 	2729
f 3611 	3612 	2729
f 3613 	3275 	3612
f 2729 	3612 	3275
f 16 	3275 	3613
f 14 	11 	3275
f 11 	10 	3275
f 10 	21 	3275
f 21 	22 	3275
f 22 	27 	3275
f 27 	30 	3275
f 30 	31 	3275
# 1901 faces

g group_0_6383466

usemtl color_6383466
s 0

f 748 	10 	11
f 11 	14 	748
f 748 	21 	10
f 154 	167 	151
f 184 	167 	146
f 184 	649 	167
f 192 	3583 	195
f 265 	257 	264
f 257 	268 	735
f 265 	268 	257
f 264 	16 	265
f 314 	317 	257
f 295 	314 	257
f 312 	309 	295
f 391 	312 	295
f 309 	314 	295
f 334 	341 	706
f 349 	353 	334
f 349 	241 	353
f 334 	353 	341
f 341 	361 	346
f 353 	361 	341
f 361 	362 	346
f 361 	327 	362
f 346 	362 	347
f 236 	241 	349
f 241 	325 	353
f 353 	325 	361
f 325 	327 	361
f 370 	371 	367
f 367 	371 	368
f 366 	369 	367
f 370 	367 	369
f 371 	1409 	368
f 369 	362 	363
f 362 	327 	363
f 363 	364 	369
f 369 	364 	370
f 365 	371 	370
f 364 	365 	370
f 347 	362 	369
f 369 	366 	347
f 372 	374 	487
f 373 	374 	372
f 184 	178 	3387
f 184 	3391 	649
f 382 	383 	379
f 379 	383 	380
f 380 	384 	381
f 383 	384 	380
f 376 	377 	382
f 382 	377 	383
f 377 	378 	383
f 309 	312 	748
f 375 	385 	373
f 309 	748 	314
f 373 	385 	374
f 317 	314 	748
f 317 	264 	257
f 706 	341 	375
f 375 	346 	385
f 341 	346 	375
f 346 	347 	385
f 389 	386 	388
f 386 	390 	295
f 386 	389 	390
f 390 	391 	295
f 21 	748 	391
f 312 	391 	748
f 392 	393 	509
f 388 	22 	389
f 21 	390 	389
f 391 	390 	21
f 366 	367 	480
f 367 	368 	392
f 392 	368 	393
f 388 	386 	400
f 397 	394 	399
f 400 	394 	397
f 479 	396 	374
f 479 	374 	385
f 479 	480 	396
f 398 	396 	480
f 392 	398 	480
f 480 	367 	392
f 479 	385 	347
f 347 	366 	479
f 479 	366 	480
f 488 	486 	485
f 487 	488 	485
f 486 	488 	395
f 374 	396 	487
f 487 	396 	488
f 488 	398 	395
f 396 	398 	488
f 486 	495 	965
f 486 	504 	495
f 495 	504 	502
f 504 	506 	502
f 502 	506 	503
f 506 	1617 	503
f 486 	395 	504
f 504 	508 	506
f 504 	395 	508
f 398 	509 	395
f 392 	509 	398
f 395 	509 	508
f 509 	387 	508
f 509 	393 	387
f 387 	1622 	508
f 516 	349 	334
f 516 	3585 	3592
f 3592 	349 	516
f 3592 	236 	349
f 533 	536 	531
f 540 	550 	533
f 964 	562 	563
f 3425 	563 	562
f 564 	2481 	570
f 1607 	567 	566
f 566 	569 	1607
f 383 	378 	384
f 575 	384 	564
f 384 	378 	564
f 381 	384 	575
f 575 	573 	381
f 573 	576 	574
f 575 	576 	573
f 576 	2565 	574
f 564 	570 	575
f 575 	570 	576
f 571 	572 	576
f 570 	571 	576
f 577 	583 	578
f 579 	583 	577
f 666 	578 	583
f 1012 	69 	68
f 68 	67 	1012
f 584 	588 	586
f 587 	588 	584
f 587 	578 	666
f 587 	668 	588
f 666 	668 	587
f 588 	668 	695
f 595 	579 	151
f 579 	595 	583
f 2530 	2503 	596
f 595 	599 	583
f 599 	670 	666
f 151 	167 	602
f 602 	595 	151
f 595 	604 	599
f 602 	604 	595
f 42 	1848 	606
f 606 	1848 	607
f 394 	400 	386
f 31 	1848 	42
f 1847 	1850 	607
f 612 	611 	1905
f 612 	1905 	613
f 399 	27 	397
f 397 	22 	400
f 613 	1905 	614
f 773 	614 	1905
f 615 	617 	616
f 888 	619 	618
f 617 	620 	616
f 621 	888 	622
f 394 	616 	624
f 399 	394 	624
f 623 	624 	616
f 620 	623 	616
f 888 	621 	619
f 617 	615 	31
f 624 	623 	30
f 623 	620 	30
f 30 	620 	31
f 617 	31 	620
f 1012 	629 	628
f 942 	955 	627
f 1012 	67 	629
f 30 	27 	624
f 3444 	643 	585
f 167 	649 	602
f 674 	676 	604
f 644 	652 	653
f 652 	673 	653
f 652 	654 	673
f 580 	655 	582
f 582 	656 	3444
f 655 	656 	582
f 656 	643 	3444
f 655 	657 	658
f 655 	658 	656
f 656 	658 	644
f 656 	644 	643
f 658 	657 	659
f 841 	659 	657
f 652 	644 	658
f 658 	659 	652
f 660 	659 	841
f 659 	660 	654
f 659 	654 	652
f 660 	661 	675
f 654 	660 	675
f 3483 	3462 	663
f 664 	667 	665
f 664 	669 	667
f 667 	663 	665
f 3492 	3481 	667
f 663 	667 	3481
f 599 	666 	583
f 666 	670 	668
f 671 	3507 	669
f 669 	3485 	3486
f 669 	3486 	3487
f 669 	3487 	667
f 672 	599 	604
f 604 	676 	672
f 599 	672 	670
f 677 	671 	669
f 676 	724 	672
f 649 	674 	602
f 664 	653 	673
f 674 	604 	602
f 674 	380 	676
f 379 	380 	674
f 654 	677 	673
f 675 	677 	654
f 677 	669 	673
f 379 	674 	649
f 673 	669 	664
f 380 	381 	676
f 724 	676 	381
f 3528 	3530 	661
f 3514 	677 	675
f 678 	682 	679
f 586 	588 	681
f 681 	678 	586
f 681 	682 	678
f 588 	695 	681
f 683 	687 	684
f 695 	697 	681
f 2931 	687 	683
f 681 	697 	682
f 682 	697 	698
f 686 	691 	688
f 690 	691 	686
f 693 	685 	684
f 682 	690 	679
f 686 	679 	690
f 687 	693 	684
f 682 	698 	690
f 685 	693 	694
f 699 	2674 	691
f 685 	694 	692
f 694 	696 	692
f 700 	703 	695
f 695 	703 	697
f 818 	696 	694
f 698 	699 	690
f 704 	705 	698
f 698 	705 	699
f 690 	699 	691
f 700 	695 	668
f 708 	710 	651
f 668 	670 	700
f 702 	651 	701
f 700 	722 	703
f 720 	722 	700
f 697 	704 	698
f 703 	704 	697
f 701 	3608 	702
f 700 	670 	720
f 533 	550 	536
f 550 	706 	536
f 641 	651 	650
f 536 	706 	539
f 375 	539 	706
f 540 	195 	3585
f 516 	550 	540
f 3585 	516 	540
f 708 	707 	709
f 516 	334 	550
f 707 	651 	641
f 550 	334 	706
f 708 	651 	707
f 701 	651 	711
f 711 	651 	710
f 713 	714 	712
f 3610 	3609 	710
f 708 	709 	3610
f 708 	3610 	710
f 716 	713 	531
f 531 	536 	716
f 717 	707 	2904
f 703 	723 	704
f 707 	717 	719
f 672 	720 	670
f 718 	719 	717
f 721 	707 	719
f 721 	709 	707
f 3610 	721 	3611
f 722 	723 	703
f 719 	3611 	721
f 718 	3611 	719
f 3610 	709 	721
f 724 	720 	672
f 726 	722 	720
f 724 	726 	720
f 726 	727 	722
f 725 	730 	717
f 722 	727 	723
f 727 	2690 	723
f 728 	725 	729
f 728 	730 	725
f 731 	717 	730
f 381 	573 	724
f 731 	718 	717
f 724 	573 	726
f 726 	574 	727
f 573 	574 	726
f 729 	3612 	728
f 728 	3612 	730
f 718 	731 	3611
f 730 	3612 	731
f 3612 	3611 	731
f 734 	3604 	732
f 735 	725 	2898
f 738 	735 	737
f 736 	739 	733
f 733 	739 	734
f 729 	725 	740
f 735 	740 	725
f 738 	740 	735
f 737 	3613 	738
f 738 	3613 	740
f 729 	740 	3612
f 3613 	3612 	740
f 268 	737 	735
f 743 	732 	784
f 743 	734 	732
f 3613 	737 	268
f 268 	265 	3613
f 744 	733 	742
f 744 	736 	733
f 742 	733 	743
f 733 	734 	743
f 741 	744 	754
f 741 	736 	744
f 741 	754 	747
f 749 	753 	750
f 752 	753 	749
f 388 	400 	22
f 27 	22 	397
f 753 	754 	750
f 753 	747 	754
f 399 	624 	27
f 750 	754 	751
f 751 	744 	742
f 754 	744 	751
f 745 	746 	752
f 752 	746 	753
f 746 	747 	753
f 650 	806 	755
f 756 	1124 	764
f 764 	757 	756
f 749 	756 	752
f 757 	752 	756
f 771 	772 	758
f 3105 	758 	759
f 770 	771 	758
f 757 	745 	752
f 760 	745 	757
f 806 	809 	765
f 808 	765 	809
f 766 	767 	763
f 769 	765 	768
f 808 	768 	765
f 763 	767 	764
f 767 	757 	764
f 765 	769 	758
f 770 	758 	769
f 759 	758 	772
f 767 	760 	757
f 767 	766 	762
f 761 	762 	766
f 762 	760 	767
f 775 	784 	777
f 777 	785 	779
f 784 	785 	777
f 781 	780 	783
f 784 	775 	782
f 786 	788 	787
f 782 	743 	784
f 742 	743 	782
f 732 	785 	784
f 797 	794 	793
f 793 	996 	796
f 793 	796 	797
f 889 	794 	797
f 795 	775 	796
f 795 	798 	775
f 796 	775 	777
f 796 	777 	797
f 797 	777 	779
f 798 	782 	775
f 2933 	800 	687
f 800 	693 	687
f 693 	801 	694
f 1036 	799 	798
f 800 	801 	693
f 799 	1106 	802
f 799 	803 	798
f 799 	802 	803
f 798 	803 	782
f 1110 	749 	750
f 1110 	750 	802
f 803 	802 	751
f 769 	73 	770
f 750 	751 	802
f 751 	742 	803
f 768 	73 	769
f 803 	742 	782
f 771 	770 	72
f 73 	72 	770
f 806 	650 	651
f 806 	765 	755
f 809 	806 	810
f 809 	74 	808
f 810 	74 	809
f 73 	808 	74
f 768 	808 	73
f 812 	806 	702
f 651 	702 	806
f 810 	806 	813
f 813 	806 	812
f 815 	825 	816
f 818 	694 	801
f 818 	820 	696
f 817 	696 	820
f 820 	822 	817
f 818 	801 	830
f 818 	824 	820
f 823 	815 	814
f 830 	824 	818
f 815 	823 	825
f 820 	826 	822
f 824 	826 	820
f 822 	826 	827
f 655 	580 	827
f 816 	825 	1629
f 824 	828 	826
f 816 	1629 	819
f 655 	827 	657
f 829 	801 	800
f 829 	830 	801
f 829 	831 	830
f 830 	832 	824
f 831 	832 	830
f 832 	828 	824
f 831 	834 	832
f 832 	834 	838
f 838 	828 	832
f 861 	835 	836
f 826 	837 	827
f 828 	837 	826
f 833 	567 	835
f 827 	837 	657
f 833 	566 	567
f 835 	567 	1605
f 835 	1605 	836
f 837 	828 	839
f 838 	839 	828
f 837 	839 	841
f 657 	837 	841
f 840 	847 	842
f 843 	838 	834
f 842 	848 	844
f 838 	843 	845
f 838 	845 	839
f 846 	841 	839
f 840 	1016 	847
f 846 	839 	845
f 660 	841 	846
f 848 	842 	847
f 661 	660 	846
f 833 	844 	566
f 844 	848 	566
f 847 	568 	848
f 849 	846 	845
f 848 	568 	569
f 849 	661 	846
f 848 	569 	566
f 850 	823 	814
f 850 	836 	811
f 811 	823 	850
f 861 	854 	853
f 851 	857 	852
f 852 	857 	859
f 833 	859 	857
f 852 	859 	853
f 853 	859 	861
f 859 	835 	861
f 854 	850 	814
f 854 	861 	850
f 833 	857 	844
f 833 	835 	859
f 836 	850 	861
f 865 	857 	851
f 863 	862 	1332
f 863 	840 	864
f 840 	863 	1332
f 864 	840 	842
f 865 	864 	842
f 865 	842 	844
f 857 	865 	844
f 866 	872 	1903
f 867 	869 	870
f 867 	870 	568
f 869 	868 	866
f 868 	872 	866
f 639 	1013 	640
f 638 	1013 	639
f 640 	3403 	642
f 871 	873 	872
f 871 	875 	873
f 873 	1903 	872
f 876 	787 	788
f 713 	716 	714
f 716 	881 	714
f 716 	539 	881
f 714 	881 	715
f 881 	372 	715
f 536 	539 	716
f 539 	373 	881
f 539 	375 	373
f 881 	373 	372
f 779 	889 	797
f 889 	894 	890
f 779 	894 	889
f 890 	895 	891
f 894 	895 	890
f 895 	898 	891
f 898 	892 	891
f 898 	533 	892
f 892 	533 	531
f 779 	785 	188
f 779 	188 	894
f 894 	192 	895
f 895 	195 	898
f 192 	195 	895
f 898 	540 	533
f 540 	898 	195
f 882 	887 	888
f 883 	882 	888
f 918 	1885 	896
f 919 	3408 	916
f 884 	887 	3409
f 625 	622 	923
f 914 	931 	934
f 916 	626 	919
f 919 	626 	920
f 931 	890 	934
f 914 	934 	917
f 625 	923 	920
f 917 	937 	924
f 625 	920 	626
f 917 	934 	937
f 937 	940 	924
f 942 	943 	3420
f 944 	3408 	943
f 924 	940 	927
f 927 	713 	712
f 940 	713 	927
f 626 	944 	627
f 931 	794 	889
f 916 	944 	626
f 890 	931 	889
f 952 	951 	3420
f 934 	891 	937
f 942 	3420 	955
f 951 	955 	3420
f 890 	891 	934
f 891 	892 	937
f 937 	892 	940
f 952 	1012 	951
f 940 	531 	713
f 952 	2968 	1012
f 951 	1012 	955
f 892 	531 	940
f 628 	627 	955
f 702 	3608 	812
f 813 	812 	3606
f 963 	965 	959
f 962 	968 	963
f 3606 	77 	813
f 968 	962 	715
f 968 	485 	963
f 372 	487 	968
f 968 	487 	485
f 1128 	1069 	858
f 963 	485 	965
f 485 	486 	965
f 642 	966 	618
f 968 	715 	372
f 964 	563 	618
f 970 	969 	973
f 1295 	712 	969
f 712 	973 	969
f 856 	972 	1934
f 971 	970 	962
f 973 	962 	970
f 962 	963 	971
f 1203 	1739 	972
f 971 	963 	959
f 972 	1739 	974
f 714 	973 	712
f 714 	715 	973
f 962 	973 	715
f 964 	618 	966
f 967 	966 	642
f 972 	856 	1203
f 804 	981 	805
f 804 	807 	981
f 805 	981 	983
f 990 	991 	3306
f 986 	997 	977
f 999 	1000 	985
f 975 	980 	1936
f 807 	996 	793
f 980 	975 	987
f 807 	793 	981
f 982 	980 	987
f 981 	794 	983
f 981 	793 	794
f 982 	989 	984
f 983 	794 	931
f 983 	931 	914
f 986 	977 	992
f 987 	989 	982
f 989 	1006 	984
f 991 	990 	3403
f 990 	3402 	3403
f 986 	992 	988
f 1004 	977 	3306
f 995 	1004 	991
f 1028 	994 	993
f 1004 	992 	977
f 993 	994 	996
f 975 	1749 	987
f 3403 	995 	991
f 993 	996 	807
f 988 	992 	1005
f 1749 	1750 	987
f 989 	987 	1750
f 985 	977 	997
f 994 	1031 	1036
f 997 	998 	985
f 795 	996 	994
f 3346 	985 	1000
f 795 	796 	996
f 998 	999 	985
f 988 	1002 	997
f 986 	988 	997
f 997 	1002 	998
f 999 	1002 	1000
f 999 	998 	1002
f 3306 	991 	1004
f 1005 	992 	1004
f 1014 	638 	1005
f 1764 	1006 	989
f 1765 	1778 	1007
f 1008 	1010 	1009
f 1009 	1011 	2447
f 1010 	1011 	1009
f 1013 	1004 	995
f 1014 	1004 	1013
f 1004 	1014 	1005
f 988 	1005 	638
f 3403 	640 	995
f 888 	887 	622
f 942 	627 	943
f 943 	627 	944
f 628 	955 	1012
f 3107 	759 	1012
f 759 	772 	69
f 810 	813 	74
f 1332 	1016 	840
f 1016 	1332 	1015
f 995 	640 	1013
f 1003 	1001 	1019
f 1003 	1019 	804
f 1018 	1003 	804
f 1033 	1021 	1022
f 1018 	804 	805
f 1019 	807 	804
f 993 	807 	1019
f 1175 	1024 	1025
f 1175 	1025 	1001
f 1025 	1019 	1001
f 1024 	1026 	1028
f 1026 	1031 	1028
f 1024 	1028 	1025
f 1025 	993 	1019
f 1025 	1028 	993
f 1031 	994 	1028
f 1033 	1029 	2753
f 2753 	2765 	1033
f 1033 	1035 	1029
f 1031 	1116 	1034
f 1035 	1030 	1029
f 1031 	1034 	1036
f 1035 	1020 	1030
f 960 	2621 	961
f 2633 	1038 	1037
f 2765 	2934 	1021
f 1021 	1033 	2765
f 1022 	1035 	1033
f 1035 	1023 	1020
f 1035 	1022 	1023
f 2934 	1801 	1021
f 2895 	1047 	1046
f 1051 	2897 	1050
f 1020 	1023 	1053
f 1053 	1052 	1020
f 1052 	1051 	1050
f 1053 	1051 	1052
f 1059 	1045 	1056
f 1059 	1047 	1045
f 1027 	1030 	1061
f 1061 	1057 	1027
f 1057 	1062 	1058
f 1061 	1062 	1057
f 1062 	1046 	1058
f 1062 	1050 	1046
f 1046 	1059 	1058
f 1046 	1047 	1059
f 1020 	1061 	1030
f 1020 	1052 	1061
f 1061 	1052 	1062
f 1052 	1050 	1062
f 1064 	1027 	1063
f 1064 	1030 	1027
f 1063 	1027 	1071
f 2939 	2753 	1029
f 1029 	1064 	2939
f 1029 	1030 	1064
f 1069 	1128 	1066
f 858 	1069 	1070
f 1066 	1071 	1069
f 2639 	1042 	1041
f 2639 	2640 	1042
f 880 	1549 	901
f 901 	1552 	902
f 1055 	2938 	2935
f 939 	2502 	941
f 1092 	1095 	1093
f 946 	2513 	947
f 1094 	1095 	1092
f 1095 	1096 	1093
f 949 	948 	2517
f 953 	950 	2521
f 2521 	954 	953
f 1093 	1096 	1125
f 1105 	1054 	1094
f 2635 	1040 	1039
f 1094 	1055 	1095
f 1054 	1055 	1094
f 2935 	1096 	1095
f 2640 	2434 	1072
f 1095 	1055 	2935
f 2935 	2936 	1096
f 795 	994 	1036
f 1106 	1034 	1032
f 1105 	1094 	1605
f 1106 	1032 	1104
f 1034 	1106 	799
f 1094 	1092 	1605
f 1034 	799 	1036
f 1036 	798 	795
f 1104 	1108 	1110
f 1109 	1054 	1105
f 1104 	1110 	1106
f 1054 	1109 	1060
f 802 	1106 	1110
f 756 	749 	1108
f 1108 	749 	1110
f 1112 	1113 	1107
f 1107 	1113 	1109
f 1113 	1060 	1109
f 1114 	1116 	1026
f 1114 	1115 	1116
f 1031 	1026 	1116
f 1115 	1118 	1032
f 1111 	1117 	1043
f 1118 	1104 	1032
f 1116 	1115 	1032
f 1111 	1043 	1112
f 1116 	1032 	1034
f 1112 	1044 	1113
f 1112 	1043 	1044
f 1119 	1124 	1120
f 1127 	1066 	1128
f 1066 	1127 	1097
f 1104 	1118 	1120
f 1108 	1104 	1120
f 1127 	1128 	1122
f 1119 	1126 	1124
f 1122 	1128 	1123
f 1120 	1124 	1108
f 756 	1108 	1124
f 2403 	763 	1126
f 1121 	1127 	1122
f 1124 	1126 	764
f 763 	764 	1126
f 1127 	1121 	1125
f 1097 	1127 	1125
f 1128 	858 	1123
f 1096 	1097 	1125
f 1133 	1134 	1135
f 1134 	1129 	1135
f 1132 	1133 	1135
f 1132 	766 	763
f 1135 	766 	1132
f 1130 	1131 	1134
f 1129 	1134 	1131
f 1129 	761 	1135
f 761 	766 	1135
f 1141 	1148 	1140
f 1148 	1141 	1150
f 1142 	1150 	1144
f 1143 	1144 	1150
f 1141 	1143 	1150
f 1145 	1150 	1146
f 1148 	1150 	1145
f 1150 	1152 	1146
f 1150 	1142 	1152
f 1146 	1152 	1147
f 1147 	1134 	1133
f 1152 	1134 	1147
f 1139 	1140 	1148
f 1152 	1142 	1130
f 1152 	1130 	1134
f 1160 	1166 	1170
f 1160 	1170 	1161
f 1161 	1170 	1175
f 1161 	1175 	1164
f 1001 	1164 	1175
f 1071 	1066 	1063
f 1071 	1183 	1069
f 1069 	1183 	1070
f 1183 	1187 	1070
f 1183 	1071 	1057
f 1057 	1071 	1027
f 1057 	1058 	1183
f 1183 	1058 	1187
f 1058 	1059 	1187
f 855 	1199 	856
f 855 	860 	1199
f 1199 	1203 	856
f 1070 	860 	858
f 860 	1070 	1204
f 860 	1204 	1199
f 1204 	1208 	1199
f 1199 	1208 	1203
f 1187 	1204 	1070
f 1056 	1208 	1204
f 1056 	1204 	1187
f 1059 	1056 	1187
f 2911 	2908 	1047
f 1045 	2908 	1218
f 2909 	1219 	1218
f 1223 	1056 	1045
f 1223 	1218 	1225
f 1045 	1218 	1223
f 1225 	1219 	1227
f 1218 	1219 	1225
f 1219 	1221 	1227
f 1227 	1221 	1228
f 641 	650 	2926
f 1221 	1230 	1240
f 1221 	2921 	1230
f 1243 	1240 	1230
f 1230 	1231 	1243
f 1228 	1221 	1240
f 1240 	1246 	1228
f 1246 	1251 	1248
f 1246 	1240 	1251
f 979 	1253 	976
f 1251 	1255 	1248
f 959 	965 	978
f 965 	495 	978
f 978 	495 	979
f 495 	502 	979
f 979 	502 	1253
f 1251 	1240 	1243
f 1255 	1251 	2956
f 502 	503 	1253
f 1231 	2947 	1243
f 1324 	1261 	1262
f 1262 	1263 	1260
f 1001 	2112 	1164
f 1013 	638 	1014
f 1261 	1331 	970
f 970 	971 	1261
f 1261 	971 	1262
f 1262 	959 	1263
f 1262 	971 	959
f 1263 	978 	1266
f 959 	978 	1263
f 978 	979 	1266
f 1266 	979 	976
f 635 	634 	3325
f 1345 	1287 	1291
f 636 	1002 	637
f 637 	988 	638
f 1295 	969 	1328
f 983 	1279 	805
f 1279 	983 	914
f 1284 	1279 	914
f 1287 	1284 	917
f 917 	1284 	914
f 1287 	917 	924
f 1287 	924 	1291
f 1335 	1017 	1305
f 1291 	927 	1295
f 1015 	1305 	1309
f 1291 	924 	927
f 1295 	927 	712
f 1015 	1309 	1016
f 1016 	867 	847
f 1016 	1309 	867
f 568 	847 	867
f 1312 	1327 	1316
f 1017 	1317 	1320
f 1317 	871 	1320
f 1319 	1328 	1331
f 1319 	1331 	1322
f 1320 	1305 	1017
f 868 	1305 	1320
f 1320 	872 	868
f 1322 	1261 	1324
f 868 	1309 	1305
f 1331 	1261 	1322
f 1309 	868 	869
f 1309 	869 	867
f 1317 	1360 	871
f 1327 	1312 	1345
f 1316 	1327 	1328
f 1320 	871 	872
f 1327 	1295 	1328
f 1316 	1328 	1319
f 1332 	862 	1330
f 1335 	1330 	1329
f 1330 	1015 	1332
f 1330 	1335 	1015
f 1324 	1262 	1260
f 1327 	1345 	1291
f 1291 	1295 	1327
f 969 	1331 	1328
f 969 	970 	1331
f 1329 	1334 	1335
f 1333 	1341 	1334
f 1333 	1339 	1341
f 1334 	1341 	1017
f 2126 	1342 	1336
f 1317 	1017 	1341
f 1342 	2126 	1018
f 1334 	1017 	1335
f 1336 	1342 	1343
f 1335 	1305 	1015
f 1336 	1343 	1337
f 1337 	1343 	1344
f 1339 	1346 	1341
f 1337 	1344 	1340
f 1341 	1346 	1317
f 1340 	1345 	1312
f 1340 	1344 	1345
f 805 	1342 	1018
f 1343 	1342 	1279
f 1279 	1342 	805
f 1317 	1346 	1360
f 1343 	1284 	1344
f 1346 	1354 	1360
f 1343 	1279 	1284
f 1344 	1284 	1287
f 1344 	1287 	1345
f 790 	3307 	791
f 3339 	792 	791
f 1374 	1384 	1380
f 1384 	1374 	1606
f 393 	368 	1392
f 368 	1409 	1392
f 1439 	1528 	1396
f 1402 	1384 	1610
f 1384 	1602 	1603
f 1409 	1417 	1392
f 1392 	1417 	1396
f 1477 	1396 	1417
f 365 	1374 	371
f 1374 	1409 	371
f 1374 	1380 	1409
f 1409 	1380 	1417
f 1380 	1406 	1417
f 2501 	2502 	938
f 2502 	2506 	941
f 946 	945 	2506
f 948 	947 	2513
f 950 	2519 	2521
f 1439 	1396 	1477
f 1477 	1483 	1439
f 1477 	1425 	1483
f 1439 	1483 	1448
f 1448 	1495 	1459
f 1483 	1495 	1448
f 1549 	880 	900
f 1417 	1406 	1477
f 1552 	2501 	902
f 1477 	1406 	1425
f 1425 	1433 	1483
f 1433 	1495 	1483
f 1507 	1508 	1509
f 1504 	1647 	1510
f 1522 	387 	393
f 1509 	897 	1507
f 1522 	1502 	387
f 1527 	1526 	1530
f 1527 	1531 	1526
f 1509 	1508 	1531
f 1526 	1531 	1508
f 1018 	2119 	1003
f 897 	1509 	899
f 1530 	899 	1527
f 1527 	899 	1531
f 1166 	1732 	1555
f 1531 	899 	1509
f 1564 	1170 	1166
f 1166 	1555 	1564
f 1534 	1535 	1536
f 1526 	1534 	1530
f 1537 	1530 	1534
f 1536 	1537 	1534
f 1536 	900 	1537
f 900 	1536 	1548
f 1535 	1548 	1536
f 899 	1537 	900
f 1530 	1537 	899
f 1548 	1549 	900
f 901 	1549 	1552
f 1170 	1024 	1175
f 1564 	1024 	1170
f 1578 	1557 	1577
f 1587 	1577 	1557
f 1522 	1528 	1502
f 1502 	1528 	1504
f 1647 	1504 	1528
f 904 	903 	1577
f 1425 	1557 	1433
f 1392 	1522 	393
f 1584 	1425 	1406
f 1522 	1396 	1528
f 1584 	1557 	1425
f 1392 	1396 	1522
f 1586 	1584 	1585
f 1594 	1585 	1584
f 1587 	1557 	1586
f 1584 	1586 	1557
f 904 	1586 	905
f 1585 	905 	1586
f 1590 	503 	1617
f 1587 	1586 	904
f 1577 	1587 	904
f 1590 	1591 	1588
f 1380 	1384 	1592
f 1588 	1591 	1589
f 1384 	1603 	1592
f 1380 	1592 	1406
f 1406 	1592 	1584
f 1592 	1603 	1604
f 1594 	1584 	1596
f 1592 	1596 	1584
f 1596 	1592 	1598
f 1598 	1592 	1604
f 1594 	1596 	905
f 906 	905 	1596
f 1585 	1594 	905
f 1264 	1123 	1601
f 906 	1596 	1598
f 1123 	858 	1601
f 1264 	1601 	1593
f 1595 	1593 	855
f 1402 	1602 	1384
f 1601 	855 	1593
f 855 	856 	1595
f 1602 	907 	1603
f 858 	860 	1601
f 906 	1603 	907
f 1601 	860 	855
f 1402 	907 	1602
f 1604 	1603 	906
f 1604 	906 	1598
f 1605 	1092 	836
f 365 	1606 	1374
f 1609 	1606 	1608
f 1606 	1610 	1384
f 1609 	1610 	1606
f 567 	1105 	1605
f 1607 	1105 	567
f 1608 	908 	1609
f 1402 	1610 	907
f 908 	907 	1610
f 1610 	1609 	908
f 1612 	569 	568
f 1612 	568 	870
f 364 	1613 	365
f 1612 	1107 	569
f 1606 	365 	1613
f 1111 	1612 	870
f 1612 	1112 	1107
f 1614 	1613 	1615
f 1612 	1111 	1112
f 1614 	1616 	1613
f 1613 	1616 	1606
f 569 	1107 	1607
f 1109 	1105 	1607
f 1607 	1107 	1109
f 825 	823 	1618
f 823 	811 	1618
f 1590 	1619 	1591
f 1354 	1620 	1360
f 1354 	1368 	1620
f 1618 	1121 	825
f 1360 	875 	871
f 1617 	1619 	1590
f 1360 	1620 	875
f 1368 	1621 	877
f 1092 	811 	836
f 1622 	1617 	506
f 506 	508 	1622
f 1092 	1093 	811
f 1622 	1623 	1617
f 1368 	877 	1620
f 1618 	811 	1093
f 1620 	878 	875
f 1622 	1502 	1623
f 1618 	1125 	1121
f 877 	878 	1620
f 1093 	1125 	1618
f 1619 	1617 	1623
f 1697 	1624 	1621
f 1623 	1636 	1619
f 1622 	387 	1502
f 1502 	1504 	1623
f 1122 	1123 	1625
f 1625 	1123 	1264
f 825 	1121 	1629
f 1339 	1627 	1346
f 819 	1625 	821
f 1627 	1631 	1354
f 1627 	1354 	1346
f 1589 	1630 	1626
f 819 	1629 	1625
f 1591 	1630 	1589
f 1625 	1264 	821
f 1630 	1632 	1626
f 1632 	1628 	1626
f 1752 	1264 	1593
f 1608 	1606 	1616
f 1632 	1661 	1628
f 1619 	1633 	1591
f 1629 	1122 	1625
f 1633 	1630 	1591
f 1121 	1122 	1629
f 1630 	1634 	1632
f 908 	1608 	909
f 1633 	1634 	1630
f 1615 	909 	1614
f 1614 	909 	1616
f 1616 	909 	1608
f 1619 	1636 	1633
f 1636 	1638 	1633
f 1637 	1613 	364
f 1636 	1623 	1504
f 1048 	1117 	1635
f 1637 	1641 	1613
f 1633 	1638 	1634
f 1640 	1637 	1639
f 1615 	1613 	1641
f 1640 	1641 	1637
f 1504 	1510 	1636
f 1641 	910 	909
f 909 	1615 	1641
f 1636 	1510 	1638
f 1640 	910 	1641
f 1639 	910 	1640
f 1564 	1555 	1114
f 1114 	1026 	1564
f 1564 	1026 	1024
f 363 	1637 	364
f 1645 	1732 	1646
f 1510 	1649 	1644
f 1648 	1637 	363
f 1510 	1647 	1649
f 1649 	1650 	1644
f 1652 	1648 	1651
f 1637 	1648 	1639
f 1652 	1639 	1648
f 1652 	911 	1639
f 1439 	1647 	1528
f 1651 	911 	1652
f 910 	1639 	911
f 1439 	1448 	1647
f 1653 	1734 	1654
f 1647 	1448 	1649
f 1649 	1459 	1650
f 1448 	1459 	1649
f 1657 	1648 	327
f 1666 	1657 	1665
f 1628 	1661 	1658
f 1666 	1667 	1657
f 1651 	1648 	1667
f 1661 	1663 	1658
f 1657 	1667 	1648
f 327 	1648 	363
f 1632 	1634 	1670
f 1670 	1661 	1632
f 1665 	912 	1666
f 1670 	1671 	1661
f 1675 	1670 	1634
f 911 	1651 	912
f 1661 	1671 	1663
f 1666 	912 	1667
f 1667 	912 	1651
f 1634 	1638 	1675
f 1675 	1699 	1670
f 1638 	1510 	1644
f 1644 	1675 	1638
f 1631 	1368 	1354
f 3414 	1688 	1685
f 1663 	1690 	1684
f 1685 	1688 	1691
f 1671 	1690 	1663
f 1690 	1693 	1684
f 1631 	1685 	1691
f 1368 	1631 	1691
f 1684 	1693 	1686
f 1688 	1697 	1691
f 1688 	1696 	1697
f 1670 	1699 	1671
f 1691 	1621 	1368
f 1691 	1697 	1621
f 663 	1696 	665
f 1699 	1702 	1671
f 1696 	1703 	1697
f 663 	1703 	1696
f 1697 	1703 	1624
f 1635 	1903 	1643
f 1703 	663 	3461
f 1635 	1643 	1048
f 1643 	2436 	1048
f 1643 	1642 	1049
f 1642 	1712 	1049
f 2436 	1643 	1049
f 1906 	1712 	1717
f 1713 	1712 	1642
f 1712 	1713 	1717
f 1717 	1730 	1722
f 1721 	1717 	1722
f 1730 	1724 	1722
f 1732 	1645 	1767
f 1646 	1166 	1160
f 1646 	1732 	1166
f 1231 	2949 	2947
f 1231 	1234 	2949
f 1654 	1734 	1738
f 650 	755 	1234
f 1654 	1738 	1655
f 974 	1740 	975
f 1739 	1740 	974
f 1741 	1739 	1203
f 1767 	1645 	1655
f 1203 	1208 	1741
f 1739 	1742 	1740
f 1741 	1742 	1739
f 1738 	1734 	1774
f 1208 	1056 	1223
f 1741 	1208 	1223
f 1223 	1225 	1741
f 1742 	1741 	1225
f 1225 	1227 	1742
f 1227 	1755 	1742
f 1740 	1749 	975
f 1749 	1756 	1750
f 821 	1752 	1817
f 989 	1750 	1764
f 821 	1264 	1752
f 1742 	1755 	1740
f 1749 	1740 	1755
f 1752 	1593 	1711
f 1755 	1756 	1749
f 1755 	1228 	1756
f 1227 	1228 	1755
f 2580 	1716 	1715
f 1006 	1765 	1007
f 1006 	1764 	1765
f 1738 	1767 	1655
f 1770 	1764 	1750
f 1547 	1732 	1767
f 1756 	1770 	1750
f 1547 	1767 	1771
f 1770 	1772 	1764
f 1547 	1555 	1732
f 1702 	1690 	1671
f 1764 	1772 	1765
f 1738 	1774 	1767
f 1771 	1767 	1774
f 1771 	1777 	1547
f 1756 	1246 	1770
f 1756 	1228 	1246
f 1775 	1675 	1644
f 1248 	1772 	1770
f 1644 	1650 	1775
f 1246 	1248 	1770
f 1675 	1775 	1699
f 1792 	1771 	1774
f 1699 	1776 	1702
f 1007 	1778 	1008
f 1778 	1010 	1008
f 1775 	1776 	1699
f 1547 	1779 	1555
f 1778 	1765 	1780
f 1547 	1777 	1779
f 1765 	1772 	1780
f 1555 	1779 	1114
f 1780 	1781 	1778
f 1780 	2964 	1781
f 1778 	1781 	1010
f 1792 	1782 	1777
f 1781 	2962 	1010
f 1777 	1782 	1783
f 1248 	1785 	1772
f 1783 	1779 	1777
f 1248 	1255 	1785
f 1779 	1115 	1114
f 1779 	1783 	1115
f 1785 	1780 	1772
f 1785 	2964 	1780
f 1782 	1789 	1783
f 1782 	1787 	1789
f 1783 	1789 	1118
f 1783 	1118 	1115
f 1255 	2954 	1785
f 976 	1253 	1784
f 1787 	1806 	1790
f 1253 	1791 	1784
f 1784 	1791 	1786
f 1786 	1791 	1588
f 1790 	1119 	1787
f 503 	1791 	1253
f 1126 	1119 	1790
f 1590 	1588 	1791
f 1788 	1786 	1588
f 1789 	1787 	1119
f 1589 	1808 	1788
f 1588 	1589 	1788
f 1789 	1119 	1120
f 1120 	1118 	1789
f 503 	1590 	1791
f 1790 	2403 	1126
f 1771 	1792 	1777
f 1260 	1263 	1793
f 1812 	1022 	1021
f 1796 	1784 	1797
f 1022 	1818 	1023
f 1792 	1774 	1794
f 1792 	1804 	1782
f 1795 	1793 	1266
f 1263 	1266 	1793
f 1266 	976 	1795
f 976 	1796 	1795
f 1794 	1804 	1792
f 1794 	1805 	1804
f 1796 	976 	1784
f 1787 	1804 	1806
f 1797 	1786 	1802
f 1784 	1786 	1797
f 1802 	1788 	1803
f 1786 	1788 	1802
f 1804 	1787 	1782
f 1803 	1788 	1808
f 2250 	1807 	1805
f 1805 	1806 	1804
f 1806 	1805 	1807
f 1808 	1867 	1803
f 1808 	1809 	1867
f 1810 	1790 	1806
f 1801 	1812 	1021
f 1752 	1711 	1814
f 1814 	1711 	1715
f 1818 	1022 	1812
f 1807 	1811 	1810
f 1806 	1807 	1810
f 1843 	1812 	1849
f 1850 	1801 	2945
f 1849 	1812 	1801
f 3044 	1836 	1826
f 1847 	1801 	1850
f 1653 	1826 	1838
f 1826 	1836 	1838
f 1838 	1734 	1653
f 1835 	1832 	1857
f 1832 	1856 	1857
f 394 	386 	1818
f 1857 	1844 	1835
f 616 	394 	1812
f 616 	1812 	615
f 615 	1812 	1843
f 1835 	1844 	1836
f 1812 	394 	1818
f 1843 	31 	615
f 1844 	1845 	1836
f 1848 	1801 	1847
f 1845 	1838 	1836
f 1846 	1734 	1838
f 1846 	1838 	1845
f 1846 	1774 	1734
f 1801 	1848 	1849
f 1846 	1999 	1794
f 1843 	1849 	31
f 1846 	1794 	1774
f 608 	607 	1850
f 1853 	1859 	1855
f 1851 	1856 	1832
f 1854 	1856 	1851
f 1859 	1853 	1858
f 1854 	1860 	1856
f 1861 	1857 	1856
f 1808 	1589 	1626
f 1808 	1626 	1809
f 1813 	1809 	1628
f 1626 	1628 	1809
f 1628 	1658 	1813
f 1658 	1815 	1813
f 1799 	815 	816
f 1799 	816 	1800
f 1798 	815 	1799
f 1798 	814 	815
f 1800 	819 	1816
f 1862 	1803 	1867
f 1800 	816 	819
f 1862 	1867 	1863
f 1863 	1868 	1864
f 821 	1816 	819
f 1867 	1868 	1863
f 1816 	821 	1817
f 1868 	1869 	1864
f 1752 	1814 	1817
f 1864 	1869 	1865
f 1870 	1866 	1865
f 1869 	1870 	1865
f 1867 	1809 	1868
f 1868 	1813 	1869
f 1868 	1809 	1813
f 1676 	325 	1871
f 1678 	1871 	325
f 241 	1883 	325
f 1872 	1676 	1871
f 1676 	1657 	325
f 325 	1657 	327
f 1875 	1676 	1872
f 1657 	1676 	1665
f 1876 	1665 	1676
f 1875 	1876 	1676
f 912 	1665 	913
f 1678 	913 	1871
f 1871 	913 	1872
f 1872 	913 	1875
f 1876 	913 	1665
f 1875 	913 	1876
f 1882 	241 	1881
f 1882 	1883 	241
f 1678 	325 	1883
f 1881 	915 	1882
f 913 	1883 	915
f 1678 	1883 	913
f 1882 	915 	1883
f 1723 	2588 	1874
f 236 	1886 	241
f 1508 	1887 	236
f 1884 	236 	1885
f 1873 	2667 	1877
f 1881 	241 	1886
f 1884 	1886 	236
f 1886 	918 	1881
f 915 	1881 	918
f 1884 	918 	1886
f 1885 	918 	1884
f 1885 	236 	1887
f 1508 	1507 	1887
f 1887 	897 	1885
f 897 	896 	1885
f 1507 	897 	1887
f 378 	1892 	1893
f 1893 	564 	378
f 1893 	1894 	564
f 1894 	565 	564
f 1892 	922 	1893
f 1893 	922 	1894
f 921 	1894 	922
f 565 	1894 	921
f 1896 	378 	377
f 1896 	1895 	378
f 1880 	1879 	2672
f 1896 	377 	1897
f 377 	1899 	1897
f 1892 	378 	1895
f 1892 	1895 	922
f 1896 	1897 	922
f 925 	922 	1897
f 1895 	1896 	922
f 2288 	2290 	376
f 1899 	377 	1898
f 376 	1898 	377
f 1901 	1866 	1870
f 1866 	1901 	2697
f 1913 	1916 	1904
f 1912 	1624 	1919
f 869 	866 	1902
f 869 	1902 	870
f 1111 	870 	1902
f 1902 	1117 	1111
f 873 	1642 	1903
f 1902 	866 	1635
f 1903 	1635 	866
f 1902 	1635 	1117
f 873 	1713 	1642
f 1903 	1642 	1643
f 1713 	873 	875
f 875 	878 	1713
f 1904 	877 	1621
f 1621 	1624 	1904
f 1730 	877 	1904
f 1914 	1730 	1904
f 1730 	878 	877
f 878 	1730 	1717
f 878 	1717 	1713
f 1624 	1912 	1904
f 1722 	1905 	1721
f 1722 	1724 	1905
f 1913 	1904 	1912
f 1915 	1724 	1730
f 1906 	1717 	1907
f 1907 	1909 	1906
f 1908 	1906 	1909
f 1910 	2553 	1906
f 1906 	1908 	1910
f 1907 	1717 	1721
f 1721 	1905 	1907
f 1907 	1911 	1909
f 1911 	1907 	1905
f 1915 	1730 	1914
f 1914 	1904 	1917
f 1916 	1917 	1904
f 1918 	1624 	1703
f 1919 	1624 	1918
f 1918 	1920 	1919
f 3461 	3468 	1918
f 1912 	1921 	1913
f 1912 	1919 	1921
f 1916 	1913 	1921
f 1920 	1922 	1919
f 1922 	1921 	1919
f 1923 	1924 	1918
f 1918 	1924 	1920
f 1920 	1924 	1922
f 1923 	1922 	1924
f 1921 	1925 	1916
f 1917 	1916 	1925
f 1724 	1915 	1905
f 1925 	1905 	1915
f 1925 	1915 	1914
f 1925 	1914 	1917
f 1911 	1910 	1908
f 1911 	1908 	1909
f 611 	1911 	1905
f 778 	776 	1922
f 611 	610 	1911
f 1921 	1922 	776
f 1595 	1934 	2580
f 1936 	2588 	1935
f 1935 	974 	1936
f 974 	975 	1936
f 1595 	856 	1934
f 1934 	972 	1935
f 972 	974 	1935
f 1952 	2669 	984
f 984 	1006 	1952
f 1952 	1007 	1962
f 1006 	1007 	1952
f 1861 	1856 	1860
f 1857 	1861 	1971
f 1857 	1971 	1844
f 2264 	1861 	1860
f 1844 	1993 	1845
f 1844 	1971 	1993
f 1993 	1999 	1845
f 1993 	2250 	1999
f 1846 	1845 	1999
f 2664 	2665 	2017
f 1815 	1870 	1869
f 1869 	1813 	1815
f 2883 	1901 	1870
f 2085 	1340 	1312
f 2087 	1316 	1319
f 2088 	1319 	1322
f 2043 	1260 	2046
f 2043 	1324 	1260
f 1260 	1793 	2046
f 2046 	1793 	2047
f 2052 	2047 	1795
f 1793 	1795 	2047
f 2054 	2052 	1796
f 1795 	1796 	2052
f 1796 	1797 	2054
f 2055 	2054 	1797
f 1797 	1802 	2055
f 2055 	1802 	2185
f 2312 	2089 	2043
f 2043 	2046 	2312
f 2047 	2312 	2046
f 1312 	2086 	2085
f 2086 	1312 	1316
f 2087 	2086 	1316
f 1319 	2088 	2087
f 2088 	1322 	2089
f 2089 	1322 	1324
f 2089 	1324 	2043
f 2126 	1336 	2159
f 2085 	2165 	1340
f 2112 	1003 	2119
f 1001 	1003 	2112
f 1018 	2126 	2119
f 2769 	1164 	2153
f 1161 	1164 	2769
f 2154 	2153 	2112
f 1164 	2112 	2153
f 2154 	2112 	2119
f 2158 	2154 	2119
f 2158 	2119 	2126
f 2158 	2126 	2159
f 2163 	2159 	1336
f 2163 	1336 	1337
f 2163 	1337 	2165
f 2165 	1337 	1340
f 2185 	1803 	1862
f 2185 	1802 	1803
f 2312 	2047 	2052
f 2313 	2314 	2017
f 2314 	1798 	2017
f 1798 	1799 	2017
f 2309 	2311 	2017
f 1799 	1800 	2017
f 1817 	1814 	2017
f 1814 	1715 	2017
f 1800 	1816 	2017
f 2230 	2253 	2231
f 1816 	1817 	2017
f 2235 	2233 	2237
f 1715 	1716 	2017
f 2017 	1874 	1873
f 2017 	1716 	1723
f 1873 	1877 	2017
f 1723 	1874 	2017
f 1878 	1879 	2017
f 1879 	1880 	2017
f 1889 	2017 	1888
f 1880 	1888 	2017
f 1878 	2017 	1877
f 1891 	2292 	2017
f 2294 	3067 	2017
f 3067 	3069 	2017
f 3072 	3073 	2017
f 1971 	2006 	1993
f 2250 	1993 	2006
f 2270 	2252 	2251
f 2270 	2272 	2252
f 2251 	2252 	2253
f 2253 	2252 	2231
f 1999 	1805 	1794
f 1805 	1999 	2250
f 2253 	2255 	2257
f 2253 	2257 	2251
f 2256 	2250 	2006
f 2250 	2256 	1807
f 2255 	2878 	2257
f 1807 	2256 	1811
f 2258 	1811 	2256
f 2253 	2230 	2255
f 2230 	2393 	2255
f 2252 	2259 	2231
f 2259 	2880 	2392
f 2259 	2392 	2231
f 1861 	2269 	1971
f 2269 	1861 	2264
f 2271 	2272 	2270
f 1971 	2269 	2006
f 2272 	2271 	2260
f 2261 	2260 	2271
f 2263 	2262 	2265
f 2269 	2264 	2273
f 2272 	2274 	2259
f 2259 	2252 	2272
f 3069 	3072 	2017
f 2260 	2274 	2272
f 2017 	3073 	3109
f 3110 	3111 	2017
f 3109 	3110 	2017
f 2675 	2676 	2017
f 2676 	2677 	2017
f 2677 	2678 	2017
f 2680 	2681 	2017
f 2678 	2680 	2017
f 2017 	3111 	2675
f 2017 	1890 	1891
f 1898 	376 	1900
f 2291 	1900 	376
f 1898 	1900 	925
f 1899 	1898 	925
f 926 	925 	1900
f 1897 	1899 	925
f 2290 	2288 	2289
f 2291 	376 	2290
f 1890 	2017 	1889
f 1900 	2291 	926
f 3042 	2292 	1891
f 928 	926 	2289
f 2290 	2289 	926
f 2292 	3042 	3047
f 2291 	2290 	926
f 2295 	2296 	2293
f 2017 	2292 	2294
f 2297 	2288 	2296
f 2288 	2293 	2296
f 2297 	2289 	2288
f 929 	928 	2295
f 2297 	2296 	928
f 2295 	928 	2296
f 2289 	2297 	928
f 2299 	2301 	2298
f 2301 	2299 	2303
f 2298 	2301 	2293
f 2309 	2300 	851
f 2295 	2293 	2302
f 2301 	2302 	2293
f 2348 	2299 	2346
f 2301 	2303 	2304
f 2301 	2305 	2302
f 2304 	2305 	2301
f 854 	2313 	853
f 2295 	2302 	929
f 2303 	930 	929
f 865 	851 	2300
f 864 	865 	2300
f 2310 	2311 	852
f 2165 	2312 	2163
f 2085 	2312 	2165
f 2310 	853 	2313
f 2310 	852 	853
f 2312 	2085 	2086
f 854 	2314 	2313
f 2086 	2087 	2312
f 2087 	2088 	2312
f 2088 	2089 	2312
f 2306 	2318 	2319
f 2052 	2054 	2312
f 2054 	2055 	2312
f 2055 	2185 	2312
f 2185 	1862 	2312
f 1862 	1863 	2312
f 2300 	2309 	2308
f 1864 	2312 	1863
f 1865 	2312 	1864
f 1865 	1866 	2312
f 1866 	2697 	2312
f 2309 	851 	2311
f 2311 	851 	852
f 2700 	2701 	2312
f 854 	814 	2314
f 2701 	2704 	2312
f 2704 	2913 	2312
f 2913 	2915 	2312
f 2915 	2916 	2312
f 2916 	2917 	2312
f 2314 	814 	1798
f 2917 	2919 	2312
f 2919 	2920 	2312
f 2920 	2932 	2312
f 2932 	2786 	2312
f 2786 	2788 	2312
f 2307 	2306 	2319
f 2788 	2791 	2312
f 2307 	2315 	2308
f 2791 	2794 	2312
f 2307 	2319 	2315
f 2300 	2308 	2315
f 2794 	2797 	2312
f 2315 	864 	2300
f 2797 	2800 	2312
f 2800 	2770 	2312
f 2770 	2771 	2312
f 2698 	2312 	2697
f 2698 	2699 	2312
f 2316 	2320 	2317
f 2312 	2766 	2767
f 2312 	2767 	2768
f 2316 	3241 	2320
f 2768 	2769 	2312
f 2769 	2153 	2312
f 2321 	2318 	2317
f 2321 	2317 	2320
f 862 	2318 	2321
f 2158 	2159 	2312
f 2159 	2163 	2312
f 2321 	1330 	862
f 2269 	2275 	2006
f 2269 	2273 	2275
f 2256 	2006 	2275
f 1858 	2727 	1859
f 2273 	2323 	2275
f 2273 	2322 	2323
f 2275 	2258 	2256
f 2275 	2323 	2258
f 2322 	2325 	2323
f 2460 	2366 	2457
f 2322 	2723 	2325
f 2326 	2327 	2366
f 2327 	2469 	2366
f 2324 	2469 	1858
f 2324 	1858 	1853
f 2305 	929 	2302
f 2328 	2350 	2335
f 929 	2304 	2303
f 2304 	929 	2305
f 2335 	1853 	1855
f 2328 	1113 	1044
f 2401 	2343 	2342
f 2299 	2298 	2342
f 2344 	1043 	1117
f 2299 	2342 	2343
f 1117 	1048 	2344
f 2346 	2343 	2345
f 2416 	2345 	2343
f 1043 	2344 	2347
f 2343 	2346 	2299
f 2348 	2349 	2299
f 2299 	2349 	2303
f 1043 	2347 	1044
f 2328 	1044 	2350
f 2348 	2346 	930
f 1044 	2347 	2350
f 2344 	1048 	2354
f 1048 	2436 	2354
f 1964 	1009 	2357
f 2344 	2366 	2347
f 2344 	2354 	2366
f 2347 	2366 	2324
f 932 	930 	2346
f 2347 	2324 	2350
f 2350 	1853 	2335
f 2350 	2324 	1853
f 932 	2346 	2345
f 2348 	930 	2349
f 2303 	2349 	930
f 1557 	2398 	1433
f 1145 	2325 	2723
f 1145 	1146 	2325
f 2398 	2401 	1433
f 1146 	2414 	2325
f 2403 	1810 	2402
f 1810 	1811 	2402
f 1810 	2403 	1790
f 2325 	2414 	2323
f 2413 	2398 	2415
f 2343 	2401 	2398
f 2323 	2414 	2258
f 2398 	2413 	2343
f 2414 	2417 	2258
f 2416 	2343 	2413
f 2414 	1147 	2417
f 2258 	2417 	1811
f 2417 	2402 	1811
f 2403 	2402 	1132
f 1132 	2402 	1133
f 1132 	763 	2403
f 1146 	1147 	2414
f 1147 	1133 	2417
f 1133 	2402 	2417
f 2371 	2452 	2441
f 2447 	2452 	2371
f 1008 	1964 	1962
f 1007 	1008 	1962
f 2457 	2366 	2354
f 2366 	2469 	2324
f 1008 	1009 	1964
f 2460 	2326 	2366
f 2447 	2371 	2357
f 1049 	2495 	2436
f 1009 	2447 	2357
f 2436 	2461 	2354
f 2461 	2436 	2499
f 2497 	2499 	2436
f 2326 	2451 	2327
f 2452 	2459 	2441
f 2461 	2480 	2354
f 2499 	2488 	2461
f 2459 	2811 	2746
f 2808 	2811 	2459
f 2416 	2413 	932
f 2415 	933 	2413
f 1049 	1712 	2539
f 932 	2345 	2416
f 932 	2413 	933
f 2547 	1049 	2539
f 1557 	1578 	2398
f 2465 	2398 	1578
f 2415 	2398 	2465
f 2530 	2460 	2457
f 2530 	2457 	2478
f 2530 	2451 	2460
f 2326 	2460 	2451
f 1858 	2469 	2726
f 933 	2465 	903
f 1578 	903 	2465
f 2415 	2465 	933
f 1578 	1577 	903
f 2472 	2469 	2327
f 2451 	2472 	2327
f 2479 	570 	2481
f 2480 	2478 	2354
f 2457 	2354 	2478
f 565 	2481 	564
f 2480 	2461 	2483
f 2479 	2484 	570
f 2461 	2482 	2483
f 570 	2484 	571
f 2482 	2461 	2488
f 2477 	2484 	936
f 1712 	1906 	2539
f 2479 	2481 	936
f 565 	921 	2481
f 921 	936 	2481
f 571 	2484 	2477
f 1049 	2494 	2495
f 2497 	2436 	2495
f 2479 	936 	2484
f 938 	902 	2501
f 939 	938 	2502
f 2488 	2499 	2503
f 945 	941 	2506
f 2510 	2503 	2499
f 2511 	946 	2506
f 2510 	2497 	2495
f 2510 	2495 	2494
f 2511 	2513 	946
f 2497 	2510 	2499
f 2516 	948 	2513
f 2517 	948 	2516
f 949 	2517 	950
f 2519 	950 	2517
f 954 	2521 	2523
f 2523 	2527 	954
f 956 	954 	2527
f 1130 	2528 	2529
f 2478 	2480 	2530
f 1130 	2529 	1131
f 2530 	2480 	2503
f 1144 	2545 	1142
f 2483 	2503 	2480
f 2528 	1130 	2537
f 1142 	2537 	1130
f 2545 	2537 	1142
f 2527 	2529 	956
f 2482 	2503 	2483
f 2503 	2482 	2488
f 2528 	957 	956
f 2529 	2528 	956
f 1131 	2529 	2527
f 2430 	2565 	2434
f 2427 	2434 	2565
f 727 	2541 	2690
f 2528 	2537 	957
f 727 	574 	2541
f 2392 	2874 	2393
f 2463 	2462 	2464
f 2543 	2542 	2544
f 2494 	1049 	2547
f 957 	2545 	958
f 2553 	2554 	2539
f 2539 	2556 	2547
f 1144 	958 	2545
f 2541 	2568 	2546
f 2447 	1011 	2752
f 2565 	2541 	574
f 2565 	2568 	2541
f 2568 	2572 	2546
f 2546 	2572 	2561
f 1715 	1711 	2580
f 2427 	2565 	576
f 576 	572 	2427
f 1716 	2585 	1723
f 2539 	2554 	2556
f 2580 	2585 	1716
f 2585 	2588 	1723
f 1874 	2588 	2592
f 2547 	2556 	2586
f 2586 	2510 	2547
f 2494 	2547 	2510
f 2556 	2554 	2586
f 2553 	2586 	2554
f 1873 	1874 	2592
f 2667 	1873 	2592
f 2510 	2586 	601
f 1595 	2580 	1711
f 1711 	1593 	1595
f 2551 	958 	1144
f 2565 	2430 	2568
f 2537 	2545 	957
f 2430 	2540 	2568
f 2568 	2540 	2572
f 1140 	2613 	1141
f 2613 	2616 	1141
f 1141 	2616 	1143
f 2551 	2616 	958
f 2616 	2613 	958
f 2613 	1140 	960
f 2621 	960 	1140
f 2551 	1143 	2616
f 960 	958 	2613
f 2633 	961 	2621
f 1037 	961 	2633
f 862 	2319 	2318
f 2634 	1038 	2633
f 2319 	862 	863
f 2635 	1039 	2634
f 1039 	1038 	2634
f 2637 	1040 	2635
f 2319 	863 	2315
f 1041 	1040 	2638
f 2638 	1040 	2637
f 2645 	2646 	2632
f 2639 	1041 	2638
f 2632 	2646 	2636
f 1072 	1042 	2640
f 2315 	863 	864
f 2641 	2427 	572
f 2320 	3247 	1329
f 2641 	2643 	2427
f 2427 	2643 	2434
f 2643 	2641 	1072
f 935 	1072 	2641
f 2649 	2017 	2648
f 2643 	1072 	2434
f 2649 	2650 	2017
f 936 	935 	2641
f 2641 	572 	936
f 2477 	936 	572
f 2644 	2645 	2628
f 2307 	2017 	2306
f 2308 	2017 	2307
f 2628 	2645 	2632
f 2308 	2309 	2017
f 2645 	2617 	2646
f 2017 	2311 	2310
f 2310 	2313 	2017
f 2636 	2647 	2642
f 2646 	2647 	2636
f 2647 	1148 	2642
f 1139 	1148 	2647
f 2642 	1148 	1145
f 2645 	2644 	2626
f 2624 	2626 	2644
f 2626 	2617 	2645
f 2617 	2622 	2646
f 2646 	2622 	2647
f 1139 	2647 	2622
f 2561 	2644 	2628
f 2561 	2572 	2644
f 2540 	2624 	2572
f 2624 	2644 	2572
f 2652 	689 	688
f 688 	691 	2652
f 689 	2652 	2655
f 2580 	1934 	2585
f 691 	2674 	2652
f 689 	2655 	1852
f 1934 	1935 	2585
f 1852 	2661 	1854
f 2585 	1935 	2588
f 2655 	2661 	1852
f 2661 	1860 	1854
f 2588 	1936 	2592
f 2662 	2017 	2650
f 1936 	980 	2592
f 2663 	2655 	2652
f 2017 	2662 	2664
f 2306 	2017 	2665
f 2663 	2666 	2655
f 2663 	2671 	2666
f 2668 	2669 	1878
f 2655 	2666 	2661
f 1878 	2669 	1879
f 2661 	2670 	1860
f 2666 	2670 	2661
f 984 	2669 	2668
f 2670 	2264 	1860
f 2317 	2665 	2664
f 2665 	2317 	2318
f 1877 	2668 	1878
f 2665 	2318 	2306
f 2667 	2668 	1877
f 2672 	1879 	2669
f 2649 	2702 	2650
f 2669 	1952 	2672
f 1880 	2673 	1888
f 2673 	1880 	2672
f 2652 	2674 	2663
f 2673 	2687 	1888
f 2679 	2674 	699
f 699 	705 	2679
f 2648 	2017 	2681
f 2674 	2682 	2663
f 1888 	2687 	1889
f 2679 	2682 	2674
f 2682 	2671 	2663
f 1889 	2687 	2688
f 2681 	2713 	2714
f 2592 	980 	2667
f 2668 	2667 	982
f 2683 	2679 	705
f 980 	982 	2667
f 705 	2689 	2683
f 982 	984 	2668
f 2683 	2684 	2679
f 2679 	2684 	2682
f 2682 	2685 	2671
f 2684 	2685 	2682
f 1952 	1962 	2672
f 2672 	1962 	2673
f 2683 	2686 	2684
f 1962 	1964 	2673
f 2687 	2357 	2688
f 2718 	2685 	2684
f 2673 	1964 	2687
f 2686 	2691 	2561
f 1964 	2357 	2687
f 2628 	2686 	2561
f 2357 	2371 	2688
f 2689 	705 	704
f 704 	723 	2689
f 723 	2690 	2689
f 2713 	2681 	2680
f 2689 	2691 	2683
f 2689 	2690 	2691
f 2648 	2681 	2714
f 2686 	2683 	2691
f 2541 	2546 	2690
f 2690 	2546 	2691
f 2546 	2561 	2691
f 2650 	2703 	2662
f 2666 	2692 	2670
f 2671 	2692 	2666
f 2692 	2693 	2670
f 2670 	2693 	2264
f 2693 	2273 	2264
f 2695 	2671 	2685
f 2692 	2671 	2695
f 2696 	2693 	2692
f 2312 	2771 	2766
f 2648 	2715 	2649
f 2648 	2714 	2715
f 1858 	2717 	2727
f 2728 	1859 	2727
f 2312 	2699 	2700
f 2702 	2649 	2715
f 2650 	2702 	2703
f 2697 	2890 	2698
f 1901 	2890 	2697
f 2316 	2662 	2703
f 3255 	2703 	2702
f 2662 	2316 	2664
f 2316 	2317 	2664
f 2700 	2893 	2701
f 2711 	1859 	2712
f 2728 	2712 	1859
f 2944 	2946 	609
f 2712 	590 	2711
f 2696 	2692 	2695
f 2693 	2696 	2322
f 2693 	2322 	2273
f 2686 	2718 	2684
f 2685 	2718 	2720
f 2718 	2632 	2720
f 2695 	2685 	2720
f 2695 	2722 	2696
f 2695 	2720 	2722
f 2696 	2723 	2322
f 2696 	2722 	2723
f 2719 	2441 	2459
f 2628 	2718 	2686
f 2746 	2719 	2459
f 2719 	2746 	2721
f 2628 	2632 	2718
f 2632 	2636 	2720
f 2720 	2636 	2722
f 2717 	1858 	2726
f 2728 	2727 	591
f 2726 	592 	2717
f 591 	2717 	592
f 2717 	591 	2727
f 2728 	591 	590
f 590 	2712 	2728
f 2469 	2732 	2733
f 2469 	2472 	2732
f 2726 	2469 	2733
f 2733 	2732 	592
f 2732 	2472 	593
f 2451 	593 	2472
f 593 	592 	2732
f 593 	2451 	2530
f 598 	597 	2503
f 601 	600 	2510
f 603 	601 	2586
f 2758 	2940 	2335
f 2312 	2153 	2154
f 2312 	2154 	2158
f 2766 	1645 	1646
f 2767 	2766 	1646
f 2768 	2767 	1160
f 1646 	1160 	2767
f 2768 	1161 	2769
f 2768 	1160 	1161
f 1654 	2771 	2770
f 2771 	1645 	2766
f 2771 	1655 	1645
f 2752 	2452 	2447
f 2459 	2452 	2808
f 2752 	2808 	2452
f 2811 	2817 	2746
f 2752 	2827 	2808
f 2827 	2834 	2808
f 2811 	2835 	2817
f 3162 	3169 	2827
f 2827 	3169 	2834
f 2808 	2834 	2811
f 2834 	2835 	2811
f 2835 	2836 	2817
f 2836 	2820 	2817
f 2836 	2867 	2820
f 2834 	2846 	2835
f 2836 	2835 	2849
f 2846 	2849 	2835
f 2859 	2849 	2846
f 3233 	2859 	2846
f 2868 	2867 	2836
f 2836 	2849 	2868
f 2868 	2869 	2867
f 2872 	2876 	2869
f 2849 	2871 	2868
f 2849 	2859 	2871
f 2868 	2872 	2869
f 2872 	2868 	2871
f 2874 	2875 	2873
f 2392 	2875 	2874
f 2251 	2873 	2270
f 2257 	2877 	2873
f 2251 	2257 	2873
f 2872 	2881 	2876
f 2878 	2874 	2877
f 2873 	2877 	2874
f 2877 	2257 	2878
f 2870 	2871 	2859
f 2874 	2878 	2393
f 2879 	2871 	2870
f 2878 	2255 	2393
f 2875 	2880 	2988
f 2872 	2871 	2879
f 2259 	2274 	2880
f 2879 	2881 	2872
f 2791 	3044 	2794
f 2800 	2797 	1653
f 2800 	1653 	1654
f 2800 	1654 	2770
f 2721 	2746 	2882
f 1655 	2771 	1654
f 1815 	2883 	1870
f 2722 	2642 	2723
f 2636 	2642 	2722
f 1145 	2723 	2642
f 1549 	1548 	2885
f 2889 	2884 	2883
f 1549 	2887 	1552
f 2501 	1552 	739
f 2889 	2899 	2884
f 2899 	2886 	2884
f 2887 	1549 	2885
f 1535 	2885 	1548
f 571 	2477 	572
f 2501 	736 	2502
f 1658 	2888 	1815
f 2501 	739 	736
f 2883 	1815 	2888
f 2887 	739 	1552
f 2502 	741 	2506
f 741 	747 	2506
f 2888 	2889 	2883
f 741 	2502 	736
f 2513 	745 	2516
f 760 	2517 	745
f 2513 	746 	745
f 2506 	747 	2511
f 747 	746 	2511
f 2513 	2511 	746
f 1663 	2888 	1658
f 1663 	1684 	2888
f 2888 	1684 	2889
f 2516 	745 	2517
f 1684 	1686 	2889
f 2521 	2519 	762
f 2521 	762 	761
f 2517 	760 	2519
f 762 	2519 	760
f 2698 	2890 	2891
f 2527 	2523 	1129
f 1131 	2527 	1129
f 2891 	2699 	2698
f 2521 	761 	2523
f 1129 	2523 	761
f 2891 	2892 	2699
f 2633 	2621 	1139
f 2890 	2886 	2891
f 1139 	2622 	2633
f 2621 	1140 	1139
f 2891 	2896 	2892
f 1143 	2551 	1144
f 2639 	2430 	2640
f 2638 	2540 	2639
f 2434 	2640 	2430
f 2637 	2624 	2638
f 2430 	2639 	2540
f 2633 	2622 	2634
f 2626 	2635 	2617
f 2617 	2634 	2622
f 2635 	2626 	2637
f 2540 	2638 	2624
f 2624 	2637 	2626
f 2634 	2617 	2635
f 2883 	2884 	1901
f 2890 	1901 	2884
f 2884 	2886 	2890
f 2895 	1046 	1050
f 2886 	2896 	2891
f 1050 	2897 	2895
f 2893 	2906 	2894
f 2897 	2914 	2895
f 2906 	2907 	2894
f 3348 	2898 	2897
f 2889 	1686 	2899
f 2899 	2901 	2886
f 2903 	2899 	1686
f 2899 	2903 	2901
f 2902 	2901 	577
f 2898 	725 	2900
f 2903 	577 	2901
f 577 	578 	2902
f 717 	2900 	725
f 2900 	717 	2904
f 2903 	579 	577
f 2905 	2893 	2892
f 2905 	2892 	2896
f 2906 	2893 	2905
f 707 	641 	2904
f 2896 	2886 	2901
f 2896 	2901 	2902
f 2908 	2912 	2909
f 2902 	2905 	2896
f 2905 	2910 	2906
f 2902 	2910 	2905
f 2906 	2910 	584
f 1047 	2895 	2911
f 2906 	584 	2907
f 584 	586 	2907
f 2911 	2912 	2908
f 2910 	2902 	578
f 2912 	2922 	2909
f 578 	587 	2910
f 2910 	587 	584
f 2895 	2914 	2911
f 2914 	2918 	2911
f 2911 	2918 	2912
f 2892 	2700 	2699
f 2897 	2898 	2914
f 2914 	2900 	2918
f 2892 	2893 	2700
f 2898 	2900 	2914
f 2900 	2904 	2918
f 2893 	2894 	2701
f 2701 	2894 	2704
f 1045 	1047 	2908
f 2704 	2925 	2913
f 2908 	2909 	1218
f 1221 	1219 	2921
f 2909 	2921 	1219
f 2915 	2928 	2916
f 2916 	2929 	2917
f 2928 	2929 	2916
f 2922 	2921 	2909
f 2919 	2930 	3053
f 2922 	2923 	2921
f 2919 	3053 	2920
f 2921 	2923 	1230
f 2923 	1231 	1230
f 2924 	2922 	2912
f 2912 	2918 	2924
f 2925 	2704 	2894
f 2924 	2926 	2922
f 2913 	2925 	2927
f 2924 	641 	2926
f 2904 	641 	2924
f 2913 	2927 	2915
f 2922 	2926 	2923
f 2926 	1234 	2923
f 2915 	2927 	2928
f 1234 	2926 	650
f 2923 	1234 	1231
f 2924 	2918 	2904
f 2929 	2930 	2917
f 2917 	2930 	2919
f 2894 	2907 	2925
f 2820 	680 	2882
f 2817 	2882 	2746
f 2817 	2820 	2882
f 2929 	2928 	3378
f 2820 	2931 	680
f 2931 	2820 	2867
f 680 	2931 	683
f 2933 	687 	2931
f 2867 	2933 	2931
f 2335 	1855 	2758
f 2758 	1855 	2934
f 2942 	2934 	1855
f 2758 	2934 	2765
f 1096 	2936 	1097
f 2936 	1063 	1097
f 1063 	2936 	1064
f 1066 	1097 	1063
f 1060 	2937 	1054
f 1054 	2937 	1055
f 2937 	2938 	1055
f 2938 	2939 	2935
f 2938 	2753 	2939
f 2941 	2753 	2938
f 2939 	2936 	2935
f 2939 	1064 	2936
f 2328 	1060 	1113
f 1060 	2328 	2940
f 2328 	2335 	2940
f 2937 	1060 	2940
f 2937 	2940 	2941
f 2940 	2758 	2941
f 2938 	2937 	2941
f 2941 	2758 	2765
f 2941 	2765 	2753
f 2942 	1855 	1859
f 2934 	2942 	1801
f 2945 	1801 	2942
f 1859 	2946 	2942
f 2942 	2943 	2945
f 1849 	1848 	31
f 2943 	2942 	2944
f 608 	2943 	609
f 2945 	2943 	608
f 1850 	2945 	608
f 2944 	609 	2943
f 1859 	2711 	2946
f 2944 	2942 	2946
f 590 	589 	2711
f 2946 	2711 	609
f 2539 	1906 	2553
f 2553 	1910 	2586
f 1911 	2586 	1910
f 610 	605 	1911
f 2586 	1911 	603
f 1905 	1925 	773
f 774 	773 	1925
f 1925 	1921 	774
f 776 	774 	1921
f 2949 	2950 	2947
f 2947 	2950 	2948
f 755 	2949 	1234
f 2950 	2951 	2948
f 2951 	2953 	2952
f 2956 	1251 	1243
f 1255 	2956 	2957
f 1255 	2957 	2954
f 2957 	2958 	2954
f 2954 	2958 	2955
f 2958 	2959 	2955
f 2956 	1243 	2947
f 2956 	2948 	2957
f 2947 	2948 	2956
f 2958 	2957 	2960
f 2948 	2960 	2957
f 2960 	2961 	2958
f 2960 	2952 	2961
f 2958 	2961 	2959
f 2951 	2960 	2948
f 2951 	2952 	2960
f 1011 	1010 	2962
f 1011 	2963 	2752
f 2962 	2963 	1011
f 2963 	2827 	2752
f 1785 	2954 	2964
f 1781 	2965 	2962
f 1781 	2964 	2965
f 2965 	2966 	2962
f 2962 	2966 	2963
f 2954 	2955 	2964
f 2955 	2965 	2964
f 2967 	2966 	2965
f 2955 	2967 	2965
f 2955 	2959 	2967
f 3120 	2967 	2959
f 3112 	2950 	2949
f 2969 	2953 	2951
f 3105 	3106 	2953
f 952 	2953 	2968
f 2950 	2969 	2951
f 2867 	2869 	2933
f 2973 	800 	2933
f 2973 	2933 	2869
f 829 	800 	2973
f 2973 	2869 	2876
f 977 	3176 	3168
f 2875 	2392 	2880
f 609 	2711 	589
f 2873 	2875 	2984
f 2988 	2985 	2875
f 2983 	2984 	2985
f 2984 	2983 	2986
f 2985 	2395 	2983
f 2394 	2983 	2395
f 2986 	2983 	2987
f 2394 	2987 	2983
f 2726 	2733 	592
f 2270 	2873 	2984
f 2530 	594 	593
f 2271 	2270 	2986
f 2984 	2986 	2270
f 2261 	2271 	2987
f 2986 	2987 	2271
f 596 	594 	2530
f 2987 	2394 	2261
f 3608 	3607 	812
f 2985 	2984 	2875
f 2988 	2880 	2274
f 2985 	2988 	2395
f 2260 	2395 	2274
f 2988 	2274 	2395
f 711 	710 	3609
f 14 	317 	748
f 1847 	607 	1848
f 884 	622 	887
f 884 	923 	622
f 772 	72 	69
f 772 	771 	72
f 597 	596 	2503
f 600 	598 	2503
f 2503 	2510 	600
f 603 	1911 	605
f 3259 	2715 	2714
f 2688 	2371 	3009
f 2786 	3064 	2788
f 2371 	2441 	3009
f 2786 	3060 	3064
f 1889 	2688 	1890
f 3064 	3040 	2788
f 1890 	3009 	1891
f 2788 	3040 	2791
f 3009 	1890 	2688
f 3042 	1891 	3009
f 3044 	2791 	3040
f 2797 	2794 	1826
f 2794 	3044 	1826
f 1826 	1653 	2797
f 2292 	3047 	2294
f 3044 	3040 	1835
f 3040 	1832 	1835
f 3044 	1835 	1836
f 3055 	2932 	2920
f 3009 	2441 	3042
f 3042 	2719 	3047
f 2441 	2719 	3042
f 2719 	2721 	3047
f 3053 	3055 	2920
f 3047 	2721 	3045
f 2932 	3055 	3060
f 3045 	3103 	3051
f 2932 	3060 	2786
f 780 	3477 	3001
f 780 	3001 	3068
f 3075 	3503 	3076
f 3067 	2294 	3045
f 3047 	3045 	2294
f 3067 	3045 	3051
f 787 	3088 	1283
f 3088 	3085 	1283
f 3067 	3051 	3069
f 3090 	3088 	787
f 3096 	3073 	3072
f 787 	1283 	789
f 790 	789 	1283
f 3069 	3094 	3072
f 3051 	3094 	3069
f 3094 	3096 	3072
f 792 	3326 	633
f 635 	3357 	636
f 3045 	2721 	3103
f 3051 	3104 	3094
f 758 	3105 	2969
f 3051 	3103 	3104
f 2969 	3105 	2953
f 3104 	3211 	3094
f 2968 	2953 	3106
f 3107 	3105 	759
f 3105 	3108 	3106
f 3107 	3108 	3105
f 3096 	3094 	3211
f 2968 	3106 	1012
f 2721 	2882 	3103
f 3103 	2882 	680
f 3104 	3103 	680
f 680 	683 	3104
f 3108 	1012 	3106
f 3111 	3172 	2675
f 3127 	3111 	3110
f 69 	1012 	759
f 3107 	1012 	3108
f 2949 	755 	3112
f 755 	765 	3112
f 2676 	3190 	2677
f 3112 	765 	758
f 2676 	3173 	3190
f 2969 	2950 	3112
f 758 	2969 	3112
f 2678 	2677 	3193
f 3073 	3123 	3109
f 3129 	3131 	3120
f 3096 	3123 	3073
f 3109 	3126 	3110
f 3123 	3126 	3109
f 3380 	3053 	2930
f 2959 	2961 	3129
f 3129 	3120 	2959
f 3381 	3382 	3055
f 3382 	3060 	3055
f 3064 	3060 	1851
f 988 	637 	1002
f 2961 	2952 	3137
f 3129 	2961 	3137
f 3129 	3141 	3131
f 3129 	3137 	3141
f 3141 	3145 	3131
f 780 	3068 	874
f 874 	783 	780
f 3090 	787 	876
f 3609 	3608 	711
f 3613 	265 	16
f 562 	3258 	3154
f 264 	317 	16
f 14 	16 	317
f 21 	389 	22
f 3162 	2827 	2963
f 2876 	2881 	3165
f 2963 	2966 	3162
f 3126 	3127 	3110
f 3168 	2881 	2879
f 3162 	3175 	3169
f 3168 	3170 	2881
f 3169 	2846 	2834
f 2966 	2967 	3171
f 3170 	3165 	2881
f 3172 	3173 	2675
f 3171 	3162 	2966
f 3170 	3174 	3165
f 2675 	3173 	2676
f 3171 	3175 	3162
f 3176 	3170 	3168
f 3242 	3244 	3175
f 3127 	3172 	3111
f 3176 	3177 	3170
f 3096 	3214 	3123
f 3170 	3177 	3174
f 3123 	3220 	3126
f 3214 	3220 	3123
f 3177 	3216 	3174
f 3126 	3222 	3127
f 3176 	977 	985
f 985 	3346 	3176
f 3230 	3173 	3172
f 3318 	3319 	3183
f 3200 	3190 	3173
f 2677 	3190 	3193
f 3190 	3201 	3193
f 2678 	3196 	2680
f 3196 	2678 	3193
f 3196 	2713 	2680
f 3230 	3200 	3173
f 3201 	3190 	3200
f 3193 	3202 	3196
f 3193 	3201 	3202
f 3196 	3202 	3204
f 3196 	3204 	2713
f 3200 	3450 	3201
f 3430 	3202 	3201
f 3183 	3319 	3189
f 3174 	3216 	3213
f 3096 	3211 	3214
f 3216 	3219 	3213
f 3222 	3126 	3220
f 3216 	3321 	3219
f 3322 	3219 	3321
f 3322 	3323 	3219
f 3104 	683 	3211
f 683 	684 	3211
f 3211 	684 	3214
f 3225 	829 	2973
f 685 	3220 	3214
f 684 	685 	3214
f 3225 	831 	829
f 3220 	692 	3222
f 3127 	3228 	3172
f 3127 	3222 	3228
f 3225 	3229 	831
f 3228 	3230 	3172
f 3222 	3231 	3228
f 3229 	3225 	3165
f 3233 	2846 	3169
f 3229 	834 	831
f 3120 	3171 	2967
f 685 	692 	3220
f 3229 	3213 	834
f 3231 	3222 	692
f 3229 	3174 	3213
f 3175 	3233 	3169
f 3228 	3232 	3230
f 3228 	3231 	3232
f 3232 	3448 	3230
f 3230 	3448 	3200
f 692 	696 	3231
f 3231 	817 	3232
f 696 	817 	3231
f 2703 	3241 	2316
f 3233 	3246 	2859
f 2703 	3255 	3241
f 3120 	3242 	3171
f 3120 	3131 	3242
f 3242 	3175 	3171
f 3242 	3248 	3244
f 3243 	3250 	3245
f 3243 	3249 	3250
f 3233 	3175 	3244
f 3245 	3241 	3255
f 3241 	3245 	3247
f 3244 	3246 	3233
f 3241 	3247 	2320
f 3247 	1334 	1329
f 3248 	3242 	3131
f 2321 	2320 	1329
f 3248 	3251 	3244
f 1329 	1330 	2321
f 3245 	1333 	3247
f 3251 	3246 	3244
f 3245 	3250 	1333
f 3247 	1333 	1334
f 3248 	3131 	3145
f 2973 	2876 	3225
f 3145 	3154 	3248
f 2876 	3165 	3225
f 2870 	2859 	3246
f 3229 	3165 	3174
f 3249 	3411 	3250
f 3213 	843 	834
f 3251 	3252 	3246
f 3213 	3219 	843
f 1339 	1333 	3250
f 3252 	2870 	3246
f 3253 	845 	843
f 2870 	3254 	2879
f 3252 	3254 	2870
f 3254 	3168 	2879
f 3255 	2702 	3256
f 3253 	843 	3219
f 3248 	3154 	3251
f 3253 	849 	845
f 3257 	2714 	2713
f 3154 	3258 	3251
f 3259 	2714 	3257
f 2715 	3259 	3256
f 3257 	3270 	3259
f 2715 	3256 	2702
f 3255 	3256 	3243
f 3267 	3243 	3256
f 3255 	3243 	3245
f 3204 	3434 	3257
f 3257 	3434 	3270
f 3259 	3270 	3267
f 3270 	3278 	3274
f 3270 	3274 	3267
f 3259 	3267 	3256
f 3267 	3249 	3243
f 3267 	3274 	3249
f 3251 	3258 	3252
f 3252 	3306 	3254
f 3258 	3306 	3252
f 3219 	3311 	3253
f 977 	3254 	3306
f 849 	3253 	3183
f 3168 	3254 	977
f 3312 	3315 	3253
f 3306 	3258 	3398
f 3306 	3398 	990
f 3176 	3346 	3177
f 3346 	3350 	3177
f 3312 	3253 	3311
f 3183 	3253 	3316
f 3315 	3316 	3253
f 3183 	3316 	3318
f 3177 	3329 	3216
f 3321 	3216 	3320
f 3331 	3320 	3216
f 3311 	3219 	3323
f 3322 	3321 	3326
f 3320 	3325 	3321
f 3326 	3321 	3325
f 3323 	3322 	3326
f 3177 	3350 	3329
f 3331 	3216 	3329
f 3350 	3325 	3329
f 3331 	3329 	3325
f 3320 	3331 	3325
f 631 	3326 	632
f 3311 	3339 	3312
f 3315 	3312 	3339
f 3323 	3326 	3311
f 3339 	3311 	3326
f 3351 	3346 	1000
f 1051 	3359 	3348
f 1051 	3348 	2897
f 3348 	3359 	257
f 3346 	3353 	3354
f 3346 	3354 	3350
f 3351 	3353 	3346
f 257 	735 	3348
f 3348 	735 	2898
f 3357 	3351 	1002
f 1023 	3364 	1053
f 1000 	1002 	3351
f 3354 	3353 	3357
f 3351 	3357 	3353
f 1053 	3359 	1051
f 295 	257 	3359
f 3325 	3350 	3357
f 3354 	3357 	3350
f 3364 	1023 	1818
f 3364 	3359 	1053
f 792 	3339 	3326
f 3325 	632 	3326
f 295 	3359 	3364
f 630 	633 	3326
f 386 	295 	3364
f 3357 	635 	3325
f 3364 	1818 	386
f 3307 	3316 	3339
f 3316 	3307 	3318
f 3315 	3339 	3316
f 1851 	1832 	3064
f 3064 	1832 	3040
f 2927 	2925 	3376
f 2925 	2907 	3376
f 3377 	2927 	3376
f 2928 	2927 	3377
f 3377 	3378 	2928
f 3377 	3376 	678
f 2929 	3379 	2930
f 3378 	3379 	2929
f 3376 	2907 	586
f 3376 	586 	678
f 678 	679 	3377
f 3377 	679 	3378
f 3379 	3380 	2930
f 3380 	3381 	3053
f 3053 	3381 	3055
f 3060 	3382 	1851
f 3378 	686 	3379
f 679 	686 	3378
f 686 	688 	3379
f 688 	3380 	3379
f 688 	689 	3380
f 3380 	689 	3381
f 3381 	1852 	3382
f 3381 	689 	1852
f 1852 	1854 	3382
f 3382 	1854 	1851
f 1650 	1459 	3383
f 3384 	3383 	1459
f 1459 	1495 	3384
f 1495 	2401 	3384
f 1495 	1433 	2401
f 3384 	2401 	2342
f 2293 	3389 	2298
f 3386 	3387 	178
f 3389 	3386 	3385
f 3391 	184 	3387
f 3383 	3384 	3388
f 3388 	3385 	3383
f 3388 	3389 	3385
f 3386 	3390 	3387
f 3389 	3390 	3386
f 3384 	2342 	3388
f 2342 	2298 	3388
f 3388 	2298 	3389
f 3389 	2293 	3390
f 649 	3391 	379
f 3390 	3392 	3387
f 3391 	3387 	3392
f 3391 	382 	379
f 3392 	382 	3391
f 3390 	2288 	3392
f 3390 	2293 	2288
f 376 	382 	3392
f 2288 	376 	3392
f 1690 	1702 	3397
f 1702 	1776 	3393
f 1702 	3393 	3397
f 1775 	1650 	3394
f 1650 	3383 	3394
f 3394 	1776 	1775
f 3393 	1776 	3395
f 3394 	3395 	1776
f 3395 	178 	3393
f 3395 	3386 	178
f 3385 	3386 	3395
f 3393 	178 	146
f 178 	184 	146
f 3395 	3394 	3385
f 3383 	3385 	3394
f 1686 	3396 	2903
f 1686 	1693 	3396
f 3396 	579 	2903
f 3397 	1693 	1690
f 3397 	154 	1693
f 3396 	1693 	154
f 3396 	151 	579
f 154 	151 	3396
f 3397 	146 	154
f 3393 	146 	3397
f 146 	167 	154
f 3408 	3141 	3137
f 3398 	3401 	3402
f 3398 	3402 	990
f 3402 	3401 	3403
f 964 	966 	3398
f 3398 	967 	3401
f 642 	3403 	967
f 3258 	562 	3398
f 562 	964 	3398
f 3398 	966 	967
f 3401 	967 	3403
f 3270 	3434 	3278
f 3420 	2952 	2953
f 3278 	3416 	3274
f 3278 	3417 	3416
f 3408 	3409 	3141
f 3274 	3410 	3249
f 3408 	919 	3409
f 3417 	3439 	585
f 3141 	3409 	3145
f 3411 	3249 	3410
f 3410 	3412 	3413
f 3410 	3413 	3411
f 3145 	3422 	3154
f 3411 	1339 	3250
f 3411 	1627 	1339
f 3411 	3413 	1627
f 3137 	2952 	3420
f 3414 	3412 	3418
f 3412 	1685 	3413
f 1685 	3412 	3414
f 3413 	1631 	1627
f 3413 	1685 	1631
f 3414 	3415 	1688
f 3420 	943 	3408
f 1696 	1688 	3415
f 1696 	3415 	665
f 3274 	3416 	3410
f 3416 	3412 	3410
f 920 	3409 	919
f 3416 	3418 	3412
f 944 	916 	3408
f 3419 	3417 	585
f 2953 	952 	3420
f 643 	3419 	585
f 3417 	3419 	3418
f 3408 	3137 	3420
f 3417 	3418 	3416
f 3418 	3421 	3414
f 3418 	3419 	3421
f 3145 	3409 	3422
f 3414 	3421 	3415
f 3422 	562 	3154
f 3423 	3422 	883
f 882 	883 	3422
f 643 	644 	3424
f 3425 	562 	3423
f 3422 	3423 	562
f 644 	653 	3424
f 3424 	3419 	643
f 618 	3425 	888
f 3421 	3419 	3424
f 3421 	3426 	3415
f 3423 	888 	3425
f 883 	888 	3423
f 618 	563 	3425
f 3424 	3426 	3421
f 923 	884 	3409
f 920 	923 	3409
f 3424 	653 	3426
f 3409 	887 	3422
f 665 	3426 	664
f 653 	664 	3426
f 882 	3422 	887
f 3426 	665 	3415
f 3257 	2713 	3204
f 3202 	3432 	3204
f 3202 	3430 	3432
f 3432 	3434 	3204
f 3430 	3436 	3432
f 3432 	3436 	3439
f 3432 	3439 	3434
f 3278 	3434 	3439
f 3417 	3278 	3439
f 581 	582 	3444
f 581 	3444 	3436
f 3436 	585 	3439
f 3436 	3444 	585
f 3232 	3454 	3448
f 3200 	3448 	3450
f 3450 	3430 	3201
f 3232 	817 	3454
f 817 	822 	3454
f 3456 	3450 	3448
f 3456 	3448 	3454
f 3450 	3456 	581
f 3450 	581 	3430
f 581 	3436 	3430
f 3454 	822 	580
f 822 	827 	580
f 3454 	580 	3456
f 582 	581 	3456
f 3456 	580 	582
f 3307 	3319 	3318
f 3189 	3319 	3307
f 790 	1283 	3307
f 3339 	791 	3307
f 630 	3326 	631
f 3325 	634 	632
f 1002 	636 	3357
f 3461 	1918 	1703
f 1923 	1918 	3468
f 3483 	663 	3481
f 3461 	663 	3463
f 3462 	3463 	663
f 3463 	3465 	3461
f 3461 	3466 	3468
f 3465 	3466 	3461
f 3487 	3492 	667
f 3528 	661 	849
f 3462 	3475 	3463
f 3477 	3463 	3475
f 3463 	3477 	3465
f 3468 	3466 	3477
f 3466 	3465 	3477
f 3493 	3487 	3486
f 3493 	3495 	3487
f 3487 	3495 	3496
f 3487 	3496 	3492
f 3512 	3513 	675
f 3485 	3503 	3486
f 3504 	3493 	3503
f 3493 	3504 	3495
f 3496 	3495 	3504
f 3486 	3503 	3493
f 849 	3183 	3528
f 3485 	669 	3507
f 671 	3566 	3509
f 671 	3509 	3507
f 3514 	675 	3513
f 3514 	671 	677
f 3513 	3516 	3514
f 3514 	3518 	3519
f 3510 	671 	3514
f 3519 	3510 	3514
f 3516 	3518 	3514
f 3522 	3520 	3513
f 3512 	3522 	3513
f 3523 	3513 	3520
f 3513 	3523 	3516
f 3519 	3518 	3523
f 3518 	3516 	3523
f 3183 	3189 	3528
f 3536 	3528 	3189
f 3532 	661 	3530
f 3537 	3538 	3528
f 3528 	3538 	3530
f 3534 	675 	3532
f 661 	3532 	675
f 3534 	3512 	675
f 3537 	3528 	3540
f 3560 	3540 	3528
f 3307 	3536 	3189
f 3540 	3542 	3537
f 3538 	3537 	3542
f 3560 	3528 	3536
f 3522 	3534 	3532
f 3530 	3542 	3532
f 3542 	3520 	3532
f 3522 	3532 	3520
f 3542 	3530 	3538
f 3512 	3534 	3522
f 3549 	3550 	3551
f 3551 	3553 	3549
f 3551 	3554 	3553
f 3551 	3555 	3554
f 3520 	3542 	3550
f 3520 	3550 	3549
f 3520 	3549 	3553
f 3553 	3554 	3520
f 3536 	3307 	1283
f 3485 	3507 	3503
f 3507 	3509 	3503
f 3523 	3510 	3519
f 3566 	3503 	3509
f 3083 	3082 	3523
f 3085 	3083 	3520
f 3550 	3570 	3551
f 3570 	3555 	3551
f 3555 	1283 	3554
f 3492 	3475 	3481
f 3483 	3481 	3475
f 3462 	3483 	3475
f 3496 	3504 	3492
f 3475 	3492 	3504
f 3504 	3071 	3475
f 3002 	3475 	3071
f 671 	3571 	3566
f 3510 	3571 	671
f 3571 	3082 	3566
f 3510 	3523 	3082
f 3523 	3520 	3083
f 3085 	3520 	1283
f 3542 	1283 	3550
f 3550 	1283 	3570
f 3570 	1283 	3555
f 3542 	3540 	1283
f 3468 	3477 	1923
f 1922 	1923 	3477
f 780 	778 	3477
f 1922 	3477 	778
f 3475 	3002 	3477
f 3002 	3001 	3477
f 3077 	3076 	3503
f 3075 	3504 	3503
f 3075 	3071 	3504
f 3077 	3503 	3082
f 3503 	3566 	3082
f 3082 	3571 	3510
f 3554 	1283 	3520
f 3540 	3560 	1283
f 3560 	3536 	1283
f 195 	3583 	3585
f 3589 	3590 	3583
f 1534 	1526 	3589
f 3583 	3590 	3585
f 3590 	3592 	3585
f 3590 	3589 	1526
f 3590 	1508 	3592
f 1526 	1508 	3590
f 1508 	236 	3592
f 3601 	188 	785
f 785 	732 	3601
f 3601 	3603 	188
f 188 	3603 	192
f 3603 	3583 	192
f 732 	3604 	3601
f 3601 	3605 	3603
f 3604 	3605 	3601
f 3605 	3589 	3603
f 3605 	1534 	3589
f 3603 	3589 	3583
f 2887 	3604 	734
f 734 	739 	2887
f 2887 	2885 	3604
f 3604 	2885 	3605
f 1534 	3605 	1535
f 2885 	1535 	3605
f 3606 	812 	3607
f 74 	813 	77
f 894 	188 	192
f 701 	711 	3608
# 3220 faces

g group_0_10988977

usemtl color_10988977
s 0

f 1271 	1311 	1206
f 1274 	1209 	1207
f 1275 	1210 	1209
f 1275 	1209 	1274
f 1155 	1210 	1275
f 1211 	1276 	1212
f 1277 	1278 	1212
f 1278 	1290 	1214
f 1213 	1278 	1214
f 1281 	1216 	1215
f 1281 	1217 	1216
f 1220 	1288 	1235
f 1288 	1289 	1236
f 1288 	1236 	1235
f 1238 	1237 	1290
f 1238 	1292 	1293
f 1293 	1239 	1238
f 1241 	1293 	1294
f 1293 	1241 	1239
f 1294 	1242 	1241
f 1281 	1215 	1282
f 1244 	1282 	1215
f 1298 	1236 	1289
f 1298 	1299 	1249
f 1249 	1299 	1250
f 1299 	1252 	1250
f 1301 	1302 	1254
f 1303 	1306 	1258
f 3199 	1308 	1268
f 1310 	1270 	1269
f 1270 	1310 	1311
f 1311 	1271 	1270
f 1311 	1273 	1206
f 1273 	1272 	1207
f 1207 	1206 	1273
f 1272 	1274 	1207
f 1155 	1275 	1153
f 1211 	1155 	1276
f 1153 	1276 	1155
f 1277 	1212 	1276
f 1213 	1212 	1278
f 1237 	1214 	1290
f 1290 	1278 	1280
f 1217 	1281 	1285
f 1217 	1285 	1205
f 1162 	1205 	1285
f 1220 	1205 	1286
f 1162 	1286 	1205
f 1286 	1288 	1220
f 1292 	1238 	1290
f 1242 	1294 	1296
f 1296 	1297 	1244
f 1296 	1244 	1242
f 1297 	1282 	1244
f 1249 	1236 	1298
f 1252 	1299 	1300
f 1252 	1300 	1254
f 1301 	1254 	1300
f 1974 	1256 	1302
f 1258 	1257 	1303
f 1269 	1268 	1307
f 1269 	1307 	1310
f 1533 	1955 	1539
f 1659 	1656 	1539
f 1662 	1958 	1664
f 1959 	1960 	1664
f 1668 	1961 	1669
f 1961 	1947 	1501
f 1669 	1961 	1501
f 1969 	1677 	1674
f 1969 	1970 	1679
f 1679 	1681 	1677
f 1679 	1677 	1969
f 1973 	1683 	1682
f 1326 	1323 	1683
f 1326 	1683 	1973
f 1505 	1323 	1326
f 1501 	1947 	1503
f 1975 	1977 	1687
f 1689 	1422 	1500
f 1692 	1500 	1422
f 1694 	1982 	1695
f 1698 	1990 	1700
f 1990 	1701 	1700
f 1701 	1991 	1704
f 1992 	1995 	1704
f 1705 	1995 	1997
f 1707 	483 	1710
f 484 	1708 	1709
f 1821 	1820 	1744
f 1821 	1744 	1743
f 1745 	1744 	1746
f 3036 	3081 	1753
f 1754 	1829 	1757
f 1829 	1830 	1758
f 1758 	1830 	1759
f 1829 	1758 	1757
f 1757 	1758 	1760
f 1763 	1839 	1743
f 1768 	1842 	1769
f 1842 	1719 	1769
f 1746 	1744 	1820
f 1822 	1747 	1823
f 1747 	1746 	1823
f 1820 	1823 	1746
f 1823 	1820 	1824
f 1754 	1753 	1827
f 1827 	1829 	1754
f 1840 	1759 	1830
f 1719 	1729 	1831
f 1833 	1761 	1831
f 1719 	1831 	1761
f 1834 	1833 	1831
f 1761 	1833 	1762
f 1837 	1762 	1833
f 1763 	1762 	1839
f 1837 	1839 	1762
f 1821 	1743 	1839
f 1766 	1759 	1840
f 1840 	1841 	1768
f 1840 	1768 	1766
f 1705 	1997 	1706
f 1997 	1926 	1706
f 2002 	2004 	1928
f 1930 	2007 	1931
f 2009 	2010 	1931
f 1932 	2011 	1933
f 1841 	1842 	1768
f 1842 	1729 	1719
f 1823 	1824 	1710
f 1707 	1710 	1824
f 1708 	1834 	1709
f 1831 	1709 	1834
f 2011 	1939 	1933
f 1928 	2004 	1929
f 1975 	1503 	1946
f 1949 	1506 	1505
f 1326 	1951 	1505
f 1506 	1949 	1529
f 1954 	1529 	1949
f 1955 	1533 	1529
f 1955 	1529 	1954
f 1659 	1539 	1956
f 1956 	1539 	1955
f 1659 	1956 	1660
f 1957 	1660 	1956
f 1958 	1662 	1660
f 1958 	1660 	1957
f 1959 	1664 	1958
f 1668 	1664 	1960
f 1960 	1961 	1668
f 1947 	1946 	1503
f 1673 	1672 	1965
f 1965 	1672 	1967
f 1965 	1968 	1674
f 1965 	1674 	1673
f 1968 	1969 	1674
f 1680 	1679 	1970
f 1970 	1972 	1682
f 1970 	1682 	1680
f 1972 	1973 	1682
f 1254 	1302 	1256
f 1949 	1505 	1951
f 1687 	1503 	1975
f 1974 	2016 	1976
f 1689 	1687 	1977
f 1977 	1422 	1689
f 1978 	2018 	1979
f 1692 	1422 	1981
f 1980 	1976 	1978
f 2016 	1978 	1976
f 1692 	1981 	1694
f 1982 	1694 	1981
f 1982 	1986 	1695
f 1698 	1695 	1986
f 1984 	2019 	1987
f 1983 	2024 	1984
f 1985 	1984 	1987
f 1986 	1988 	1698
f 2019 	1989 	1987
f 1988 	1990 	1698
f 1701 	1990 	1991
f 1303 	1257 	1304
f 1989 	1304 	1257
f 1992 	1704 	1991
f 2022 	1994 	1940
f 1705 	1704 	1995
f 2022 	1996 	1994
f 1996 	2024 	1998
f 1926 	1997 	2000
f 1998 	2024 	1983
f 2019 	1984 	2024
f 2000 	2001 	1927
f 2000 	1927 	1926
f 1928 	1927 	2002
f 2001 	2002 	1927
f 2025 	2003 	1979
f 1157 	1929 	2004
f 2025 	2026 	2005
f 2025 	2005 	2003
f 2008 	2005 	2027
f 2026 	2027 	2005
f 1157 	1154 	2007
f 1157 	2007 	1930
f 2027 	1940 	2008
f 2009 	1931 	2007
f 1932 	1931 	2010
f 2010 	2011 	1932
f 1939 	2011 	2012
f 2012 	2013 	1942
f 2012 	1942 	1939
f 3591 	1944 	2014
f 2013 	2014 	1942
f 1302 	2015 	1974
f 2004 	1154 	1157
f 2015 	2016 	1974
f 2025 	1979 	2018
f 2016 	2018 	1978
f 2019 	2021 	1989
f 2021 	1304 	1989
f 1940 	1943 	2022
f 1996 	2022 	2023
f 2023 	2024 	1996
f 2024 	2020 	2019
f 2027 	1943 	1940
f 483 	484 	2725
f 1710 	483 	2725
f 2724 	2725 	484
f 1709 	2724 	484
f 2975 	1267 	1306
f 1258 	1306 	1267
f 2981 	2977 	3013
f 3023 	3015 	2978
f 2976 	3013 	2977
f 3005 	3006 	3003
f 3003 	3006 	3004
f 3007 	3006 	3005
f 3006 	3007 	3004
f 3022 	3008 	3007
f 3008 	3022 	3023
f 3023 	3010 	3008
f 2978 	3010 	3023
f 3011 	2975 	1306
f 3011 	3012 	2975
f 2976 	2975 	3012
f 3013 	2976 	3012
f 2979 	2978 	3014
f 3014 	2978 	3015
f 3014 	3016 	2979
f 2981 	3013 	3017
f 3017 	3018 	2982
f 3017 	2982 	2981
f 3003 	2982 	3019
f 3018 	3019 	2982
f 3019 	3020 	3005
f 3019 	3005 	3003
f 3007 	3005 	3021
f 3020 	3021 	3005
f 3021 	3022 	3007
f 3025 	3058 	3061
f 3025 	3061 	3026
f 3061 	3027 	3026
f 1825 	3066 	3030
f 1747 	1825 	1748
f 1748 	1825 	3030
f 3006 	3028 	3005
f 3004 	3029 	3006
f 3028 	3006 	3029
f 3031 	3006 	3005
f 3006 	3031 	3004
f 3032 	3074 	3033
f 3078 	3079 	3033
f 3034 	3079 	3035
f 3036 	3035 	3081
f 3080 	3081 	3035
f 1827 	1753 	1828
f 3081 	1828 	1753
f 3039 	3084 	3086
f 3039 	3086 	3041
f 3086 	3043 	3041
f 3048 	3091 	3092
f 3048 	3092 	3049
f 3092 	2974 	3049
f 3052 	3095 	3097
f 3052 	3097 	3054
f 3097 	3056 	3054
f 3025 	3024 	3058
f 3027 	3061 	3062
f 3062 	3063 	3028
f 3062 	3028 	3027
f 3065 	3005 	3063
f 1747 	1822 	1825
f 3065 	3020 	3005
f 3028 	3063 	3005
f 3005 	3020 	3070
f 3005 	3070 	3031
f 3032 	3031 	3074
f 3070 	3074 	3031
f 3078 	3033 	3074
f 3034 	3033 	3079
f 3080 	3035 	3079
f 3039 	3030 	3066
f 3084 	3039 	3066
f 3043 	3086 	3087
f 3087 	3089 	3046
f 3087 	3046 	3043
f 3048 	3046 	3091
f 3089 	3091 	3046
f 2974 	3092 	2970
f 2970 	3093 	3050
f 2970 	3050 	2974
f 3052 	3050 	3095
f 3093 	3095 	3050
f 3056 	3097 	3098
f 3098 	3099 	3056
f 3179 	3178 	3181
f 3179 	3181 	3180
f 3180 	3184 	3182
f 3180 	3182 	3179
f 3186 	3181 	3185
f 3178 	3185 	3181
f 2979 	3016 	2980
f 1307 	1268 	1308
f 3199 	2980 	3016
f 3203 	3199 	3016
f 3203 	1308 	3199
f 3209 	3240 	3210
f 3260 	3261 	3210
f 3261 	3262 	3212
f 3263 	3218 	3217
f 3265 	3221 	3218
f 3265 	3218 	3263
f 3205 	3221 	3265
f 3265 	3237 	3205
f 3266 	3223 	3215
f 3212 	3262 	3215
f 3266 	3224 	3223
f 3224 	3269 	3226
f 3269 	3227 	3226
f 3058 	3024 	3059
f 3227 	3059 	3024
f 3056 	3099 	3057
f 3234 	3057 	3272
f 3272 	3235 	3234
f 3235 	3264 	3217
f 3206 	3205 	3236
f 3236 	3205 	3237
f 3236 	3238 	3207
f 3236 	3207 	3206
f 3207 	3238 	3208
f 3239 	3208 	3238
f 3198 	3208 	3194
f 3239 	3194 	3208
f 3194 	3240 	3209
f 3194 	3209 	3198
f 3260 	3210 	3240
f 3212 	3210 	3261
f 3266 	3215 	3262
f 3263 	3217 	3264
f 3224 	3266 	3268
f 3268 	3269 	3224
f 3227 	3269 	3271
f 3271 	3059 	3227
f 3272 	3057 	3099
f 3273 	3235 	3272
f 3235 	3273 	3264
f 3473 	3328 	3327
f 3476 	3332 	3328
f 3476 	3328 	3473
f 3332 	3476 	3334
f 3476 	3478 	3334
f 3337 	3335 	3334
f 3340 	3479 	3480
f 3480 	3342 	3340
f 3480 	3344 	3342
f 3347 	3488 	3349
f 3352 	3349 	3489
f 3488 	3489 	3349
f 3494 	3497 	3356
f 3497 	3499 	3356
f 3498 	3500 	3360
f 3360 	3362 	3358
f 3360 	3358 	3498
f 3501 	3363 	3361
f 3365 	3363 	3501
f 3367 	3352 	3511
f 3489 	3511 	3352
f 3511 	3515 	3368
f 3511 	3368 	3367
f 3371 	3368 	3370
f 3369 	3368 	3371
f 3515 	3370 	3368
f 3372 	3371 	3370
f 3371 	3372 	3369
f 3374 	3525 	3526
f 3374 	3526 	3375
f 3526 	3427 	3375
f 3427 	3527 	3428
f 3529 	3531 	3428
f 3429 	3531 	3533
f 3429 	3533 	3431
f 3533 	3433 	3431
f 3438 	3197 	3195
f 3442 	3547 	3443
f 3443 	3547 	3445
f 3547 	3548 	3445
f 3539 	3541 	3437
f 3435 	3539 	3437
f 3197 	3446 	3195
f 3552 	3195 	3446
f 3447 	3557 	3449
f 3557 	3451 	3449
f 3451 	3559 	3452
f 3559 	3453 	3452
f 3299 	3563 	3457
f 3563 	3460 	3457
f 3569 	3472 	3471
f 3355 	3472 	3569
f 3569 	3491 	3355
f 3366 	3474 	3327
f 3337 	3334 	3478
f 3340 	3337 	3479
f 3478 	3479 	3337
f 3344 	3480 	3482
f 3347 	3344 	3484
f 3482 	3484 	3344
f 3484 	3488 	3347
f 3490 	3494 	3356
f 3356 	3355 	3490
f 3498 	3358 	3499
f 3358 	3356 	3499
f 3361 	3360 	3500
f 3500 	3501 	3361
f 3365 	3501 	3502
f 3304 	3365 	3505
f 3317 	3304 	3505
f 3506 	3505 	3365
f 3502 	3506 	3365
f 3304 	3317 	3366
f 3508 	3366 	3317
f 3508 	3474 	3366
f 3473 	3327 	3474
f 3505 	3506 	3186
f 3515 	3517 	3370
f 3370 	3517 	3521
f 3370 	3521 	3372
f 3521 	3524 	3373
f 3521 	3373 	3372
f 3374 	3373 	3525
f 3524 	3525 	3373
f 3427 	3526 	3527
f 3529 	3428 	3527
f 3429 	3428 	3531
f 3433 	3533 	3535
f 3535 	3539 	3435
f 3535 	3435 	3433
f 3552 	3446 	3541
f 3438 	3195 	3543
f 3543 	3544 	3440
f 3543 	3440 	3438
f 3440 	3544 	3441
f 3545 	3441 	3544
f 3442 	3441 	3546
f 3545 	3546 	3441
f 3546 	3547 	3442
f 3447 	3445 	3548
f 3446 	3437 	3541
f 3548 	3556 	3447
f 3556 	3557 	3447
f 3451 	3557 	3558
f 3558 	3559 	3451
f 3453 	3559 	3561
f 3455 	3453 	3562
f 3561 	3562 	3453
f 3455 	3562 	3299
f 3290 	3299 	3562
f 3290 	3563 	3299
f 3460 	3563 	3564
f 3564 	3565 	3464
f 3564 	3464 	3460
f 3567 	3470 	3464
f 3567 	3464 	3565
f 3470 	3567 	3471
f 3568 	3471 	3567
f 3471 	3568 	3569
f 3491 	3490 	3355
f 3497 	3182 	3184
f 3497 	3184 	3499
f 3186 	3185 	3505
f 3600 	3587 	3572
f 3588 	3574 	3573
f 3588 	1967 	1672
f 3574 	3588 	1672
f 1942 	2014 	1944
f 3595 	3578 	3594
f 3576 	3594 	3577
f 3578 	3577 	3594
f 3595 	3579 	3578
f 3579 	3597 	3580
f 3371 	3580 	3370
f 3369 	3580 	3371
f 3597 	3370 	3580
f 3598 	3581 	3370
f 3369 	3371 	3581
f 3371 	3370 	3581
f 3582 	3581 	3598
f 3600 	3584 	3582
f 3572 	3584 	3600
f 3586 	3572 	3587
f 3573 	3572 	3586
f 3586 	3588 	3573
f 3575 	1944 	3591
f 3575 	3591 	3576
f 3593 	3576 	3591
f 3594 	3576 	3593
f 3579 	3595 	3596
f 3596 	3597 	3579
f 3597 	3517 	3370
f 3517 	3598 	3370
f 3599 	3582 	3598
f 3582 	3599 	3600
# 521 faces

g group_0_12568524

usemtl color_12568524
s 0

f 350 	230 	1073
f 1074 	1073 	230
f 1074 	230 	662
f 1073 	1075 	350
f 1075 	1076 	350
f 1065 	350 	1076
f 1077 	1078 	1080
f 1079 	1080 	1078
f 1084 	1082 	1083
f 1081 	1083 	1082
f 1087 	1085 	1086
f 1088 	1087 	1086
f 1074 	1091 	1073
f 1089 	1073 	1091
f 1090 	1089 	1091
f 1085 	1089 	1086
f 1086 	1089 	1090
f 1169 	1073 	1168
f 1089 	1085 	1168
f 1167 	1168 	1085
f 1089 	1168 	1073
f 1073 	1169 	1188
f 1167 	1171 	1172
f 1167 	1172 	1168
f 1168 	1172 	1173
f 1168 	1173 	1169
f 1192 	1191 	1171
f 1169 	1173 	1188
f 1088 	1176 	1087
f 1174 	1087 	1176
f 1077 	1174 	1176
f 1078 	1077 	1176
f 1179 	1087 	1178
f 1177 	1178 	1077
f 1077 	1178 	1174
f 1174 	1178 	1087
f 1167 	1085 	1179
f 1087 	1179 	1085
f 1180 	1181 	1178
f 1180 	1178 	1177
f 1178 	1181 	1182
f 1178 	1182 	1179
f 1179 	1182 	1167
f 1167 	1182 	1171
f 1180 	1202 	1181
f 1184 	1081 	1082
f 1185 	1184 	1082
f 1185 	1186 	1184
f 1076 	1075 	1186
f 1184 	1186 	1075
f 1184 	1075 	1189
f 1190 	1081 	1189
f 1184 	1189 	1081
f 1190 	1196 	1081
f 1073 	1188 	1075
f 1188 	1189 	1075
f 1191 	1192 	1189
f 1191 	1189 	1188
f 1189 	1192 	1193
f 1189 	1193 	1190
f 1190 	1193 	1200
f 1173 	1172 	1191
f 1172 	1171 	1191
f 1193 	1192 	1171
f 1193 	1171 	1200
f 1173 	1191 	1188
f 1195 	1194 	1080
f 1195 	1080 	1079
f 1083 	1194 	1084
f 1195 	1084 	1194
f 1198 	1080 	1197
f 1194 	1197 	1080
f 1197 	1083 	1196
f 1194 	1083 	1197
f 1083 	1081 	1196
f 1077 	1080 	1198
f 1177 	1077 	1198
f 1196 	1200 	1201
f 1196 	1201 	1197
f 1197 	1201 	1202
f 1197 	1202 	1198
f 1200 	1196 	1190
f 1201 	1171 	1202
f 1181 	1202 	1182
f 1200 	1171 	1201
f 1182 	1202 	1171
f 1198 	1202 	1180
f 1198 	1180 	1177
f 1176 	1229 	1078
f 1088 	1229 	1176
f 1078 	1229 	1079
f 1229 	1233 	1079
f 1090 	1091 	1088
f 1222 	1088 	1091
f 1074 	662 	1091
f 1222 	1091 	662
f 1086 	1090 	1088
f 1224 	1088 	1222
f 662 	1224 	1222
f 1229 	1088 	1226
f 1224 	662 	1226
f 662 	1065 	1229
f 1226 	662 	1229
f 1195 	1079 	1233
f 1224 	1226 	1088
f 1232 	1259 	1084
f 1084 	1195 	1233
f 1232 	1084 	1233
f 1233 	1229 	1065
f 1232 	1233 	1065
f 1259 	1232 	1065
f 1259 	1265 	1084
f 1265 	1186 	1084
f 1065 	1265 	1259
f 1185 	1084 	1186
f 1082 	1084 	1185
f 1265 	1065 	1186
f 1076 	1186 	1065
# 118 faces

g group_0_15277357

usemtl color_15277357
s 0

f 3100 	781 	783
f 3144 	3101 	3100
f 3068 	3143 	874
f 874 	3143 	783
f 3143 	3001 	3002
f 3071 	3143 	3002
f 3076 	3077 	3143
f 3075 	3076 	3143
f 3071 	3075 	3143
f 3143 	3077 	3144
f 3083 	3085 	3144
f 3083 	3144 	3082
f 3085 	3088 	3144
f 3090 	3144 	3088
f 3100 	3143 	3144
f 3100 	783 	3143
f 3001 	3143 	3068
f 3082 	3144 	3077
f 3090 	876 	3144
f 876 	788 	3144
f 786 	3101 	788
f 3144 	788 	3101
# 22 faces

 #end of obj_0

