# Object Export From Tinkercad Server 2015

mtllib obj.mtl

o obj_0
v 29 		66 		12
v 25 		66 		10
v -25 		66 		10
v -29 		66 		12
v 29 		62 		10
v 29 		62 		0
v 29 		66 		0
v 29 		-45 		0
v 29 		-41 		0
v 29 		-41 		10
v 29 		-45 		12
v 25 		66 		0
v 25 		62 		0
v 25 		62 		10
v 25 		-41 		10
v 25 		-41 		0
v 25 		-45 		0
v 25 		-45 		10
v -25 		-45 		10
v -29 		-45 		0
v -25 		-45 		0
v -25 		62 		10
v -29 		62 		10
v -29 		62 		0
v -25 		62 		0
v -25 		66 		0
v -29 		66 		0
v -29 		-41 		10
v -25 		-41 		10
v -25 		-41 		0
v -29 		-41 		0
v -29 		-45 		12
# 32 vertices

g group_0_10988977

usemtl color_10988977
s 0

f 1 	2 	3
f 1 	3 	4
f 5 	6 	7
f 5 	7 	1
f 8 	9 	10
f 11 	8 	10
f 11 	10 	5
f 11 	5 	1
f 2 	12 	13
f 2 	13 	14
f 15 	16 	17
f 15 	17 	18
f 6 	13 	12
f 6 	12 	7
f 19 	20 	21
f 22 	23 	24
f 22 	24 	25
f 26 	27 	3
f 4 	3 	27
f 28 	29 	30
f 28 	30 	31
f 8 	18 	17
f 5 	14 	13
f 5 	13 	6
f 2 	1 	7
f 2 	7 	12
f 15 	10 	9
f 15 	9 	16
f 18 	19 	29
f 22 	14 	29
f 3 	2 	22
f 2 	14 	22
f 14 	15 	29
f 18 	29 	15
f 29 	28 	23
f 29 	23 	22
f 10 	15 	14
f 10 	14 	5
f 32 	20 	19
f 32 	19 	18
f 8 	11 	18
f 32 	18 	11
f 24 	23 	27
f 4 	27 	23
f 28 	31 	20
f 4 	23 	28
f 20 	32 	28
f 4 	28 	32
f 1 	4 	32
f 1 	32 	11
f 8 	17 	16
f 8 	16 	9
f 22 	25 	26
f 22 	26 	3
f 19 	21 	30
f 19 	30 	29
f 25 	24 	27
f 25 	27 	26
f 21 	20 	31
f 21 	31 	30
# 60 faces

 #end of obj_0

o obj_1
v -21.9131 		-31.6 		18
v 21.9131 		-31.6 		18
v 21.9131 		52.9217 		18
v -21.9131 		52.9217 		18
v -22.8653 		-31.6 		17.992
v -22.8535 		-31.8873 		17.992
v -22.8187 		-32.1675 		17.992
v -22.7615 		-32.4338 		17.992
v -22.6834 		-32.6795 		17.992
v -22.5864 		-32.8986 		17.992
v -22.4727 		-33.0857 		17.992
v -22.3453 		-33.2363 		17.992
v -22.2073 		-33.3466 		17.992
v -22.062 		-33.4138 		17.992
v -21.9131 		-33.4364 		17.992
v 21.9131 		-33.4364 		17.992
v 22.062 		-33.4138 		17.992
v 22.2073 		-33.3466 		17.992
v 22.3453 		-33.2363 		17.992
v 22.4727 		-33.0857 		17.992
v 22.5864 		-32.8986 		17.992
v 22.6834 		-32.6795 		17.992
v 22.7615 		-32.4338 		17.992
v 22.8187 		-32.1675 		17.992
v 22.8535 		-31.8873 		17.992
v 22.8653 		-31.6 		17.992
v 22.8653 		52.9217 		17.992
v 22.8535 		53.209 		17.992
v 22.8187 		53.4892 		17.992
v 22.7615 		53.7554 		17.992
v 22.6834 		54.0011 		17.992
v 22.5864 		54.2203 		17.992
v 22.4727 		54.4074 		17.992
v 22.3453 		54.558 		17.992
v 22.2073 		54.6682 		17.992
v 22.062 		54.7355 		17.992
v 21.9131 		54.7581 		17.992
v -21.9131 		54.7581 		17.992
v -22.062 		54.7355 		17.992
v -22.2073 		54.6682 		17.992
v -22.3453 		54.558 		17.992
v -22.4727 		54.4074 		17.992
v -22.5864 		54.2203 		17.992
v -22.6834 		54.0011 		17.992
v -22.7615 		53.7554 		17.992
v -22.8187 		53.4892 		17.992
v -22.8535 		53.209 		17.992
v -22.8653 		52.9217 		17.992
v -23.794 		-31.6 		17.9681
v -23.7709 		-32.1675 		17.9681
v -23.702 		-32.721 		17.9681
v -23.589 		-33.2469 		17.9681
v -23.4348 		-33.7323 		17.9681
v -23.2431 		-34.1651 		17.9681
v -23.0187 		-34.5348 		17.9681
v -22.767 		-34.8322 		17.9681
v -22.4943 		-35.0501 		17.9681
v -22.2073 		-35.183 		17.9681
v -21.9131 		-35.2276 		17.9681
v 21.9131 		-35.2276 		17.9681
v 22.2073 		-35.183 		17.9681
v 22.4943 		-35.0501 		17.9681
v 22.767 		-34.8322 		17.9681
v 23.0187 		-34.5348 		17.9681
v 23.2431 		-34.1651 		17.9681
v 23.4348 		-33.7323 		17.9681
v 23.589 		-33.2469 		17.9681
v 23.702 		-32.721 		17.9681
v 23.7709 		-32.1675 		17.9681
v 23.794 		-31.6 		17.9681
v 23.794 		52.9217 		17.9681
v 23.7709 		53.4892 		17.9681
v 23.702 		54.0427 		17.9681
v 23.589 		54.5686 		17.9681
v 23.4348 		55.054 		17.9681
v 23.2431 		55.4868 		17.9681
v 23.0187 		55.8565 		17.9681
v 22.767 		56.1539 		17.9681
v 22.4943 		56.3718 		17.9681
v 22.2073 		56.5046 		17.9681
v 21.9131 		56.5493 		17.9681
v -21.9131 		56.5493 		17.9681
v -22.2073 		56.5046 		17.9681
v -22.4943 		56.3718 		17.9681
v -22.767 		56.1539 		17.9681
v -23.0187 		55.8565 		17.9681
v -23.2431 		55.4868 		17.9681
v -23.4348 		55.054 		17.9681
v -23.589 		54.5686 		17.9681
v -23.702 		54.0427 		17.9681
v -23.7709 		53.4892 		17.9681
v -23.794 		52.9217 		17.9681
v -24.6765 		-31.6 		17.9289
v -24.6424 		-32.4338 		17.9289
v -24.5412 		-33.2469 		17.9289
v -24.3753 		-34.0196 		17.9289
v -24.1487 		-34.7326 		17.9289
v -23.8671 		-35.3685 		17.9289
v -23.5373 		-35.9117 		17.9289
v -23.1676 		-36.3486 		17.9289
v -22.767 		-36.6687 		17.9289
v -22.3453 		-36.8639 		17.9289
v -21.9131 		-36.9295 		17.9289
v 21.9131 		-36.9295 		17.9289
v 22.3453 		-36.8639 		17.9289
v 22.767 		-36.6687 		17.9289
v 23.1676 		-36.3486 		17.9289
v 23.5373 		-35.9117 		17.9289
v 23.8671 		-35.3685 		17.9289
v 24.1487 		-34.7326 		17.9289
v 24.3753 		-34.0196 		17.9289
v 24.5412 		-33.2469 		17.9289
v 24.6424 		-32.4338 		17.9289
v 24.6765 		-31.6 		17.9289
v 24.6765 		52.9217 		17.9289
v 24.6424 		53.7554 		17.9289
v 24.5412 		54.5686 		17.9289
v 24.3753 		55.3412 		17.9289
v 24.1487 		56.0543 		17.9289
v 23.8671 		56.6902 		17.9289
v 23.5373 		57.2333 		17.9289
v 23.1676 		57.6703 		17.9289
v 22.767 		57.9903 		17.9289
v 22.3453 		58.1856 		17.9289
v 21.9131 		58.2512 		17.9289
v -21.9131 		58.2512 		17.9289
v -22.3453 		58.1856 		17.9289
v -22.767 		57.9903 		17.9289
v -23.1676 		57.6703 		17.9289
v -23.5373 		57.2333 		17.9289
v -23.8671 		56.6902 		17.9289
v -24.1487 		56.0543 		17.9289
v -24.3753 		55.3412 		17.9289
v -24.5412 		54.5686 		17.9289
v -24.6424 		53.7554 		17.9289
v -24.6765 		52.9217 		17.9289
v -25.4909 		-31.6 		17.8754
v -25.4468 		-32.6795 		17.8754
v -25.3158 		-33.7323 		17.8754
v -25.1009 		-34.7326 		17.8754
v -24.8076 		-35.6558 		17.8754
v -24.443 		-36.4791 		17.8754
v -24.016 		-37.1823 		17.8754
v -23.5373 		-37.7481 		17.8754
v -23.0187 		-38.1624 		17.8754
v -22.4727 		-38.4152 		17.8754
v -21.9131 		-38.5001 		17.8754
v 21.9131 		-38.5001 		17.8754
v 22.4727 		-38.4152 		17.8754
v 23.0187 		-38.1624 		17.8754
v 23.5373 		-37.7481 		17.8754
v 24.016 		-37.1823 		17.8754
v 24.443 		-36.4791 		17.8754
v 24.8076 		-35.6558 		17.8754
v 25.1009 		-34.7326 		17.8754
v 25.3158 		-33.7323 		17.8754
v 25.4468 		-32.6795 		17.8754
v 25.4909 		-31.6 		17.8754
v 25.4909 		52.9217 		17.8754
v 25.4468 		54.0011 		17.8754
v 25.3158 		55.054 		17.8754
v 25.1009 		56.0543 		17.8754
v 24.8076 		56.9775 		17.8754
v 24.443 		57.8008 		17.8754
v 24.016 		58.504 		17.8754
v 23.5373 		59.0697 		17.8754
v 23.0187 		59.4841 		17.8754
v 22.4727 		59.7369 		17.8754
v 21.9131 		59.8218 		17.8754
v -21.9131 		59.8218 		17.8754
v -22.4727 		59.7369 		17.8754
v -23.0187 		59.4841 		17.8754
v -23.5373 		59.0697 		17.8754
v -24.016 		58.504 		17.8754
v -24.443 		57.8008 		17.8754
v -24.8076 		56.9775 		17.8754
v -25.1009 		56.0543 		17.8754
v -25.3158 		55.054 		17.8754
v -25.4468 		54.0011 		17.8754
v -25.4909 		52.9217 		17.8754
v -26.2172 		-31.6 		17.809
v -26.1642 		-32.8986 		17.809
v -26.0065 		-34.1651 		17.809
v -25.7481 		-35.3685 		17.809
v -25.3952 		-36.4791 		17.809
v -24.9565 		-37.4696 		17.809
v -24.443 		-38.3155 		17.809
v -23.8671 		-38.9961 		17.809
v -23.2431 		-39.4946 		17.809
v -22.5864 		-39.7987 		17.809
v -21.9131 		-39.9009 		17.809
v 21.9131 		-39.9009 		17.809
v 22.5864 		-39.7987 		17.809
v 23.2431 		-39.4946 		17.809
v 23.8671 		-38.9961 		17.809
v 24.443 		-38.3155 		17.809
v 24.9565 		-37.4696 		17.809
v 25.3952 		-36.4791 		17.809
v 25.7481 		-35.3685 		17.809
v 26.0065 		-34.1651 		17.809
v 26.1642 		-32.8986 		17.809
v 26.2172 		-31.6 		17.809
v 26.2172 		52.9217 		17.809
v 26.1642 		54.2203 		17.809
v 26.0065 		55.4868 		17.809
v 25.7481 		56.6902 		17.809
v 25.3952 		57.8008 		17.809
v 24.9565 		58.7913 		17.809
v 24.443 		59.6372 		17.809
v 23.8671 		60.3178 		17.809
v 23.2431 		60.8163 		17.809
v 22.5864 		61.1203 		17.809
v 21.9131 		61.2225 		17.809
v -21.9131 		61.2225 		17.809
v -22.5864 		61.1203 		17.809
v -23.2431 		60.8163 		17.809
v -23.8671 		60.3178 		17.809
v -24.443 		59.6372 		17.809
v -24.9565 		58.7913 		17.809
v -25.3952 		57.8008 		17.809
v -25.7481 		56.6902 		17.809
v -26.0065 		55.4868 		17.809
v -26.1642 		54.2203 		17.809
v -26.2172 		52.9217 		17.809
v -26.8375 		-31.6 		17.7312
v -26.7769 		-33.0857 		17.7312
v -26.5965 		-34.5348 		17.7312
v -26.3008 		-35.9117 		17.7312
v -25.897 		-37.1823 		17.7312
v -25.3952 		-38.3155 		17.7312
v -24.8076 		-39.2834 		17.7312
v -24.1487 		-40.0621 		17.7312
v -23.4348 		-40.6324 		17.7312
v -22.6834 		-40.9803 		17.7312
v -21.9131 		-41.0972 		17.7312
v 21.9131 		-41.0972 		17.7312
v 22.6834 		-40.9803 		17.7312
v 23.4348 		-40.6324 		17.7312
v 24.1487 		-40.0621 		17.7312
v 24.8076 		-39.2834 		17.7312
v 25.3952 		-38.3155 		17.7312
v 25.897 		-37.1823 		17.7312
v 26.3008 		-35.9117 		17.7312
v 26.5965 		-34.5348 		17.7312
v 26.7769 		-33.0857 		17.7312
v 26.8375 		-31.6 		17.7312
v 26.8375 		52.9217 		17.7312
v 26.7769 		54.4074 		17.7312
v 26.5965 		55.8565 		17.7312
v 26.3008 		57.2333 		17.7312
v 25.897 		58.504 		17.7312
v 25.3952 		59.6372 		17.7312
v 24.8076 		60.6051 		17.7312
v 24.1487 		61.3837 		17.7312
v 23.4348 		61.954 		17.7312
v 22.6834 		62.3019 		17.7312
v 21.9131 		62.4189 		17.7312
v -21.9131 		62.4189 		17.7312
v -22.6834 		62.3019 		17.7312
v -23.4348 		61.954 		17.7312
v -24.1487 		61.3837 		17.7312
v -24.8076 		60.6051 		17.7312
v -25.3952 		59.6372 		17.7312
v -25.897 		58.504 		17.7312
v -26.3008 		57.2333 		17.7312
v -26.5965 		55.8565 		17.7312
v -26.7769 		54.4074 		17.7312
v -26.8375 		52.9217 		17.7312
v -27.3366 		-31.6 		17.6439
v -27.2698 		-33.2363 		17.6439
v -27.0711 		-34.8322 		17.6439
v -26.7454 		-36.3486 		17.6439
v -26.3008 		-37.7481 		17.6439
v -25.7481 		-38.9961 		17.6439
v -25.1009 		-40.0621 		17.6439
v -24.3753 		-40.9196 		17.6439
v -23.589 		-41.5477 		17.6439
v -22.7615 		-41.9309 		17.6439
v -21.9131 		-42.0597 		17.6439
v 21.9131 		-42.0597 		17.6439
v 22.7615 		-41.9309 		17.6439
v 23.589 		-41.5477 		17.6439
v 24.3753 		-40.9196 		17.6439
v 25.1009 		-40.0621 		17.6439
v 25.7481 		-38.9961 		17.6439
v 26.3008 		-37.7481 		17.6439
v 26.7454 		-36.3486 		17.6439
v 27.0711 		-34.8322 		17.6439
v 27.2698 		-33.2363 		17.6439
v 27.3366 		-31.6 		17.6439
v 27.3366 		52.9217 		17.6439
v 27.2698 		54.558 		17.6439
v 27.0711 		56.1539 		17.6439
v 26.7454 		57.6703 		17.6439
v 26.3008 		59.0697 		17.6439
v 25.7481 		60.3178 		17.6439
v 25.1009 		61.3837 		17.6439
v 24.3753 		62.2413 		17.6439
v 23.589 		62.8694 		17.6439
v 22.7615 		63.2526 		17.6439
v 21.9131 		63.3814 		17.6439
v -21.9131 		63.3814 		17.6439
v -22.7615 		63.2526 		17.6439
v -23.589 		62.8694 		17.6439
v -24.3753 		62.2413 		17.6439
v -25.1009 		61.3837 		17.6439
v -25.7481 		60.3178 		17.6439
v -26.3008 		59.0697 		17.6439
v -26.7454 		57.6703 		17.6439
v -27.0711 		56.1539 		17.6439
v -27.2698 		54.558 		17.6439
v -27.3366 		52.9217 		17.6439
v -27.7021 		-31.6 		17.5494
v -27.6308 		-33.3466 		17.5494
v -27.4187 		-35.0501 		17.5494
v -27.0711 		-36.6687 		17.5494
v -26.5965 		-38.1624 		17.5494
v -26.0065 		-39.4946 		17.5494
v -25.3158 		-40.6324 		17.5494
v -24.5412 		-41.5477 		17.5494
v -23.702 		-42.2182 		17.5494
v -22.8187 		-42.6272 		17.5494
v -21.9131 		-42.7646 		17.5494
v 21.9131 		-42.7646 		17.5494
v 22.8187 		-42.6272 		17.5494
v 23.702 		-42.2182 		17.5494
v 24.5412 		-41.5477 		17.5494
v 25.3158 		-40.6324 		17.5494
v 26.0065 		-39.4946 		17.5494
v 26.5965 		-38.1624 		17.5494
v 27.0711 		-36.6687 		17.5494
v 27.4187 		-35.0501 		17.5494
v 27.6308 		-33.3466 		17.5494
v 27.7021 		-31.6 		17.5494
v 27.7021 		52.9217 		17.5494
v 27.6308 		54.6682 		17.5494
v 27.4187 		56.3718 		17.5494
v 27.0711 		57.9903 		17.5494
v 26.5965 		59.4841 		17.5494
v 26.0065 		60.8163 		17.5494
v 25.3158 		61.954 		17.5494
v 24.5412 		62.8694 		17.5494
v 23.702 		63.5399 		17.5494
v 22.8187 		63.9488 		17.5494
v 21.9131 		64.0863 		17.5494
v -21.9131 		64.0863 		17.5494
v -22.8187 		63.9488 		17.5494
v -23.702 		63.5399 		17.5494
v -24.5412 		62.8694 		17.5494
v -25.3158 		61.954 		17.5494
v -26.0065 		60.8163 		17.5494
v -26.5965 		59.4841 		17.5494
v -27.0711 		57.9903 		17.5494
v -27.4187 		56.3718 		17.5494
v -27.6308 		54.6682 		17.5494
v -27.7021 		52.9217 		17.5494
v -27.9251 		-31.6 		17.4498
v -27.851 		-33.4138 		17.4498
v -27.6308 		-35.183 		17.4498
v -27.2698 		-36.8639 		17.4498
v -26.7769 		-38.4152 		17.4498
v -26.1642 		-39.7987 		17.4498
v -25.4468 		-40.9803 		17.4498
v -24.6424 		-41.9309 		17.4498
v -23.7709 		-42.6272 		17.4498
v -22.8535 		-43.0519 		17.4498
v -21.9131 		-43.1946 		17.4498
v 21.9131 		-43.1946 		17.4498
v 22.8535 		-43.0519 		17.4498
v 23.7709 		-42.6272 		17.4498
v 24.6424 		-41.9309 		17.4498
v 25.4468 		-40.9803 		17.4498
v 26.1642 		-39.7987 		17.4498
v 26.7769 		-38.4152 		17.4498
v 27.2698 		-36.8639 		17.4498
v 27.6308 		-35.183 		17.4498
v 27.851 		-33.4138 		17.4498
v 27.9251 		-31.6 		17.4498
v 27.9251 		52.9217 		17.4498
v 27.851 		54.7355 		17.4498
v 27.6308 		56.5046 		17.4498
v 27.2698 		58.1856 		17.4498
v 26.7769 		59.7369 		17.4498
v 26.1642 		61.1203 		17.4498
v 25.4468 		62.3019 		17.4498
v 24.6424 		63.2526 		17.4498
v 23.7709 		63.9488 		17.4498
v 22.8535 		64.3736 		17.4498
v 21.9131 		64.5163 		17.4498
v -21.9131 		64.5163 		17.4498
v -22.8535 		64.3736 		17.4498
v -23.7709 		63.9488 		17.4498
v -24.6424 		63.2526 		17.4498
v -25.4468 		62.3019 		17.4498
v -26.1642 		61.1203 		17.4498
v -26.7769 		59.7369 		17.4498
v -27.2698 		58.1856 		17.4498
v -27.6308 		56.5046 		17.4498
v -27.851 		54.7355 		17.4498
v -27.9251 		52.9217 		17.4498
v -28 		-31.6 		17.3478
v -27.9251 		-33.4364 		17.3478
v -27.7021 		-35.2276 		17.3478
v -27.3366 		-36.9295 		17.3478
v -26.8375 		-38.5001 		17.3478
v -26.2172 		-39.9009 		17.3478
v -25.4909 		-41.0972 		17.3478
v -24.6765 		-42.0597 		17.3478
v -23.794 		-42.7646 		17.3478
v -22.8653 		-43.1946 		17.3478
v -21.9131 		-43.3392 		17.3478
v 21.9131 		-43.3392 		17.3478
v 22.8653 		-43.1946 		17.3478
v 23.794 		-42.7646 		17.3478
v 24.6765 		-42.0597 		17.3478
v 25.4909 		-41.0972 		17.3478
v 26.2172 		-39.9009 		17.3478
v 26.8375 		-38.5001 		17.3478
v 27.3366 		-36.9295 		17.3478
v 27.7021 		-35.2276 		17.3478
v 27.9251 		-33.4364 		17.3478
v 28 		-31.6 		17.3478
v 28 		52.9217 		17.3478
v 27.9251 		54.7581 		17.3478
v 27.7021 		56.5493 		17.3478
v 27.3366 		58.2512 		17.3478
v 26.8375 		59.8218 		17.3478
v 26.2172 		61.2225 		17.3478
v 25.4909 		62.4189 		17.3478
v 24.6765 		63.3814 		17.3478
v 23.794 		64.0863 		17.3478
v 22.8653 		64.5163 		17.3478
v 21.9131 		64.6608 		17.3478
v -21.9131 		64.6608 		17.3478
v -22.8653 		64.5163 		17.3478
v -23.794 		64.0863 		17.3478
v -24.6765 		63.3814 		17.3478
v -25.4909 		62.4189 		17.3478
v -26.2172 		61.2225 		17.3478
v -26.8375 		59.8218 		17.3478
v -27.3366 		58.2512 		17.3478
v -27.7021 		56.5493 		17.3478
v -27.9251 		54.7581 		17.3478
v -28 		52.9217 		17.3478
v -28 		-31.6 		12.6522
v -27.9251 		-33.4364 		12.6522
v -27.7021 		-35.2276 		12.6522
v -27.3366 		-36.9295 		12.6522
v -26.8375 		-38.5001 		12.6522
v -26.2172 		-39.9009 		12.6522
v -25.4909 		-41.0972 		12.6522
v -24.6765 		-42.0597 		12.6522
v -23.794 		-42.7646 		12.6522
v -22.8653 		-43.1946 		12.6522
v -21.9131 		-43.3392 		12.6522
v 21.9131 		-43.3392 		12.6522
v 22.8653 		-43.1946 		12.6522
v 23.794 		-42.7646 		12.6522
v 24.6765 		-42.0597 		12.6522
v 25.4909 		-41.0972 		12.6522
v 26.2172 		-39.9009 		12.6522
v 26.8375 		-38.5001 		12.6522
v 27.3366 		-36.9295 		12.6522
v 27.7021 		-35.2276 		12.6522
v 27.9251 		-33.4364 		12.6522
v 28 		-31.6 		12.6522
v 28 		52.9217 		12.6522
v 27.9251 		54.7581 		12.6522
v 27.7021 		56.5493 		12.6522
v 27.3366 		58.2512 		12.6522
v 26.8375 		59.8218 		12.6522
v 26.2172 		61.2225 		12.6522
v 25.4909 		62.4189 		12.6522
v 24.6765 		63.3814 		12.6522
v 23.794 		64.0863 		12.6522
v 22.8653 		64.5163 		12.6522
v 21.9131 		64.6608 		12.6522
v -21.9131 		64.6608 		12.6522
v -22.8653 		64.5163 		12.6522
v -23.794 		64.0863 		12.6522
v -24.6765 		63.3814 		12.6522
v -25.4909 		62.4189 		12.6522
v -26.2172 		61.2225 		12.6522
v -26.8375 		59.8218 		12.6522
v -27.3366 		58.2512 		12.6522
v -27.7021 		56.5493 		12.6522
v -27.9251 		54.7581 		12.6522
v -28 		52.9217 		12.6522
v -27.9251 		-31.6 		12.5502
v -27.851 		-33.4138 		12.5502
v -27.6308 		-35.183 		12.5502
v -27.2698 		-36.8639 		12.5502
v -26.7769 		-38.4152 		12.5502
v -26.1642 		-39.7987 		12.5502
v -25.4468 		-40.9803 		12.5502
v -24.6424 		-41.9309 		12.5502
v -23.7709 		-42.6272 		12.5502
v -22.8535 		-43.0519 		12.5502
v -21.9131 		-43.1946 		12.5502
v 21.9131 		-43.1946 		12.5502
v 22.8535 		-43.0519 		12.5502
v 23.7709 		-42.6272 		12.5502
v 24.6424 		-41.9309 		12.5502
v 25.4468 		-40.9803 		12.5502
v 26.1642 		-39.7987 		12.5502
v 26.7769 		-38.4152 		12.5502
v 27.2698 		-36.8639 		12.5502
v 27.6308 		-35.183 		12.5502
v 27.851 		-33.4138 		12.5502
v 27.9251 		-31.6 		12.5502
v 27.9251 		52.9217 		12.5502
v 27.851 		54.7355 		12.5502
v 27.6308 		56.5046 		12.5502
v 27.2698 		58.1856 		12.5502
v 26.7769 		59.7369 		12.5502
v 26.1642 		61.1203 		12.5502
v 25.4468 		62.3019 		12.5502
v 24.6424 		63.2526 		12.5502
v 23.7709 		63.9488 		12.5502
v 22.8535 		64.3736 		12.5502
v 21.9131 		64.5163 		12.5502
v -21.9131 		64.5163 		12.5502
v -22.8535 		64.3736 		12.5502
v -23.7709 		63.9488 		12.5502
v -24.6424 		63.2526 		12.5502
v -25.4468 		62.3019 		12.5502
v -26.1642 		61.1203 		12.5502
v -26.7769 		59.7369 		12.5502
v -27.2698 		58.1856 		12.5502
v -27.6308 		56.5046 		12.5502
v -27.851 		54.7355 		12.5502
v -27.9251 		52.9217 		12.5502
v -27.7021 		-31.6 		12.4506
v -27.6308 		-33.3466 		12.4506
v -27.4187 		-35.0501 		12.4506
v -27.0711 		-36.6687 		12.4506
v -26.5965 		-38.1624 		12.4506
v -26.0065 		-39.4946 		12.4506
v -25.3158 		-40.6324 		12.4506
v -24.5412 		-41.5477 		12.4506
v -23.702 		-42.2182 		12.4506
v -22.8187 		-42.6272 		12.4506
v -21.9131 		-42.7646 		12.4506
v 21.9131 		-42.7646 		12.4506
v 22.8187 		-42.6272 		12.4506
v 23.702 		-42.2182 		12.4506
v 24.5412 		-41.5477 		12.4506
v 25.3158 		-40.6324 		12.4506
v 26.0065 		-39.4946 		12.4506
v 26.5965 		-38.1624 		12.4506
v 27.0711 		-36.6687 		12.4506
v 27.4187 		-35.0501 		12.4506
v 27.6308 		-33.3466 		12.4506
v 27.7021 		-31.6 		12.4506
v 27.7021 		52.9217 		12.4506
v 27.6308 		54.6682 		12.4506
v 27.4187 		56.3718 		12.4506
v 27.0711 		57.9903 		12.4506
v 26.5965 		59.4841 		12.4506
v 26.0065 		60.8163 		12.4506
v 25.3158 		61.954 		12.4506
v 24.5412 		62.8694 		12.4506
v 23.702 		63.5399 		12.4506
v 22.8187 		63.9488 		12.4506
v 21.9131 		64.0863 		12.4506
v -21.9131 		64.0863 		12.4506
v -22.8187 		63.9488 		12.4506
v -23.702 		63.5399 		12.4506
v -24.5412 		62.8694 		12.4506
v -25.3158 		61.954 		12.4506
v -26.0065 		60.8163 		12.4506
v -26.5965 		59.4841 		12.4506
v -27.0711 		57.9903 		12.4506
v -27.4187 		56.3718 		12.4506
v -27.6308 		54.6682 		12.4506
v -27.7021 		52.9217 		12.4506
v -27.3366 		-31.6 		12.3561
v -27.2698 		-33.2363 		12.3561
v -27.0711 		-34.8322 		12.3561
v -26.7454 		-36.3486 		12.3561
v -26.3008 		-37.7481 		12.3561
v -25.7481 		-38.9961 		12.3561
v -25.1009 		-40.0621 		12.3561
v -24.3753 		-40.9196 		12.3561
v -23.589 		-41.5477 		12.3561
v -22.7615 		-41.9309 		12.3561
v -21.9131 		-42.0597 		12.3561
v 21.9131 		-42.0597 		12.3561
v 22.7615 		-41.9309 		12.3561
v 23.589 		-41.5477 		12.3561
v 24.3753 		-40.9196 		12.3561
v 25.1009 		-40.0621 		12.3561
v 25.7481 		-38.9961 		12.3561
v 26.3008 		-37.7481 		12.3561
v 26.7454 		-36.3486 		12.3561
v 27.0711 		-34.8322 		12.3561
v 27.2698 		-33.2363 		12.3561
v 27.3366 		-31.6 		12.3561
v 27.3366 		52.9217 		12.3561
v 27.2698 		54.558 		12.3561
v 27.0711 		56.1539 		12.3561
v 26.7454 		57.6703 		12.3561
v 26.3008 		59.0697 		12.3561
v 25.7481 		60.3178 		12.3561
v 25.1009 		61.3837 		12.3561
v 24.3753 		62.2413 		12.3561
v 23.589 		62.8694 		12.3561
v 22.7615 		63.2526 		12.3561
v 21.9131 		63.3814 		12.3561
v -21.9131 		63.3814 		12.3561
v -22.7615 		63.2526 		12.3561
v -23.589 		62.8694 		12.3561
v -24.3753 		62.2413 		12.3561
v -25.1009 		61.3837 		12.3561
v -25.7481 		60.3178 		12.3561
v -26.3008 		59.0697 		12.3561
v -26.7454 		57.6703 		12.3561
v -27.0711 		56.1539 		12.3561
v -27.2698 		54.558 		12.3561
v -27.3366 		52.9217 		12.3561
v -26.8375 		-31.6 		12.2688
v -26.7769 		-33.0857 		12.2688
v -26.5965 		-34.5348 		12.2688
v -26.3008 		-35.9117 		12.2688
v -25.897 		-37.1823 		12.2688
v -25.3952 		-38.3155 		12.2688
v -24.8076 		-39.2834 		12.2688
v -24.1487 		-40.0621 		12.2688
v -23.4348 		-40.6324 		12.2688
v -22.6834 		-40.9803 		12.2688
v -21.9131 		-41.0972 		12.2688
v 21.9131 		-41.0972 		12.2688
v 22.6834 		-40.9803 		12.2688
v 23.4348 		-40.6324 		12.2688
v 24.1487 		-40.0621 		12.2688
v 24.8076 		-39.2834 		12.2688
v 25.3952 		-38.3155 		12.2688
v 25.897 		-37.1823 		12.2688
v 26.3008 		-35.9117 		12.2688
v 26.5965 		-34.5348 		12.2688
v 26.7769 		-33.0857 		12.2688
v 26.8375 		-31.6 		12.2688
v 26.8375 		52.9217 		12.2688
v 26.7769 		54.4074 		12.2688
v 26.5965 		55.8565 		12.2688
v 26.3008 		57.2333 		12.2688
v 25.897 		58.504 		12.2688
v 25.3952 		59.6372 		12.2688
v 24.8076 		60.6051 		12.2688
v 24.1487 		61.3837 		12.2688
v 23.4348 		61.954 		12.2688
v 22.6834 		62.3019 		12.2688
v 21.9131 		62.4189 		12.2688
v -21.9131 		62.4189 		12.2688
v -22.6834 		62.3019 		12.2688
v -23.4348 		61.954 		12.2688
v -24.1487 		61.3837 		12.2688
v -24.8076 		60.6051 		12.2688
v -25.3952 		59.6372 		12.2688
v -25.897 		58.504 		12.2688
v -26.3008 		57.2333 		12.2688
v -26.5965 		55.8565 		12.2688
v -26.7769 		54.4074 		12.2688
v -26.8375 		52.9217 		12.2688
v -26.2172 		-31.6 		12.191
v -26.1642 		-32.8986 		12.191
v -26.0065 		-34.1651 		12.191
v -25.7481 		-35.3685 		12.191
v -25.3952 		-36.4791 		12.191
v -24.9565 		-37.4696 		12.191
v -24.443 		-38.3155 		12.191
v -23.8671 		-38.9961 		12.191
v -23.2431 		-39.4946 		12.191
v -22.5864 		-39.7987 		12.191
v -21.9131 		-39.9009 		12.191
v 21.9131 		-39.9009 		12.191
v 22.5864 		-39.7987 		12.191
v 23.2431 		-39.4946 		12.191
v 23.8671 		-38.9961 		12.191
v 24.443 		-38.3155 		12.191
v 24.9565 		-37.4696 		12.191
v 25.3952 		-36.4791 		12.191
v 25.7481 		-35.3685 		12.191
v 26.0065 		-34.1651 		12.191
v 26.1642 		-32.8986 		12.191
v 26.2172 		-31.6 		12.191
v 26.2172 		52.9217 		12.191
v 26.1642 		54.2203 		12.191
v 26.0065 		55.4868 		12.191
v 25.7481 		56.6902 		12.191
v 25.3952 		57.8008 		12.191
v 24.9565 		58.7913 		12.191
v 24.443 		59.6372 		12.191
v 23.8671 		60.3178 		12.191
v 23.2431 		60.8163 		12.191
v 22.5864 		61.1203 		12.191
v 21.9131 		61.2225 		12.191
v -21.9131 		61.2225 		12.191
v -22.5864 		61.1203 		12.191
v -23.2431 		60.8163 		12.191
v -23.8671 		60.3178 		12.191
v -24.443 		59.6372 		12.191
v -24.9565 		58.7913 		12.191
v -25.3952 		57.8008 		12.191
v -25.7481 		56.6902 		12.191
v -26.0065 		55.4868 		12.191
v -26.1642 		54.2203 		12.191
v -26.2172 		52.9217 		12.191
v -25.4909 		-31.6 		12.1246
v -25.4468 		-32.6795 		12.1246
v -25.3158 		-33.7323 		12.1246
v -25.1009 		-34.7326 		12.1246
v -24.8076 		-35.6558 		12.1246
v -24.443 		-36.4791 		12.1246
v -24.016 		-37.1823 		12.1246
v -23.5373 		-37.7481 		12.1246
v -23.0187 		-38.1624 		12.1246
v -22.4727 		-38.4152 		12.1246
v -21.9131 		-38.5001 		12.1246
v 21.9131 		-38.5001 		12.1246
v 22.4727 		-38.4152 		12.1246
v 23.0187 		-38.1624 		12.1246
v 23.5373 		-37.7481 		12.1246
v 24.016 		-37.1823 		12.1246
v 24.443 		-36.4791 		12.1246
v 24.8076 		-35.6558 		12.1246
v 25.1009 		-34.7326 		12.1246
v 25.3158 		-33.7323 		12.1246
v 25.4468 		-32.6795 		12.1246
v 25.4909 		-31.6 		12.1246
v 25.4909 		52.9217 		12.1246
v 25.4468 		54.0011 		12.1246
v 25.3158 		55.054 		12.1246
v 25.1009 		56.0543 		12.1246
v 24.8076 		56.9775 		12.1246
v 24.443 		57.8008 		12.1246
v 24.016 		58.504 		12.1246
v 23.5373 		59.0697 		12.1246
v 23.0187 		59.4841 		12.1246
v 22.4727 		59.7369 		12.1246
v 21.9131 		59.8218 		12.1246
v -21.9131 		59.8218 		12.1246
v -22.4727 		59.7369 		12.1246
v -23.0187 		59.4841 		12.1246
v -23.5373 		59.0697 		12.1246
v -24.016 		58.504 		12.1246
v -24.443 		57.8008 		12.1246
v -24.8076 		56.9775 		12.1246
v -25.1009 		56.0543 		12.1246
v -25.3158 		55.054 		12.1246
v -25.4468 		54.0011 		12.1246
v -25.4909 		52.9217 		12.1246
v -24.6765 		-31.6 		12.0711
v -24.6424 		-32.4338 		12.0711
v -24.5412 		-33.2469 		12.0711
v -24.3753 		-34.0196 		12.0711
v -24.1487 		-34.7326 		12.0711
v -23.8671 		-35.3685 		12.0711
v -23.5373 		-35.9117 		12.0711
v -23.1676 		-36.3486 		12.0711
v -22.767 		-36.6687 		12.0711
v -22.3453 		-36.8639 		12.0711
v -21.9131 		-36.9295 		12.0711
v 21.9131 		-36.9295 		12.0711
v 22.3453 		-36.8639 		12.0711
v 22.767 		-36.6687 		12.0711
v 23.1676 		-36.3486 		12.0711
v 23.5373 		-35.9117 		12.0711
v 23.8671 		-35.3685 		12.0711
v 24.1487 		-34.7326 		12.0711
v 24.3753 		-34.0196 		12.0711
v 24.5412 		-33.2469 		12.0711
v 24.6424 		-32.4338 		12.0711
v 24.6765 		-31.6 		12.0711
v 24.6765 		52.9217 		12.0711
v 24.6424 		53.7554 		12.0711
v 24.5412 		54.5686 		12.0711
v 24.3753 		55.3412 		12.0711
v 24.1487 		56.0543 		12.0711
v 23.8671 		56.6902 		12.0711
v 23.5373 		57.2333 		12.0711
v 23.1676 		57.6703 		12.0711
v 22.767 		57.9903 		12.0711
v 22.3453 		58.1856 		12.0711
v 21.9131 		58.2512 		12.0711
v -21.9131 		58.2512 		12.0711
v -22.3453 		58.1856 		12.0711
v -22.767 		57.9903 		12.0711
v -23.1676 		57.6703 		12.0711
v -23.5373 		57.2333 		12.0711
v -23.8671 		56.6902 		12.0711
v -24.1487 		56.0543 		12.0711
v -24.3753 		55.3412 		12.0711
v -24.5412 		54.5686 		12.0711
v -24.6424 		53.7554 		12.0711
v -24.6765 		52.9217 		12.0711
v -23.794 		-31.6 		12.0319
v -23.7709 		-32.1675 		12.0319
v -23.702 		-32.721 		12.0319
v -23.589 		-33.2469 		12.0319
v -23.4348 		-33.7323 		12.0319
v -23.2431 		-34.1651 		12.0319
v -23.0187 		-34.5348 		12.0319
v -22.767 		-34.8322 		12.0319
v -22.4943 		-35.0501 		12.0319
v -22.2073 		-35.183 		12.0319
v -21.9131 		-35.2276 		12.0319
v 21.9131 		-35.2276 		12.0319
v 22.2073 		-35.183 		12.0319
v 22.4943 		-35.0501 		12.0319
v 22.767 		-34.8322 		12.0319
v 23.0187 		-34.5348 		12.0319
v 23.2431 		-34.1651 		12.0319
v 23.4348 		-33.7323 		12.0319
v 23.589 		-33.2469 		12.0319
v 23.702 		-32.721 		12.0319
v 23.7709 		-32.1675 		12.0319
v 23.794 		-31.6 		12.0319
v 23.794 		52.9217 		12.0319
v 23.7709 		53.4892 		12.0319
v 23.702 		54.0427 		12.0319
v 23.589 		54.5686 		12.0319
v 23.4348 		55.054 		12.0319
v 23.2431 		55.4868 		12.0319
v 23.0187 		55.8565 		12.0319
v 22.767 		56.1539 		12.0319
v 22.4943 		56.3718 		12.0319
v 22.2073 		56.5046 		12.0319
v 21.9131 		56.5493 		12.0319
v -21.9131 		56.5493 		12.0319
v -22.2073 		56.5046 		12.0319
v -22.4943 		56.3718 		12.0319
v -22.767 		56.1539 		12.0319
v -23.0187 		55.8565 		12.0319
v -23.2431 		55.4868 		12.0319
v -23.4348 		55.054 		12.0319
v -23.589 		54.5686 		12.0319
v -23.702 		54.0427 		12.0319
v -23.7709 		53.4892 		12.0319
v -23.794 		52.9217 		12.0319
v -22.8653 		-31.6 		12.008
v -22.8535 		-31.8873 		12.008
v -22.8187 		-32.1675 		12.008
v -22.7615 		-32.4338 		12.008
v -22.6834 		-32.6795 		12.008
v -22.5864 		-32.8986 		12.008
v -22.4727 		-33.0857 		12.008
v -22.3453 		-33.2363 		12.008
v -22.2073 		-33.3466 		12.008
v -22.062 		-33.4138 		12.008
v -21.9131 		-33.4364 		12.008
v 21.9131 		-33.4364 		12.008
v 22.062 		-33.4138 		12.008
v 22.2073 		-33.3466 		12.008
v 22.3453 		-33.2363 		12.008
v 22.4727 		-33.0857 		12.008
v 22.5864 		-32.8986 		12.008
v 22.6834 		-32.6795 		12.008
v 22.7615 		-32.4338 		12.008
v 22.8187 		-32.1675 		12.008
v 22.8535 		-31.8873 		12.008
v 22.8653 		-31.6 		12.008
v 22.8653 		52.9217 		12.008
v 22.8535 		53.209 		12.008
v 22.8187 		53.4892 		12.008
v 22.7615 		53.7554 		12.008
v 22.6834 		54.0011 		12.008
v 22.5864 		54.2203 		12.008
v 22.4727 		54.4074 		12.008
v 22.3453 		54.558 		12.008
v 22.2073 		54.6682 		12.008
v 22.062 		54.7355 		12.008
v 21.9131 		54.7581 		12.008
v -21.9131 		54.7581 		12.008
v -22.062 		54.7355 		12.008
v -22.2073 		54.6682 		12.008
v -22.3453 		54.558 		12.008
v -22.4727 		54.4074 		12.008
v -22.5864 		54.2203 		12.008
v -22.6834 		54.0011 		12.008
v -22.7615 		53.7554 		12.008
v -22.8187 		53.4892 		12.008
v -22.8535 		53.209 		12.008
v -22.8653 		52.9217 		12.008
v -21.9131 		-31.6 		12
v 21.9131 		-31.6 		12
v 21.9131 		52.9217 		12
v -21.9131 		52.9217 		12
# 888 vertices

g group_1_16448250

usemtl color_16448250
s 0

f 33 	37 	38
f 33 	38 	39
f 33 	39 	40
f 33 	40 	41
f 33 	41 	42
f 33 	42 	43
f 33 	43 	44
f 33 	44 	45
f 33 	45 	46
f 33 	46 	47
f 34 	33 	48
f 33 	47 	48
f 34 	48 	49
f 34 	49 	50
f 34 	50 	51
f 34 	51 	52
f 34 	52 	53
f 34 	53 	54
f 34 	54 	55
f 34 	55 	56
f 34 	56 	57
f 34 	57 	58
f 35 	34 	59
f 34 	58 	59
f 35 	59 	60
f 35 	60 	61
f 35 	61 	62
f 35 	62 	63
f 35 	63 	64
f 35 	64 	65
f 35 	65 	66
f 35 	66 	67
f 35 	67 	68
f 35 	68 	69
f 36 	35 	70
f 35 	69 	70
f 36 	70 	71
f 36 	71 	72
f 36 	72 	73
f 36 	73 	74
f 36 	74 	75
f 36 	75 	76
f 36 	76 	77
f 36 	77 	78
f 36 	78 	79
f 36 	79 	80
f 33 	36 	37
f 36 	80 	37
f 38 	37 	82
f 37 	81 	82
f 39 	38 	83
f 38 	82 	83
f 40 	39 	84
f 39 	83 	84
f 41 	40 	85
f 40 	84 	85
f 42 	41 	86
f 41 	85 	86
f 43 	42 	87
f 42 	86 	87
f 44 	43 	88
f 43 	87 	88
f 45 	44 	89
f 44 	88 	89
f 46 	45 	90
f 45 	89 	90
f 47 	46 	91
f 46 	90 	91
f 48 	47 	92
f 47 	91 	92
f 49 	48 	93
f 48 	92 	93
f 50 	49 	94
f 49 	93 	94
f 51 	50 	95
f 50 	94 	95
f 52 	51 	96
f 51 	95 	96
f 53 	52 	97
f 52 	96 	97
f 54 	53 	98
f 53 	97 	98
f 55 	54 	99
f 54 	98 	99
f 56 	55 	100
f 55 	99 	100
f 57 	56 	101
f 56 	100 	101
f 58 	57 	102
f 57 	101 	102
f 59 	58 	103
f 58 	102 	103
f 60 	59 	104
f 59 	103 	104
f 61 	60 	105
f 60 	104 	105
f 62 	61 	106
f 61 	105 	106
f 63 	62 	107
f 62 	106 	107
f 64 	63 	108
f 63 	107 	108
f 65 	64 	109
f 64 	108 	109
f 66 	65 	110
f 65 	109 	110
f 67 	66 	111
f 66 	110 	111
f 68 	67 	112
f 67 	111 	112
f 69 	68 	113
f 68 	112 	113
f 70 	69 	114
f 69 	113 	114
f 71 	70 	115
f 70 	114 	115
f 72 	71 	116
f 71 	115 	116
f 73 	72 	117
f 72 	116 	117
f 74 	73 	118
f 73 	117 	118
f 75 	74 	119
f 74 	118 	119
f 76 	75 	120
f 75 	119 	120
f 77 	76 	121
f 76 	120 	121
f 78 	77 	122
f 77 	121 	122
f 79 	78 	123
f 78 	122 	123
f 80 	79 	124
f 79 	123 	124
f 37 	80 	81
f 80 	124 	81
f 82 	81 	126
f 81 	125 	126
f 83 	82 	127
f 82 	126 	127
f 84 	83 	128
f 83 	127 	128
f 85 	84 	129
f 84 	128 	129
f 86 	85 	130
f 85 	129 	130
f 87 	86 	131
f 86 	130 	131
f 88 	87 	132
f 87 	131 	132
f 89 	88 	133
f 88 	132 	133
f 90 	89 	134
f 89 	133 	134
f 91 	90 	135
f 90 	134 	135
f 92 	91 	136
f 91 	135 	136
f 93 	92 	137
f 92 	136 	137
f 94 	93 	138
f 93 	137 	138
f 95 	94 	139
f 94 	138 	139
f 96 	95 	140
f 95 	139 	140
f 97 	96 	141
f 96 	140 	141
f 98 	97 	142
f 97 	141 	142
f 99 	98 	143
f 98 	142 	143
f 100 	99 	144
f 99 	143 	144
f 101 	100 	145
f 100 	144 	145
f 102 	101 	146
f 101 	145 	146
f 103 	102 	147
f 102 	146 	147
f 104 	103 	148
f 103 	147 	148
f 105 	104 	149
f 104 	148 	149
f 106 	105 	150
f 105 	149 	150
f 107 	106 	151
f 106 	150 	151
f 108 	107 	152
f 107 	151 	152
f 109 	108 	153
f 108 	152 	153
f 110 	109 	154
f 109 	153 	154
f 111 	110 	155
f 110 	154 	155
f 112 	111 	156
f 111 	155 	156
f 113 	112 	157
f 112 	156 	157
f 114 	113 	158
f 113 	157 	158
f 115 	114 	159
f 114 	158 	159
f 116 	115 	160
f 115 	159 	160
f 117 	116 	161
f 116 	160 	161
f 118 	117 	162
f 117 	161 	162
f 119 	118 	163
f 118 	162 	163
f 120 	119 	164
f 119 	163 	164
f 121 	120 	165
f 120 	164 	165
f 122 	121 	166
f 121 	165 	166
f 123 	122 	167
f 122 	166 	167
f 124 	123 	168
f 123 	167 	168
f 81 	124 	125
f 124 	168 	125
f 126 	125 	170
f 125 	169 	170
f 127 	126 	171
f 126 	170 	171
f 128 	127 	172
f 127 	171 	172
f 129 	128 	173
f 128 	172 	173
f 130 	129 	174
f 129 	173 	174
f 131 	130 	175
f 130 	174 	175
f 132 	131 	176
f 131 	175 	176
f 133 	132 	177
f 132 	176 	177
f 134 	133 	178
f 133 	177 	178
f 135 	134 	179
f 134 	178 	179
f 136 	135 	180
f 135 	179 	180
f 137 	136 	181
f 136 	180 	181
f 138 	137 	182
f 137 	181 	182
f 139 	138 	183
f 138 	182 	183
f 140 	139 	184
f 139 	183 	184
f 141 	140 	185
f 140 	184 	185
f 142 	141 	186
f 141 	185 	186
f 143 	142 	187
f 142 	186 	187
f 144 	143 	188
f 143 	187 	188
f 145 	144 	189
f 144 	188 	189
f 146 	145 	190
f 145 	189 	190
f 147 	146 	191
f 146 	190 	191
f 148 	147 	192
f 147 	191 	192
f 149 	148 	193
f 148 	192 	193
f 150 	149 	194
f 149 	193 	194
f 151 	150 	195
f 150 	194 	195
f 152 	151 	196
f 151 	195 	196
f 153 	152 	197
f 152 	196 	197
f 154 	153 	198
f 153 	197 	198
f 155 	154 	199
f 154 	198 	199
f 156 	155 	200
f 155 	199 	200
f 157 	156 	201
f 156 	200 	201
f 158 	157 	202
f 157 	201 	202
f 159 	158 	203
f 158 	202 	203
f 160 	159 	204
f 159 	203 	204
f 161 	160 	205
f 160 	204 	205
f 162 	161 	206
f 161 	205 	206
f 163 	162 	207
f 162 	206 	207
f 164 	163 	208
f 163 	207 	208
f 165 	164 	209
f 164 	208 	209
f 166 	165 	210
f 165 	209 	210
f 167 	166 	211
f 166 	210 	211
f 168 	167 	212
f 167 	211 	212
f 125 	168 	169
f 168 	212 	169
f 170 	169 	214
f 169 	213 	214
f 171 	170 	215
f 170 	214 	215
f 172 	171 	216
f 171 	215 	216
f 173 	172 	217
f 172 	216 	217
f 174 	173 	218
f 173 	217 	218
f 175 	174 	219
f 174 	218 	219
f 176 	175 	220
f 175 	219 	220
f 177 	176 	221
f 176 	220 	221
f 178 	177 	222
f 177 	221 	222
f 179 	178 	223
f 178 	222 	223
f 180 	179 	224
f 179 	223 	224
f 181 	180 	225
f 180 	224 	225
f 182 	181 	226
f 181 	225 	226
f 183 	182 	227
f 182 	226 	227
f 184 	183 	228
f 183 	227 	228
f 185 	184 	229
f 184 	228 	229
f 186 	185 	230
f 185 	229 	230
f 187 	186 	231
f 186 	230 	231
f 188 	187 	232
f 187 	231 	232
f 189 	188 	233
f 188 	232 	233
f 190 	189 	234
f 189 	233 	234
f 191 	190 	235
f 190 	234 	235
f 192 	191 	236
f 191 	235 	236
f 193 	192 	237
f 192 	236 	237
f 194 	193 	238
f 193 	237 	238
f 195 	194 	239
f 194 	238 	239
f 196 	195 	240
f 195 	239 	240
f 197 	196 	241
f 196 	240 	241
f 198 	197 	242
f 197 	241 	242
f 199 	198 	243
f 198 	242 	243
f 200 	199 	244
f 199 	243 	244
f 201 	200 	245
f 200 	244 	245
f 202 	201 	246
f 201 	245 	246
f 203 	202 	247
f 202 	246 	247
f 204 	203 	248
f 203 	247 	248
f 205 	204 	249
f 204 	248 	249
f 206 	205 	250
f 205 	249 	250
f 207 	206 	251
f 206 	250 	251
f 208 	207 	252
f 207 	251 	252
f 209 	208 	253
f 208 	252 	253
f 210 	209 	254
f 209 	253 	254
f 211 	210 	255
f 210 	254 	255
f 212 	211 	256
f 211 	255 	256
f 169 	212 	213
f 212 	256 	213
f 214 	213 	258
f 213 	257 	258
f 215 	214 	259
f 214 	258 	259
f 216 	215 	260
f 215 	259 	260
f 217 	216 	261
f 216 	260 	261
f 218 	217 	262
f 217 	261 	262
f 219 	218 	263
f 218 	262 	263
f 220 	219 	264
f 219 	263 	264
f 221 	220 	265
f 220 	264 	265
f 222 	221 	266
f 221 	265 	266
f 223 	222 	267
f 222 	266 	267
f 224 	223 	268
f 223 	267 	268
f 225 	224 	269
f 224 	268 	269
f 226 	225 	270
f 225 	269 	270
f 227 	226 	271
f 226 	270 	271
f 228 	227 	272
f 227 	271 	272
f 229 	228 	273
f 228 	272 	273
f 230 	229 	274
f 229 	273 	274
f 231 	230 	275
f 230 	274 	275
f 232 	231 	276
f 231 	275 	276
f 233 	232 	277
f 232 	276 	277
f 234 	233 	278
f 233 	277 	278
f 235 	234 	279
f 234 	278 	279
f 236 	235 	280
f 235 	279 	280
f 237 	236 	281
f 236 	280 	281
f 238 	237 	282
f 237 	281 	282
f 239 	238 	283
f 238 	282 	283
f 240 	239 	284
f 239 	283 	284
f 241 	240 	285
f 240 	284 	285
f 242 	241 	286
f 241 	285 	286
f 243 	242 	287
f 242 	286 	287
f 244 	243 	288
f 243 	287 	288
f 245 	244 	289
f 244 	288 	289
f 246 	245 	290
f 245 	289 	290
f 247 	246 	291
f 246 	290 	291
f 248 	247 	292
f 247 	291 	292
f 249 	248 	293
f 248 	292 	293
f 250 	249 	294
f 249 	293 	294
f 251 	250 	295
f 250 	294 	295
f 252 	251 	296
f 251 	295 	296
f 253 	252 	297
f 252 	296 	297
f 254 	253 	298
f 253 	297 	298
f 255 	254 	299
f 254 	298 	299
f 256 	255 	300
f 255 	299 	300
f 213 	256 	257
f 256 	300 	257
f 258 	257 	302
f 257 	301 	302
f 259 	258 	303
f 258 	302 	303
f 260 	259 	304
f 259 	303 	304
f 261 	260 	305
f 260 	304 	305
f 262 	261 	306
f 261 	305 	306
f 263 	262 	307
f 262 	306 	307
f 264 	263 	308
f 263 	307 	308
f 265 	264 	309
f 264 	308 	309
f 266 	265 	310
f 265 	309 	310
f 267 	266 	311
f 266 	310 	311
f 268 	267 	312
f 267 	311 	312
f 269 	268 	313
f 268 	312 	313
f 270 	269 	314
f 269 	313 	314
f 271 	270 	315
f 270 	314 	315
f 272 	271 	316
f 271 	315 	316
f 273 	272 	317
f 272 	316 	317
f 274 	273 	318
f 273 	317 	318
f 275 	274 	319
f 274 	318 	319
f 276 	275 	320
f 275 	319 	320
f 277 	276 	321
f 276 	320 	321
f 278 	277 	322
f 277 	321 	322
f 279 	278 	323
f 278 	322 	323
f 280 	279 	324
f 279 	323 	324
f 281 	280 	325
f 280 	324 	325
f 282 	281 	326
f 281 	325 	326
f 283 	282 	327
f 282 	326 	327
f 284 	283 	328
f 283 	327 	328
f 285 	284 	329
f 284 	328 	329
f 286 	285 	330
f 285 	329 	330
f 287 	286 	331
f 286 	330 	331
f 288 	287 	332
f 287 	331 	332
f 289 	288 	333
f 288 	332 	333
f 290 	289 	334
f 289 	333 	334
f 291 	290 	335
f 290 	334 	335
f 292 	291 	336
f 291 	335 	336
f 293 	292 	337
f 292 	336 	337
f 294 	293 	338
f 293 	337 	338
f 295 	294 	339
f 294 	338 	339
f 296 	295 	340
f 295 	339 	340
f 297 	296 	341
f 296 	340 	341
f 298 	297 	342
f 297 	341 	342
f 299 	298 	343
f 298 	342 	343
f 300 	299 	344
f 299 	343 	344
f 257 	300 	301
f 300 	344 	301
f 302 	301 	346
f 301 	345 	346
f 303 	302 	347
f 302 	346 	347
f 304 	303 	348
f 303 	347 	348
f 305 	304 	349
f 304 	348 	349
f 306 	305 	350
f 305 	349 	350
f 307 	306 	351
f 306 	350 	351
f 308 	307 	352
f 307 	351 	352
f 309 	308 	353
f 308 	352 	353
f 310 	309 	354
f 309 	353 	354
f 311 	310 	355
f 310 	354 	355
f 312 	311 	356
f 311 	355 	356
f 313 	312 	357
f 312 	356 	357
f 314 	313 	358
f 313 	357 	358
f 315 	314 	359
f 314 	358 	359
f 316 	315 	360
f 315 	359 	360
f 317 	316 	361
f 316 	360 	361
f 318 	317 	362
f 317 	361 	362
f 319 	318 	363
f 318 	362 	363
f 320 	319 	364
f 319 	363 	364
f 321 	320 	365
f 320 	364 	365
f 322 	321 	366
f 321 	365 	366
f 323 	322 	367
f 322 	366 	367
f 324 	323 	368
f 323 	367 	368
f 325 	324 	369
f 324 	368 	369
f 326 	325 	370
f 325 	369 	370
f 327 	326 	371
f 326 	370 	371
f 328 	327 	372
f 327 	371 	372
f 329 	328 	373
f 328 	372 	373
f 330 	329 	374
f 329 	373 	374
f 331 	330 	375
f 330 	374 	375
f 332 	331 	376
f 331 	375 	376
f 333 	332 	377
f 332 	376 	377
f 334 	333 	378
f 333 	377 	378
f 335 	334 	379
f 334 	378 	379
f 336 	335 	380
f 335 	379 	380
f 337 	336 	381
f 336 	380 	381
f 338 	337 	382
f 337 	381 	382
f 339 	338 	383
f 338 	382 	383
f 340 	339 	384
f 339 	383 	384
f 341 	340 	385
f 340 	384 	385
f 342 	341 	386
f 341 	385 	386
f 343 	342 	387
f 342 	386 	387
f 344 	343 	388
f 343 	387 	388
f 301 	344 	345
f 344 	388 	345
f 346 	345 	390
f 345 	389 	390
f 347 	346 	391
f 346 	390 	391
f 348 	347 	392
f 347 	391 	392
f 349 	348 	393
f 348 	392 	393
f 350 	349 	394
f 349 	393 	394
f 351 	350 	395
f 350 	394 	395
f 352 	351 	396
f 351 	395 	396
f 353 	352 	397
f 352 	396 	397
f 354 	353 	398
f 353 	397 	398
f 355 	354 	399
f 354 	398 	399
f 356 	355 	400
f 355 	399 	400
f 357 	356 	401
f 356 	400 	401
f 358 	357 	402
f 357 	401 	402
f 359 	358 	403
f 358 	402 	403
f 360 	359 	404
f 359 	403 	404
f 361 	360 	405
f 360 	404 	405
f 362 	361 	406
f 361 	405 	406
f 363 	362 	407
f 362 	406 	407
f 364 	363 	408
f 363 	407 	408
f 365 	364 	409
f 364 	408 	409
f 366 	365 	410
f 365 	409 	410
f 367 	366 	411
f 366 	410 	411
f 368 	367 	412
f 367 	411 	412
f 369 	368 	413
f 368 	412 	413
f 370 	369 	414
f 369 	413 	414
f 371 	370 	415
f 370 	414 	415
f 372 	371 	416
f 371 	415 	416
f 373 	372 	417
f 372 	416 	417
f 374 	373 	418
f 373 	417 	418
f 375 	374 	419
f 374 	418 	419
f 376 	375 	420
f 375 	419 	420
f 377 	376 	421
f 376 	420 	421
f 378 	377 	422
f 377 	421 	422
f 379 	378 	423
f 378 	422 	423
f 380 	379 	424
f 379 	423 	424
f 381 	380 	425
f 380 	424 	425
f 382 	381 	426
f 381 	425 	426
f 383 	382 	427
f 382 	426 	427
f 384 	383 	428
f 383 	427 	428
f 385 	384 	429
f 384 	428 	429
f 386 	385 	430
f 385 	429 	430
f 387 	386 	431
f 386 	430 	431
f 388 	387 	432
f 387 	431 	432
f 345 	388 	389
f 388 	432 	389
f 390 	389 	434
f 389 	433 	434
f 391 	390 	435
f 390 	434 	435
f 392 	391 	436
f 391 	435 	436
f 393 	392 	437
f 392 	436 	437
f 394 	393 	438
f 393 	437 	438
f 395 	394 	439
f 394 	438 	439
f 396 	395 	440
f 395 	439 	440
f 397 	396 	441
f 396 	440 	441
f 398 	397 	442
f 397 	441 	442
f 399 	398 	443
f 398 	442 	443
f 400 	399 	444
f 399 	443 	444
f 401 	400 	445
f 400 	444 	445
f 402 	401 	446
f 401 	445 	446
f 403 	402 	447
f 402 	446 	447
f 404 	403 	448
f 403 	447 	448
f 405 	404 	449
f 404 	448 	449
f 406 	405 	450
f 405 	449 	450
f 407 	406 	451
f 406 	450 	451
f 408 	407 	452
f 407 	451 	452
f 409 	408 	453
f 408 	452 	453
f 410 	409 	454
f 409 	453 	454
f 411 	410 	455
f 410 	454 	455
f 412 	411 	456
f 411 	455 	456
f 413 	412 	457
f 412 	456 	457
f 414 	413 	458
f 413 	457 	458
f 415 	414 	459
f 414 	458 	459
f 416 	415 	460
f 415 	459 	460
f 417 	416 	461
f 416 	460 	461
f 418 	417 	462
f 417 	461 	462
f 419 	418 	463
f 418 	462 	463
f 420 	419 	464
f 419 	463 	464
f 421 	420 	465
f 420 	464 	465
f 422 	421 	466
f 421 	465 	466
f 423 	422 	467
f 422 	466 	467
f 424 	423 	468
f 423 	467 	468
f 425 	424 	469
f 424 	468 	469
f 426 	425 	470
f 425 	469 	470
f 427 	426 	471
f 426 	470 	471
f 428 	427 	472
f 427 	471 	472
f 429 	428 	473
f 428 	472 	473
f 430 	429 	474
f 429 	473 	474
f 431 	430 	475
f 430 	474 	475
f 432 	431 	476
f 431 	475 	476
f 389 	432 	433
f 432 	476 	433
f 434 	433 	478
f 433 	477 	478
f 435 	434 	479
f 434 	478 	479
f 436 	435 	480
f 435 	479 	480
f 437 	436 	481
f 436 	480 	481
f 438 	437 	482
f 437 	481 	482
f 439 	438 	483
f 438 	482 	483
f 440 	439 	484
f 439 	483 	484
f 441 	440 	485
f 440 	484 	485
f 442 	441 	486
f 441 	485 	486
f 443 	442 	487
f 442 	486 	487
f 444 	443 	488
f 443 	487 	488
f 445 	444 	489
f 444 	488 	489
f 446 	445 	490
f 445 	489 	490
f 447 	446 	491
f 446 	490 	491
f 448 	447 	492
f 447 	491 	492
f 449 	448 	493
f 448 	492 	493
f 450 	449 	494
f 449 	493 	494
f 451 	450 	495
f 450 	494 	495
f 452 	451 	496
f 451 	495 	496
f 453 	452 	497
f 452 	496 	497
f 454 	453 	498
f 453 	497 	498
f 455 	454 	499
f 454 	498 	499
f 456 	455 	500
f 455 	499 	500
f 457 	456 	501
f 456 	500 	501
f 458 	457 	502
f 457 	501 	502
f 459 	458 	503
f 458 	502 	503
f 460 	459 	504
f 459 	503 	504
f 461 	460 	505
f 460 	504 	505
f 462 	461 	506
f 461 	505 	506
f 463 	462 	507
f 462 	506 	507
f 464 	463 	508
f 463 	507 	508
f 465 	464 	509
f 464 	508 	509
f 466 	465 	510
f 465 	509 	510
f 467 	466 	511
f 466 	510 	511
f 468 	467 	512
f 467 	511 	512
f 469 	468 	513
f 468 	512 	513
f 470 	469 	514
f 469 	513 	514
f 471 	470 	515
f 470 	514 	515
f 472 	471 	516
f 471 	515 	516
f 473 	472 	517
f 472 	516 	517
f 474 	473 	518
f 473 	517 	518
f 475 	474 	519
f 474 	518 	519
f 476 	475 	520
f 475 	519 	520
f 433 	476 	477
f 476 	520 	477
f 478 	477 	522
f 477 	521 	522
f 479 	478 	523
f 478 	522 	523
f 480 	479 	524
f 479 	523 	524
f 481 	480 	525
f 480 	524 	525
f 482 	481 	526
f 481 	525 	526
f 483 	482 	527
f 482 	526 	527
f 484 	483 	528
f 483 	527 	528
f 485 	484 	529
f 484 	528 	529
f 486 	485 	530
f 485 	529 	530
f 487 	486 	531
f 486 	530 	531
f 488 	487 	532
f 487 	531 	532
f 489 	488 	533
f 488 	532 	533
f 490 	489 	534
f 489 	533 	534
f 491 	490 	535
f 490 	534 	535
f 492 	491 	536
f 491 	535 	536
f 493 	492 	537
f 492 	536 	537
f 494 	493 	538
f 493 	537 	538
f 495 	494 	539
f 494 	538 	539
f 496 	495 	540
f 495 	539 	540
f 497 	496 	541
f 496 	540 	541
f 498 	497 	542
f 497 	541 	542
f 499 	498 	543
f 498 	542 	543
f 500 	499 	544
f 499 	543 	544
f 501 	500 	545
f 500 	544 	545
f 502 	501 	546
f 501 	545 	546
f 503 	502 	547
f 502 	546 	547
f 504 	503 	548
f 503 	547 	548
f 505 	504 	549
f 504 	548 	549
f 506 	505 	550
f 505 	549 	550
f 507 	506 	551
f 506 	550 	551
f 508 	507 	552
f 507 	551 	552
f 509 	508 	553
f 508 	552 	553
f 510 	509 	554
f 509 	553 	554
f 511 	510 	555
f 510 	554 	555
f 512 	511 	556
f 511 	555 	556
f 513 	512 	557
f 512 	556 	557
f 514 	513 	558
f 513 	557 	558
f 515 	514 	559
f 514 	558 	559
f 516 	515 	560
f 515 	559 	560
f 517 	516 	561
f 516 	560 	561
f 518 	517 	562
f 517 	561 	562
f 519 	518 	563
f 518 	562 	563
f 520 	519 	564
f 519 	563 	564
f 477 	520 	521
f 520 	564 	521
f 522 	521 	566
f 521 	565 	566
f 523 	522 	567
f 522 	566 	567
f 524 	523 	568
f 523 	567 	568
f 525 	524 	569
f 524 	568 	569
f 526 	525 	570
f 525 	569 	570
f 527 	526 	571
f 526 	570 	571
f 528 	527 	572
f 527 	571 	572
f 529 	528 	573
f 528 	572 	573
f 530 	529 	574
f 529 	573 	574
f 531 	530 	575
f 530 	574 	575
f 532 	531 	576
f 531 	575 	576
f 533 	532 	577
f 532 	576 	577
f 534 	533 	578
f 533 	577 	578
f 535 	534 	579
f 534 	578 	579
f 536 	535 	580
f 535 	579 	580
f 537 	536 	581
f 536 	580 	581
f 538 	537 	582
f 537 	581 	582
f 539 	538 	583
f 538 	582 	583
f 540 	539 	584
f 539 	583 	584
f 541 	540 	585
f 540 	584 	585
f 542 	541 	586
f 541 	585 	586
f 543 	542 	587
f 542 	586 	587
f 544 	543 	588
f 543 	587 	588
f 545 	544 	589
f 544 	588 	589
f 546 	545 	590
f 545 	589 	590
f 547 	546 	591
f 546 	590 	591
f 548 	547 	592
f 547 	591 	592
f 549 	548 	593
f 548 	592 	593
f 550 	549 	594
f 549 	593 	594
f 551 	550 	595
f 550 	594 	595
f 552 	551 	596
f 551 	595 	596
f 553 	552 	597
f 552 	596 	597
f 554 	553 	598
f 553 	597 	598
f 555 	554 	599
f 554 	598 	599
f 556 	555 	600
f 555 	599 	600
f 557 	556 	601
f 556 	600 	601
f 558 	557 	602
f 557 	601 	602
f 559 	558 	603
f 558 	602 	603
f 560 	559 	604
f 559 	603 	604
f 561 	560 	605
f 560 	604 	605
f 562 	561 	606
f 561 	605 	606
f 563 	562 	607
f 562 	606 	607
f 564 	563 	608
f 563 	607 	608
f 521 	564 	565
f 564 	608 	565
f 566 	565 	610
f 565 	609 	610
f 567 	566 	611
f 566 	610 	611
f 568 	567 	612
f 567 	611 	612
f 569 	568 	613
f 568 	612 	613
f 570 	569 	614
f 569 	613 	614
f 571 	570 	615
f 570 	614 	615
f 572 	571 	616
f 571 	615 	616
f 573 	572 	617
f 572 	616 	617
f 574 	573 	618
f 573 	617 	618
f 575 	574 	619
f 574 	618 	619
f 576 	575 	620
f 575 	619 	620
f 577 	576 	621
f 576 	620 	621
f 578 	577 	622
f 577 	621 	622
f 579 	578 	623
f 578 	622 	623
f 580 	579 	624
f 579 	623 	624
f 581 	580 	625
f 580 	624 	625
f 582 	581 	626
f 581 	625 	626
f 583 	582 	627
f 582 	626 	627
f 584 	583 	628
f 583 	627 	628
f 585 	584 	629
f 584 	628 	629
f 586 	585 	630
f 585 	629 	630
f 587 	586 	631
f 586 	630 	631
f 588 	587 	632
f 587 	631 	632
f 589 	588 	633
f 588 	632 	633
f 590 	589 	634
f 589 	633 	634
f 591 	590 	635
f 590 	634 	635
f 592 	591 	636
f 591 	635 	636
f 593 	592 	637
f 592 	636 	637
f 594 	593 	638
f 593 	637 	638
f 595 	594 	639
f 594 	638 	639
f 596 	595 	640
f 595 	639 	640
f 597 	596 	641
f 596 	640 	641
f 598 	597 	642
f 597 	641 	642
f 599 	598 	643
f 598 	642 	643
f 600 	599 	644
f 599 	643 	644
f 601 	600 	645
f 600 	644 	645
f 602 	601 	646
f 601 	645 	646
f 603 	602 	647
f 602 	646 	647
f 604 	603 	648
f 603 	647 	648
f 605 	604 	649
f 604 	648 	649
f 606 	605 	650
f 605 	649 	650
f 607 	606 	651
f 606 	650 	651
f 608 	607 	652
f 607 	651 	652
f 565 	608 	609
f 608 	652 	609
f 610 	609 	654
f 609 	653 	654
f 611 	610 	655
f 610 	654 	655
f 612 	611 	656
f 611 	655 	656
f 613 	612 	657
f 612 	656 	657
f 614 	613 	658
f 613 	657 	658
f 615 	614 	659
f 614 	658 	659
f 616 	615 	660
f 615 	659 	660
f 617 	616 	661
f 616 	660 	661
f 618 	617 	662
f 617 	661 	662
f 619 	618 	663
f 618 	662 	663
f 620 	619 	664
f 619 	663 	664
f 621 	620 	665
f 620 	664 	665
f 622 	621 	666
f 621 	665 	666
f 623 	622 	667
f 622 	666 	667
f 624 	623 	668
f 623 	667 	668
f 625 	624 	669
f 624 	668 	669
f 626 	625 	670
f 625 	669 	670
f 627 	626 	671
f 626 	670 	671
f 628 	627 	672
f 627 	671 	672
f 629 	628 	673
f 628 	672 	673
f 630 	629 	674
f 629 	673 	674
f 631 	630 	675
f 630 	674 	675
f 632 	631 	676
f 631 	675 	676
f 633 	632 	677
f 632 	676 	677
f 634 	633 	678
f 633 	677 	678
f 635 	634 	679
f 634 	678 	679
f 636 	635 	680
f 635 	679 	680
f 637 	636 	681
f 636 	680 	681
f 638 	637 	682
f 637 	681 	682
f 639 	638 	683
f 638 	682 	683
f 640 	639 	684
f 639 	683 	684
f 641 	640 	685
f 640 	684 	685
f 642 	641 	686
f 641 	685 	686
f 643 	642 	687
f 642 	686 	687
f 644 	643 	688
f 643 	687 	688
f 645 	644 	689
f 644 	688 	689
f 646 	645 	690
f 645 	689 	690
f 647 	646 	691
f 646 	690 	691
f 648 	647 	692
f 647 	691 	692
f 649 	648 	693
f 648 	692 	693
f 650 	649 	694
f 649 	693 	694
f 651 	650 	695
f 650 	694 	695
f 652 	651 	696
f 651 	695 	696
f 609 	652 	653
f 652 	696 	653
f 654 	653 	698
f 653 	697 	698
f 655 	654 	699
f 654 	698 	699
f 656 	655 	700
f 655 	699 	700
f 657 	656 	701
f 656 	700 	701
f 658 	657 	702
f 657 	701 	702
f 659 	658 	703
f 658 	702 	703
f 660 	659 	704
f 659 	703 	704
f 661 	660 	705
f 660 	704 	705
f 662 	661 	706
f 661 	705 	706
f 663 	662 	707
f 662 	706 	707
f 664 	663 	708
f 663 	707 	708
f 665 	664 	709
f 664 	708 	709
f 666 	665 	710
f 665 	709 	710
f 667 	666 	711
f 666 	710 	711
f 668 	667 	712
f 667 	711 	712
f 669 	668 	713
f 668 	712 	713
f 670 	669 	714
f 669 	713 	714
f 671 	670 	715
f 670 	714 	715
f 672 	671 	716
f 671 	715 	716
f 673 	672 	717
f 672 	716 	717
f 674 	673 	718
f 673 	717 	718
f 675 	674 	719
f 674 	718 	719
f 676 	675 	720
f 675 	719 	720
f 677 	676 	721
f 676 	720 	721
f 678 	677 	722
f 677 	721 	722
f 679 	678 	723
f 678 	722 	723
f 680 	679 	724
f 679 	723 	724
f 681 	680 	725
f 680 	724 	725
f 682 	681 	726
f 681 	725 	726
f 683 	682 	727
f 682 	726 	727
f 684 	683 	728
f 683 	727 	728
f 685 	684 	729
f 684 	728 	729
f 686 	685 	730
f 685 	729 	730
f 687 	686 	731
f 686 	730 	731
f 688 	687 	732
f 687 	731 	732
f 689 	688 	733
f 688 	732 	733
f 690 	689 	734
f 689 	733 	734
f 691 	690 	735
f 690 	734 	735
f 692 	691 	736
f 691 	735 	736
f 693 	692 	737
f 692 	736 	737
f 694 	693 	738
f 693 	737 	738
f 695 	694 	739
f 694 	738 	739
f 696 	695 	740
f 695 	739 	740
f 653 	696 	697
f 696 	740 	697
f 698 	697 	742
f 697 	741 	742
f 699 	698 	743
f 698 	742 	743
f 700 	699 	744
f 699 	743 	744
f 701 	700 	745
f 700 	744 	745
f 702 	701 	746
f 701 	745 	746
f 703 	702 	747
f 702 	746 	747
f 704 	703 	748
f 703 	747 	748
f 705 	704 	749
f 704 	748 	749
f 706 	705 	750
f 705 	749 	750
f 707 	706 	751
f 706 	750 	751
f 708 	707 	752
f 707 	751 	752
f 709 	708 	753
f 708 	752 	753
f 710 	709 	754
f 709 	753 	754
f 711 	710 	755
f 710 	754 	755
f 712 	711 	756
f 711 	755 	756
f 713 	712 	757
f 712 	756 	757
f 714 	713 	758
f 713 	757 	758
f 715 	714 	759
f 714 	758 	759
f 716 	715 	760
f 715 	759 	760
f 717 	716 	761
f 716 	760 	761
f 718 	717 	762
f 717 	761 	762
f 719 	718 	763
f 718 	762 	763
f 720 	719 	764
f 719 	763 	764
f 721 	720 	765
f 720 	764 	765
f 722 	721 	766
f 721 	765 	766
f 723 	722 	767
f 722 	766 	767
f 724 	723 	768
f 723 	767 	768
f 725 	724 	769
f 724 	768 	769
f 726 	725 	770
f 725 	769 	770
f 727 	726 	771
f 726 	770 	771
f 728 	727 	772
f 727 	771 	772
f 729 	728 	773
f 728 	772 	773
f 730 	729 	774
f 729 	773 	774
f 731 	730 	775
f 730 	774 	775
f 732 	731 	776
f 731 	775 	776
f 733 	732 	777
f 732 	776 	777
f 734 	733 	778
f 733 	777 	778
f 735 	734 	779
f 734 	778 	779
f 736 	735 	780
f 735 	779 	780
f 737 	736 	781
f 736 	780 	781
f 738 	737 	782
f 737 	781 	782
f 739 	738 	783
f 738 	782 	783
f 740 	739 	784
f 739 	783 	784
f 697 	740 	741
f 740 	784 	741
f 742 	741 	786
f 741 	785 	786
f 743 	742 	787
f 742 	786 	787
f 744 	743 	788
f 743 	787 	788
f 745 	744 	789
f 744 	788 	789
f 746 	745 	790
f 745 	789 	790
f 747 	746 	791
f 746 	790 	791
f 748 	747 	792
f 747 	791 	792
f 749 	748 	793
f 748 	792 	793
f 750 	749 	794
f 749 	793 	794
f 751 	750 	795
f 750 	794 	795
f 752 	751 	796
f 751 	795 	796
f 753 	752 	797
f 752 	796 	797
f 754 	753 	798
f 753 	797 	798
f 755 	754 	799
f 754 	798 	799
f 756 	755 	800
f 755 	799 	800
f 757 	756 	801
f 756 	800 	801
f 758 	757 	802
f 757 	801 	802
f 759 	758 	803
f 758 	802 	803
f 760 	759 	804
f 759 	803 	804
f 761 	760 	805
f 760 	804 	805
f 762 	761 	806
f 761 	805 	806
f 763 	762 	807
f 762 	806 	807
f 764 	763 	808
f 763 	807 	808
f 765 	764 	809
f 764 	808 	809
f 766 	765 	810
f 765 	809 	810
f 767 	766 	811
f 766 	810 	811
f 768 	767 	812
f 767 	811 	812
f 769 	768 	813
f 768 	812 	813
f 770 	769 	814
f 769 	813 	814
f 771 	770 	815
f 770 	814 	815
f 772 	771 	816
f 771 	815 	816
f 773 	772 	817
f 772 	816 	817
f 774 	773 	818
f 773 	817 	818
f 775 	774 	819
f 774 	818 	819
f 776 	775 	820
f 775 	819 	820
f 777 	776 	821
f 776 	820 	821
f 778 	777 	822
f 777 	821 	822
f 779 	778 	823
f 778 	822 	823
f 780 	779 	824
f 779 	823 	824
f 781 	780 	825
f 780 	824 	825
f 782 	781 	826
f 781 	825 	826
f 783 	782 	827
f 782 	826 	827
f 784 	783 	828
f 783 	827 	828
f 741 	784 	785
f 784 	828 	785
f 786 	785 	830
f 785 	829 	830
f 787 	786 	831
f 786 	830 	831
f 788 	787 	832
f 787 	831 	832
f 789 	788 	833
f 788 	832 	833
f 790 	789 	834
f 789 	833 	834
f 791 	790 	835
f 790 	834 	835
f 792 	791 	836
f 791 	835 	836
f 793 	792 	837
f 792 	836 	837
f 794 	793 	838
f 793 	837 	838
f 795 	794 	839
f 794 	838 	839
f 796 	795 	840
f 795 	839 	840
f 797 	796 	841
f 796 	840 	841
f 798 	797 	842
f 797 	841 	842
f 799 	798 	843
f 798 	842 	843
f 800 	799 	844
f 799 	843 	844
f 801 	800 	845
f 800 	844 	845
f 802 	801 	846
f 801 	845 	846
f 803 	802 	847
f 802 	846 	847
f 804 	803 	848
f 803 	847 	848
f 805 	804 	849
f 804 	848 	849
f 806 	805 	850
f 805 	849 	850
f 807 	806 	851
f 806 	850 	851
f 808 	807 	852
f 807 	851 	852
f 809 	808 	853
f 808 	852 	853
f 810 	809 	854
f 809 	853 	854
f 811 	810 	855
f 810 	854 	855
f 812 	811 	856
f 811 	855 	856
f 813 	812 	857
f 812 	856 	857
f 814 	813 	858
f 813 	857 	858
f 815 	814 	859
f 814 	858 	859
f 816 	815 	860
f 815 	859 	860
f 817 	816 	861
f 816 	860 	861
f 818 	817 	862
f 817 	861 	862
f 819 	818 	863
f 818 	862 	863
f 820 	819 	864
f 819 	863 	864
f 821 	820 	865
f 820 	864 	865
f 822 	821 	866
f 821 	865 	866
f 823 	822 	867
f 822 	866 	867
f 824 	823 	868
f 823 	867 	868
f 825 	824 	869
f 824 	868 	869
f 826 	825 	870
f 825 	869 	870
f 827 	826 	871
f 826 	870 	871
f 828 	827 	872
f 827 	871 	872
f 785 	828 	829
f 828 	872 	829
f 830 	829 	874
f 829 	873 	874
f 831 	830 	875
f 830 	874 	875
f 832 	831 	876
f 831 	875 	876
f 833 	832 	877
f 832 	876 	877
f 834 	833 	878
f 833 	877 	878
f 835 	834 	879
f 834 	878 	879
f 836 	835 	880
f 835 	879 	880
f 837 	836 	881
f 836 	880 	881
f 838 	837 	882
f 837 	881 	882
f 839 	838 	883
f 838 	882 	883
f 840 	839 	884
f 839 	883 	884
f 841 	840 	885
f 840 	884 	885
f 842 	841 	886
f 841 	885 	886
f 843 	842 	887
f 842 	886 	887
f 844 	843 	888
f 843 	887 	888
f 845 	844 	889
f 844 	888 	889
f 846 	845 	890
f 845 	889 	890
f 847 	846 	891
f 846 	890 	891
f 848 	847 	892
f 847 	891 	892
f 849 	848 	893
f 848 	892 	893
f 850 	849 	894
f 849 	893 	894
f 851 	850 	895
f 850 	894 	895
f 852 	851 	896
f 851 	895 	896
f 853 	852 	897
f 852 	896 	897
f 854 	853 	898
f 853 	897 	898
f 855 	854 	899
f 854 	898 	899
f 856 	855 	900
f 855 	899 	900
f 857 	856 	901
f 856 	900 	901
f 858 	857 	902
f 857 	901 	902
f 859 	858 	903
f 858 	902 	903
f 860 	859 	904
f 859 	903 	904
f 861 	860 	905
f 860 	904 	905
f 862 	861 	906
f 861 	905 	906
f 863 	862 	907
f 862 	906 	907
f 864 	863 	908
f 863 	907 	908
f 865 	864 	909
f 864 	908 	909
f 866 	865 	910
f 865 	909 	910
f 867 	866 	911
f 866 	910 	911
f 868 	867 	912
f 867 	911 	912
f 869 	868 	913
f 868 	912 	913
f 870 	869 	914
f 869 	913 	914
f 871 	870 	915
f 870 	914 	915
f 872 	871 	916
f 871 	915 	916
f 829 	872 	873
f 872 	916 	873
f 874 	873 	917
f 875 	874 	917
f 876 	875 	917
f 877 	876 	917
f 878 	877 	917
f 879 	878 	917
f 880 	879 	917
f 881 	880 	917
f 882 	881 	917
f 883 	882 	917
f 884 	883 	918
f 883 	917 	918
f 885 	884 	918
f 886 	885 	918
f 887 	886 	918
f 888 	887 	918
f 889 	888 	918
f 890 	889 	918
f 891 	890 	918
f 892 	891 	918
f 893 	892 	918
f 894 	893 	918
f 895 	894 	919
f 894 	918 	919
f 896 	895 	919
f 897 	896 	919
f 898 	897 	919
f 899 	898 	919
f 900 	899 	919
f 901 	900 	919
f 902 	901 	919
f 903 	902 	919
f 904 	903 	919
f 905 	904 	919
f 906 	905 	920
f 905 	919 	920
f 907 	906 	920
f 908 	907 	920
f 909 	908 	920
f 910 	909 	920
f 911 	910 	920
f 912 	911 	920
f 913 	912 	920
f 914 	913 	920
f 915 	914 	920
f 916 	915 	920
f 873 	916 	917
f 916 	920 	917
f 33 	34 	36
f 34 	35 	36
f 917 	920 	918
f 918 	920 	919
# 1772 faces

 #end of obj_1

o obj_2
v -5.1761 		46.8126 		26
v 9.5422 		46.8126 		26
v 9.5422 		55.0734 		26
v -5.1761 		55.0734 		26
v -6.8121 		46.8126 		25.9711
v -6.7919 		46.6689 		25.9711
v -6.732 		46.5288 		25.9711
v -6.6338 		46.3957 		25.9711
v -6.4996 		46.2728 		25.9711
v -6.3329 		46.1633 		25.9711
v -6.1377 		46.0697 		25.9711
v -5.9188 		45.9944 		25.9711
v -5.6817 		45.9393 		25.9711
v -5.432 		45.9057 		25.9711
v -5.1761 		45.8943 		25.9711
v 9.5422 		45.8943 		25.9711
v 9.7981 		45.9057 		25.9711
v 10.0478 		45.9393 		25.9711
v 10.2849 		45.9944 		25.9711
v 10.5038 		46.0697 		25.9711
v 10.699 		46.1633 		25.9711
v 10.8657 		46.2728 		25.9711
v 10.9999 		46.3957 		25.9711
v 11.0981 		46.5288 		25.9711
v 11.158 		46.6689 		25.9711
v 11.1782 		46.8126 		25.9711
v 11.1782 		55.0734 		25.9711
v 11.158 		55.2171 		25.9711
v 11.0981 		55.3572 		25.9711
v 10.9999 		55.4903 		25.9711
v 10.8657 		55.6131 		25.9711
v 10.699 		55.7227 		25.9711
v 10.5038 		55.8163 		25.9711
v 10.2849 		55.8915 		25.9711
v 10.0478 		55.9467 		25.9711
v 9.7981 		55.9803 		25.9711
v 9.5422 		55.9916 		25.9711
v -5.1761 		55.9916 		25.9711
v -5.432 		55.9803 		25.9711
v -5.6817 		55.9467 		25.9711
v -5.9188 		55.8915 		25.9711
v -6.1377 		55.8163 		25.9711
v -6.3329 		55.7227 		25.9711
v -6.4996 		55.6131 		25.9711
v -6.6338 		55.4903 		25.9711
v -6.732 		55.3572 		25.9711
v -6.7919 		55.2171 		25.9711
v -6.8121 		55.0734 		25.9711
v -8.4077 		46.8126 		25.8851
v -8.368 		46.5288 		25.8851
v -8.2496 		46.2521 		25.8851
v -8.0555 		45.9891 		25.8851
v -7.7906 		45.7464 		25.8851
v -7.4612 		45.53 		25.8851
v -7.0756 		45.3452 		25.8851
v -6.6432 		45.1964 		25.8851
v -6.1747 		45.0875 		25.8851
v -5.6817 		45.0211 		25.8851
v -5.1761 		44.9988 		25.8851
v 9.5422 		44.9988 		25.8851
v 10.0478 		45.0211 		25.8851
v 10.5408 		45.0875 		25.8851
v 11.0093 		45.1964 		25.8851
v 11.4417 		45.3452 		25.8851
v 11.8273 		45.53 		25.8851
v 12.1567 		45.7464 		25.8851
v 12.4216 		45.9891 		25.8851
v 12.6157 		46.2521 		25.8851
v 12.7341 		46.5288 		25.8851
v 12.7738 		46.8126 		25.8851
v 12.7738 		55.0734 		25.8851
v 12.7341 		55.3572 		25.8851
v 12.6157 		55.6339 		25.8851
v 12.4216 		55.8969 		25.8851
v 12.1567 		56.1395 		25.8851
v 11.8273 		56.356 		25.8851
v 11.4417 		56.5408 		25.8851
v 11.0093 		56.6895 		25.8851
v 10.5408 		56.7984 		25.8851
v 10.0478 		56.8649 		25.8851
v 9.5422 		56.8872 		25.8851
v -5.1761 		56.8872 		25.8851
v -5.6817 		56.8649 		25.8851
v -6.1747 		56.7984 		25.8851
v -6.6432 		56.6895 		25.8851
v -7.0756 		56.5408 		25.8851
v -7.4612 		56.356 		25.8851
v -7.7906 		56.1395 		25.8851
v -8.0555 		55.8969 		25.8851
v -8.2496 		55.6339 		25.8851
v -8.368 		55.3572 		25.8851
v -8.4077 		55.0734 		25.8851
v -9.9239 		46.8126 		25.7441
v -9.8654 		46.3957 		25.7441
v -9.6915 		45.9891 		25.7441
v -9.4064 		45.6028 		25.7441
v -9.0171 		45.2463 		25.7441
v -8.5333 		44.9283 		25.7441
v -7.9668 		44.6567 		25.7441
v -7.3315 		44.4383 		25.7441
v -6.6432 		44.2782 		25.7441
v -5.9188 		44.1806 		25.7441
v -5.1761 		44.1478 		25.7441
v 9.5422 		44.1478 		25.7441
v 10.2849 		44.1806 		25.7441
v 11.0093 		44.2782 		25.7441
v 11.6976 		44.4383 		25.7441
v 12.3329 		44.6567 		25.7441
v 12.8994 		44.9283 		25.7441
v 13.3832 		45.2463 		25.7441
v 13.7725 		45.6028 		25.7441
v 14.0576 		45.9891 		25.7441
v 14.2315 		46.3957 		25.7441
v 14.29 		46.8126 		25.7441
v 14.29 		55.0734 		25.7441
v 14.2315 		55.4903 		25.7441
v 14.0576 		55.8969 		25.7441
v 13.7725 		56.2832 		25.7441
v 13.3832 		56.6397 		25.7441
v 12.8994 		56.9577 		25.7441
v 12.3329 		57.2292 		25.7441
v 11.6976 		57.4477 		25.7441
v 11.0093 		57.6077 		25.7441
v 10.2849 		57.7053 		25.7441
v 9.5422 		57.7381 		25.7441
v -5.1761 		57.7381 		25.7441
v -5.9188 		57.7053 		25.7441
v -6.6432 		57.6077 		25.7441
v -7.3315 		57.4477 		25.7441
v -7.9668 		57.2292 		25.7441
v -8.5333 		56.9577 		25.7441
v -9.0171 		56.6397 		25.7441
v -9.4064 		56.2832 		25.7441
v -9.6915 		55.8969 		25.7441
v -9.8654 		55.4903 		25.7441
v -9.9239 		55.0734 		25.7441
v -11.323 		46.8126 		25.5516
v -11.2474 		46.2728 		25.5516
v -11.0222 		45.7464 		25.5516
v -10.6531 		45.2463 		25.5516
v -10.1491 		44.7847 		25.5516
v -9.5227 		44.373 		25.5516
v -8.7892 		44.0214 		25.5516
v -7.9668 		43.7385 		25.5516
v -7.0756 		43.5314 		25.5516
v -6.1377 		43.405 		25.5516
v -5.1761 		43.3625 		25.5516
v 9.5422 		43.3625 		25.5516
v 10.5038 		43.405 		25.5516
v 11.4417 		43.5314 		25.5516
v 12.3329 		43.7385 		25.5516
v 13.1553 		44.0214 		25.5516
v 13.8888 		44.373 		25.5516
v 14.5152 		44.7847 		25.5516
v 15.0192 		45.2463 		25.5516
v 15.3883 		45.7464 		25.5516
v 15.6135 		46.2728 		25.5516
v 15.6891 		46.8126 		25.5516
v 15.6891 		55.0734 		25.5516
v 15.6135 		55.6131 		25.5516
v 15.3883 		56.1395 		25.5516
v 15.0192 		56.6397 		25.5516
v 14.5152 		57.1013 		25.5516
v 13.8888 		57.513 		25.5516
v 13.1553 		57.8646 		25.5516
v 12.3329 		58.1474 		25.5516
v 11.4417 		58.3546 		25.5516
v 10.5038 		58.481 		25.5516
v 9.5422 		58.5235 		25.5516
v -5.1761 		58.5235 		25.5516
v -6.1377 		58.481 		25.5516
v -7.0756 		58.3546 		25.5516
v -7.9668 		58.1474 		25.5516
v -8.7892 		57.8646 		25.5516
v -9.5227 		57.513 		25.5516
v -10.1491 		57.1013 		25.5516
v -10.6531 		56.6397 		25.5516
v -11.0222 		56.1395 		25.5516
v -11.2474 		55.6131 		25.5516
v -11.323 		55.0734 		25.5516
v -12.5709 		46.8126 		25.3123
v -12.4798 		46.1633 		25.3123
v -12.209 		45.53 		25.3123
v -11.7649 		44.9283 		25.3123
v -11.1586 		44.373 		25.3123
v -10.405 		43.8778 		25.3123
v -9.5227 		43.4548 		25.3123
v -8.5333 		43.1145 		25.3123
v -7.4612 		42.8653 		25.3123
v -6.3329 		42.7132 		25.3123
v -5.1761 		42.6621 		25.3123
v 9.5422 		42.6621 		25.3123
v 10.699 		42.7132 		25.3123
v 11.8273 		42.8653 		25.3123
v 12.8994 		43.1145 		25.3123
v 13.8888 		43.4548 		25.3123
v 14.7711 		43.8778 		25.3123
v 15.5247 		44.373 		25.3123
v 16.131 		44.9283 		25.3123
v 16.5751 		45.53 		25.3123
v 16.8459 		46.1633 		25.3123
v 16.937 		46.8126 		25.3123
v 16.937 		55.0734 		25.3123
v 16.8459 		55.7227 		25.3123
v 16.5751 		56.356 		25.3123
v 16.131 		56.9577 		25.3123
v 15.5247 		57.513 		25.3123
v 14.7711 		58.0082 		25.3123
v 13.8888 		58.4312 		25.3123
v 12.8994 		58.7715 		25.3123
v 11.8273 		59.0207 		25.3123
v 10.699 		59.1727 		25.3123
v 9.5422 		59.2238 		25.3123
v -5.1761 		59.2238 		25.3123
v -6.3329 		59.1727 		25.3123
v -7.4612 		59.0207 		25.3123
v -8.5333 		58.7715 		25.3123
v -9.5227 		58.4312 		25.3123
v -10.405 		58.0082 		25.3123
v -11.1586 		57.513 		25.3123
v -11.7649 		56.9577 		25.3123
v -12.209 		56.356 		25.3123
v -12.4798 		55.7227 		25.3123
v -12.5709 		55.0734 		25.3123
v -13.6366 		46.8126 		25.0322
v -13.5325 		46.0697 		25.0322
v -13.2226 		45.3452 		25.0322
v -12.7145 		44.6567 		25.0322
v -12.0208 		44.0214 		25.0322
v -11.1586 		43.4548 		25.0322
v -10.1491 		42.9709 		25.0322
v -9.0171 		42.5815 		25.0322
v -7.7906 		42.2964 		25.0322
v -6.4996 		42.1224 		25.0322
v -5.1761 		42.064 		25.0322
v 9.5422 		42.064 		25.0322
v 10.8657 		42.1224 		25.0322
v 12.1567 		42.2964 		25.0322
v 13.3832 		42.5815 		25.0322
v 14.5152 		42.9709 		25.0322
v 15.5247 		43.4548 		25.0322
v 16.3869 		44.0214 		25.0322
v 17.0806 		44.6567 		25.0322
v 17.5887 		45.3452 		25.0322
v 17.8986 		46.0697 		25.0322
v 18.0027 		46.8126 		25.0322
v 18.0027 		55.0734 		25.0322
v 17.8986 		55.8163 		25.0322
v 17.5887 		56.5408 		25.0322
v 17.0806 		57.2292 		25.0322
v 16.3869 		57.8646 		25.0322
v 15.5247 		58.4312 		25.0322
v 14.5152 		58.9151 		25.0322
v 13.3832 		59.3044 		25.0322
v 12.1567 		59.5896 		25.0322
v 10.8657 		59.7635 		25.0322
v 9.5422 		59.822 		25.0322
v -5.1761 		59.822 		25.0322
v -6.4996 		59.7635 		25.0322
v -7.7906 		59.5896 		25.0322
v -9.0171 		59.3044 		25.0322
v -10.1491 		58.9151 		25.0322
v -11.1586 		58.4312 		25.0322
v -12.0208 		57.8646 		25.0322
v -12.7145 		57.2292 		25.0322
v -13.2226 		56.5408 		25.0322
v -13.5325 		55.8163 		25.0322
v -13.6366 		55.0734 		25.0322
v -14.4941 		46.8126 		24.7181
v -14.3794 		45.9944 		24.7181
v -14.038 		45.1964 		24.7181
v -13.4785 		44.4383 		24.7181
v -12.7145 		43.7385 		24.7181
v -11.7649 		43.1145 		24.7181
v -10.6531 		42.5815 		24.7181
v -9.4064 		42.1527 		24.7181
v -8.0555 		41.8387 		24.7181
v -6.6338 		41.6471 		24.7181
v -5.1761 		41.5827 		24.7181
v 9.5422 		41.5827 		24.7181
v 10.9999 		41.6471 		24.7181
v 12.4216 		41.8387 		24.7181
v 13.7725 		42.1527 		24.7181
v 15.0192 		42.5815 		24.7181
v 16.131 		43.1145 		24.7181
v 17.0806 		43.7385 		24.7181
v 17.8446 		44.4383 		24.7181
v 18.4041 		45.1964 		24.7181
v 18.7455 		45.9944 		24.7181
v 18.8602 		46.8126 		24.7181
v 18.8602 		55.0734 		24.7181
v 18.7455 		55.8915 		24.7181
v 18.4041 		56.6895 		24.7181
v 17.8446 		57.4477 		24.7181
v 17.0806 		58.1474 		24.7181
v 16.131 		58.7715 		24.7181
v 15.0192 		59.3044 		24.7181
v 13.7725 		59.7332 		24.7181
v 12.4216 		60.0473 		24.7181
v 10.9999 		60.2388 		24.7181
v 9.5422 		60.3032 		24.7181
v -5.1761 		60.3032 		24.7181
v -6.6338 		60.2388 		24.7181
v -8.0555 		60.0473 		24.7181
v -9.4064 		59.7332 		24.7181
v -10.6531 		59.3044 		24.7181
v -11.7649 		58.7715 		24.7181
v -12.7145 		58.1474 		24.7181
v -13.4785 		57.4477 		24.7181
v -14.038 		56.6895 		24.7181
v -14.3794 		55.8915 		24.7181
v -14.4941 		55.0734 		24.7181
v -15.1221 		46.8126 		24.3777
v -14.9996 		45.9393 		24.3777
v -14.6353 		45.0875 		24.3777
v -14.038 		44.2782 		24.3777
v -13.2226 		43.5314 		24.3777
v -12.209 		42.8653 		24.3777
v -11.0222 		42.2964 		24.3777
v -9.6915 		41.8387 		24.3777
v -8.2496 		41.5035 		24.3777
v -6.732 		41.299 		24.3777
v -5.1761 		41.2303 		24.3777
v 9.5422 		41.2303 		24.3777
v 11.0981 		41.299 		24.3777
v 12.6157 		41.5035 		24.3777
v 14.0576 		41.8387 		24.3777
v 15.3883 		42.2964 		24.3777
v 16.5751 		42.8653 		24.3777
v 17.5887 		43.5314 		24.3777
v 18.4041 		44.2782 		24.3777
v 19.0014 		45.0875 		24.3777
v 19.3657 		45.9393 		24.3777
v 19.4882 		46.8126 		24.3777
v 19.4882 		55.0734 		24.3777
v 19.3657 		55.9467 		24.3777
v 19.0014 		56.7984 		24.3777
v 18.4041 		57.6077 		24.3777
v 17.5887 		58.3546 		24.3777
v 16.5751 		59.0207 		24.3777
v 15.3883 		59.5896 		24.3777
v 14.0576 		60.0473 		24.3777
v 12.6157 		60.3825 		24.3777
v 11.0981 		60.587 		24.3777
v 9.5422 		60.6557 		24.3777
v -5.1761 		60.6557 		24.3777
v -6.732 		60.587 		24.3777
v -8.2496 		60.3825 		24.3777
v -9.6915 		60.0473 		24.3777
v -11.0222 		59.5896 		24.3777
v -12.209 		59.0207 		24.3777
v -13.2226 		58.3546 		24.3777
v -14.038 		57.6077 		24.3777
v -14.6353 		56.7984 		24.3777
v -14.9996 		55.9467 		24.3777
v -15.1221 		55.0734 		24.3777
v -15.5051 		46.8126 		24.0195
v -15.378 		45.9057 		24.0195
v -14.9996 		45.0211 		24.0195
v -14.3794 		44.1806 		24.0195
v -13.5325 		43.405 		24.0195
v -12.4798 		42.7132 		24.0195
v -11.2474 		42.1224 		24.0195
v -9.8654 		41.6471 		24.0195
v -8.368 		41.299 		24.0195
v -6.7919 		41.0866 		24.0195
v -5.1761 		41.0152 		24.0195
v 9.5422 		41.0152 		24.0195
v 11.158 		41.0866 		24.0195
v 12.7341 		41.299 		24.0195
v 14.2315 		41.6471 		24.0195
v 15.6135 		42.1224 		24.0195
v 16.8459 		42.7132 		24.0195
v 17.8986 		43.405 		24.0195
v 18.7455 		44.1806 		24.0195
v 19.3657 		45.0211 		24.0195
v 19.7441 		45.9057 		24.0195
v 19.8712 		46.8126 		24.0195
v 19.8712 		55.0734 		24.0195
v 19.7441 		55.9803 		24.0195
v 19.3657 		56.8649 		24.0195
v 18.7455 		57.7053 		24.0195
v 17.8986 		58.481 		24.0195
v 16.8459 		59.1727 		24.0195
v 15.6135 		59.7635 		24.0195
v 14.2315 		60.2388 		24.0195
v 12.7341 		60.587 		24.0195
v 11.158 		60.7993 		24.0195
v 9.5422 		60.8707 		24.0195
v -5.1761 		60.8707 		24.0195
v -6.7919 		60.7993 		24.0195
v -8.368 		60.587 		24.0195
v -9.8654 		60.2388 		24.0195
v -11.2474 		59.7635 		24.0195
v -12.4798 		59.1727 		24.0195
v -13.5325 		58.481 		24.0195
v -14.3794 		57.7053 		24.0195
v -14.9996 		56.8649 		24.0195
v -15.378 		55.9803 		24.0195
v -15.5051 		55.0734 		24.0195
v -15.6339 		46.8126 		23.6522
v -15.5051 		45.8943 		23.6522
v -15.1221 		44.9988 		23.6522
v -14.4941 		44.1478 		23.6522
v -13.6366 		43.3625 		23.6522
v -12.5709 		42.6621 		23.6522
v -11.323 		42.064 		23.6522
v -9.9239 		41.5827 		23.6522
v -8.4077 		41.2303 		23.6522
v -6.8121 		41.0152 		23.6522
v -5.1761 		40.943 		23.6522
v 9.5422 		40.943 		23.6522
v 11.1782 		41.0152 		23.6522
v 12.7738 		41.2303 		23.6522
v 14.29 		41.5827 		23.6522
v 15.6891 		42.064 		23.6522
v 16.937 		42.6621 		23.6522
v 18.0027 		43.3625 		23.6522
v 18.8602 		44.1478 		23.6522
v 19.4882 		44.9988 		23.6522
v 19.8712 		45.8943 		23.6522
v 20 		46.8126 		23.6522
v 20 		55.0734 		23.6522
v 19.8712 		55.9916 		23.6522
v 19.4882 		56.8872 		23.6522
v 18.8602 		57.7381 		23.6522
v 18.0027 		58.5235 		23.6522
v 16.937 		59.2238 		23.6522
v 15.6891 		59.822 		23.6522
v 14.29 		60.3032 		23.6522
v 12.7738 		60.6557 		23.6522
v 11.1782 		60.8707 		23.6522
v 9.5422 		60.943 		23.6522
v -5.1761 		60.943 		23.6522
v -6.8121 		60.8707 		23.6522
v -8.4077 		60.6557 		23.6522
v -9.9239 		60.3032 		23.6522
v -11.323 		59.822 		23.6522
v -12.5709 		59.2238 		23.6522
v -13.6366 		58.5235 		23.6522
v -14.4941 		57.7381 		23.6522
v -15.1221 		56.8872 		23.6522
v -15.5051 		55.9916 		23.6522
v -15.6339 		55.0734 		23.6522
v -15.6339 		46.8126 		20.3478
v -15.5051 		45.8943 		20.3478
v -15.1221 		44.9988 		20.3478
v -14.4941 		44.1478 		20.3478
v -13.6366 		43.3625 		20.3478
v -12.5709 		42.6621 		20.3478
v -11.323 		42.064 		20.3478
v -9.9239 		41.5827 		20.3478
v -8.4077 		41.2303 		20.3478
v -6.8121 		41.0152 		20.3478
v -5.1761 		40.943 		20.3478
v 9.5422 		40.943 		20.3478
v 11.1782 		41.0152 		20.3478
v 12.7738 		41.2303 		20.3478
v 14.29 		41.5827 		20.3478
v 15.6891 		42.064 		20.3478
v 16.937 		42.6621 		20.3478
v 18.0027 		43.3625 		20.3478
v 18.8602 		44.1478 		20.3478
v 19.4882 		44.9988 		20.3478
v 19.8712 		45.8943 		20.3478
v 20 		46.8126 		20.3478
v 20 		55.0734 		20.3478
v 19.8712 		55.9916 		20.3478
v 19.4882 		56.8872 		20.3478
v 18.8602 		57.7381 		20.3478
v 18.0027 		58.5235 		20.3478
v 16.937 		59.2238 		20.3478
v 15.6891 		59.822 		20.3478
v 14.29 		60.3032 		20.3478
v 12.7738 		60.6557 		20.3478
v 11.1782 		60.8707 		20.3478
v 9.5422 		60.943 		20.3478
v -5.1761 		60.943 		20.3478
v -6.8121 		60.8707 		20.3478
v -8.4077 		60.6557 		20.3478
v -9.9239 		60.3032 		20.3478
v -11.323 		59.822 		20.3478
v -12.5709 		59.2238 		20.3478
v -13.6366 		58.5235 		20.3478
v -14.4941 		57.7381 		20.3478
v -15.1221 		56.8872 		20.3478
v -15.5051 		55.9916 		20.3478
v -15.6339 		55.0734 		20.3478
v -15.5051 		46.8126 		19.9805
v -15.378 		45.9057 		19.9805
v -14.9996 		45.0211 		19.9805
v -14.3794 		44.1806 		19.9805
v -13.5325 		43.405 		19.9805
v -12.4798 		42.7132 		19.9805
v -11.2474 		42.1224 		19.9805
v -9.8654 		41.6471 		19.9805
v -8.368 		41.299 		19.9805
v -6.7919 		41.0866 		19.9805
v -5.1761 		41.0152 		19.9805
v 9.5422 		41.0152 		19.9805
v 11.158 		41.0866 		19.9805
v 12.7341 		41.299 		19.9805
v 14.2315 		41.6471 		19.9805
v 15.6135 		42.1224 		19.9805
v 16.8459 		42.7132 		19.9805
v 17.8986 		43.405 		19.9805
v 18.7455 		44.1806 		19.9805
v 19.3657 		45.0211 		19.9805
v 19.7441 		45.9057 		19.9805
v 19.8712 		46.8126 		19.9805
v 19.8712 		55.0734 		19.9805
v 19.7441 		55.9803 		19.9805
v 19.3657 		56.8649 		19.9805
v 18.7455 		57.7053 		19.9805
v 17.8986 		58.481 		19.9805
v 16.8459 		59.1727 		19.9805
v 15.6135 		59.7635 		19.9805
v 14.2315 		60.2388 		19.9805
v 12.7341 		60.587 		19.9805
v 11.158 		60.7993 		19.9805
v 9.5422 		60.8707 		19.9805
v -5.1761 		60.8707 		19.9805
v -6.7919 		60.7993 		19.9805
v -8.368 		60.587 		19.9805
v -9.8654 		60.2388 		19.9805
v -11.2474 		59.7635 		19.9805
v -12.4798 		59.1727 		19.9805
v -13.5325 		58.481 		19.9805
v -14.3794 		57.7053 		19.9805
v -14.9996 		56.8649 		19.9805
v -15.378 		55.9803 		19.9805
v -15.5051 		55.0734 		19.9805
v -15.1221 		46.8126 		19.6223
v -14.9996 		45.9393 		19.6223
v -14.6353 		45.0875 		19.6223
v -14.038 		44.2782 		19.6223
v -13.2226 		43.5314 		19.6223
v -12.209 		42.8653 		19.6223
v -11.0222 		42.2964 		19.6223
v -9.6915 		41.8387 		19.6223
v -8.2496 		41.5035 		19.6223
v -6.732 		41.299 		19.6223
v -5.1761 		41.2303 		19.6223
v 9.5422 		41.2303 		19.6223
v 11.0981 		41.299 		19.6223
v 12.6157 		41.5035 		19.6223
v 14.0576 		41.8387 		19.6223
v 15.3883 		42.2964 		19.6223
v 16.5751 		42.8653 		19.6223
v 17.5887 		43.5314 		19.6223
v 18.4041 		44.2782 		19.6223
v 19.0014 		45.0875 		19.6223
v 19.3657 		45.9393 		19.6223
v 19.4882 		46.8126 		19.6223
v 19.4882 		55.0734 		19.6223
v 19.3657 		55.9467 		19.6223
v 19.0014 		56.7984 		19.6223
v 18.4041 		57.6077 		19.6223
v 17.5887 		58.3546 		19.6223
v 16.5751 		59.0207 		19.6223
v 15.3883 		59.5896 		19.6223
v 14.0576 		60.0473 		19.6223
v 12.6157 		60.3825 		19.6223
v 11.0981 		60.587 		19.6223
v 9.5422 		60.6557 		19.6223
v -5.1761 		60.6557 		19.6223
v -6.732 		60.587 		19.6223
v -8.2496 		60.3825 		19.6223
v -9.6915 		60.0473 		19.6223
v -11.0222 		59.5896 		19.6223
v -12.209 		59.0207 		19.6223
v -13.2226 		58.3546 		19.6223
v -14.038 		57.6077 		19.6223
v -14.6353 		56.7984 		19.6223
v -14.9996 		55.9467 		19.6223
v -15.1221 		55.0734 		19.6223
v -14.4941 		46.8126 		19.2819
v -14.3794 		45.9944 		19.2819
v -14.038 		45.1964 		19.2819
v -13.4785 		44.4383 		19.2819
v -12.7145 		43.7385 		19.2819
v -11.7649 		43.1145 		19.2819
v -10.6531 		42.5815 		19.2819
v -9.4064 		42.1527 		19.2819
v -8.0555 		41.8387 		19.2819
v -6.6338 		41.6471 		19.2819
v -5.1761 		41.5827 		19.2819
v 9.5422 		41.5827 		19.2819
v 10.9999 		41.6471 		19.2819
v 12.4216 		41.8387 		19.2819
v 13.7725 		42.1527 		19.2819
v 15.0192 		42.5815 		19.2819
v 16.131 		43.1145 		19.2819
v 17.0806 		43.7385 		19.2819
v 17.8446 		44.4383 		19.2819
v 18.4041 		45.1964 		19.2819
v 18.7455 		45.9944 		19.2819
v 18.8602 		46.8126 		19.2819
v 18.8602 		55.0734 		19.2819
v 18.7455 		55.8915 		19.2819
v 18.4041 		56.6895 		19.2819
v 17.8446 		57.4477 		19.2819
v 17.0806 		58.1474 		19.2819
v 16.131 		58.7715 		19.2819
v 15.0192 		59.3044 		19.2819
v 13.7725 		59.7332 		19.2819
v 12.4216 		60.0473 		19.2819
v 10.9999 		60.2388 		19.2819
v 9.5422 		60.3032 		19.2819
v -5.1761 		60.3032 		19.2819
v -6.6338 		60.2388 		19.2819
v -8.0555 		60.0473 		19.2819
v -9.4064 		59.7332 		19.2819
v -10.6531 		59.3044 		19.2819
v -11.7649 		58.7715 		19.2819
v -12.7145 		58.1474 		19.2819
v -13.4785 		57.4477 		19.2819
v -14.038 		56.6895 		19.2819
v -14.3794 		55.8915 		19.2819
v -14.4941 		55.0734 		19.2819
v -13.6366 		46.8126 		18.9678
v -13.5325 		46.0697 		18.9678
v -13.2226 		45.3452 		18.9678
v -12.7145 		44.6567 		18.9678
v -12.0208 		44.0214 		18.9678
v -11.1586 		43.4548 		18.9678
v -10.1491 		42.9709 		18.9678
v -9.0171 		42.5815 		18.9678
v -7.7906 		42.2964 		18.9678
v -6.4996 		42.1224 		18.9678
v -5.1761 		42.064 		18.9678
v 9.5422 		42.064 		18.9678
v 10.8657 		42.1224 		18.9678
v 12.1567 		42.2964 		18.9678
v 13.3832 		42.5815 		18.9678
v 14.5152 		42.9709 		18.9678
v 15.5247 		43.4548 		18.9678
v 16.3869 		44.0214 		18.9678
v 17.0806 		44.6567 		18.9678
v 17.5887 		45.3452 		18.9678
v 17.8986 		46.0697 		18.9678
v 18.0027 		46.8126 		18.9678
v 18.0027 		55.0734 		18.9678
v 17.8986 		55.8163 		18.9678
v 17.5887 		56.5408 		18.9678
v 17.0806 		57.2292 		18.9678
v 16.3869 		57.8646 		18.9678
v 15.5247 		58.4312 		18.9678
v 14.5152 		58.9151 		18.9678
v 13.3832 		59.3044 		18.9678
v 12.1567 		59.5896 		18.9678
v 10.8657 		59.7635 		18.9678
v 9.5422 		59.822 		18.9678
v -5.1761 		59.822 		18.9678
v -6.4996 		59.7635 		18.9678
v -7.7906 		59.5896 		18.9678
v -9.0171 		59.3044 		18.9678
v -10.1491 		58.9151 		18.9678
v -11.1586 		58.4312 		18.9678
v -12.0208 		57.8646 		18.9678
v -12.7145 		57.2292 		18.9678
v -13.2226 		56.5408 		18.9678
v -13.5325 		55.8163 		18.9678
v -13.6366 		55.0734 		18.9678
v -12.5709 		46.8126 		18.6877
v -12.4798 		46.1633 		18.6877
v -12.209 		45.53 		18.6877
v -11.7649 		44.9283 		18.6877
v -11.1586 		44.373 		18.6877
v -10.405 		43.8778 		18.6877
v -9.5227 		43.4548 		18.6877
v -8.5333 		43.1145 		18.6877
v -7.4612 		42.8653 		18.6877
v -6.3329 		42.7132 		18.6877
v -5.1761 		42.6621 		18.6877
v 9.5422 		42.6621 		18.6877
v 10.699 		42.7132 		18.6877
v 11.8273 		42.8653 		18.6877
v 12.8994 		43.1145 		18.6877
v 13.8888 		43.4548 		18.6877
v 14.7711 		43.8778 		18.6877
v 15.5247 		44.373 		18.6877
v 16.131 		44.9283 		18.6877
v 16.5751 		45.53 		18.6877
v 16.8459 		46.1633 		18.6877
v 16.937 		46.8126 		18.6877
v 16.937 		55.0734 		18.6877
v 16.8459 		55.7227 		18.6877
v 16.5751 		56.356 		18.6877
v 16.131 		56.9577 		18.6877
v 15.5247 		57.513 		18.6877
v 14.7711 		58.0082 		18.6877
v 13.8888 		58.4312 		18.6877
v 12.8994 		58.7715 		18.6877
v 11.8273 		59.0207 		18.6877
v 10.699 		59.1727 		18.6877
v 9.5422 		59.2238 		18.6877
v -5.1761 		59.2238 		18.6877
v -6.3329 		59.1727 		18.6877
v -7.4612 		59.0207 		18.6877
v -8.5333 		58.7715 		18.6877
v -9.5227 		58.4312 		18.6877
v -10.405 		58.0082 		18.6877
v -11.1586 		57.513 		18.6877
v -11.7649 		56.9577 		18.6877
v -12.209 		56.356 		18.6877
v -12.4798 		55.7227 		18.6877
v -12.5709 		55.0734 		18.6877
v -11.323 		46.8126 		18.4484
v -11.2474 		46.2728 		18.4484
v -11.0222 		45.7464 		18.4484
v -10.6531 		45.2463 		18.4484
v -10.1491 		44.7847 		18.4484
v -9.5227 		44.373 		18.4484
v -8.7892 		44.0214 		18.4484
v -7.9668 		43.7385 		18.4484
v -7.0756 		43.5314 		18.4484
v -6.1377 		43.405 		18.4484
v -5.1761 		43.3625 		18.4484
v 9.5422 		43.3625 		18.4484
v 10.5038 		43.405 		18.4484
v 11.4417 		43.5314 		18.4484
v 12.3329 		43.7385 		18.4484
v 13.1553 		44.0214 		18.4484
v 13.8888 		44.373 		18.4484
v 14.5152 		44.7847 		18.4484
v 15.0192 		45.2463 		18.4484
v 15.3883 		45.7464 		18.4484
v 15.6135 		46.2728 		18.4484
v 15.6891 		46.8126 		18.4484
v 15.6891 		55.0734 		18.4484
v 15.6135 		55.6131 		18.4484
v 15.3883 		56.1395 		18.4484
v 15.0192 		56.6397 		18.4484
v 14.5152 		57.1013 		18.4484
v 13.8888 		57.513 		18.4484
v 13.1553 		57.8646 		18.4484
v 12.3329 		58.1474 		18.4484
v 11.4417 		58.3546 		18.4484
v 10.5038 		58.481 		18.4484
v 9.5422 		58.5235 		18.4484
v -5.1761 		58.5235 		18.4484
v -6.1377 		58.481 		18.4484
v -7.0756 		58.3546 		18.4484
v -7.9668 		58.1474 		18.4484
v -8.7892 		57.8646 		18.4484
v -9.5227 		57.513 		18.4484
v -10.1491 		57.1013 		18.4484
v -10.6531 		56.6397 		18.4484
v -11.0222 		56.1395 		18.4484
v -11.2474 		55.6131 		18.4484
v -11.323 		55.0734 		18.4484
v -9.9239 		46.8126 		18.2559
v -9.8654 		46.3957 		18.2559
v -9.6915 		45.9891 		18.2559
v -9.4064 		45.6028 		18.2559
v -9.0171 		45.2463 		18.2559
v -8.5333 		44.9283 		18.2559
v -7.9668 		44.6567 		18.2559
v -7.3315 		44.4383 		18.2559
v -6.6432 		44.2782 		18.2559
v -5.9188 		44.1806 		18.2559
v -5.1761 		44.1478 		18.2559
v 9.5422 		44.1478 		18.2559
v 10.2849 		44.1806 		18.2559
v 11.0093 		44.2782 		18.2559
v 11.6976 		44.4383 		18.2559
v 12.3329 		44.6567 		18.2559
v 12.8994 		44.9283 		18.2559
v 13.3832 		45.2463 		18.2559
v 13.7725 		45.6028 		18.2559
v 14.0576 		45.9891 		18.2559
v 14.2315 		46.3957 		18.2559
v 14.29 		46.8126 		18.2559
v 14.29 		55.0734 		18.2559
v 14.2315 		55.4903 		18.2559
v 14.0576 		55.8969 		18.2559
v 13.7725 		56.2832 		18.2559
v 13.3832 		56.6397 		18.2559
v 12.8994 		56.9577 		18.2559
v 12.3329 		57.2292 		18.2559
v 11.6976 		57.4477 		18.2559
v 11.0093 		57.6077 		18.2559
v 10.2849 		57.7053 		18.2559
v 9.5422 		57.7381 		18.2559
v -5.1761 		57.7381 		18.2559
v -5.9188 		57.7053 		18.2559
v -6.6432 		57.6077 		18.2559
v -7.3315 		57.4477 		18.2559
v -7.9668 		57.2292 		18.2559
v -8.5333 		56.9577 		18.2559
v -9.0171 		56.6397 		18.2559
v -9.4064 		56.2832 		18.2559
v -9.6915 		55.8969 		18.2559
v -9.8654 		55.4903 		18.2559
v -9.9239 		55.0734 		18.2559
v -8.4077 		46.8126 		18.1149
v -8.368 		46.5288 		18.1149
v -8.2496 		46.2521 		18.1149
v -8.0555 		45.9891 		18.1149
v -7.7906 		45.7464 		18.1149
v -7.4612 		45.53 		18.1149
v -7.0756 		45.3452 		18.1149
v -6.6432 		45.1964 		18.1149
v -6.1747 		45.0875 		18.1149
v -5.6817 		45.0211 		18.1149
v -5.1761 		44.9988 		18.1149
v 9.5422 		44.9988 		18.1149
v 10.0478 		45.0211 		18.1149
v 10.5408 		45.0875 		18.1149
v 11.0093 		45.1964 		18.1149
v 11.4417 		45.3452 		18.1149
v 11.8273 		45.53 		18.1149
v 12.1567 		45.7464 		18.1149
v 12.4216 		45.9891 		18.1149
v 12.6157 		46.2521 		18.1149
v 12.7341 		46.5288 		18.1149
v 12.7738 		46.8126 		18.1149
v 12.7738 		55.0734 		18.1149
v 12.7341 		55.3572 		18.1149
v 12.6157 		55.6339 		18.1149
v 12.4216 		55.8969 		18.1149
v 12.1567 		56.1395 		18.1149
v 11.8273 		56.356 		18.1149
v 11.4417 		56.5408 		18.1149
v 11.0093 		56.6895 		18.1149
v 10.5408 		56.7984 		18.1149
v 10.0478 		56.8649 		18.1149
v 9.5422 		56.8872 		18.1149
v -5.1761 		56.8872 		18.1149
v -5.6817 		56.8649 		18.1149
v -6.1747 		56.7984 		18.1149
v -6.6432 		56.6895 		18.1149
v -7.0756 		56.5408 		18.1149
v -7.4612 		56.356 		18.1149
v -7.7906 		56.1395 		18.1149
v -8.0555 		55.8969 		18.1149
v -8.2496 		55.6339 		18.1149
v -8.368 		55.3572 		18.1149
v -8.4077 		55.0734 		18.1149
v -6.8121 		46.8126 		18.0289
v -6.7919 		46.6689 		18.0289
v -6.732 		46.5288 		18.0289
v -6.6338 		46.3957 		18.0289
v -6.4996 		46.2728 		18.0289
v -6.3329 		46.1633 		18.0289
v -6.1377 		46.0697 		18.0289
v -5.9188 		45.9944 		18.0289
v -5.6817 		45.9393 		18.0289
v -5.432 		45.9057 		18.0289
v -5.1761 		45.8943 		18.0289
v 9.5422 		45.8943 		18.0289
v 9.7981 		45.9057 		18.0289
v 10.0478 		45.9393 		18.0289
v 10.2849 		45.9944 		18.0289
v 10.5038 		46.0697 		18.0289
v 10.699 		46.1633 		18.0289
v 10.8657 		46.2728 		18.0289
v 10.9999 		46.3957 		18.0289
v 11.0981 		46.5288 		18.0289
v 11.158 		46.6689 		18.0289
v 11.1782 		46.8126 		18.0289
v 11.1782 		55.0734 		18.0289
v 11.158 		55.2171 		18.0289
v 11.0981 		55.3572 		18.0289
v 10.9999 		55.4903 		18.0289
v 10.8657 		55.6131 		18.0289
v 10.699 		55.7227 		18.0289
v 10.5038 		55.8163 		18.0289
v 10.2849 		55.8915 		18.0289
v 10.0478 		55.9467 		18.0289
v 9.7981 		55.9803 		18.0289
v 9.5422 		55.9916 		18.0289
v -5.1761 		55.9916 		18.0289
v -5.432 		55.9803 		18.0289
v -5.6817 		55.9467 		18.0289
v -5.9188 		55.8915 		18.0289
v -6.1377 		55.8163 		18.0289
v -6.3329 		55.7227 		18.0289
v -6.4996 		55.6131 		18.0289
v -6.6338 		55.4903 		18.0289
v -6.732 		55.3572 		18.0289
v -6.7919 		55.2171 		18.0289
v -6.8121 		55.0734 		18.0289
v -5.1761 		46.8126 		18
v 9.5422 		46.8126 		18
v 9.5422 		55.0734 		18
v -5.1761 		55.0734 		18
# 888 vertices

g group_2_16448250

usemtl color_16448250
s 0

f 921 	925 	926
f 921 	926 	927
f 921 	927 	928
f 921 	928 	929
f 921 	929 	930
f 921 	930 	931
f 921 	931 	932
f 921 	932 	933
f 921 	933 	934
f 921 	934 	935
f 922 	921 	936
f 921 	935 	936
f 922 	936 	937
f 922 	937 	938
f 922 	938 	939
f 922 	939 	940
f 922 	940 	941
f 922 	941 	942
f 922 	942 	943
f 922 	943 	944
f 922 	944 	945
f 922 	945 	946
f 923 	922 	947
f 922 	946 	947
f 923 	947 	948
f 923 	948 	949
f 923 	949 	950
f 923 	950 	951
f 923 	951 	952
f 923 	952 	953
f 923 	953 	954
f 923 	954 	955
f 923 	955 	956
f 923 	956 	957
f 924 	923 	958
f 923 	957 	958
f 924 	958 	959
f 924 	959 	960
f 924 	960 	961
f 924 	961 	962
f 924 	962 	963
f 924 	963 	964
f 924 	964 	965
f 924 	965 	966
f 924 	966 	967
f 924 	967 	968
f 921 	924 	925
f 924 	968 	925
f 926 	925 	970
f 925 	969 	970
f 927 	926 	971
f 926 	970 	971
f 928 	927 	972
f 927 	971 	972
f 929 	928 	973
f 928 	972 	973
f 930 	929 	974
f 929 	973 	974
f 931 	930 	975
f 930 	974 	975
f 932 	931 	976
f 931 	975 	976
f 933 	932 	977
f 932 	976 	977
f 934 	933 	978
f 933 	977 	978
f 935 	934 	979
f 934 	978 	979
f 936 	935 	980
f 935 	979 	980
f 937 	936 	981
f 936 	980 	981
f 938 	937 	982
f 937 	981 	982
f 939 	938 	983
f 938 	982 	983
f 940 	939 	984
f 939 	983 	984
f 941 	940 	985
f 940 	984 	985
f 942 	941 	986
f 941 	985 	986
f 943 	942 	987
f 942 	986 	987
f 944 	943 	988
f 943 	987 	988
f 945 	944 	989
f 944 	988 	989
f 946 	945 	990
f 945 	989 	990
f 947 	946 	991
f 946 	990 	991
f 948 	947 	992
f 947 	991 	992
f 949 	948 	993
f 948 	992 	993
f 950 	949 	994
f 949 	993 	994
f 951 	950 	995
f 950 	994 	995
f 952 	951 	996
f 951 	995 	996
f 953 	952 	997
f 952 	996 	997
f 954 	953 	998
f 953 	997 	998
f 955 	954 	999
f 954 	998 	999
f 956 	955 	1000
f 955 	999 	1000
f 957 	956 	1001
f 956 	1000 	1001
f 958 	957 	1002
f 957 	1001 	1002
f 959 	958 	1003
f 958 	1002 	1003
f 960 	959 	1004
f 959 	1003 	1004
f 961 	960 	1005
f 960 	1004 	1005
f 962 	961 	1006
f 961 	1005 	1006
f 963 	962 	1007
f 962 	1006 	1007
f 964 	963 	1008
f 963 	1007 	1008
f 965 	964 	1009
f 964 	1008 	1009
f 966 	965 	1010
f 965 	1009 	1010
f 967 	966 	1011
f 966 	1010 	1011
f 968 	967 	1012
f 967 	1011 	1012
f 925 	968 	969
f 968 	1012 	969
f 970 	969 	1014
f 969 	1013 	1014
f 971 	970 	1015
f 970 	1014 	1015
f 972 	971 	1016
f 971 	1015 	1016
f 973 	972 	1017
f 972 	1016 	1017
f 974 	973 	1018
f 973 	1017 	1018
f 975 	974 	1019
f 974 	1018 	1019
f 976 	975 	1020
f 975 	1019 	1020
f 977 	976 	1021
f 976 	1020 	1021
f 978 	977 	1022
f 977 	1021 	1022
f 979 	978 	1023
f 978 	1022 	1023
f 980 	979 	1024
f 979 	1023 	1024
f 981 	980 	1025
f 980 	1024 	1025
f 982 	981 	1026
f 981 	1025 	1026
f 983 	982 	1027
f 982 	1026 	1027
f 984 	983 	1028
f 983 	1027 	1028
f 985 	984 	1029
f 984 	1028 	1029
f 986 	985 	1030
f 985 	1029 	1030
f 987 	986 	1031
f 986 	1030 	1031
f 988 	987 	1032
f 987 	1031 	1032
f 989 	988 	1033
f 988 	1032 	1033
f 990 	989 	1034
f 989 	1033 	1034
f 991 	990 	1035
f 990 	1034 	1035
f 992 	991 	1036
f 991 	1035 	1036
f 993 	992 	1037
f 992 	1036 	1037
f 994 	993 	1038
f 993 	1037 	1038
f 995 	994 	1039
f 994 	1038 	1039
f 996 	995 	1040
f 995 	1039 	1040
f 997 	996 	1041
f 996 	1040 	1041
f 998 	997 	1042
f 997 	1041 	1042
f 999 	998 	1043
f 998 	1042 	1043
f 1000 	999 	1044
f 999 	1043 	1044
f 1001 	1000 	1045
f 1000 	1044 	1045
f 1002 	1001 	1046
f 1001 	1045 	1046
f 1003 	1002 	1047
f 1002 	1046 	1047
f 1004 	1003 	1048
f 1003 	1047 	1048
f 1005 	1004 	1049
f 1004 	1048 	1049
f 1006 	1005 	1050
f 1005 	1049 	1050
f 1007 	1006 	1051
f 1006 	1050 	1051
f 1008 	1007 	1052
f 1007 	1051 	1052
f 1009 	1008 	1053
f 1008 	1052 	1053
f 1010 	1009 	1054
f 1009 	1053 	1054
f 1011 	1010 	1055
f 1010 	1054 	1055
f 1012 	1011 	1056
f 1011 	1055 	1056
f 969 	1012 	1013
f 1012 	1056 	1013
f 1014 	1013 	1058
f 1013 	1057 	1058
f 1015 	1014 	1059
f 1014 	1058 	1059
f 1016 	1015 	1060
f 1015 	1059 	1060
f 1017 	1016 	1061
f 1016 	1060 	1061
f 1018 	1017 	1062
f 1017 	1061 	1062
f 1019 	1018 	1063
f 1018 	1062 	1063
f 1020 	1019 	1064
f 1019 	1063 	1064
f 1021 	1020 	1065
f 1020 	1064 	1065
f 1022 	1021 	1066
f 1021 	1065 	1066
f 1023 	1022 	1067
f 1022 	1066 	1067
f 1024 	1023 	1068
f 1023 	1067 	1068
f 1025 	1024 	1069
f 1024 	1068 	1069
f 1026 	1025 	1070
f 1025 	1069 	1070
f 1027 	1026 	1071
f 1026 	1070 	1071
f 1028 	1027 	1072
f 1027 	1071 	1072
f 1029 	1028 	1073
f 1028 	1072 	1073
f 1030 	1029 	1074
f 1029 	1073 	1074
f 1031 	1030 	1075
f 1030 	1074 	1075
f 1032 	1031 	1076
f 1031 	1075 	1076
f 1033 	1032 	1077
f 1032 	1076 	1077
f 1034 	1033 	1078
f 1033 	1077 	1078
f 1035 	1034 	1079
f 1034 	1078 	1079
f 1036 	1035 	1080
f 1035 	1079 	1080
f 1037 	1036 	1081
f 1036 	1080 	1081
f 1038 	1037 	1082
f 1037 	1081 	1082
f 1039 	1038 	1083
f 1038 	1082 	1083
f 1040 	1039 	1084
f 1039 	1083 	1084
f 1041 	1040 	1085
f 1040 	1084 	1085
f 1042 	1041 	1086
f 1041 	1085 	1086
f 1043 	1042 	1087
f 1042 	1086 	1087
f 1044 	1043 	1088
f 1043 	1087 	1088
f 1045 	1044 	1089
f 1044 	1088 	1089
f 1046 	1045 	1090
f 1045 	1089 	1090
f 1047 	1046 	1091
f 1046 	1090 	1091
f 1048 	1047 	1092
f 1047 	1091 	1092
f 1049 	1048 	1093
f 1048 	1092 	1093
f 1050 	1049 	1094
f 1049 	1093 	1094
f 1051 	1050 	1095
f 1050 	1094 	1095
f 1052 	1051 	1096
f 1051 	1095 	1096
f 1053 	1052 	1097
f 1052 	1096 	1097
f 1054 	1053 	1098
f 1053 	1097 	1098
f 1055 	1054 	1099
f 1054 	1098 	1099
f 1056 	1055 	1100
f 1055 	1099 	1100
f 1013 	1056 	1057
f 1056 	1100 	1057
f 1058 	1057 	1102
f 1057 	1101 	1102
f 1059 	1058 	1103
f 1058 	1102 	1103
f 1060 	1059 	1104
f 1059 	1103 	1104
f 1061 	1060 	1105
f 1060 	1104 	1105
f 1062 	1061 	1106
f 1061 	1105 	1106
f 1063 	1062 	1107
f 1062 	1106 	1107
f 1064 	1063 	1108
f 1063 	1107 	1108
f 1065 	1064 	1109
f 1064 	1108 	1109
f 1066 	1065 	1110
f 1065 	1109 	1110
f 1067 	1066 	1111
f 1066 	1110 	1111
f 1068 	1067 	1112
f 1067 	1111 	1112
f 1069 	1068 	1113
f 1068 	1112 	1113
f 1070 	1069 	1114
f 1069 	1113 	1114
f 1071 	1070 	1115
f 1070 	1114 	1115
f 1072 	1071 	1116
f 1071 	1115 	1116
f 1073 	1072 	1117
f 1072 	1116 	1117
f 1074 	1073 	1118
f 1073 	1117 	1118
f 1075 	1074 	1119
f 1074 	1118 	1119
f 1076 	1075 	1120
f 1075 	1119 	1120
f 1077 	1076 	1121
f 1076 	1120 	1121
f 1078 	1077 	1122
f 1077 	1121 	1122
f 1079 	1078 	1123
f 1078 	1122 	1123
f 1080 	1079 	1124
f 1079 	1123 	1124
f 1081 	1080 	1125
f 1080 	1124 	1125
f 1082 	1081 	1126
f 1081 	1125 	1126
f 1083 	1082 	1127
f 1082 	1126 	1127
f 1084 	1083 	1128
f 1083 	1127 	1128
f 1085 	1084 	1129
f 1084 	1128 	1129
f 1086 	1085 	1130
f 1085 	1129 	1130
f 1087 	1086 	1131
f 1086 	1130 	1131
f 1088 	1087 	1132
f 1087 	1131 	1132
f 1089 	1088 	1133
f 1088 	1132 	1133
f 1090 	1089 	1134
f 1089 	1133 	1134
f 1091 	1090 	1135
f 1090 	1134 	1135
f 1092 	1091 	1136
f 1091 	1135 	1136
f 1093 	1092 	1137
f 1092 	1136 	1137
f 1094 	1093 	1138
f 1093 	1137 	1138
f 1095 	1094 	1139
f 1094 	1138 	1139
f 1096 	1095 	1140
f 1095 	1139 	1140
f 1097 	1096 	1141
f 1096 	1140 	1141
f 1098 	1097 	1142
f 1097 	1141 	1142
f 1099 	1098 	1143
f 1098 	1142 	1143
f 1100 	1099 	1144
f 1099 	1143 	1144
f 1057 	1100 	1101
f 1100 	1144 	1101
f 1102 	1101 	1146
f 1101 	1145 	1146
f 1103 	1102 	1147
f 1102 	1146 	1147
f 1104 	1103 	1148
f 1103 	1147 	1148
f 1105 	1104 	1149
f 1104 	1148 	1149
f 1106 	1105 	1150
f 1105 	1149 	1150
f 1107 	1106 	1151
f 1106 	1150 	1151
f 1108 	1107 	1152
f 1107 	1151 	1152
f 1109 	1108 	1153
f 1108 	1152 	1153
f 1110 	1109 	1154
f 1109 	1153 	1154
f 1111 	1110 	1155
f 1110 	1154 	1155
f 1112 	1111 	1156
f 1111 	1155 	1156
f 1113 	1112 	1157
f 1112 	1156 	1157
f 1114 	1113 	1158
f 1113 	1157 	1158
f 1115 	1114 	1159
f 1114 	1158 	1159
f 1116 	1115 	1160
f 1115 	1159 	1160
f 1117 	1116 	1161
f 1116 	1160 	1161
f 1118 	1117 	1162
f 1117 	1161 	1162
f 1119 	1118 	1163
f 1118 	1162 	1163
f 1120 	1119 	1164
f 1119 	1163 	1164
f 1121 	1120 	1165
f 1120 	1164 	1165
f 1122 	1121 	1166
f 1121 	1165 	1166
f 1123 	1122 	1167
f 1122 	1166 	1167
f 1124 	1123 	1168
f 1123 	1167 	1168
f 1125 	1124 	1169
f 1124 	1168 	1169
f 1126 	1125 	1170
f 1125 	1169 	1170
f 1127 	1126 	1171
f 1126 	1170 	1171
f 1128 	1127 	1172
f 1127 	1171 	1172
f 1129 	1128 	1173
f 1128 	1172 	1173
f 1130 	1129 	1174
f 1129 	1173 	1174
f 1131 	1130 	1175
f 1130 	1174 	1175
f 1132 	1131 	1176
f 1131 	1175 	1176
f 1133 	1132 	1177
f 1132 	1176 	1177
f 1134 	1133 	1178
f 1133 	1177 	1178
f 1135 	1134 	1179
f 1134 	1178 	1179
f 1136 	1135 	1180
f 1135 	1179 	1180
f 1137 	1136 	1181
f 1136 	1180 	1181
f 1138 	1137 	1182
f 1137 	1181 	1182
f 1139 	1138 	1183
f 1138 	1182 	1183
f 1140 	1139 	1184
f 1139 	1183 	1184
f 1141 	1140 	1185
f 1140 	1184 	1185
f 1142 	1141 	1186
f 1141 	1185 	1186
f 1143 	1142 	1187
f 1142 	1186 	1187
f 1144 	1143 	1188
f 1143 	1187 	1188
f 1101 	1144 	1145
f 1144 	1188 	1145
f 1146 	1145 	1190
f 1145 	1189 	1190
f 1147 	1146 	1191
f 1146 	1190 	1191
f 1148 	1147 	1192
f 1147 	1191 	1192
f 1149 	1148 	1193
f 1148 	1192 	1193
f 1150 	1149 	1194
f 1149 	1193 	1194
f 1151 	1150 	1195
f 1150 	1194 	1195
f 1152 	1151 	1196
f 1151 	1195 	1196
f 1153 	1152 	1197
f 1152 	1196 	1197
f 1154 	1153 	1198
f 1153 	1197 	1198
f 1155 	1154 	1199
f 1154 	1198 	1199
f 1156 	1155 	1200
f 1155 	1199 	1200
f 1157 	1156 	1201
f 1156 	1200 	1201
f 1158 	1157 	1202
f 1157 	1201 	1202
f 1159 	1158 	1203
f 1158 	1202 	1203
f 1160 	1159 	1204
f 1159 	1203 	1204
f 1161 	1160 	1205
f 1160 	1204 	1205
f 1162 	1161 	1206
f 1161 	1205 	1206
f 1163 	1162 	1207
f 1162 	1206 	1207
f 1164 	1163 	1208
f 1163 	1207 	1208
f 1165 	1164 	1209
f 1164 	1208 	1209
f 1166 	1165 	1210
f 1165 	1209 	1210
f 1167 	1166 	1211
f 1166 	1210 	1211
f 1168 	1167 	1212
f 1167 	1211 	1212
f 1169 	1168 	1213
f 1168 	1212 	1213
f 1170 	1169 	1214
f 1169 	1213 	1214
f 1171 	1170 	1215
f 1170 	1214 	1215
f 1172 	1171 	1216
f 1171 	1215 	1216
f 1173 	1172 	1217
f 1172 	1216 	1217
f 1174 	1173 	1218
f 1173 	1217 	1218
f 1175 	1174 	1219
f 1174 	1218 	1219
f 1176 	1175 	1220
f 1175 	1219 	1220
f 1177 	1176 	1221
f 1176 	1220 	1221
f 1178 	1177 	1222
f 1177 	1221 	1222
f 1179 	1178 	1223
f 1178 	1222 	1223
f 1180 	1179 	1224
f 1179 	1223 	1224
f 1181 	1180 	1225
f 1180 	1224 	1225
f 1182 	1181 	1226
f 1181 	1225 	1226
f 1183 	1182 	1227
f 1182 	1226 	1227
f 1184 	1183 	1228
f 1183 	1227 	1228
f 1185 	1184 	1229
f 1184 	1228 	1229
f 1186 	1185 	1230
f 1185 	1229 	1230
f 1187 	1186 	1231
f 1186 	1230 	1231
f 1188 	1187 	1232
f 1187 	1231 	1232
f 1145 	1188 	1189
f 1188 	1232 	1189
f 1190 	1189 	1234
f 1189 	1233 	1234
f 1191 	1190 	1235
f 1190 	1234 	1235
f 1192 	1191 	1236
f 1191 	1235 	1236
f 1193 	1192 	1237
f 1192 	1236 	1237
f 1194 	1193 	1238
f 1193 	1237 	1238
f 1195 	1194 	1239
f 1194 	1238 	1239
f 1196 	1195 	1240
f 1195 	1239 	1240
f 1197 	1196 	1241
f 1196 	1240 	1241
f 1198 	1197 	1242
f 1197 	1241 	1242
f 1199 	1198 	1243
f 1198 	1242 	1243
f 1200 	1199 	1244
f 1199 	1243 	1244
f 1201 	1200 	1245
f 1200 	1244 	1245
f 1202 	1201 	1246
f 1201 	1245 	1246
f 1203 	1202 	1247
f 1202 	1246 	1247
f 1204 	1203 	1248
f 1203 	1247 	1248
f 1205 	1204 	1249
f 1204 	1248 	1249
f 1206 	1205 	1250
f 1205 	1249 	1250
f 1207 	1206 	1251
f 1206 	1250 	1251
f 1208 	1207 	1252
f 1207 	1251 	1252
f 1209 	1208 	1253
f 1208 	1252 	1253
f 1210 	1209 	1254
f 1209 	1253 	1254
f 1211 	1210 	1255
f 1210 	1254 	1255
f 1212 	1211 	1256
f 1211 	1255 	1256
f 1213 	1212 	1257
f 1212 	1256 	1257
f 1214 	1213 	1258
f 1213 	1257 	1258
f 1215 	1214 	1259
f 1214 	1258 	1259
f 1216 	1215 	1260
f 1215 	1259 	1260
f 1217 	1216 	1261
f 1216 	1260 	1261
f 1218 	1217 	1262
f 1217 	1261 	1262
f 1219 	1218 	1263
f 1218 	1262 	1263
f 1220 	1219 	1264
f 1219 	1263 	1264
f 1221 	1220 	1265
f 1220 	1264 	1265
f 1222 	1221 	1266
f 1221 	1265 	1266
f 1223 	1222 	1267
f 1222 	1266 	1267
f 1224 	1223 	1268
f 1223 	1267 	1268
f 1225 	1224 	1269
f 1224 	1268 	1269
f 1226 	1225 	1270
f 1225 	1269 	1270
f 1227 	1226 	1271
f 1226 	1270 	1271
f 1228 	1227 	1272
f 1227 	1271 	1272
f 1229 	1228 	1273
f 1228 	1272 	1273
f 1230 	1229 	1274
f 1229 	1273 	1274
f 1231 	1230 	1275
f 1230 	1274 	1275
f 1232 	1231 	1276
f 1231 	1275 	1276
f 1189 	1232 	1233
f 1232 	1276 	1233
f 1234 	1233 	1278
f 1233 	1277 	1278
f 1235 	1234 	1279
f 1234 	1278 	1279
f 1236 	1235 	1280
f 1235 	1279 	1280
f 1237 	1236 	1281
f 1236 	1280 	1281
f 1238 	1237 	1282
f 1237 	1281 	1282
f 1239 	1238 	1283
f 1238 	1282 	1283
f 1240 	1239 	1284
f 1239 	1283 	1284
f 1241 	1240 	1285
f 1240 	1284 	1285
f 1242 	1241 	1286
f 1241 	1285 	1286
f 1243 	1242 	1287
f 1242 	1286 	1287
f 1244 	1243 	1288
f 1243 	1287 	1288
f 1245 	1244 	1289
f 1244 	1288 	1289
f 1246 	1245 	1290
f 1245 	1289 	1290
f 1247 	1246 	1291
f 1246 	1290 	1291
f 1248 	1247 	1292
f 1247 	1291 	1292
f 1249 	1248 	1293
f 1248 	1292 	1293
f 1250 	1249 	1294
f 1249 	1293 	1294
f 1251 	1250 	1295
f 1250 	1294 	1295
f 1252 	1251 	1296
f 1251 	1295 	1296
f 1253 	1252 	1297
f 1252 	1296 	1297
f 1254 	1253 	1298
f 1253 	1297 	1298
f 1255 	1254 	1299
f 1254 	1298 	1299
f 1256 	1255 	1300
f 1255 	1299 	1300
f 1257 	1256 	1301
f 1256 	1300 	1301
f 1258 	1257 	1302
f 1257 	1301 	1302
f 1259 	1258 	1303
f 1258 	1302 	1303
f 1260 	1259 	1304
f 1259 	1303 	1304
f 1261 	1260 	1305
f 1260 	1304 	1305
f 1262 	1261 	1306
f 1261 	1305 	1306
f 1263 	1262 	1307
f 1262 	1306 	1307
f 1264 	1263 	1308
f 1263 	1307 	1308
f 1265 	1264 	1309
f 1264 	1308 	1309
f 1266 	1265 	1310
f 1265 	1309 	1310
f 1267 	1266 	1311
f 1266 	1310 	1311
f 1268 	1267 	1312
f 1267 	1311 	1312
f 1269 	1268 	1313
f 1268 	1312 	1313
f 1270 	1269 	1314
f 1269 	1313 	1314
f 1271 	1270 	1315
f 1270 	1314 	1315
f 1272 	1271 	1316
f 1271 	1315 	1316
f 1273 	1272 	1317
f 1272 	1316 	1317
f 1274 	1273 	1318
f 1273 	1317 	1318
f 1275 	1274 	1319
f 1274 	1318 	1319
f 1276 	1275 	1320
f 1275 	1319 	1320
f 1233 	1276 	1277
f 1276 	1320 	1277
f 1278 	1277 	1322
f 1277 	1321 	1322
f 1279 	1278 	1323
f 1278 	1322 	1323
f 1280 	1279 	1324
f 1279 	1323 	1324
f 1281 	1280 	1325
f 1280 	1324 	1325
f 1282 	1281 	1326
f 1281 	1325 	1326
f 1283 	1282 	1327
f 1282 	1326 	1327
f 1284 	1283 	1328
f 1283 	1327 	1328
f 1285 	1284 	1329
f 1284 	1328 	1329
f 1286 	1285 	1330
f 1285 	1329 	1330
f 1287 	1286 	1331
f 1286 	1330 	1331
f 1288 	1287 	1332
f 1287 	1331 	1332
f 1289 	1288 	1333
f 1288 	1332 	1333
f 1290 	1289 	1334
f 1289 	1333 	1334
f 1291 	1290 	1335
f 1290 	1334 	1335
f 1292 	1291 	1336
f 1291 	1335 	1336
f 1293 	1292 	1337
f 1292 	1336 	1337
f 1294 	1293 	1338
f 1293 	1337 	1338
f 1295 	1294 	1339
f 1294 	1338 	1339
f 1296 	1295 	1340
f 1295 	1339 	1340
f 1297 	1296 	1341
f 1296 	1340 	1341
f 1298 	1297 	1342
f 1297 	1341 	1342
f 1299 	1298 	1343
f 1298 	1342 	1343
f 1300 	1299 	1344
f 1299 	1343 	1344
f 1301 	1300 	1345
f 1300 	1344 	1345
f 1302 	1301 	1346
f 1301 	1345 	1346
f 1303 	1302 	1347
f 1302 	1346 	1347
f 1304 	1303 	1348
f 1303 	1347 	1348
f 1305 	1304 	1349
f 1304 	1348 	1349
f 1306 	1305 	1350
f 1305 	1349 	1350
f 1307 	1306 	1351
f 1306 	1350 	1351
f 1308 	1307 	1352
f 1307 	1351 	1352
f 1309 	1308 	1353
f 1308 	1352 	1353
f 1310 	1309 	1354
f 1309 	1353 	1354
f 1311 	1310 	1355
f 1310 	1354 	1355
f 1312 	1311 	1356
f 1311 	1355 	1356
f 1313 	1312 	1357
f 1312 	1356 	1357
f 1314 	1313 	1358
f 1313 	1357 	1358
f 1315 	1314 	1359
f 1314 	1358 	1359
f 1316 	1315 	1360
f 1315 	1359 	1360
f 1317 	1316 	1361
f 1316 	1360 	1361
f 1318 	1317 	1362
f 1317 	1361 	1362
f 1319 	1318 	1363
f 1318 	1362 	1363
f 1320 	1319 	1364
f 1319 	1363 	1364
f 1277 	1320 	1321
f 1320 	1364 	1321
f 1322 	1321 	1366
f 1321 	1365 	1366
f 1323 	1322 	1367
f 1322 	1366 	1367
f 1324 	1323 	1368
f 1323 	1367 	1368
f 1325 	1324 	1369
f 1324 	1368 	1369
f 1326 	1325 	1370
f 1325 	1369 	1370
f 1327 	1326 	1371
f 1326 	1370 	1371
f 1328 	1327 	1372
f 1327 	1371 	1372
f 1329 	1328 	1373
f 1328 	1372 	1373
f 1330 	1329 	1374
f 1329 	1373 	1374
f 1331 	1330 	1375
f 1330 	1374 	1375
f 1332 	1331 	1376
f 1331 	1375 	1376
f 1333 	1332 	1377
f 1332 	1376 	1377
f 1334 	1333 	1378
f 1333 	1377 	1378
f 1335 	1334 	1379
f 1334 	1378 	1379
f 1336 	1335 	1380
f 1335 	1379 	1380
f 1337 	1336 	1381
f 1336 	1380 	1381
f 1338 	1337 	1382
f 1337 	1381 	1382
f 1339 	1338 	1383
f 1338 	1382 	1383
f 1340 	1339 	1384
f 1339 	1383 	1384
f 1341 	1340 	1385
f 1340 	1384 	1385
f 1342 	1341 	1386
f 1341 	1385 	1386
f 1343 	1342 	1387
f 1342 	1386 	1387
f 1344 	1343 	1388
f 1343 	1387 	1388
f 1345 	1344 	1389
f 1344 	1388 	1389
f 1346 	1345 	1390
f 1345 	1389 	1390
f 1347 	1346 	1391
f 1346 	1390 	1391
f 1348 	1347 	1392
f 1347 	1391 	1392
f 1349 	1348 	1393
f 1348 	1392 	1393
f 1350 	1349 	1394
f 1349 	1393 	1394
f 1351 	1350 	1395
f 1350 	1394 	1395
f 1352 	1351 	1396
f 1351 	1395 	1396
f 1353 	1352 	1397
f 1352 	1396 	1397
f 1354 	1353 	1398
f 1353 	1397 	1398
f 1355 	1354 	1399
f 1354 	1398 	1399
f 1356 	1355 	1400
f 1355 	1399 	1400
f 1357 	1356 	1401
f 1356 	1400 	1401
f 1358 	1357 	1402
f 1357 	1401 	1402
f 1359 	1358 	1403
f 1358 	1402 	1403
f 1360 	1359 	1404
f 1359 	1403 	1404
f 1361 	1360 	1405
f 1360 	1404 	1405
f 1362 	1361 	1406
f 1361 	1405 	1406
f 1363 	1362 	1407
f 1362 	1406 	1407
f 1364 	1363 	1408
f 1363 	1407 	1408
f 1321 	1364 	1365
f 1364 	1408 	1365
f 1366 	1365 	1410
f 1365 	1409 	1410
f 1367 	1366 	1411
f 1366 	1410 	1411
f 1368 	1367 	1412
f 1367 	1411 	1412
f 1369 	1368 	1413
f 1368 	1412 	1413
f 1370 	1369 	1414
f 1369 	1413 	1414
f 1371 	1370 	1415
f 1370 	1414 	1415
f 1372 	1371 	1416
f 1371 	1415 	1416
f 1373 	1372 	1417
f 1372 	1416 	1417
f 1374 	1373 	1418
f 1373 	1417 	1418
f 1375 	1374 	1419
f 1374 	1418 	1419
f 1376 	1375 	1420
f 1375 	1419 	1420
f 1377 	1376 	1421
f 1376 	1420 	1421
f 1378 	1377 	1422
f 1377 	1421 	1422
f 1379 	1378 	1423
f 1378 	1422 	1423
f 1380 	1379 	1424
f 1379 	1423 	1424
f 1381 	1380 	1425
f 1380 	1424 	1425
f 1382 	1381 	1426
f 1381 	1425 	1426
f 1383 	1382 	1427
f 1382 	1426 	1427
f 1384 	1383 	1428
f 1383 	1427 	1428
f 1385 	1384 	1429
f 1384 	1428 	1429
f 1386 	1385 	1430
f 1385 	1429 	1430
f 1387 	1386 	1431
f 1386 	1430 	1431
f 1388 	1387 	1432
f 1387 	1431 	1432
f 1389 	1388 	1433
f 1388 	1432 	1433
f 1390 	1389 	1434
f 1389 	1433 	1434
f 1391 	1390 	1435
f 1390 	1434 	1435
f 1392 	1391 	1436
f 1391 	1435 	1436
f 1393 	1392 	1437
f 1392 	1436 	1437
f 1394 	1393 	1438
f 1393 	1437 	1438
f 1395 	1394 	1439
f 1394 	1438 	1439
f 1396 	1395 	1440
f 1395 	1439 	1440
f 1397 	1396 	1441
f 1396 	1440 	1441
f 1398 	1397 	1442
f 1397 	1441 	1442
f 1399 	1398 	1443
f 1398 	1442 	1443
f 1400 	1399 	1444
f 1399 	1443 	1444
f 1401 	1400 	1445
f 1400 	1444 	1445
f 1402 	1401 	1446
f 1401 	1445 	1446
f 1403 	1402 	1447
f 1402 	1446 	1447
f 1404 	1403 	1448
f 1403 	1447 	1448
f 1405 	1404 	1449
f 1404 	1448 	1449
f 1406 	1405 	1450
f 1405 	1449 	1450
f 1407 	1406 	1451
f 1406 	1450 	1451
f 1408 	1407 	1452
f 1407 	1451 	1452
f 1365 	1408 	1409
f 1408 	1452 	1409
f 1410 	1409 	1454
f 1409 	1453 	1454
f 1411 	1410 	1455
f 1410 	1454 	1455
f 1412 	1411 	1456
f 1411 	1455 	1456
f 1413 	1412 	1457
f 1412 	1456 	1457
f 1414 	1413 	1458
f 1413 	1457 	1458
f 1415 	1414 	1459
f 1414 	1458 	1459
f 1416 	1415 	1460
f 1415 	1459 	1460
f 1417 	1416 	1461
f 1416 	1460 	1461
f 1418 	1417 	1462
f 1417 	1461 	1462
f 1419 	1418 	1463
f 1418 	1462 	1463
f 1420 	1419 	1464
f 1419 	1463 	1464
f 1421 	1420 	1465
f 1420 	1464 	1465
f 1422 	1421 	1466
f 1421 	1465 	1466
f 1423 	1422 	1467
f 1422 	1466 	1467
f 1424 	1423 	1468
f 1423 	1467 	1468
f 1425 	1424 	1469
f 1424 	1468 	1469
f 1426 	1425 	1470
f 1425 	1469 	1470
f 1427 	1426 	1471
f 1426 	1470 	1471
f 1428 	1427 	1472
f 1427 	1471 	1472
f 1429 	1428 	1473
f 1428 	1472 	1473
f 1430 	1429 	1474
f 1429 	1473 	1474
f 1431 	1430 	1475
f 1430 	1474 	1475
f 1432 	1431 	1476
f 1431 	1475 	1476
f 1433 	1432 	1477
f 1432 	1476 	1477
f 1434 	1433 	1478
f 1433 	1477 	1478
f 1435 	1434 	1479
f 1434 	1478 	1479
f 1436 	1435 	1480
f 1435 	1479 	1480
f 1437 	1436 	1481
f 1436 	1480 	1481
f 1438 	1437 	1482
f 1437 	1481 	1482
f 1439 	1438 	1483
f 1438 	1482 	1483
f 1440 	1439 	1484
f 1439 	1483 	1484
f 1441 	1440 	1485
f 1440 	1484 	1485
f 1442 	1441 	1486
f 1441 	1485 	1486
f 1443 	1442 	1487
f 1442 	1486 	1487
f 1444 	1443 	1488
f 1443 	1487 	1488
f 1445 	1444 	1489
f 1444 	1488 	1489
f 1446 	1445 	1490
f 1445 	1489 	1490
f 1447 	1446 	1491
f 1446 	1490 	1491
f 1448 	1447 	1492
f 1447 	1491 	1492
f 1449 	1448 	1493
f 1448 	1492 	1493
f 1450 	1449 	1494
f 1449 	1493 	1494
f 1451 	1450 	1495
f 1450 	1494 	1495
f 1452 	1451 	1496
f 1451 	1495 	1496
f 1409 	1452 	1453
f 1452 	1496 	1453
f 1454 	1453 	1498
f 1453 	1497 	1498
f 1455 	1454 	1499
f 1454 	1498 	1499
f 1456 	1455 	1500
f 1455 	1499 	1500
f 1457 	1456 	1501
f 1456 	1500 	1501
f 1458 	1457 	1502
f 1457 	1501 	1502
f 1459 	1458 	1503
f 1458 	1502 	1503
f 1460 	1459 	1504
f 1459 	1503 	1504
f 1461 	1460 	1505
f 1460 	1504 	1505
f 1462 	1461 	1506
f 1461 	1505 	1506
f 1463 	1462 	1507
f 1462 	1506 	1507
f 1464 	1463 	1508
f 1463 	1507 	1508
f 1465 	1464 	1509
f 1464 	1508 	1509
f 1466 	1465 	1510
f 1465 	1509 	1510
f 1467 	1466 	1511
f 1466 	1510 	1511
f 1468 	1467 	1512
f 1467 	1511 	1512
f 1469 	1468 	1513
f 1468 	1512 	1513
f 1470 	1469 	1514
f 1469 	1513 	1514
f 1471 	1470 	1515
f 1470 	1514 	1515
f 1472 	1471 	1516
f 1471 	1515 	1516
f 1473 	1472 	1517
f 1472 	1516 	1517
f 1474 	1473 	1518
f 1473 	1517 	1518
f 1475 	1474 	1519
f 1474 	1518 	1519
f 1476 	1475 	1520
f 1475 	1519 	1520
f 1477 	1476 	1521
f 1476 	1520 	1521
f 1478 	1477 	1522
f 1477 	1521 	1522
f 1479 	1478 	1523
f 1478 	1522 	1523
f 1480 	1479 	1524
f 1479 	1523 	1524
f 1481 	1480 	1525
f 1480 	1524 	1525
f 1482 	1481 	1526
f 1481 	1525 	1526
f 1483 	1482 	1527
f 1482 	1526 	1527
f 1484 	1483 	1528
f 1483 	1527 	1528
f 1485 	1484 	1529
f 1484 	1528 	1529
f 1486 	1485 	1530
f 1485 	1529 	1530
f 1487 	1486 	1531
f 1486 	1530 	1531
f 1488 	1487 	1532
f 1487 	1531 	1532
f 1489 	1488 	1533
f 1488 	1532 	1533
f 1490 	1489 	1534
f 1489 	1533 	1534
f 1491 	1490 	1535
f 1490 	1534 	1535
f 1492 	1491 	1536
f 1491 	1535 	1536
f 1493 	1492 	1537
f 1492 	1536 	1537
f 1494 	1493 	1538
f 1493 	1537 	1538
f 1495 	1494 	1539
f 1494 	1538 	1539
f 1496 	1495 	1540
f 1495 	1539 	1540
f 1453 	1496 	1497
f 1496 	1540 	1497
f 1498 	1497 	1542
f 1497 	1541 	1542
f 1499 	1498 	1543
f 1498 	1542 	1543
f 1500 	1499 	1544
f 1499 	1543 	1544
f 1501 	1500 	1545
f 1500 	1544 	1545
f 1502 	1501 	1546
f 1501 	1545 	1546
f 1503 	1502 	1547
f 1502 	1546 	1547
f 1504 	1503 	1548
f 1503 	1547 	1548
f 1505 	1504 	1549
f 1504 	1548 	1549
f 1506 	1505 	1550
f 1505 	1549 	1550
f 1507 	1506 	1551
f 1506 	1550 	1551
f 1508 	1507 	1552
f 1507 	1551 	1552
f 1509 	1508 	1553
f 1508 	1552 	1553
f 1510 	1509 	1554
f 1509 	1553 	1554
f 1511 	1510 	1555
f 1510 	1554 	1555
f 1512 	1511 	1556
f 1511 	1555 	1556
f 1513 	1512 	1557
f 1512 	1556 	1557
f 1514 	1513 	1558
f 1513 	1557 	1558
f 1515 	1514 	1559
f 1514 	1558 	1559
f 1516 	1515 	1560
f 1515 	1559 	1560
f 1517 	1516 	1561
f 1516 	1560 	1561
f 1518 	1517 	1562
f 1517 	1561 	1562
f 1519 	1518 	1563
f 1518 	1562 	1563
f 1520 	1519 	1564
f 1519 	1563 	1564
f 1521 	1520 	1565
f 1520 	1564 	1565
f 1522 	1521 	1566
f 1521 	1565 	1566
f 1523 	1522 	1567
f 1522 	1566 	1567
f 1524 	1523 	1568
f 1523 	1567 	1568
f 1525 	1524 	1569
f 1524 	1568 	1569
f 1526 	1525 	1570
f 1525 	1569 	1570
f 1527 	1526 	1571
f 1526 	1570 	1571
f 1528 	1527 	1572
f 1527 	1571 	1572
f 1529 	1528 	1573
f 1528 	1572 	1573
f 1530 	1529 	1574
f 1529 	1573 	1574
f 1531 	1530 	1575
f 1530 	1574 	1575
f 1532 	1531 	1576
f 1531 	1575 	1576
f 1533 	1532 	1577
f 1532 	1576 	1577
f 1534 	1533 	1578
f 1533 	1577 	1578
f 1535 	1534 	1579
f 1534 	1578 	1579
f 1536 	1535 	1580
f 1535 	1579 	1580
f 1537 	1536 	1581
f 1536 	1580 	1581
f 1538 	1537 	1582
f 1537 	1581 	1582
f 1539 	1538 	1583
f 1538 	1582 	1583
f 1540 	1539 	1584
f 1539 	1583 	1584
f 1497 	1540 	1541
f 1540 	1584 	1541
f 1542 	1541 	1586
f 1541 	1585 	1586
f 1543 	1542 	1587
f 1542 	1586 	1587
f 1544 	1543 	1588
f 1543 	1587 	1588
f 1545 	1544 	1589
f 1544 	1588 	1589
f 1546 	1545 	1590
f 1545 	1589 	1590
f 1547 	1546 	1591
f 1546 	1590 	1591
f 1548 	1547 	1592
f 1547 	1591 	1592
f 1549 	1548 	1593
f 1548 	1592 	1593
f 1550 	1549 	1594
f 1549 	1593 	1594
f 1551 	1550 	1595
f 1550 	1594 	1595
f 1552 	1551 	1596
f 1551 	1595 	1596
f 1553 	1552 	1597
f 1552 	1596 	1597
f 1554 	1553 	1598
f 1553 	1597 	1598
f 1555 	1554 	1599
f 1554 	1598 	1599
f 1556 	1555 	1600
f 1555 	1599 	1600
f 1557 	1556 	1601
f 1556 	1600 	1601
f 1558 	1557 	1602
f 1557 	1601 	1602
f 1559 	1558 	1603
f 1558 	1602 	1603
f 1560 	1559 	1604
f 1559 	1603 	1604
f 1561 	1560 	1605
f 1560 	1604 	1605
f 1562 	1561 	1606
f 1561 	1605 	1606
f 1563 	1562 	1607
f 1562 	1606 	1607
f 1564 	1563 	1608
f 1563 	1607 	1608
f 1565 	1564 	1609
f 1564 	1608 	1609
f 1566 	1565 	1610
f 1565 	1609 	1610
f 1567 	1566 	1611
f 1566 	1610 	1611
f 1568 	1567 	1612
f 1567 	1611 	1612
f 1569 	1568 	1613
f 1568 	1612 	1613
f 1570 	1569 	1614
f 1569 	1613 	1614
f 1571 	1570 	1615
f 1570 	1614 	1615
f 1572 	1571 	1616
f 1571 	1615 	1616
f 1573 	1572 	1617
f 1572 	1616 	1617
f 1574 	1573 	1618
f 1573 	1617 	1618
f 1575 	1574 	1619
f 1574 	1618 	1619
f 1576 	1575 	1620
f 1575 	1619 	1620
f 1577 	1576 	1621
f 1576 	1620 	1621
f 1578 	1577 	1622
f 1577 	1621 	1622
f 1579 	1578 	1623
f 1578 	1622 	1623
f 1580 	1579 	1624
f 1579 	1623 	1624
f 1581 	1580 	1625
f 1580 	1624 	1625
f 1582 	1581 	1626
f 1581 	1625 	1626
f 1583 	1582 	1627
f 1582 	1626 	1627
f 1584 	1583 	1628
f 1583 	1627 	1628
f 1541 	1584 	1585
f 1584 	1628 	1585
f 1586 	1585 	1630
f 1585 	1629 	1630
f 1587 	1586 	1631
f 1586 	1630 	1631
f 1588 	1587 	1632
f 1587 	1631 	1632
f 1589 	1588 	1633
f 1588 	1632 	1633
f 1590 	1589 	1634
f 1589 	1633 	1634
f 1591 	1590 	1635
f 1590 	1634 	1635
f 1592 	1591 	1636
f 1591 	1635 	1636
f 1593 	1592 	1637
f 1592 	1636 	1637
f 1594 	1593 	1638
f 1593 	1637 	1638
f 1595 	1594 	1639
f 1594 	1638 	1639
f 1596 	1595 	1640
f 1595 	1639 	1640
f 1597 	1596 	1641
f 1596 	1640 	1641
f 1598 	1597 	1642
f 1597 	1641 	1642
f 1599 	1598 	1643
f 1598 	1642 	1643
f 1600 	1599 	1644
f 1599 	1643 	1644
f 1601 	1600 	1645
f 1600 	1644 	1645
f 1602 	1601 	1646
f 1601 	1645 	1646
f 1603 	1602 	1647
f 1602 	1646 	1647
f 1604 	1603 	1648
f 1603 	1647 	1648
f 1605 	1604 	1649
f 1604 	1648 	1649
f 1606 	1605 	1650
f 1605 	1649 	1650
f 1607 	1606 	1651
f 1606 	1650 	1651
f 1608 	1607 	1652
f 1607 	1651 	1652
f 1609 	1608 	1653
f 1608 	1652 	1653
f 1610 	1609 	1654
f 1609 	1653 	1654
f 1611 	1610 	1655
f 1610 	1654 	1655
f 1612 	1611 	1656
f 1611 	1655 	1656
f 1613 	1612 	1657
f 1612 	1656 	1657
f 1614 	1613 	1658
f 1613 	1657 	1658
f 1615 	1614 	1659
f 1614 	1658 	1659
f 1616 	1615 	1660
f 1615 	1659 	1660
f 1617 	1616 	1661
f 1616 	1660 	1661
f 1618 	1617 	1662
f 1617 	1661 	1662
f 1619 	1618 	1663
f 1618 	1662 	1663
f 1620 	1619 	1664
f 1619 	1663 	1664
f 1621 	1620 	1665
f 1620 	1664 	1665
f 1622 	1621 	1666
f 1621 	1665 	1666
f 1623 	1622 	1667
f 1622 	1666 	1667
f 1624 	1623 	1668
f 1623 	1667 	1668
f 1625 	1624 	1669
f 1624 	1668 	1669
f 1626 	1625 	1670
f 1625 	1669 	1670
f 1627 	1626 	1671
f 1626 	1670 	1671
f 1628 	1627 	1672
f 1627 	1671 	1672
f 1585 	1628 	1629
f 1628 	1672 	1629
f 1630 	1629 	1674
f 1629 	1673 	1674
f 1631 	1630 	1675
f 1630 	1674 	1675
f 1632 	1631 	1676
f 1631 	1675 	1676
f 1633 	1632 	1677
f 1632 	1676 	1677
f 1634 	1633 	1678
f 1633 	1677 	1678
f 1635 	1634 	1679
f 1634 	1678 	1679
f 1636 	1635 	1680
f 1635 	1679 	1680
f 1637 	1636 	1681
f 1636 	1680 	1681
f 1638 	1637 	1682
f 1637 	1681 	1682
f 1639 	1638 	1683
f 1638 	1682 	1683
f 1640 	1639 	1684
f 1639 	1683 	1684
f 1641 	1640 	1685
f 1640 	1684 	1685
f 1642 	1641 	1686
f 1641 	1685 	1686
f 1643 	1642 	1687
f 1642 	1686 	1687
f 1644 	1643 	1688
f 1643 	1687 	1688
f 1645 	1644 	1689
f 1644 	1688 	1689
f 1646 	1645 	1690
f 1645 	1689 	1690
f 1647 	1646 	1691
f 1646 	1690 	1691
f 1648 	1647 	1692
f 1647 	1691 	1692
f 1649 	1648 	1693
f 1648 	1692 	1693
f 1650 	1649 	1694
f 1649 	1693 	1694
f 1651 	1650 	1695
f 1650 	1694 	1695
f 1652 	1651 	1696
f 1651 	1695 	1696
f 1653 	1652 	1697
f 1652 	1696 	1697
f 1654 	1653 	1698
f 1653 	1697 	1698
f 1655 	1654 	1699
f 1654 	1698 	1699
f 1656 	1655 	1700
f 1655 	1699 	1700
f 1657 	1656 	1701
f 1656 	1700 	1701
f 1658 	1657 	1702
f 1657 	1701 	1702
f 1659 	1658 	1703
f 1658 	1702 	1703
f 1660 	1659 	1704
f 1659 	1703 	1704
f 1661 	1660 	1705
f 1660 	1704 	1705
f 1662 	1661 	1706
f 1661 	1705 	1706
f 1663 	1662 	1707
f 1662 	1706 	1707
f 1664 	1663 	1708
f 1663 	1707 	1708
f 1665 	1664 	1709
f 1664 	1708 	1709
f 1666 	1665 	1710
f 1665 	1709 	1710
f 1667 	1666 	1711
f 1666 	1710 	1711
f 1668 	1667 	1712
f 1667 	1711 	1712
f 1669 	1668 	1713
f 1668 	1712 	1713
f 1670 	1669 	1714
f 1669 	1713 	1714
f 1671 	1670 	1715
f 1670 	1714 	1715
f 1672 	1671 	1716
f 1671 	1715 	1716
f 1629 	1672 	1673
f 1672 	1716 	1673
f 1674 	1673 	1718
f 1673 	1717 	1718
f 1675 	1674 	1719
f 1674 	1718 	1719
f 1676 	1675 	1720
f 1675 	1719 	1720
f 1677 	1676 	1721
f 1676 	1720 	1721
f 1678 	1677 	1722
f 1677 	1721 	1722
f 1679 	1678 	1723
f 1678 	1722 	1723
f 1680 	1679 	1724
f 1679 	1723 	1724
f 1681 	1680 	1725
f 1680 	1724 	1725
f 1682 	1681 	1726
f 1681 	1725 	1726
f 1683 	1682 	1727
f 1682 	1726 	1727
f 1684 	1683 	1728
f 1683 	1727 	1728
f 1685 	1684 	1729
f 1684 	1728 	1729
f 1686 	1685 	1730
f 1685 	1729 	1730
f 1687 	1686 	1731
f 1686 	1730 	1731
f 1688 	1687 	1732
f 1687 	1731 	1732
f 1689 	1688 	1733
f 1688 	1732 	1733
f 1690 	1689 	1734
f 1689 	1733 	1734
f 1691 	1690 	1735
f 1690 	1734 	1735
f 1692 	1691 	1736
f 1691 	1735 	1736
f 1693 	1692 	1737
f 1692 	1736 	1737
f 1694 	1693 	1738
f 1693 	1737 	1738
f 1695 	1694 	1739
f 1694 	1738 	1739
f 1696 	1695 	1740
f 1695 	1739 	1740
f 1697 	1696 	1741
f 1696 	1740 	1741
f 1698 	1697 	1742
f 1697 	1741 	1742
f 1699 	1698 	1743
f 1698 	1742 	1743
f 1700 	1699 	1744
f 1699 	1743 	1744
f 1701 	1700 	1745
f 1700 	1744 	1745
f 1702 	1701 	1746
f 1701 	1745 	1746
f 1703 	1702 	1747
f 1702 	1746 	1747
f 1704 	1703 	1748
f 1703 	1747 	1748
f 1705 	1704 	1749
f 1704 	1748 	1749
f 1706 	1705 	1750
f 1705 	1749 	1750
f 1707 	1706 	1751
f 1706 	1750 	1751
f 1708 	1707 	1752
f 1707 	1751 	1752
f 1709 	1708 	1753
f 1708 	1752 	1753
f 1710 	1709 	1754
f 1709 	1753 	1754
f 1711 	1710 	1755
f 1710 	1754 	1755
f 1712 	1711 	1756
f 1711 	1755 	1756
f 1713 	1712 	1757
f 1712 	1756 	1757
f 1714 	1713 	1758
f 1713 	1757 	1758
f 1715 	1714 	1759
f 1714 	1758 	1759
f 1716 	1715 	1760
f 1715 	1759 	1760
f 1673 	1716 	1717
f 1716 	1760 	1717
f 1718 	1717 	1762
f 1717 	1761 	1762
f 1719 	1718 	1763
f 1718 	1762 	1763
f 1720 	1719 	1764
f 1719 	1763 	1764
f 1721 	1720 	1765
f 1720 	1764 	1765
f 1722 	1721 	1766
f 1721 	1765 	1766
f 1723 	1722 	1767
f 1722 	1766 	1767
f 1724 	1723 	1768
f 1723 	1767 	1768
f 1725 	1724 	1769
f 1724 	1768 	1769
f 1726 	1725 	1770
f 1725 	1769 	1770
f 1727 	1726 	1771
f 1726 	1770 	1771
f 1728 	1727 	1772
f 1727 	1771 	1772
f 1729 	1728 	1773
f 1728 	1772 	1773
f 1730 	1729 	1774
f 1729 	1773 	1774
f 1731 	1730 	1775
f 1730 	1774 	1775
f 1732 	1731 	1776
f 1731 	1775 	1776
f 1733 	1732 	1777
f 1732 	1776 	1777
f 1734 	1733 	1778
f 1733 	1777 	1778
f 1735 	1734 	1779
f 1734 	1778 	1779
f 1736 	1735 	1780
f 1735 	1779 	1780
f 1737 	1736 	1781
f 1736 	1780 	1781
f 1738 	1737 	1782
f 1737 	1781 	1782
f 1739 	1738 	1783
f 1738 	1782 	1783
f 1740 	1739 	1784
f 1739 	1783 	1784
f 1741 	1740 	1785
f 1740 	1784 	1785
f 1742 	1741 	1786
f 1741 	1785 	1786
f 1743 	1742 	1787
f 1742 	1786 	1787
f 1744 	1743 	1788
f 1743 	1787 	1788
f 1745 	1744 	1789
f 1744 	1788 	1789
f 1746 	1745 	1790
f 1745 	1789 	1790
f 1747 	1746 	1791
f 1746 	1790 	1791
f 1748 	1747 	1792
f 1747 	1791 	1792
f 1749 	1748 	1793
f 1748 	1792 	1793
f 1750 	1749 	1794
f 1749 	1793 	1794
f 1751 	1750 	1795
f 1750 	1794 	1795
f 1752 	1751 	1796
f 1751 	1795 	1796
f 1753 	1752 	1797
f 1752 	1796 	1797
f 1754 	1753 	1798
f 1753 	1797 	1798
f 1755 	1754 	1799
f 1754 	1798 	1799
f 1756 	1755 	1800
f 1755 	1799 	1800
f 1757 	1756 	1801
f 1756 	1800 	1801
f 1758 	1757 	1802
f 1757 	1801 	1802
f 1759 	1758 	1803
f 1758 	1802 	1803
f 1760 	1759 	1804
f 1759 	1803 	1804
f 1717 	1760 	1761
f 1760 	1804 	1761
f 1762 	1761 	1805
f 1763 	1762 	1805
f 1764 	1763 	1805
f 1765 	1764 	1805
f 1766 	1765 	1805
f 1767 	1766 	1805
f 1768 	1767 	1805
f 1769 	1768 	1805
f 1770 	1769 	1805
f 1771 	1770 	1805
f 1772 	1771 	1806
f 1771 	1805 	1806
f 1773 	1772 	1806
f 1774 	1773 	1806
f 1775 	1774 	1806
f 1776 	1775 	1806
f 1777 	1776 	1806
f 1778 	1777 	1806
f 1779 	1778 	1806
f 1780 	1779 	1806
f 1781 	1780 	1806
f 1782 	1781 	1806
f 1783 	1782 	1807
f 1782 	1806 	1807
f 1784 	1783 	1807
f 1785 	1784 	1807
f 1786 	1785 	1807
f 1787 	1786 	1807
f 1788 	1787 	1807
f 1789 	1788 	1807
f 1790 	1789 	1807
f 1791 	1790 	1807
f 1792 	1791 	1807
f 1793 	1792 	1807
f 1794 	1793 	1808
f 1793 	1807 	1808
f 1795 	1794 	1808
f 1796 	1795 	1808
f 1797 	1796 	1808
f 1798 	1797 	1808
f 1799 	1798 	1808
f 1800 	1799 	1808
f 1801 	1800 	1808
f 1802 	1801 	1808
f 1803 	1802 	1808
f 1804 	1803 	1808
f 1761 	1804 	1805
f 1804 	1808 	1805
f 921 	922 	924
f 922 	923 	924
f 1805 	1808 	1806
f 1806 	1808 	1807
# 1772 faces

 #end of obj_2

o obj_3
v -17.831 		-28.5641 		19
v 16.9169 		-28.5641 		19
v 16.9169 		21.052 		19
v -17.831 		21.052 		19
v -19.5782 		-28.5641 		18.9976
v -19.5567 		-28.9543 		18.9976
v -19.4927 		-29.335 		18.9976
v -19.3878 		-29.6967 		18.9976
v -19.2446 		-30.0305 		18.9976
v -19.0665 		-30.3282 		18.9976
v -18.858 		-30.5824 		18.9976
v -18.6242 		-30.787 		18.9976
v -18.3709 		-30.9368 		18.9976
v -18.1044 		-31.0282 		18.9976
v -17.831 		-31.0589 		18.9976
v 16.9169 		-31.0589 		18.9976
v 17.1903 		-31.0282 		18.9976
v 17.4569 		-30.9368 		18.9976
v 17.7102 		-30.787 		18.9976
v 17.9439 		-30.5824 		18.9976
v 18.1524 		-30.3282 		18.9976
v 18.3305 		-30.0305 		18.9976
v 18.4737 		-29.6967 		18.9976
v 18.5786 		-29.335 		18.9976
v 18.6426 		-28.9543 		18.9976
v 18.6642 		-28.5641 		18.9976
v 18.6642 		21.052 		18.9976
v 18.6426 		21.4423 		18.9976
v 18.5786 		21.8229 		18.9976
v 18.4737 		22.1846 		18.9976
v 18.3305 		22.5184 		18.9976
v 18.1524 		22.8161 		18.9976
v 17.9439 		23.0704 		18.9976
v 17.7102 		23.2749 		18.9976
v 17.4569 		23.4247 		18.9976
v 17.1903 		23.5161 		18.9976
v 16.9169 		23.5468 		18.9976
v -17.831 		23.5468 		18.9976
v -18.1044 		23.5161 		18.9976
v -18.3709 		23.4247 		18.9976
v -18.6242 		23.2749 		18.9976
v -18.858 		23.0704 		18.9976
v -19.0665 		22.8161 		18.9976
v -19.2446 		22.5184 		18.9976
v -19.3878 		22.1846 		18.9976
v -19.4927 		21.8229 		18.9976
v -19.5567 		21.4423 		18.9976
v -19.5782 		21.052 		18.9976
v -21.2824 		-28.5641 		18.9904
v -21.2399 		-29.335 		18.9904
v -21.1135 		-30.087 		18.9904
v -20.9062 		-30.8014 		18.9904
v -20.6233 		-31.4608 		18.9904
v -20.2715 		-32.0488 		18.9904
v -19.8597 		-32.5511 		18.9904
v -19.3979 		-32.9551 		18.9904
v -18.8976 		-33.2511 		18.9904
v -18.3709 		-33.4316 		18.9904
v -17.831 		-33.4923 		18.9904
v 16.9169 		-33.4923 		18.9904
v 17.4569 		-33.4316 		18.9904
v 17.9835 		-33.2511 		18.9904
v 18.4838 		-32.9551 		18.9904
v 18.9456 		-32.5511 		18.9904
v 19.3574 		-32.0488 		18.9904
v 19.7092 		-31.4608 		18.9904
v 19.9922 		-30.8014 		18.9904
v 20.1994 		-30.087 		18.9904
v 20.3258 		-29.335 		18.9904
v 20.3683 		-28.5641 		18.9904
v 20.3683 		21.052 		18.9904
v 20.3258 		21.8229 		18.9904
v 20.1994 		22.5749 		18.9904
v 19.9922 		23.2894 		18.9904
v 19.7092 		23.9487 		18.9904
v 19.3574 		24.5368 		18.9904
v 18.9456 		25.039 		18.9904
v 18.4838 		25.4431 		18.9904
v 17.9835 		25.739 		18.9904
v 17.4569 		25.9195 		18.9904
v 16.9169 		25.9802 		18.9904
v -17.831 		25.9802 		18.9904
v -18.3709 		25.9195 		18.9904
v -18.8976 		25.739 		18.9904
v -19.3979 		25.4431 		18.9904
v -19.8597 		25.039 		18.9904
v -20.2715 		24.5368 		18.9904
v -20.6233 		23.9487 		18.9904
v -20.9062 		23.2894 		18.9904
v -21.1135 		22.5749 		18.9904
v -21.2399 		21.8229 		18.9904
v -21.2824 		21.052 		18.9904
v -22.9016 		-28.5641 		18.9787
v -22.8392 		-29.6967 		18.9787
v -22.6535 		-30.8014 		18.9787
v -22.349 		-31.8511 		18.9787
v -21.9332 		-32.8198 		18.9787
v -21.4165 		-33.6837 		18.9787
v -20.8115 		-34.4215 		18.9787
v -20.133 		-35.0152 		18.9787
v -19.3979 		-35.4499 		18.9787
v -18.6242 		-35.7152 		18.9787
v -17.831 		-35.8043 		18.9787
v 16.9169 		-35.8043 		18.9787
v 17.7102 		-35.7152 		18.9787
v 18.4838 		-35.4499 		18.9787
v 19.2189 		-35.0152 		18.9787
v 19.8974 		-34.4215 		18.9787
v 20.5024 		-33.6837 		18.9787
v 21.0191 		-32.8198 		18.9787
v 21.4349 		-31.8511 		18.9787
v 21.7394 		-30.8014 		18.9787
v 21.9251 		-29.6967 		18.9787
v 21.9875 		-28.5641 		18.9787
v 21.9875 		21.052 		18.9787
v 21.9251 		22.1846 		18.9787
v 21.7394 		23.2894 		18.9787
v 21.4349 		24.339 		18.9787
v 21.0191 		25.3077 		18.9787
v 20.5024 		26.1716 		18.9787
v 19.8974 		26.9095 		18.9787
v 19.2189 		27.5031 		18.9787
v 18.4838 		27.9379 		18.9787
v 17.7102 		28.2031 		18.9787
v 16.9169 		28.2922 		18.9787
v -17.831 		28.2922 		18.9787
v -18.6242 		28.2031 		18.9787
v -19.3979 		27.9379 		18.9787
v -20.133 		27.5031 		18.9787
v -20.8115 		26.9095 		18.9787
v -21.4165 		26.1716 		18.9787
v -21.9332 		25.3077 		18.9787
v -22.349 		24.339 		18.9787
v -22.6535 		23.2894 		18.9787
v -22.8392 		22.1846 		18.9787
v -22.9016 		21.052 		18.9787
v -24.396 		-28.5641 		18.9626
v -24.3152 		-30.0305 		18.9626
v -24.0747 		-31.4608 		18.9626
v -23.6804 		-32.8198 		18.9626
v -23.1422 		-34.074 		18.9626
v -22.4732 		-35.1925 		18.9626
v -21.6898 		-36.1478 		18.9626
v -20.8115 		-36.9164 		18.9626
v -19.8597 		-37.4793 		18.9626
v -18.858 		-37.8227 		18.9626
v -17.831 		-37.9381 		18.9626
v 16.9169 		-37.9381 		18.9626
v 17.9439 		-37.8227 		18.9626
v 18.9456 		-37.4793 		18.9626
v 19.8974 		-36.9164 		18.9626
v 20.7757 		-36.1478 		18.9626
v 21.5591 		-35.1925 		18.9626
v 22.2281 		-34.074 		18.9626
v 22.7664 		-32.8198 		18.9626
v 23.1606 		-31.4608 		18.9626
v 23.4011 		-30.0305 		18.9626
v 23.4819 		-28.5641 		18.9626
v 23.4819 		21.052 		18.9626
v 23.4011 		22.5184 		18.9626
v 23.1606 		23.9487 		18.9626
v 22.7664 		25.3077 		18.9626
v 22.2281 		26.5619 		18.9626
v 21.5591 		27.6804 		18.9626
v 20.7757 		28.6357 		18.9626
v 19.8974 		29.4043 		18.9626
v 18.9456 		29.9672 		18.9626
v 17.9439 		30.3106 		18.9626
v 16.9169 		30.426 		18.9626
v -17.831 		30.426 		18.9626
v -18.858 		30.3106 		18.9626
v -19.8597 		29.9672 		18.9626
v -20.8115 		29.4043 		18.9626
v -21.6898 		28.6357 		18.9626
v -22.4732 		27.6804 		18.9626
v -23.1422 		26.5619 		18.9626
v -23.6804 		25.3077 		18.9626
v -24.0747 		23.9487 		18.9626
v -24.3152 		22.5184 		18.9626
v -24.396 		21.052 		18.9626
v -25.7287 		-28.5641 		18.9427
v -25.6315 		-30.3282 		18.9427
v -25.3421 		-32.0488 		18.9427
v -24.8679 		-33.6837 		18.9427
v -24.2204 		-35.1925 		18.9427
v -23.4155 		-36.5381 		18.9427
v -22.4732 		-37.6873 		18.9427
v -21.4165 		-38.6119 		18.9427
v -20.2715 		-39.2891 		18.9427
v -19.0665 		-39.7022 		18.9427
v -17.831 		-39.841 		18.9427
v 16.9169 		-39.841 		18.9427
v 18.1524 		-39.7022 		18.9427
v 19.3574 		-39.2891 		18.9427
v 20.5024 		-38.6119 		18.9427
v 21.5591 		-37.6873 		18.9427
v 22.5014 		-36.5381 		18.9427
v 23.3063 		-35.1925 		18.9427
v 23.9538 		-33.6837 		18.9427
v 24.4281 		-32.0488 		18.9427
v 24.7174 		-30.3282 		18.9427
v 24.8146 		-28.5641 		18.9427
v 24.8146 		21.052 		18.9427
v 24.7174 		22.8161 		18.9427
v 24.4281 		24.5368 		18.9427
v 23.9538 		26.1716 		18.9427
v 23.3063 		27.6804 		18.9427
v 22.5014 		29.026 		18.9427
v 21.5591 		30.1752 		18.9427
v 20.5024 		31.0998 		18.9427
v 19.3574 		31.777 		18.9427
v 18.1524 		32.1901 		18.9427
v 16.9169 		32.3289 		18.9427
v -17.831 		32.3289 		18.9427
v -19.0665 		32.1901 		18.9427
v -20.2715 		31.777 		18.9427
v -21.4165 		31.0998 		18.9427
v -22.4732 		30.1752 		18.9427
v -23.4155 		29.026 		18.9427
v -24.2204 		27.6804 		18.9427
v -24.8679 		26.1716 		18.9427
v -25.3421 		24.5368 		18.9427
v -25.6315 		22.8161 		18.9427
v -25.7287 		21.052 		18.9427
v -26.8669 		-28.5641 		18.9193
v -26.7557 		-30.5824 		18.9193
v -26.4247 		-32.5511 		18.9193
v -25.8821 		-34.4215 		18.9193
v -25.1412 		-36.1478 		18.9193
v -24.2204 		-37.6873 		18.9193
v -23.1422 		-39.0022 		18.9193
v -21.9332 		-40.06 		18.9193
v -20.6233 		-40.8348 		18.9193
v -19.2446 		-41.3074 		18.9193
v -17.831 		-41.4663 		18.9193
v 16.9169 		-41.4663 		18.9193
v 18.3305 		-41.3074 		18.9193
v 19.7092 		-40.8348 		18.9193
v 21.0191 		-40.06 		18.9193
v 22.2281 		-39.0022 		18.9193
v 23.3063 		-37.6873 		18.9193
v 24.2271 		-36.1478 		18.9193
v 24.968 		-34.4215 		18.9193
v 25.5106 		-32.5511 		18.9193
v 25.8416 		-30.5824 		18.9193
v 25.9528 		-28.5641 		18.9193
v 25.9528 		21.052 		18.9193
v 25.8416 		23.0704 		18.9193
v 25.5106 		25.039 		18.9193
v 24.968 		26.9095 		18.9193
v 24.2271 		28.6357 		18.9193
v 23.3063 		30.1752 		18.9193
v 22.2281 		31.4901 		18.9193
v 21.0191 		32.5479 		18.9193
v 19.7092 		33.3227 		18.9193
v 18.3305 		33.7954 		18.9193
v 16.9169 		33.9542 		18.9193
v -17.831 		33.9542 		18.9193
v -19.2446 		33.7954 		18.9193
v -20.6233 		33.3227 		18.9193
v -21.9332 		32.5479 		18.9193
v -23.1422 		31.4901 		18.9193
v -24.2204 		30.1752 		18.9193
v -25.1412 		28.6357 		18.9193
v -25.8821 		26.9095 		18.9193
v -26.4247 		25.039 		18.9193
v -26.7557 		23.0704 		18.9193
v -26.8669 		21.052 		18.9193
v -27.7827 		-28.5641 		18.8932
v -27.6601 		-30.787 		18.8932
v -27.2956 		-32.9551 		18.8932
v -26.698 		-35.0152 		18.8932
v -25.8821 		-36.9164 		18.8932
v -24.8679 		-38.6119 		18.8932
v -23.6804 		-40.06 		18.8932
v -22.349 		-41.2251 		18.8932
v -20.9062 		-42.0784 		18.8932
v -19.3878 		-42.5989 		18.8932
v -17.831 		-42.7738 		18.8932
v 16.9169 		-42.7738 		18.8932
v 18.4737 		-42.5989 		18.8932
v 19.9922 		-42.0784 		18.8932
v 21.4349 		-41.2251 		18.8932
v 22.7664 		-40.06 		18.8932
v 23.9538 		-38.6119 		18.8932
v 24.968 		-36.9164 		18.8932
v 25.7839 		-35.0152 		18.8932
v 26.3815 		-32.9551 		18.8932
v 26.746 		-30.787 		18.8932
v 26.8686 		-28.5641 		18.8932
v 26.8686 		21.052 		18.8932
v 26.746 		23.2749 		18.8932
v 26.3815 		25.4431 		18.8932
v 25.7839 		27.5031 		18.8932
v 24.968 		29.4043 		18.8932
v 23.9538 		31.0998 		18.8932
v 22.7664 		32.5479 		18.8932
v 21.4349 		33.713 		18.8932
v 19.9922 		34.5663 		18.8932
v 18.4737 		35.0868 		18.8932
v 16.9169 		35.2618 		18.8932
v -17.831 		35.2618 		18.8932
v -19.3878 		35.0868 		18.8932
v -20.9062 		34.5663 		18.8932
v -22.349 		33.713 		18.8932
v -23.6804 		32.5479 		18.8932
v -24.8679 		31.0998 		18.8932
v -25.8821 		29.4043 		18.8932
v -26.698 		27.5031 		18.8932
v -27.2956 		25.4431 		18.8932
v -27.6601 		23.2749 		18.8932
v -27.7827 		21.052 		18.8932
v -28.4534 		-28.5641 		18.8648
v -28.3226 		-30.9368 		18.8648
v -27.9335 		-33.2511 		18.8648
v -27.2956 		-35.4499 		18.8648
v -26.4247 		-37.4793 		18.8648
v -25.3421 		-39.2891 		18.8648
v -24.0747 		-40.8348 		18.8648
v -22.6535 		-42.0784 		18.8648
v -21.1135 		-42.9892 		18.8648
v -19.4927 		-43.5448 		18.8648
v -17.831 		-43.7315 		18.8648
v 16.9169 		-43.7315 		18.8648
v 18.5786 		-43.5448 		18.8648
v 20.1994 		-42.9892 		18.8648
v 21.7394 		-42.0784 		18.8648
v 23.1606 		-40.8348 		18.8648
v 24.4281 		-39.2891 		18.8648
v 25.5106 		-37.4793 		18.8648
v 26.3815 		-35.4499 		18.8648
v 27.0194 		-33.2511 		18.8648
v 27.4085 		-30.9368 		18.8648
v 27.5393 		-28.5641 		18.8648
v 27.5393 		21.052 		18.8648
v 27.4085 		23.4247 		18.8648
v 27.0194 		25.739 		18.8648
v 26.3815 		27.9379 		18.8648
v 25.5106 		29.9672 		18.8648
v 24.4281 		31.777 		18.8648
v 23.1606 		33.3227 		18.8648
v 21.7394 		34.5663 		18.8648
v 20.1994 		35.4771 		18.8648
v 18.5786 		36.0327 		18.8648
v 16.9169 		36.2194 		18.8648
v -17.831 		36.2194 		18.8648
v -19.4927 		36.0327 		18.8648
v -21.1135 		35.4771 		18.8648
v -22.6535 		34.5663 		18.8648
v -24.0747 		33.3227 		18.8648
v -25.3421 		31.777 		18.8648
v -26.4247 		29.9672 		18.8648
v -27.2956 		27.9379 		18.8648
v -27.9335 		25.739 		18.8648
v -28.3226 		23.4247 		18.8648
v -28.4534 		21.052 		18.8648
v -28.8625 		-28.5641 		18.835
v -28.7267 		-31.0282 		18.835
v -28.3226 		-33.4316 		18.835
v -27.6601 		-35.7152 		18.835
v -26.7557 		-37.8227 		18.835
v -25.6315 		-39.7022 		18.835
v -24.3152 		-41.3074 		18.835
v -22.8392 		-42.5989 		18.835
v -21.2399 		-43.5448 		18.835
v -19.5567 		-44.1218 		18.835
v -17.831 		-44.3157 		18.835
v 16.9169 		-44.3157 		18.835
v 18.6426 		-44.1218 		18.835
v 20.3258 		-43.5448 		18.835
v 21.9251 		-42.5989 		18.835
v 23.4011 		-41.3074 		18.835
v 24.7174 		-39.7022 		18.835
v 25.8416 		-37.8227 		18.835
v 26.746 		-35.7152 		18.835
v 27.4085 		-33.4316 		18.835
v 27.8126 		-31.0282 		18.835
v 27.9484 		-28.5641 		18.835
v 27.9484 		21.052 		18.835
v 27.8126 		23.5161 		18.835
v 27.4085 		25.9195 		18.835
v 26.746 		28.2031 		18.835
v 25.8416 		30.3106 		18.835
v 24.7174 		32.1901 		18.835
v 23.4011 		33.7954 		18.835
v 21.9251 		35.0868 		18.835
v 20.3258 		36.0327 		18.835
v 18.6426 		36.6097 		18.835
v 16.9169 		36.8037 		18.835
v -17.831 		36.8037 		18.835
v -19.5567 		36.6097 		18.835
v -21.2399 		36.0327 		18.835
v -22.8392 		35.0868 		18.835
v -24.3152 		33.7954 		18.835
v -25.6315 		32.1901 		18.835
v -26.7557 		30.3106 		18.835
v -27.6601 		28.2031 		18.835
v -28.3226 		25.9195 		18.835
v -28.7267 		23.5161 		18.835
v -28.8625 		21.052 		18.835
v -29 		-28.5641 		18.8043
v -28.8625 		-31.0589 		18.8043
v -28.4534 		-33.4923 		18.8043
v -27.7827 		-35.8043 		18.8043
v -26.8669 		-37.9381 		18.8043
v -25.7287 		-39.841 		18.8043
v -24.396 		-41.4663 		18.8043
v -22.9016 		-42.7738 		18.8043
v -21.2824 		-43.7315 		18.8043
v -19.5782 		-44.3157 		18.8043
v -17.831 		-44.5121 		18.8043
v 16.9169 		-44.5121 		18.8043
v 18.6642 		-44.3157 		18.8043
v 20.3683 		-43.7315 		18.8043
v 21.9875 		-42.7738 		18.8043
v 23.4819 		-41.4663 		18.8043
v 24.8146 		-39.841 		18.8043
v 25.9528 		-37.9381 		18.8043
v 26.8686 		-35.8043 		18.8043
v 27.5393 		-33.4923 		18.8043
v 27.9484 		-31.0589 		18.8043
v 28.0859 		-28.5641 		18.8043
v 28.0859 		21.052 		18.8043
v 27.9484 		23.5468 		18.8043
v 27.5393 		25.9802 		18.8043
v 26.8686 		28.2922 		18.8043
v 25.9528 		30.426 		18.8043
v 24.8146 		32.3289 		18.8043
v 23.4819 		33.9542 		18.8043
v 21.9875 		35.2618 		18.8043
v 20.3683 		36.2194 		18.8043
v 18.6642 		36.8037 		18.8043
v 16.9169 		37 		18.8043
v -17.831 		37 		18.8043
v -19.5782 		36.8037 		18.8043
v -21.2824 		36.2194 		18.8043
v -22.9016 		35.2618 		18.8043
v -24.396 		33.9542 		18.8043
v -25.7287 		32.3289 		18.8043
v -26.8669 		30.426 		18.8043
v -27.7827 		28.2922 		18.8043
v -28.4534 		25.9802 		18.8043
v -28.8625 		23.5468 		18.8043
v -29 		21.052 		18.8043
v -29 		-28.5641 		18.1957
v -28.8625 		-31.0589 		18.1957
v -28.4534 		-33.4923 		18.1957
v -27.7827 		-35.8043 		18.1957
v -26.8669 		-37.9381 		18.1957
v -25.7287 		-39.841 		18.1957
v -24.396 		-41.4663 		18.1957
v -22.9016 		-42.7738 		18.1957
v -21.2824 		-43.7315 		18.1957
v -19.5782 		-44.3157 		18.1957
v -17.831 		-44.5121 		18.1957
v 16.9169 		-44.5121 		18.1957
v 18.6642 		-44.3157 		18.1957
v 20.3683 		-43.7315 		18.1957
v 21.9875 		-42.7738 		18.1957
v 23.4819 		-41.4663 		18.1957
v 24.8146 		-39.841 		18.1957
v 25.9528 		-37.9381 		18.1957
v 26.8686 		-35.8043 		18.1957
v 27.5393 		-33.4923 		18.1957
v 27.9484 		-31.0589 		18.1957
v 28.0859 		-28.5641 		18.1957
v 28.0859 		21.052 		18.1957
v 27.9484 		23.5468 		18.1957
v 27.5393 		25.9802 		18.1957
v 26.8686 		28.2922 		18.1957
v 25.9528 		30.426 		18.1957
v 24.8146 		32.3289 		18.1957
v 23.4819 		33.9542 		18.1957
v 21.9875 		35.2618 		18.1957
v 20.3683 		36.2194 		18.1957
v 18.6642 		36.8037 		18.1957
v 16.9169 		37 		18.1957
v -17.831 		37 		18.1957
v -19.5782 		36.8037 		18.1957
v -21.2824 		36.2194 		18.1957
v -22.9016 		35.2618 		18.1957
v -24.396 		33.9542 		18.1957
v -25.7287 		32.3289 		18.1957
v -26.8669 		30.426 		18.1957
v -27.7827 		28.2922 		18.1957
v -28.4534 		25.9802 		18.1957
v -28.8625 		23.5468 		18.1957
v -29 		21.052 		18.1957
v -28.8625 		-28.5641 		18.165
v -28.7267 		-31.0282 		18.165
v -28.3226 		-33.4316 		18.165
v -27.6601 		-35.7152 		18.165
v -26.7557 		-37.8227 		18.165
v -25.6315 		-39.7022 		18.165
v -24.3152 		-41.3074 		18.165
v -22.8392 		-42.5989 		18.165
v -21.2399 		-43.5448 		18.165
v -19.5567 		-44.1218 		18.165
v -17.831 		-44.3157 		18.165
v 16.9169 		-44.3157 		18.165
v 18.6426 		-44.1218 		18.165
v 20.3258 		-43.5448 		18.165
v 21.9251 		-42.5989 		18.165
v 23.4011 		-41.3074 		18.165
v 24.7174 		-39.7022 		18.165
v 25.8416 		-37.8227 		18.165
v 26.746 		-35.7152 		18.165
v 27.4085 		-33.4316 		18.165
v 27.8126 		-31.0282 		18.165
v 27.9484 		-28.5641 		18.165
v 27.9484 		21.052 		18.165
v 27.8126 		23.5161 		18.165
v 27.4085 		25.9195 		18.165
v 26.746 		28.2031 		18.165
v 25.8416 		30.3106 		18.165
v 24.7174 		32.1901 		18.165
v 23.4011 		33.7954 		18.165
v 21.9251 		35.0868 		18.165
v 20.3258 		36.0327 		18.165
v 18.6426 		36.6097 		18.165
v 16.9169 		36.8037 		18.165
v -17.831 		36.8037 		18.165
v -19.5567 		36.6097 		18.165
v -21.2399 		36.0327 		18.165
v -22.8392 		35.0868 		18.165
v -24.3152 		33.7954 		18.165
v -25.6315 		32.1901 		18.165
v -26.7557 		30.3106 		18.165
v -27.6601 		28.2031 		18.165
v -28.3226 		25.9195 		18.165
v -28.7267 		23.5161 		18.165
v -28.8625 		21.052 		18.165
v -28.4534 		-28.5641 		18.1352
v -28.3226 		-30.9368 		18.1352
v -27.9335 		-33.2511 		18.1352
v -27.2956 		-35.4499 		18.1352
v -26.4247 		-37.4793 		18.1352
v -25.3421 		-39.2891 		18.1352
v -24.0747 		-40.8348 		18.1352
v -22.6535 		-42.0784 		18.1352
v -21.1135 		-42.9892 		18.1352
v -19.4927 		-43.5448 		18.1352
v -17.831 		-43.7315 		18.1352
v 16.9169 		-43.7315 		18.1352
v 18.5786 		-43.5448 		18.1352
v 20.1994 		-42.9892 		18.1352
v 21.7394 		-42.0784 		18.1352
v 23.1606 		-40.8348 		18.1352
v 24.4281 		-39.2891 		18.1352
v 25.5106 		-37.4793 		18.1352
v 26.3815 		-35.4499 		18.1352
v 27.0194 		-33.2511 		18.1352
v 27.4085 		-30.9368 		18.1352
v 27.5393 		-28.5641 		18.1352
v 27.5393 		21.052 		18.1352
v 27.4085 		23.4247 		18.1352
v 27.0194 		25.739 		18.1352
v 26.3815 		27.9379 		18.1352
v 25.5106 		29.9672 		18.1352
v 24.4281 		31.777 		18.1352
v 23.1606 		33.3227 		18.1352
v 21.7394 		34.5663 		18.1352
v 20.1994 		35.4771 		18.1352
v 18.5786 		36.0327 		18.1352
v 16.9169 		36.2194 		18.1352
v -17.831 		36.2194 		18.1352
v -19.4927 		36.0327 		18.1352
v -21.1135 		35.4771 		18.1352
v -22.6535 		34.5663 		18.1352
v -24.0747 		33.3227 		18.1352
v -25.3421 		31.777 		18.1352
v -26.4247 		29.9672 		18.1352
v -27.2956 		27.9379 		18.1352
v -27.9335 		25.739 		18.1352
v -28.3226 		23.4247 		18.1352
v -28.4534 		21.052 		18.1352
v -27.7827 		-28.5641 		18.1068
v -27.6601 		-30.787 		18.1068
v -27.2956 		-32.9551 		18.1068
v -26.698 		-35.0152 		18.1068
v -25.8821 		-36.9164 		18.1068
v -24.8679 		-38.6119 		18.1068
v -23.6804 		-40.06 		18.1068
v -22.349 		-41.2251 		18.1068
v -20.9062 		-42.0784 		18.1068
v -19.3878 		-42.5989 		18.1068
v -17.831 		-42.7738 		18.1068
v 16.9169 		-42.7738 		18.1068
v 18.4737 		-42.5989 		18.1068
v 19.9922 		-42.0784 		18.1068
v 21.4349 		-41.2251 		18.1068
v 22.7664 		-40.06 		18.1068
v 23.9538 		-38.6119 		18.1068
v 24.968 		-36.9164 		18.1068
v 25.7839 		-35.0152 		18.1068
v 26.3815 		-32.9551 		18.1068
v 26.746 		-30.787 		18.1068
v 26.8686 		-28.5641 		18.1068
v 26.8686 		21.052 		18.1068
v 26.746 		23.2749 		18.1068
v 26.3815 		25.4431 		18.1068
v 25.7839 		27.5031 		18.1068
v 24.968 		29.4043 		18.1068
v 23.9538 		31.0998 		18.1068
v 22.7664 		32.5479 		18.1068
v 21.4349 		33.713 		18.1068
v 19.9922 		34.5663 		18.1068
v 18.4737 		35.0868 		18.1068
v 16.9169 		35.2618 		18.1068
v -17.831 		35.2618 		18.1068
v -19.3878 		35.0868 		18.1068
v -20.9062 		34.5663 		18.1068
v -22.349 		33.713 		18.1068
v -23.6804 		32.5479 		18.1068
v -24.8679 		31.0998 		18.1068
v -25.8821 		29.4043 		18.1068
v -26.698 		27.5031 		18.1068
v -27.2956 		25.4431 		18.1068
v -27.6601 		23.2749 		18.1068
v -27.7827 		21.052 		18.1068
v -26.8669 		-28.5641 		18.0807
v -26.7557 		-30.5824 		18.0807
v -26.4247 		-32.5511 		18.0807
v -25.8821 		-34.4215 		18.0807
v -25.1412 		-36.1478 		18.0807
v -24.2204 		-37.6873 		18.0807
v -23.1422 		-39.0022 		18.0807
v -21.9332 		-40.06 		18.0807
v -20.6233 		-40.8348 		18.0807
v -19.2446 		-41.3074 		18.0807
v -17.831 		-41.4663 		18.0807
v 16.9169 		-41.4663 		18.0807
v 18.3305 		-41.3074 		18.0807
v 19.7092 		-40.8348 		18.0807
v 21.0191 		-40.06 		18.0807
v 22.2281 		-39.0022 		18.0807
v 23.3063 		-37.6873 		18.0807
v 24.2271 		-36.1478 		18.0807
v 24.968 		-34.4215 		18.0807
v 25.5106 		-32.5511 		18.0807
v 25.8416 		-30.5824 		18.0807
v 25.9528 		-28.5641 		18.0807
v 25.9528 		21.052 		18.0807
v 25.8416 		23.0704 		18.0807
v 25.5106 		25.039 		18.0807
v 24.968 		26.9095 		18.0807
v 24.2271 		28.6357 		18.0807
v 23.3063 		30.1752 		18.0807
v 22.2281 		31.4901 		18.0807
v 21.0191 		32.5479 		18.0807
v 19.7092 		33.3227 		18.0807
v 18.3305 		33.7954 		18.0807
v 16.9169 		33.9542 		18.0807
v -17.831 		33.9542 		18.0807
v -19.2446 		33.7954 		18.0807
v -20.6233 		33.3227 		18.0807
v -21.9332 		32.5479 		18.0807
v -23.1422 		31.4901 		18.0807
v -24.2204 		30.1752 		18.0807
v -25.1412 		28.6357 		18.0807
v -25.8821 		26.9095 		18.0807
v -26.4247 		25.039 		18.0807
v -26.7557 		23.0704 		18.0807
v -26.8669 		21.052 		18.0807
v -25.7287 		-28.5641 		18.0573
v -25.6315 		-30.3282 		18.0573
v -25.3421 		-32.0488 		18.0573
v -24.8679 		-33.6837 		18.0573
v -24.2204 		-35.1925 		18.0573
v -23.4155 		-36.5381 		18.0573
v -22.4732 		-37.6873 		18.0573
v -21.4165 		-38.6119 		18.0573
v -20.2715 		-39.2891 		18.0573
v -19.0665 		-39.7022 		18.0573
v -17.831 		-39.841 		18.0573
v 16.9169 		-39.841 		18.0573
v 18.1524 		-39.7022 		18.0573
v 19.3574 		-39.2891 		18.0573
v 20.5024 		-38.6119 		18.0573
v 21.5591 		-37.6873 		18.0573
v 22.5014 		-36.5381 		18.0573
v 23.3063 		-35.1925 		18.0573
v 23.9538 		-33.6837 		18.0573
v 24.4281 		-32.0488 		18.0573
v 24.7174 		-30.3282 		18.0573
v 24.8146 		-28.5641 		18.0573
v 24.8146 		21.052 		18.0573
v 24.7174 		22.8161 		18.0573
v 24.4281 		24.5368 		18.0573
v 23.9538 		26.1716 		18.0573
v 23.3063 		27.6804 		18.0573
v 22.5014 		29.026 		18.0573
v 21.5591 		30.1752 		18.0573
v 20.5024 		31.0998 		18.0573
v 19.3574 		31.777 		18.0573
v 18.1524 		32.1901 		18.0573
v 16.9169 		32.3289 		18.0573
v -17.831 		32.3289 		18.0573
v -19.0665 		32.1901 		18.0573
v -20.2715 		31.777 		18.0573
v -21.4165 		31.0998 		18.0573
v -22.4732 		30.1752 		18.0573
v -23.4155 		29.026 		18.0573
v -24.2204 		27.6804 		18.0573
v -24.8679 		26.1716 		18.0573
v -25.3421 		24.5368 		18.0573
v -25.6315 		22.8161 		18.0573
v -25.7287 		21.052 		18.0573
v -24.396 		-28.5641 		18.0374
v -24.3152 		-30.0305 		18.0374
v -24.0747 		-31.4608 		18.0374
v -23.6804 		-32.8198 		18.0374
v -23.1422 		-34.074 		18.0374
v -22.4732 		-35.1925 		18.0374
v -21.6898 		-36.1478 		18.0374
v -20.8115 		-36.9164 		18.0374
v -19.8597 		-37.4793 		18.0374
v -18.858 		-37.8227 		18.0374
v -17.831 		-37.9381 		18.0374
v 16.9169 		-37.9381 		18.0374
v 17.9439 		-37.8227 		18.0374
v 18.9456 		-37.4793 		18.0374
v 19.8974 		-36.9164 		18.0374
v 20.7757 		-36.1478 		18.0374
v 21.5591 		-35.1925 		18.0374
v 22.2281 		-34.074 		18.0374
v 22.7664 		-32.8198 		18.0374
v 23.1606 		-31.4608 		18.0374
v 23.4011 		-30.0305 		18.0374
v 23.4819 		-28.5641 		18.0374
v 23.4819 		21.052 		18.0374
v 23.4011 		22.5184 		18.0374
v 23.1606 		23.9487 		18.0374
v 22.7664 		25.3077 		18.0374
v 22.2281 		26.5619 		18.0374
v 21.5591 		27.6804 		18.0374
v 20.7757 		28.6357 		18.0374
v 19.8974 		29.4043 		18.0374
v 18.9456 		29.9672 		18.0374
v 17.9439 		30.3106 		18.0374
v 16.9169 		30.426 		18.0374
v -17.831 		30.426 		18.0374
v -18.858 		30.3106 		18.0374
v -19.8597 		29.9672 		18.0374
v -20.8115 		29.4043 		18.0374
v -21.6898 		28.6357 		18.0374
v -22.4732 		27.6804 		18.0374
v -23.1422 		26.5619 		18.0374
v -23.6804 		25.3077 		18.0374
v -24.0747 		23.9487 		18.0374
v -24.3152 		22.5184 		18.0374
v -24.396 		21.052 		18.0374
v -22.9016 		-28.5641 		18.0213
v -22.8392 		-29.6967 		18.0213
v -22.6535 		-30.8014 		18.0213
v -22.349 		-31.8511 		18.0213
v -21.9332 		-32.8198 		18.0213
v -21.4165 		-33.6837 		18.0213
v -20.8115 		-34.4215 		18.0213
v -20.133 		-35.0152 		18.0213
v -19.3979 		-35.4499 		18.0213
v -18.6242 		-35.7152 		18.0213
v -17.831 		-35.8043 		18.0213
v 16.9169 		-35.8043 		18.0213
v 17.7102 		-35.7152 		18.0213
v 18.4838 		-35.4499 		18.0213
v 19.2189 		-35.0152 		18.0213
v 19.8974 		-34.4215 		18.0213
v 20.5024 		-33.6837 		18.0213
v 21.0191 		-32.8198 		18.0213
v 21.4349 		-31.8511 		18.0213
v 21.7394 		-30.8014 		18.0213
v 21.9251 		-29.6967 		18.0213
v 21.9875 		-28.5641 		18.0213
v 21.9875 		21.052 		18.0213
v 21.9251 		22.1846 		18.0213
v 21.7394 		23.2894 		18.0213
v 21.4349 		24.339 		18.0213
v 21.0191 		25.3077 		18.0213
v 20.5024 		26.1716 		18.0213
v 19.8974 		26.9095 		18.0213
v 19.2189 		27.5031 		18.0213
v 18.4838 		27.9379 		18.0213
v 17.7102 		28.2031 		18.0213
v 16.9169 		28.2922 		18.0213
v -17.831 		28.2922 		18.0213
v -18.6242 		28.2031 		18.0213
v -19.3979 		27.9379 		18.0213
v -20.133 		27.5031 		18.0213
v -20.8115 		26.9095 		18.0213
v -21.4165 		26.1716 		18.0213
v -21.9332 		25.3077 		18.0213
v -22.349 		24.339 		18.0213
v -22.6535 		23.2894 		18.0213
v -22.8392 		22.1846 		18.0213
v -22.9016 		21.052 		18.0213
v -21.2824 		-28.5641 		18.0096
v -21.2399 		-29.335 		18.0096
v -21.1135 		-30.087 		18.0096
v -20.9062 		-30.8014 		18.0096
v -20.6233 		-31.4608 		18.0096
v -20.2715 		-32.0488 		18.0096
v -19.8597 		-32.5511 		18.0096
v -19.3979 		-32.9551 		18.0096
v -18.8976 		-33.2511 		18.0096
v -18.3709 		-33.4316 		18.0096
v -17.831 		-33.4923 		18.0096
v 16.9169 		-33.4923 		18.0096
v 17.4569 		-33.4316 		18.0096
v 17.9835 		-33.2511 		18.0096
v 18.4838 		-32.9551 		18.0096
v 18.9456 		-32.5511 		18.0096
v 19.3574 		-32.0488 		18.0096
v 19.7092 		-31.4608 		18.0096
v 19.9922 		-30.8014 		18.0096
v 20.1994 		-30.087 		18.0096
v 20.3258 		-29.335 		18.0096
v 20.3683 		-28.5641 		18.0096
v 20.3683 		21.052 		18.0096
v 20.3258 		21.8229 		18.0096
v 20.1994 		22.5749 		18.0096
v 19.9922 		23.2894 		18.0096
v 19.7092 		23.9487 		18.0096
v 19.3574 		24.5368 		18.0096
v 18.9456 		25.039 		18.0096
v 18.4838 		25.4431 		18.0096
v 17.9835 		25.739 		18.0096
v 17.4569 		25.9195 		18.0096
v 16.9169 		25.9802 		18.0096
v -17.831 		25.9802 		18.0096
v -18.3709 		25.9195 		18.0096
v -18.8976 		25.739 		18.0096
v -19.3979 		25.4431 		18.0096
v -19.8597 		25.039 		18.0096
v -20.2715 		24.5368 		18.0096
v -20.6233 		23.9487 		18.0096
v -20.9062 		23.2894 		18.0096
v -21.1135 		22.5749 		18.0096
v -21.2399 		21.8229 		18.0096
v -21.2824 		21.052 		18.0096
v -19.5782 		-28.5641 		18.0024
v -19.5567 		-28.9543 		18.0024
v -19.4927 		-29.335 		18.0024
v -19.3878 		-29.6967 		18.0024
v -19.2446 		-30.0305 		18.0024
v -19.0665 		-30.3282 		18.0024
v -18.858 		-30.5824 		18.0024
v -18.6242 		-30.787 		18.0024
v -18.3709 		-30.9368 		18.0024
v -18.1044 		-31.0282 		18.0024
v -17.831 		-31.0589 		18.0024
v 16.9169 		-31.0589 		18.0024
v 17.1903 		-31.0282 		18.0024
v 17.4569 		-30.9368 		18.0024
v 17.7102 		-30.787 		18.0024
v 17.9439 		-30.5824 		18.0024
v 18.1524 		-30.3282 		18.0024
v 18.3305 		-30.0305 		18.0024
v 18.4737 		-29.6967 		18.0024
v 18.5786 		-29.335 		18.0024
v 18.6426 		-28.9543 		18.0024
v 18.6642 		-28.5641 		18.0024
v 18.6642 		21.052 		18.0024
v 18.6426 		21.4423 		18.0024
v 18.5786 		21.8229 		18.0024
v 18.4737 		22.1846 		18.0024
v 18.3305 		22.5184 		18.0024
v 18.1524 		22.8161 		18.0024
v 17.9439 		23.0704 		18.0024
v 17.7102 		23.2749 		18.0024
v 17.4569 		23.4247 		18.0024
v 17.1903 		23.5161 		18.0024
v 16.9169 		23.5468 		18.0024
v -17.831 		23.5468 		18.0024
v -18.1044 		23.5161 		18.0024
v -18.3709 		23.4247 		18.0024
v -18.6242 		23.2749 		18.0024
v -18.858 		23.0704 		18.0024
v -19.0665 		22.8161 		18.0024
v -19.2446 		22.5184 		18.0024
v -19.3878 		22.1846 		18.0024
v -19.4927 		21.8229 		18.0024
v -19.5567 		21.4423 		18.0024
v -19.5782 		21.052 		18.0024
v -17.831 		-28.5641 		18
v 16.9169 		-28.5641 		18
v 16.9169 		21.052 		18
v -17.831 		21.052 		18
# 888 vertices

g group_3_1206582

usemtl color_1206582
s 0

f 1809 	1813 	1814
f 1809 	1814 	1815
f 1809 	1815 	1816
f 1809 	1816 	1817
f 1809 	1817 	1818
f 1809 	1818 	1819
f 1809 	1819 	1820
f 1809 	1820 	1821
f 1809 	1821 	1822
f 1809 	1822 	1823
f 1810 	1809 	1824
f 1809 	1823 	1824
f 1810 	1824 	1825
f 1810 	1825 	1826
f 1810 	1826 	1827
f 1810 	1827 	1828
f 1810 	1828 	1829
f 1810 	1829 	1830
f 1810 	1830 	1831
f 1810 	1831 	1832
f 1810 	1832 	1833
f 1810 	1833 	1834
f 1811 	1810 	1835
f 1810 	1834 	1835
f 1811 	1835 	1836
f 1811 	1836 	1837
f 1811 	1837 	1838
f 1811 	1838 	1839
f 1811 	1839 	1840
f 1811 	1840 	1841
f 1811 	1841 	1842
f 1811 	1842 	1843
f 1811 	1843 	1844
f 1811 	1844 	1845
f 1812 	1811 	1846
f 1811 	1845 	1846
f 1812 	1846 	1847
f 1812 	1847 	1848
f 1812 	1848 	1849
f 1812 	1849 	1850
f 1812 	1850 	1851
f 1812 	1851 	1852
f 1812 	1852 	1853
f 1812 	1853 	1854
f 1812 	1854 	1855
f 1812 	1855 	1856
f 1809 	1812 	1813
f 1812 	1856 	1813
f 1814 	1813 	1858
f 1813 	1857 	1858
f 1815 	1814 	1859
f 1814 	1858 	1859
f 1816 	1815 	1860
f 1815 	1859 	1860
f 1817 	1816 	1861
f 1816 	1860 	1861
f 1818 	1817 	1862
f 1817 	1861 	1862
f 1819 	1818 	1863
f 1818 	1862 	1863
f 1820 	1819 	1864
f 1819 	1863 	1864
f 1821 	1820 	1865
f 1820 	1864 	1865
f 1822 	1821 	1866
f 1821 	1865 	1866
f 1823 	1822 	1867
f 1822 	1866 	1867
f 1824 	1823 	1868
f 1823 	1867 	1868
f 1825 	1824 	1869
f 1824 	1868 	1869
f 1826 	1825 	1870
f 1825 	1869 	1870
f 1827 	1826 	1871
f 1826 	1870 	1871
f 1828 	1827 	1872
f 1827 	1871 	1872
f 1829 	1828 	1873
f 1828 	1872 	1873
f 1830 	1829 	1874
f 1829 	1873 	1874
f 1831 	1830 	1875
f 1830 	1874 	1875
f 1832 	1831 	1876
f 1831 	1875 	1876
f 1833 	1832 	1877
f 1832 	1876 	1877
f 1834 	1833 	1878
f 1833 	1877 	1878
f 1835 	1834 	1879
f 1834 	1878 	1879
f 1836 	1835 	1880
f 1835 	1879 	1880
f 1837 	1836 	1881
f 1836 	1880 	1881
f 1838 	1837 	1882
f 1837 	1881 	1882
f 1839 	1838 	1883
f 1838 	1882 	1883
f 1840 	1839 	1884
f 1839 	1883 	1884
f 1841 	1840 	1885
f 1840 	1884 	1885
f 1842 	1841 	1886
f 1841 	1885 	1886
f 1843 	1842 	1887
f 1842 	1886 	1887
f 1844 	1843 	1888
f 1843 	1887 	1888
f 1845 	1844 	1889
f 1844 	1888 	1889
f 1846 	1845 	1890
f 1845 	1889 	1890
f 1847 	1846 	1891
f 1846 	1890 	1891
f 1848 	1847 	1892
f 1847 	1891 	1892
f 1849 	1848 	1893
f 1848 	1892 	1893
f 1850 	1849 	1894
f 1849 	1893 	1894
f 1851 	1850 	1895
f 1850 	1894 	1895
f 1852 	1851 	1896
f 1851 	1895 	1896
f 1853 	1852 	1897
f 1852 	1896 	1897
f 1854 	1853 	1898
f 1853 	1897 	1898
f 1855 	1854 	1899
f 1854 	1898 	1899
f 1856 	1855 	1900
f 1855 	1899 	1900
f 1813 	1856 	1857
f 1856 	1900 	1857
f 1858 	1857 	1902
f 1857 	1901 	1902
f 1859 	1858 	1903
f 1858 	1902 	1903
f 1860 	1859 	1904
f 1859 	1903 	1904
f 1861 	1860 	1905
f 1860 	1904 	1905
f 1862 	1861 	1906
f 1861 	1905 	1906
f 1863 	1862 	1907
f 1862 	1906 	1907
f 1864 	1863 	1908
f 1863 	1907 	1908
f 1865 	1864 	1909
f 1864 	1908 	1909
f 1866 	1865 	1910
f 1865 	1909 	1910
f 1867 	1866 	1911
f 1866 	1910 	1911
f 1868 	1867 	1912
f 1867 	1911 	1912
f 1869 	1868 	1913
f 1868 	1912 	1913
f 1870 	1869 	1914
f 1869 	1913 	1914
f 1871 	1870 	1915
f 1870 	1914 	1915
f 1872 	1871 	1916
f 1871 	1915 	1916
f 1873 	1872 	1917
f 1872 	1916 	1917
f 1874 	1873 	1918
f 1873 	1917 	1918
f 1875 	1874 	1919
f 1874 	1918 	1919
f 1876 	1875 	1920
f 1875 	1919 	1920
f 1877 	1876 	1921
f 1876 	1920 	1921
f 1878 	1877 	1922
f 1877 	1921 	1922
f 1879 	1878 	1923
f 1878 	1922 	1923
f 1880 	1879 	1924
f 1879 	1923 	1924
f 1881 	1880 	1925
f 1880 	1924 	1925
f 1882 	1881 	1926
f 1881 	1925 	1926
f 1883 	1882 	1927
f 1882 	1926 	1927
f 1884 	1883 	1928
f 1883 	1927 	1928
f 1885 	1884 	1929
f 1884 	1928 	1929
f 1886 	1885 	1930
f 1885 	1929 	1930
f 1887 	1886 	1931
f 1886 	1930 	1931
f 1888 	1887 	1932
f 1887 	1931 	1932
f 1889 	1888 	1933
f 1888 	1932 	1933
f 1890 	1889 	1934
f 1889 	1933 	1934
f 1891 	1890 	1935
f 1890 	1934 	1935
f 1892 	1891 	1936
f 1891 	1935 	1936
f 1893 	1892 	1937
f 1892 	1936 	1937
f 1894 	1893 	1938
f 1893 	1937 	1938
f 1895 	1894 	1939
f 1894 	1938 	1939
f 1896 	1895 	1940
f 1895 	1939 	1940
f 1897 	1896 	1941
f 1896 	1940 	1941
f 1898 	1897 	1942
f 1897 	1941 	1942
f 1899 	1898 	1943
f 1898 	1942 	1943
f 1900 	1899 	1944
f 1899 	1943 	1944
f 1857 	1900 	1901
f 1900 	1944 	1901
f 1902 	1901 	1946
f 1901 	1945 	1946
f 1903 	1902 	1947
f 1902 	1946 	1947
f 1904 	1903 	1948
f 1903 	1947 	1948
f 1905 	1904 	1949
f 1904 	1948 	1949
f 1906 	1905 	1950
f 1905 	1949 	1950
f 1907 	1906 	1951
f 1906 	1950 	1951
f 1908 	1907 	1952
f 1907 	1951 	1952
f 1909 	1908 	1953
f 1908 	1952 	1953
f 1910 	1909 	1954
f 1909 	1953 	1954
f 1911 	1910 	1955
f 1910 	1954 	1955
f 1912 	1911 	1956
f 1911 	1955 	1956
f 1913 	1912 	1957
f 1912 	1956 	1957
f 1914 	1913 	1958
f 1913 	1957 	1958
f 1915 	1914 	1959
f 1914 	1958 	1959
f 1916 	1915 	1960
f 1915 	1959 	1960
f 1917 	1916 	1961
f 1916 	1960 	1961
f 1918 	1917 	1962
f 1917 	1961 	1962
f 1919 	1918 	1963
f 1918 	1962 	1963
f 1920 	1919 	1964
f 1919 	1963 	1964
f 1921 	1920 	1965
f 1920 	1964 	1965
f 1922 	1921 	1966
f 1921 	1965 	1966
f 1923 	1922 	1967
f 1922 	1966 	1967
f 1924 	1923 	1968
f 1923 	1967 	1968
f 1925 	1924 	1969
f 1924 	1968 	1969
f 1926 	1925 	1970
f 1925 	1969 	1970
f 1927 	1926 	1971
f 1926 	1970 	1971
f 1928 	1927 	1972
f 1927 	1971 	1972
f 1929 	1928 	1973
f 1928 	1972 	1973
f 1930 	1929 	1974
f 1929 	1973 	1974
f 1931 	1930 	1975
f 1930 	1974 	1975
f 1932 	1931 	1976
f 1931 	1975 	1976
f 1933 	1932 	1977
f 1932 	1976 	1977
f 1934 	1933 	1978
f 1933 	1977 	1978
f 1935 	1934 	1979
f 1934 	1978 	1979
f 1936 	1935 	1980
f 1935 	1979 	1980
f 1937 	1936 	1981
f 1936 	1980 	1981
f 1938 	1937 	1982
f 1937 	1981 	1982
f 1939 	1938 	1983
f 1938 	1982 	1983
f 1940 	1939 	1984
f 1939 	1983 	1984
f 1941 	1940 	1985
f 1940 	1984 	1985
f 1942 	1941 	1986
f 1941 	1985 	1986
f 1943 	1942 	1987
f 1942 	1986 	1987
f 1944 	1943 	1988
f 1943 	1987 	1988
f 1901 	1944 	1945
f 1944 	1988 	1945
f 1946 	1945 	1990
f 1945 	1989 	1990
f 1947 	1946 	1991
f 1946 	1990 	1991
f 1948 	1947 	1992
f 1947 	1991 	1992
f 1949 	1948 	1993
f 1948 	1992 	1993
f 1950 	1949 	1994
f 1949 	1993 	1994
f 1951 	1950 	1995
f 1950 	1994 	1995
f 1952 	1951 	1996
f 1951 	1995 	1996
f 1953 	1952 	1997
f 1952 	1996 	1997
f 1954 	1953 	1998
f 1953 	1997 	1998
f 1955 	1954 	1999
f 1954 	1998 	1999
f 1956 	1955 	2000
f 1955 	1999 	2000
f 1957 	1956 	2001
f 1956 	2000 	2001
f 1958 	1957 	2002
f 1957 	2001 	2002
f 1959 	1958 	2003
f 1958 	2002 	2003
f 1960 	1959 	2004
f 1959 	2003 	2004
f 1961 	1960 	2005
f 1960 	2004 	2005
f 1962 	1961 	2006
f 1961 	2005 	2006
f 1963 	1962 	2007
f 1962 	2006 	2007
f 1964 	1963 	2008
f 1963 	2007 	2008
f 1965 	1964 	2009
f 1964 	2008 	2009
f 1966 	1965 	2010
f 1965 	2009 	2010
f 1967 	1966 	2011
f 1966 	2010 	2011
f 1968 	1967 	2012
f 1967 	2011 	2012
f 1969 	1968 	2013
f 1968 	2012 	2013
f 1970 	1969 	2014
f 1969 	2013 	2014
f 1971 	1970 	2015
f 1970 	2014 	2015
f 1972 	1971 	2016
f 1971 	2015 	2016
f 1973 	1972 	2017
f 1972 	2016 	2017
f 1974 	1973 	2018
f 1973 	2017 	2018
f 1975 	1974 	2019
f 1974 	2018 	2019
f 1976 	1975 	2020
f 1975 	2019 	2020
f 1977 	1976 	2021
f 1976 	2020 	2021
f 1978 	1977 	2022
f 1977 	2021 	2022
f 1979 	1978 	2023
f 1978 	2022 	2023
f 1980 	1979 	2024
f 1979 	2023 	2024
f 1981 	1980 	2025
f 1980 	2024 	2025
f 1982 	1981 	2026
f 1981 	2025 	2026
f 1983 	1982 	2027
f 1982 	2026 	2027
f 1984 	1983 	2028
f 1983 	2027 	2028
f 1985 	1984 	2029
f 1984 	2028 	2029
f 1986 	1985 	2030
f 1985 	2029 	2030
f 1987 	1986 	2031
f 1986 	2030 	2031
f 1988 	1987 	2032
f 1987 	2031 	2032
f 1945 	1988 	1989
f 1988 	2032 	1989
f 1990 	1989 	2034
f 1989 	2033 	2034
f 1991 	1990 	2035
f 1990 	2034 	2035
f 1992 	1991 	2036
f 1991 	2035 	2036
f 1993 	1992 	2037
f 1992 	2036 	2037
f 1994 	1993 	2038
f 1993 	2037 	2038
f 1995 	1994 	2039
f 1994 	2038 	2039
f 1996 	1995 	2040
f 1995 	2039 	2040
f 1997 	1996 	2041
f 1996 	2040 	2041
f 1998 	1997 	2042
f 1997 	2041 	2042
f 1999 	1998 	2043
f 1998 	2042 	2043
f 2000 	1999 	2044
f 1999 	2043 	2044
f 2001 	2000 	2045
f 2000 	2044 	2045
f 2002 	2001 	2046
f 2001 	2045 	2046
f 2003 	2002 	2047
f 2002 	2046 	2047
f 2004 	2003 	2048
f 2003 	2047 	2048
f 2005 	2004 	2049
f 2004 	2048 	2049
f 2006 	2005 	2050
f 2005 	2049 	2050
f 2007 	2006 	2051
f 2006 	2050 	2051
f 2008 	2007 	2052
f 2007 	2051 	2052
f 2009 	2008 	2053
f 2008 	2052 	2053
f 2010 	2009 	2054
f 2009 	2053 	2054
f 2011 	2010 	2055
f 2010 	2054 	2055
f 2012 	2011 	2056
f 2011 	2055 	2056
f 2013 	2012 	2057
f 2012 	2056 	2057
f 2014 	2013 	2058
f 2013 	2057 	2058
f 2015 	2014 	2059
f 2014 	2058 	2059
f 2016 	2015 	2060
f 2015 	2059 	2060
f 2017 	2016 	2061
f 2016 	2060 	2061
f 2018 	2017 	2062
f 2017 	2061 	2062
f 2019 	2018 	2063
f 2018 	2062 	2063
f 2020 	2019 	2064
f 2019 	2063 	2064
f 2021 	2020 	2065
f 2020 	2064 	2065
f 2022 	2021 	2066
f 2021 	2065 	2066
f 2023 	2022 	2067
f 2022 	2066 	2067
f 2024 	2023 	2068
f 2023 	2067 	2068
f 2025 	2024 	2069
f 2024 	2068 	2069
f 2026 	2025 	2070
f 2025 	2069 	2070
f 2027 	2026 	2071
f 2026 	2070 	2071
f 2028 	2027 	2072
f 2027 	2071 	2072
f 2029 	2028 	2073
f 2028 	2072 	2073
f 2030 	2029 	2074
f 2029 	2073 	2074
f 2031 	2030 	2075
f 2030 	2074 	2075
f 2032 	2031 	2076
f 2031 	2075 	2076
f 1989 	2032 	2033
f 2032 	2076 	2033
f 2034 	2033 	2078
f 2033 	2077 	2078
f 2035 	2034 	2079
f 2034 	2078 	2079
f 2036 	2035 	2080
f 2035 	2079 	2080
f 2037 	2036 	2081
f 2036 	2080 	2081
f 2038 	2037 	2082
f 2037 	2081 	2082
f 2039 	2038 	2083
f 2038 	2082 	2083
f 2040 	2039 	2084
f 2039 	2083 	2084
f 2041 	2040 	2085
f 2040 	2084 	2085
f 2042 	2041 	2086
f 2041 	2085 	2086
f 2043 	2042 	2087
f 2042 	2086 	2087
f 2044 	2043 	2088
f 2043 	2087 	2088
f 2045 	2044 	2089
f 2044 	2088 	2089
f 2046 	2045 	2090
f 2045 	2089 	2090
f 2047 	2046 	2091
f 2046 	2090 	2091
f 2048 	2047 	2092
f 2047 	2091 	2092
f 2049 	2048 	2093
f 2048 	2092 	2093
f 2050 	2049 	2094
f 2049 	2093 	2094
f 2051 	2050 	2095
f 2050 	2094 	2095
f 2052 	2051 	2096
f 2051 	2095 	2096
f 2053 	2052 	2097
f 2052 	2096 	2097
f 2054 	2053 	2098
f 2053 	2097 	2098
f 2055 	2054 	2099
f 2054 	2098 	2099
f 2056 	2055 	2100
f 2055 	2099 	2100
f 2057 	2056 	2101
f 2056 	2100 	2101
f 2058 	2057 	2102
f 2057 	2101 	2102
f 2059 	2058 	2103
f 2058 	2102 	2103
f 2060 	2059 	2104
f 2059 	2103 	2104
f 2061 	2060 	2105
f 2060 	2104 	2105
f 2062 	2061 	2106
f 2061 	2105 	2106
f 2063 	2062 	2107
f 2062 	2106 	2107
f 2064 	2063 	2108
f 2063 	2107 	2108
f 2065 	2064 	2109
f 2064 	2108 	2109
f 2066 	2065 	2110
f 2065 	2109 	2110
f 2067 	2066 	2111
f 2066 	2110 	2111
f 2068 	2067 	2112
f 2067 	2111 	2112
f 2069 	2068 	2113
f 2068 	2112 	2113
f 2070 	2069 	2114
f 2069 	2113 	2114
f 2071 	2070 	2115
f 2070 	2114 	2115
f 2072 	2071 	2116
f 2071 	2115 	2116
f 2073 	2072 	2117
f 2072 	2116 	2117
f 2074 	2073 	2118
f 2073 	2117 	2118
f 2075 	2074 	2119
f 2074 	2118 	2119
f 2076 	2075 	2120
f 2075 	2119 	2120
f 2033 	2076 	2077
f 2076 	2120 	2077
f 2078 	2077 	2122
f 2077 	2121 	2122
f 2079 	2078 	2123
f 2078 	2122 	2123
f 2080 	2079 	2124
f 2079 	2123 	2124
f 2081 	2080 	2125
f 2080 	2124 	2125
f 2082 	2081 	2126
f 2081 	2125 	2126
f 2083 	2082 	2127
f 2082 	2126 	2127
f 2084 	2083 	2128
f 2083 	2127 	2128
f 2085 	2084 	2129
f 2084 	2128 	2129
f 2086 	2085 	2130
f 2085 	2129 	2130
f 2087 	2086 	2131
f 2086 	2130 	2131
f 2088 	2087 	2132
f 2087 	2131 	2132
f 2089 	2088 	2133
f 2088 	2132 	2133
f 2090 	2089 	2134
f 2089 	2133 	2134
f 2091 	2090 	2135
f 2090 	2134 	2135
f 2092 	2091 	2136
f 2091 	2135 	2136
f 2093 	2092 	2137
f 2092 	2136 	2137
f 2094 	2093 	2138
f 2093 	2137 	2138
f 2095 	2094 	2139
f 2094 	2138 	2139
f 2096 	2095 	2140
f 2095 	2139 	2140
f 2097 	2096 	2141
f 2096 	2140 	2141
f 2098 	2097 	2142
f 2097 	2141 	2142
f 2099 	2098 	2143
f 2098 	2142 	2143
f 2100 	2099 	2144
f 2099 	2143 	2144
f 2101 	2100 	2145
f 2100 	2144 	2145
f 2102 	2101 	2146
f 2101 	2145 	2146
f 2103 	2102 	2147
f 2102 	2146 	2147
f 2104 	2103 	2148
f 2103 	2147 	2148
f 2105 	2104 	2149
f 2104 	2148 	2149
f 2106 	2105 	2150
f 2105 	2149 	2150
f 2107 	2106 	2151
f 2106 	2150 	2151
f 2108 	2107 	2152
f 2107 	2151 	2152
f 2109 	2108 	2153
f 2108 	2152 	2153
f 2110 	2109 	2154
f 2109 	2153 	2154
f 2111 	2110 	2155
f 2110 	2154 	2155
f 2112 	2111 	2156
f 2111 	2155 	2156
f 2113 	2112 	2157
f 2112 	2156 	2157
f 2114 	2113 	2158
f 2113 	2157 	2158
f 2115 	2114 	2159
f 2114 	2158 	2159
f 2116 	2115 	2160
f 2115 	2159 	2160
f 2117 	2116 	2161
f 2116 	2160 	2161
f 2118 	2117 	2162
f 2117 	2161 	2162
f 2119 	2118 	2163
f 2118 	2162 	2163
f 2120 	2119 	2164
f 2119 	2163 	2164
f 2077 	2120 	2121
f 2120 	2164 	2121
f 2122 	2121 	2166
f 2121 	2165 	2166
f 2123 	2122 	2167
f 2122 	2166 	2167
f 2124 	2123 	2168
f 2123 	2167 	2168
f 2125 	2124 	2169
f 2124 	2168 	2169
f 2126 	2125 	2170
f 2125 	2169 	2170
f 2127 	2126 	2171
f 2126 	2170 	2171
f 2128 	2127 	2172
f 2127 	2171 	2172
f 2129 	2128 	2173
f 2128 	2172 	2173
f 2130 	2129 	2174
f 2129 	2173 	2174
f 2131 	2130 	2175
f 2130 	2174 	2175
f 2132 	2131 	2176
f 2131 	2175 	2176
f 2133 	2132 	2177
f 2132 	2176 	2177
f 2134 	2133 	2178
f 2133 	2177 	2178
f 2135 	2134 	2179
f 2134 	2178 	2179
f 2136 	2135 	2180
f 2135 	2179 	2180
f 2137 	2136 	2181
f 2136 	2180 	2181
f 2138 	2137 	2182
f 2137 	2181 	2182
f 2139 	2138 	2183
f 2138 	2182 	2183
f 2140 	2139 	2184
f 2139 	2183 	2184
f 2141 	2140 	2185
f 2140 	2184 	2185
f 2142 	2141 	2186
f 2141 	2185 	2186
f 2143 	2142 	2187
f 2142 	2186 	2187
f 2144 	2143 	2188
f 2143 	2187 	2188
f 2145 	2144 	2189
f 2144 	2188 	2189
f 2146 	2145 	2190
f 2145 	2189 	2190
f 2147 	2146 	2191
f 2146 	2190 	2191
f 2148 	2147 	2192
f 2147 	2191 	2192
f 2149 	2148 	2193
f 2148 	2192 	2193
f 2150 	2149 	2194
f 2149 	2193 	2194
f 2151 	2150 	2195
f 2150 	2194 	2195
f 2152 	2151 	2196
f 2151 	2195 	2196
f 2153 	2152 	2197
f 2152 	2196 	2197
f 2154 	2153 	2198
f 2153 	2197 	2198
f 2155 	2154 	2199
f 2154 	2198 	2199
f 2156 	2155 	2200
f 2155 	2199 	2200
f 2157 	2156 	2201
f 2156 	2200 	2201
f 2158 	2157 	2202
f 2157 	2201 	2202
f 2159 	2158 	2203
f 2158 	2202 	2203
f 2160 	2159 	2204
f 2159 	2203 	2204
f 2161 	2160 	2205
f 2160 	2204 	2205
f 2162 	2161 	2206
f 2161 	2205 	2206
f 2163 	2162 	2207
f 2162 	2206 	2207
f 2164 	2163 	2208
f 2163 	2207 	2208
f 2121 	2164 	2165
f 2164 	2208 	2165
f 2166 	2165 	2210
f 2165 	2209 	2210
f 2167 	2166 	2211
f 2166 	2210 	2211
f 2168 	2167 	2212
f 2167 	2211 	2212
f 2169 	2168 	2213
f 2168 	2212 	2213
f 2170 	2169 	2214
f 2169 	2213 	2214
f 2171 	2170 	2215
f 2170 	2214 	2215
f 2172 	2171 	2216
f 2171 	2215 	2216
f 2173 	2172 	2217
f 2172 	2216 	2217
f 2174 	2173 	2218
f 2173 	2217 	2218
f 2175 	2174 	2219
f 2174 	2218 	2219
f 2176 	2175 	2220
f 2175 	2219 	2220
f 2177 	2176 	2221
f 2176 	2220 	2221
f 2178 	2177 	2222
f 2177 	2221 	2222
f 2179 	2178 	2223
f 2178 	2222 	2223
f 2180 	2179 	2224
f 2179 	2223 	2224
f 2181 	2180 	2225
f 2180 	2224 	2225
f 2182 	2181 	2226
f 2181 	2225 	2226
f 2183 	2182 	2227
f 2182 	2226 	2227
f 2184 	2183 	2228
f 2183 	2227 	2228
f 2185 	2184 	2229
f 2184 	2228 	2229
f 2186 	2185 	2230
f 2185 	2229 	2230
f 2187 	2186 	2231
f 2186 	2230 	2231
f 2188 	2187 	2232
f 2187 	2231 	2232
f 2189 	2188 	2233
f 2188 	2232 	2233
f 2190 	2189 	2234
f 2189 	2233 	2234
f 2191 	2190 	2235
f 2190 	2234 	2235
f 2192 	2191 	2236
f 2191 	2235 	2236
f 2193 	2192 	2237
f 2192 	2236 	2237
f 2194 	2193 	2238
f 2193 	2237 	2238
f 2195 	2194 	2239
f 2194 	2238 	2239
f 2196 	2195 	2240
f 2195 	2239 	2240
f 2197 	2196 	2241
f 2196 	2240 	2241
f 2198 	2197 	2242
f 2197 	2241 	2242
f 2199 	2198 	2243
f 2198 	2242 	2243
f 2200 	2199 	2244
f 2199 	2243 	2244
f 2201 	2200 	2245
f 2200 	2244 	2245
f 2202 	2201 	2246
f 2201 	2245 	2246
f 2203 	2202 	2247
f 2202 	2246 	2247
f 2204 	2203 	2248
f 2203 	2247 	2248
f 2205 	2204 	2249
f 2204 	2248 	2249
f 2206 	2205 	2250
f 2205 	2249 	2250
f 2207 	2206 	2251
f 2206 	2250 	2251
f 2208 	2207 	2252
f 2207 	2251 	2252
f 2165 	2208 	2209
f 2208 	2252 	2209
f 2210 	2209 	2254
f 2209 	2253 	2254
f 2211 	2210 	2255
f 2210 	2254 	2255
f 2212 	2211 	2256
f 2211 	2255 	2256
f 2213 	2212 	2257
f 2212 	2256 	2257
f 2214 	2213 	2258
f 2213 	2257 	2258
f 2215 	2214 	2259
f 2214 	2258 	2259
f 2216 	2215 	2260
f 2215 	2259 	2260
f 2217 	2216 	2261
f 2216 	2260 	2261
f 2218 	2217 	2262
f 2217 	2261 	2262
f 2219 	2218 	2263
f 2218 	2262 	2263
f 2220 	2219 	2264
f 2219 	2263 	2264
f 2221 	2220 	2265
f 2220 	2264 	2265
f 2222 	2221 	2266
f 2221 	2265 	2266
f 2223 	2222 	2267
f 2222 	2266 	2267
f 2224 	2223 	2268
f 2223 	2267 	2268
f 2225 	2224 	2269
f 2224 	2268 	2269
f 2226 	2225 	2270
f 2225 	2269 	2270
f 2227 	2226 	2271
f 2226 	2270 	2271
f 2228 	2227 	2272
f 2227 	2271 	2272
f 2229 	2228 	2273
f 2228 	2272 	2273
f 2230 	2229 	2274
f 2229 	2273 	2274
f 2231 	2230 	2275
f 2230 	2274 	2275
f 2232 	2231 	2276
f 2231 	2275 	2276
f 2233 	2232 	2277
f 2232 	2276 	2277
f 2234 	2233 	2278
f 2233 	2277 	2278
f 2235 	2234 	2279
f 2234 	2278 	2279
f 2236 	2235 	2280
f 2235 	2279 	2280
f 2237 	2236 	2281
f 2236 	2280 	2281
f 2238 	2237 	2282
f 2237 	2281 	2282
f 2239 	2238 	2283
f 2238 	2282 	2283
f 2240 	2239 	2284
f 2239 	2283 	2284
f 2241 	2240 	2285
f 2240 	2284 	2285
f 2242 	2241 	2286
f 2241 	2285 	2286
f 2243 	2242 	2287
f 2242 	2286 	2287
f 2244 	2243 	2288
f 2243 	2287 	2288
f 2245 	2244 	2289
f 2244 	2288 	2289
f 2246 	2245 	2290
f 2245 	2289 	2290
f 2247 	2246 	2291
f 2246 	2290 	2291
f 2248 	2247 	2292
f 2247 	2291 	2292
f 2249 	2248 	2293
f 2248 	2292 	2293
f 2250 	2249 	2294
f 2249 	2293 	2294
f 2251 	2250 	2295
f 2250 	2294 	2295
f 2252 	2251 	2296
f 2251 	2295 	2296
f 2209 	2252 	2253
f 2252 	2296 	2253
f 2254 	2253 	2298
f 2253 	2297 	2298
f 2255 	2254 	2299
f 2254 	2298 	2299
f 2256 	2255 	2300
f 2255 	2299 	2300
f 2257 	2256 	2301
f 2256 	2300 	2301
f 2258 	2257 	2302
f 2257 	2301 	2302
f 2259 	2258 	2303
f 2258 	2302 	2303
f 2260 	2259 	2304
f 2259 	2303 	2304
f 2261 	2260 	2305
f 2260 	2304 	2305
f 2262 	2261 	2306
f 2261 	2305 	2306
f 2263 	2262 	2307
f 2262 	2306 	2307
f 2264 	2263 	2308
f 2263 	2307 	2308
f 2265 	2264 	2309
f 2264 	2308 	2309
f 2266 	2265 	2310
f 2265 	2309 	2310
f 2267 	2266 	2311
f 2266 	2310 	2311
f 2268 	2267 	2312
f 2267 	2311 	2312
f 2269 	2268 	2313
f 2268 	2312 	2313
f 2270 	2269 	2314
f 2269 	2313 	2314
f 2271 	2270 	2315
f 2270 	2314 	2315
f 2272 	2271 	2316
f 2271 	2315 	2316
f 2273 	2272 	2317
f 2272 	2316 	2317
f 2274 	2273 	2318
f 2273 	2317 	2318
f 2275 	2274 	2319
f 2274 	2318 	2319
f 2276 	2275 	2320
f 2275 	2319 	2320
f 2277 	2276 	2321
f 2276 	2320 	2321
f 2278 	2277 	2322
f 2277 	2321 	2322
f 2279 	2278 	2323
f 2278 	2322 	2323
f 2280 	2279 	2324
f 2279 	2323 	2324
f 2281 	2280 	2325
f 2280 	2324 	2325
f 2282 	2281 	2326
f 2281 	2325 	2326
f 2283 	2282 	2327
f 2282 	2326 	2327
f 2284 	2283 	2328
f 2283 	2327 	2328
f 2285 	2284 	2329
f 2284 	2328 	2329
f 2286 	2285 	2330
f 2285 	2329 	2330
f 2287 	2286 	2331
f 2286 	2330 	2331
f 2288 	2287 	2332
f 2287 	2331 	2332
f 2289 	2288 	2333
f 2288 	2332 	2333
f 2290 	2289 	2334
f 2289 	2333 	2334
f 2291 	2290 	2335
f 2290 	2334 	2335
f 2292 	2291 	2336
f 2291 	2335 	2336
f 2293 	2292 	2337
f 2292 	2336 	2337
f 2294 	2293 	2338
f 2293 	2337 	2338
f 2295 	2294 	2339
f 2294 	2338 	2339
f 2296 	2295 	2340
f 2295 	2339 	2340
f 2253 	2296 	2297
f 2296 	2340 	2297
f 2298 	2297 	2342
f 2297 	2341 	2342
f 2299 	2298 	2343
f 2298 	2342 	2343
f 2300 	2299 	2344
f 2299 	2343 	2344
f 2301 	2300 	2345
f 2300 	2344 	2345
f 2302 	2301 	2346
f 2301 	2345 	2346
f 2303 	2302 	2347
f 2302 	2346 	2347
f 2304 	2303 	2348
f 2303 	2347 	2348
f 2305 	2304 	2349
f 2304 	2348 	2349
f 2306 	2305 	2350
f 2305 	2349 	2350
f 2307 	2306 	2351
f 2306 	2350 	2351
f 2308 	2307 	2352
f 2307 	2351 	2352
f 2309 	2308 	2353
f 2308 	2352 	2353
f 2310 	2309 	2354
f 2309 	2353 	2354
f 2311 	2310 	2355
f 2310 	2354 	2355
f 2312 	2311 	2356
f 2311 	2355 	2356
f 2313 	2312 	2357
f 2312 	2356 	2357
f 2314 	2313 	2358
f 2313 	2357 	2358
f 2315 	2314 	2359
f 2314 	2358 	2359
f 2316 	2315 	2360
f 2315 	2359 	2360
f 2317 	2316 	2361
f 2316 	2360 	2361
f 2318 	2317 	2362
f 2317 	2361 	2362
f 2319 	2318 	2363
f 2318 	2362 	2363
f 2320 	2319 	2364
f 2319 	2363 	2364
f 2321 	2320 	2365
f 2320 	2364 	2365
f 2322 	2321 	2366
f 2321 	2365 	2366
f 2323 	2322 	2367
f 2322 	2366 	2367
f 2324 	2323 	2368
f 2323 	2367 	2368
f 2325 	2324 	2369
f 2324 	2368 	2369
f 2326 	2325 	2370
f 2325 	2369 	2370
f 2327 	2326 	2371
f 2326 	2370 	2371
f 2328 	2327 	2372
f 2327 	2371 	2372
f 2329 	2328 	2373
f 2328 	2372 	2373
f 2330 	2329 	2374
f 2329 	2373 	2374
f 2331 	2330 	2375
f 2330 	2374 	2375
f 2332 	2331 	2376
f 2331 	2375 	2376
f 2333 	2332 	2377
f 2332 	2376 	2377
f 2334 	2333 	2378
f 2333 	2377 	2378
f 2335 	2334 	2379
f 2334 	2378 	2379
f 2336 	2335 	2380
f 2335 	2379 	2380
f 2337 	2336 	2381
f 2336 	2380 	2381
f 2338 	2337 	2382
f 2337 	2381 	2382
f 2339 	2338 	2383
f 2338 	2382 	2383
f 2340 	2339 	2384
f 2339 	2383 	2384
f 2297 	2340 	2341
f 2340 	2384 	2341
f 2342 	2341 	2386
f 2341 	2385 	2386
f 2343 	2342 	2387
f 2342 	2386 	2387
f 2344 	2343 	2388
f 2343 	2387 	2388
f 2345 	2344 	2389
f 2344 	2388 	2389
f 2346 	2345 	2390
f 2345 	2389 	2390
f 2347 	2346 	2391
f 2346 	2390 	2391
f 2348 	2347 	2392
f 2347 	2391 	2392
f 2349 	2348 	2393
f 2348 	2392 	2393
f 2350 	2349 	2394
f 2349 	2393 	2394
f 2351 	2350 	2395
f 2350 	2394 	2395
f 2352 	2351 	2396
f 2351 	2395 	2396
f 2353 	2352 	2397
f 2352 	2396 	2397
f 2354 	2353 	2398
f 2353 	2397 	2398
f 2355 	2354 	2399
f 2354 	2398 	2399
f 2356 	2355 	2400
f 2355 	2399 	2400
f 2357 	2356 	2401
f 2356 	2400 	2401
f 2358 	2357 	2402
f 2357 	2401 	2402
f 2359 	2358 	2403
f 2358 	2402 	2403
f 2360 	2359 	2404
f 2359 	2403 	2404
f 2361 	2360 	2405
f 2360 	2404 	2405
f 2362 	2361 	2406
f 2361 	2405 	2406
f 2363 	2362 	2407
f 2362 	2406 	2407
f 2364 	2363 	2408
f 2363 	2407 	2408
f 2365 	2364 	2409
f 2364 	2408 	2409
f 2366 	2365 	2410
f 2365 	2409 	2410
f 2367 	2366 	2411
f 2366 	2410 	2411
f 2368 	2367 	2412
f 2367 	2411 	2412
f 2369 	2368 	2413
f 2368 	2412 	2413
f 2370 	2369 	2414
f 2369 	2413 	2414
f 2371 	2370 	2415
f 2370 	2414 	2415
f 2372 	2371 	2416
f 2371 	2415 	2416
f 2373 	2372 	2417
f 2372 	2416 	2417
f 2374 	2373 	2418
f 2373 	2417 	2418
f 2375 	2374 	2419
f 2374 	2418 	2419
f 2376 	2375 	2420
f 2375 	2419 	2420
f 2377 	2376 	2421
f 2376 	2420 	2421
f 2378 	2377 	2422
f 2377 	2421 	2422
f 2379 	2378 	2423
f 2378 	2422 	2423
f 2380 	2379 	2424
f 2379 	2423 	2424
f 2381 	2380 	2425
f 2380 	2424 	2425
f 2382 	2381 	2426
f 2381 	2425 	2426
f 2383 	2382 	2427
f 2382 	2426 	2427
f 2384 	2383 	2428
f 2383 	2427 	2428
f 2341 	2384 	2385
f 2384 	2428 	2385
f 2386 	2385 	2430
f 2385 	2429 	2430
f 2387 	2386 	2431
f 2386 	2430 	2431
f 2388 	2387 	2432
f 2387 	2431 	2432
f 2389 	2388 	2433
f 2388 	2432 	2433
f 2390 	2389 	2434
f 2389 	2433 	2434
f 2391 	2390 	2435
f 2390 	2434 	2435
f 2392 	2391 	2436
f 2391 	2435 	2436
f 2393 	2392 	2437
f 2392 	2436 	2437
f 2394 	2393 	2438
f 2393 	2437 	2438
f 2395 	2394 	2439
f 2394 	2438 	2439
f 2396 	2395 	2440
f 2395 	2439 	2440
f 2397 	2396 	2441
f 2396 	2440 	2441
f 2398 	2397 	2442
f 2397 	2441 	2442
f 2399 	2398 	2443
f 2398 	2442 	2443
f 2400 	2399 	2444
f 2399 	2443 	2444
f 2401 	2400 	2445
f 2400 	2444 	2445
f 2402 	2401 	2446
f 2401 	2445 	2446
f 2403 	2402 	2447
f 2402 	2446 	2447
f 2404 	2403 	2448
f 2403 	2447 	2448
f 2405 	2404 	2449
f 2404 	2448 	2449
f 2406 	2405 	2450
f 2405 	2449 	2450
f 2407 	2406 	2451
f 2406 	2450 	2451
f 2408 	2407 	2452
f 2407 	2451 	2452
f 2409 	2408 	2453
f 2408 	2452 	2453
f 2410 	2409 	2454
f 2409 	2453 	2454
f 2411 	2410 	2455
f 2410 	2454 	2455
f 2412 	2411 	2456
f 2411 	2455 	2456
f 2413 	2412 	2457
f 2412 	2456 	2457
f 2414 	2413 	2458
f 2413 	2457 	2458
f 2415 	2414 	2459
f 2414 	2458 	2459
f 2416 	2415 	2460
f 2415 	2459 	2460
f 2417 	2416 	2461
f 2416 	2460 	2461
f 2418 	2417 	2462
f 2417 	2461 	2462
f 2419 	2418 	2463
f 2418 	2462 	2463
f 2420 	2419 	2464
f 2419 	2463 	2464
f 2421 	2420 	2465
f 2420 	2464 	2465
f 2422 	2421 	2466
f 2421 	2465 	2466
f 2423 	2422 	2467
f 2422 	2466 	2467
f 2424 	2423 	2468
f 2423 	2467 	2468
f 2425 	2424 	2469
f 2424 	2468 	2469
f 2426 	2425 	2470
f 2425 	2469 	2470
f 2427 	2426 	2471
f 2426 	2470 	2471
f 2428 	2427 	2472
f 2427 	2471 	2472
f 2385 	2428 	2429
f 2428 	2472 	2429
f 2430 	2429 	2474
f 2429 	2473 	2474
f 2431 	2430 	2475
f 2430 	2474 	2475
f 2432 	2431 	2476
f 2431 	2475 	2476
f 2433 	2432 	2477
f 2432 	2476 	2477
f 2434 	2433 	2478
f 2433 	2477 	2478
f 2435 	2434 	2479
f 2434 	2478 	2479
f 2436 	2435 	2480
f 2435 	2479 	2480
f 2437 	2436 	2481
f 2436 	2480 	2481
f 2438 	2437 	2482
f 2437 	2481 	2482
f 2439 	2438 	2483
f 2438 	2482 	2483
f 2440 	2439 	2484
f 2439 	2483 	2484
f 2441 	2440 	2485
f 2440 	2484 	2485
f 2442 	2441 	2486
f 2441 	2485 	2486
f 2443 	2442 	2487
f 2442 	2486 	2487
f 2444 	2443 	2488
f 2443 	2487 	2488
f 2445 	2444 	2489
f 2444 	2488 	2489
f 2446 	2445 	2490
f 2445 	2489 	2490
f 2447 	2446 	2491
f 2446 	2490 	2491
f 2448 	2447 	2492
f 2447 	2491 	2492
f 2449 	2448 	2493
f 2448 	2492 	2493
f 2450 	2449 	2494
f 2449 	2493 	2494
f 2451 	2450 	2495
f 2450 	2494 	2495
f 2452 	2451 	2496
f 2451 	2495 	2496
f 2453 	2452 	2497
f 2452 	2496 	2497
f 2454 	2453 	2498
f 2453 	2497 	2498
f 2455 	2454 	2499
f 2454 	2498 	2499
f 2456 	2455 	2500
f 2455 	2499 	2500
f 2457 	2456 	2501
f 2456 	2500 	2501
f 2458 	2457 	2502
f 2457 	2501 	2502
f 2459 	2458 	2503
f 2458 	2502 	2503
f 2460 	2459 	2504
f 2459 	2503 	2504
f 2461 	2460 	2505
f 2460 	2504 	2505
f 2462 	2461 	2506
f 2461 	2505 	2506
f 2463 	2462 	2507
f 2462 	2506 	2507
f 2464 	2463 	2508
f 2463 	2507 	2508
f 2465 	2464 	2509
f 2464 	2508 	2509
f 2466 	2465 	2510
f 2465 	2509 	2510
f 2467 	2466 	2511
f 2466 	2510 	2511
f 2468 	2467 	2512
f 2467 	2511 	2512
f 2469 	2468 	2513
f 2468 	2512 	2513
f 2470 	2469 	2514
f 2469 	2513 	2514
f 2471 	2470 	2515
f 2470 	2514 	2515
f 2472 	2471 	2516
f 2471 	2515 	2516
f 2429 	2472 	2473
f 2472 	2516 	2473
f 2474 	2473 	2518
f 2473 	2517 	2518
f 2475 	2474 	2519
f 2474 	2518 	2519
f 2476 	2475 	2520
f 2475 	2519 	2520
f 2477 	2476 	2521
f 2476 	2520 	2521
f 2478 	2477 	2522
f 2477 	2521 	2522
f 2479 	2478 	2523
f 2478 	2522 	2523
f 2480 	2479 	2524
f 2479 	2523 	2524
f 2481 	2480 	2525
f 2480 	2524 	2525
f 2482 	2481 	2526
f 2481 	2525 	2526
f 2483 	2482 	2527
f 2482 	2526 	2527
f 2484 	2483 	2528
f 2483 	2527 	2528
f 2485 	2484 	2529
f 2484 	2528 	2529
f 2486 	2485 	2530
f 2485 	2529 	2530
f 2487 	2486 	2531
f 2486 	2530 	2531
f 2488 	2487 	2532
f 2487 	2531 	2532
f 2489 	2488 	2533
f 2488 	2532 	2533
f 2490 	2489 	2534
f 2489 	2533 	2534
f 2491 	2490 	2535
f 2490 	2534 	2535
f 2492 	2491 	2536
f 2491 	2535 	2536
f 2493 	2492 	2537
f 2492 	2536 	2537
f 2494 	2493 	2538
f 2493 	2537 	2538
f 2495 	2494 	2539
f 2494 	2538 	2539
f 2496 	2495 	2540
f 2495 	2539 	2540
f 2497 	2496 	2541
f 2496 	2540 	2541
f 2498 	2497 	2542
f 2497 	2541 	2542
f 2499 	2498 	2543
f 2498 	2542 	2543
f 2500 	2499 	2544
f 2499 	2543 	2544
f 2501 	2500 	2545
f 2500 	2544 	2545
f 2502 	2501 	2546
f 2501 	2545 	2546
f 2503 	2502 	2547
f 2502 	2546 	2547
f 2504 	2503 	2548
f 2503 	2547 	2548
f 2505 	2504 	2549
f 2504 	2548 	2549
f 2506 	2505 	2550
f 2505 	2549 	2550
f 2507 	2506 	2551
f 2506 	2550 	2551
f 2508 	2507 	2552
f 2507 	2551 	2552
f 2509 	2508 	2553
f 2508 	2552 	2553
f 2510 	2509 	2554
f 2509 	2553 	2554
f 2511 	2510 	2555
f 2510 	2554 	2555
f 2512 	2511 	2556
f 2511 	2555 	2556
f 2513 	2512 	2557
f 2512 	2556 	2557
f 2514 	2513 	2558
f 2513 	2557 	2558
f 2515 	2514 	2559
f 2514 	2558 	2559
f 2516 	2515 	2560
f 2515 	2559 	2560
f 2473 	2516 	2517
f 2516 	2560 	2517
f 2518 	2517 	2562
f 2517 	2561 	2562
f 2519 	2518 	2563
f 2518 	2562 	2563
f 2520 	2519 	2564
f 2519 	2563 	2564
f 2521 	2520 	2565
f 2520 	2564 	2565
f 2522 	2521 	2566
f 2521 	2565 	2566
f 2523 	2522 	2567
f 2522 	2566 	2567
f 2524 	2523 	2568
f 2523 	2567 	2568
f 2525 	2524 	2569
f 2524 	2568 	2569
f 2526 	2525 	2570
f 2525 	2569 	2570
f 2527 	2526 	2571
f 2526 	2570 	2571
f 2528 	2527 	2572
f 2527 	2571 	2572
f 2529 	2528 	2573
f 2528 	2572 	2573
f 2530 	2529 	2574
f 2529 	2573 	2574
f 2531 	2530 	2575
f 2530 	2574 	2575
f 2532 	2531 	2576
f 2531 	2575 	2576
f 2533 	2532 	2577
f 2532 	2576 	2577
f 2534 	2533 	2578
f 2533 	2577 	2578
f 2535 	2534 	2579
f 2534 	2578 	2579
f 2536 	2535 	2580
f 2535 	2579 	2580
f 2537 	2536 	2581
f 2536 	2580 	2581
f 2538 	2537 	2582
f 2537 	2581 	2582
f 2539 	2538 	2583
f 2538 	2582 	2583
f 2540 	2539 	2584
f 2539 	2583 	2584
f 2541 	2540 	2585
f 2540 	2584 	2585
f 2542 	2541 	2586
f 2541 	2585 	2586
f 2543 	2542 	2587
f 2542 	2586 	2587
f 2544 	2543 	2588
f 2543 	2587 	2588
f 2545 	2544 	2589
f 2544 	2588 	2589
f 2546 	2545 	2590
f 2545 	2589 	2590
f 2547 	2546 	2591
f 2546 	2590 	2591
f 2548 	2547 	2592
f 2547 	2591 	2592
f 2549 	2548 	2593
f 2548 	2592 	2593
f 2550 	2549 	2594
f 2549 	2593 	2594
f 2551 	2550 	2595
f 2550 	2594 	2595
f 2552 	2551 	2596
f 2551 	2595 	2596
f 2553 	2552 	2597
f 2552 	2596 	2597
f 2554 	2553 	2598
f 2553 	2597 	2598
f 2555 	2554 	2599
f 2554 	2598 	2599
f 2556 	2555 	2600
f 2555 	2599 	2600
f 2557 	2556 	2601
f 2556 	2600 	2601
f 2558 	2557 	2602
f 2557 	2601 	2602
f 2559 	2558 	2603
f 2558 	2602 	2603
f 2560 	2559 	2604
f 2559 	2603 	2604
f 2517 	2560 	2561
f 2560 	2604 	2561
f 2562 	2561 	2606
f 2561 	2605 	2606
f 2563 	2562 	2607
f 2562 	2606 	2607
f 2564 	2563 	2608
f 2563 	2607 	2608
f 2565 	2564 	2609
f 2564 	2608 	2609
f 2566 	2565 	2610
f 2565 	2609 	2610
f 2567 	2566 	2611
f 2566 	2610 	2611
f 2568 	2567 	2612
f 2567 	2611 	2612
f 2569 	2568 	2613
f 2568 	2612 	2613
f 2570 	2569 	2614
f 2569 	2613 	2614
f 2571 	2570 	2615
f 2570 	2614 	2615
f 2572 	2571 	2616
f 2571 	2615 	2616
f 2573 	2572 	2617
f 2572 	2616 	2617
f 2574 	2573 	2618
f 2573 	2617 	2618
f 2575 	2574 	2619
f 2574 	2618 	2619
f 2576 	2575 	2620
f 2575 	2619 	2620
f 2577 	2576 	2621
f 2576 	2620 	2621
f 2578 	2577 	2622
f 2577 	2621 	2622
f 2579 	2578 	2623
f 2578 	2622 	2623
f 2580 	2579 	2624
f 2579 	2623 	2624
f 2581 	2580 	2625
f 2580 	2624 	2625
f 2582 	2581 	2626
f 2581 	2625 	2626
f 2583 	2582 	2627
f 2582 	2626 	2627
f 2584 	2583 	2628
f 2583 	2627 	2628
f 2585 	2584 	2629
f 2584 	2628 	2629
f 2586 	2585 	2630
f 2585 	2629 	2630
f 2587 	2586 	2631
f 2586 	2630 	2631
f 2588 	2587 	2632
f 2587 	2631 	2632
f 2589 	2588 	2633
f 2588 	2632 	2633
f 2590 	2589 	2634
f 2589 	2633 	2634
f 2591 	2590 	2635
f 2590 	2634 	2635
f 2592 	2591 	2636
f 2591 	2635 	2636
f 2593 	2592 	2637
f 2592 	2636 	2637
f 2594 	2593 	2638
f 2593 	2637 	2638
f 2595 	2594 	2639
f 2594 	2638 	2639
f 2596 	2595 	2640
f 2595 	2639 	2640
f 2597 	2596 	2641
f 2596 	2640 	2641
f 2598 	2597 	2642
f 2597 	2641 	2642
f 2599 	2598 	2643
f 2598 	2642 	2643
f 2600 	2599 	2644
f 2599 	2643 	2644
f 2601 	2600 	2645
f 2600 	2644 	2645
f 2602 	2601 	2646
f 2601 	2645 	2646
f 2603 	2602 	2647
f 2602 	2646 	2647
f 2604 	2603 	2648
f 2603 	2647 	2648
f 2561 	2604 	2605
f 2604 	2648 	2605
f 2606 	2605 	2650
f 2605 	2649 	2650
f 2607 	2606 	2651
f 2606 	2650 	2651
f 2608 	2607 	2652
f 2607 	2651 	2652
f 2609 	2608 	2653
f 2608 	2652 	2653
f 2610 	2609 	2654
f 2609 	2653 	2654
f 2611 	2610 	2655
f 2610 	2654 	2655
f 2612 	2611 	2656
f 2611 	2655 	2656
f 2613 	2612 	2657
f 2612 	2656 	2657
f 2614 	2613 	2658
f 2613 	2657 	2658
f 2615 	2614 	2659
f 2614 	2658 	2659
f 2616 	2615 	2660
f 2615 	2659 	2660
f 2617 	2616 	2661
f 2616 	2660 	2661
f 2618 	2617 	2662
f 2617 	2661 	2662
f 2619 	2618 	2663
f 2618 	2662 	2663
f 2620 	2619 	2664
f 2619 	2663 	2664
f 2621 	2620 	2665
f 2620 	2664 	2665
f 2622 	2621 	2666
f 2621 	2665 	2666
f 2623 	2622 	2667
f 2622 	2666 	2667
f 2624 	2623 	2668
f 2623 	2667 	2668
f 2625 	2624 	2669
f 2624 	2668 	2669
f 2626 	2625 	2670
f 2625 	2669 	2670
f 2627 	2626 	2671
f 2626 	2670 	2671
f 2628 	2627 	2672
f 2627 	2671 	2672
f 2629 	2628 	2673
f 2628 	2672 	2673
f 2630 	2629 	2674
f 2629 	2673 	2674
f 2631 	2630 	2675
f 2630 	2674 	2675
f 2632 	2631 	2676
f 2631 	2675 	2676
f 2633 	2632 	2677
f 2632 	2676 	2677
f 2634 	2633 	2678
f 2633 	2677 	2678
f 2635 	2634 	2679
f 2634 	2678 	2679
f 2636 	2635 	2680
f 2635 	2679 	2680
f 2637 	2636 	2681
f 2636 	2680 	2681
f 2638 	2637 	2682
f 2637 	2681 	2682
f 2639 	2638 	2683
f 2638 	2682 	2683
f 2640 	2639 	2684
f 2639 	2683 	2684
f 2641 	2640 	2685
f 2640 	2684 	2685
f 2642 	2641 	2686
f 2641 	2685 	2686
f 2643 	2642 	2687
f 2642 	2686 	2687
f 2644 	2643 	2688
f 2643 	2687 	2688
f 2645 	2644 	2689
f 2644 	2688 	2689
f 2646 	2645 	2690
f 2645 	2689 	2690
f 2647 	2646 	2691
f 2646 	2690 	2691
f 2648 	2647 	2692
f 2647 	2691 	2692
f 2605 	2648 	2649
f 2648 	2692 	2649
f 2650 	2649 	2693
f 2651 	2650 	2693
f 2652 	2651 	2693
f 2653 	2652 	2693
f 2654 	2653 	2693
f 2655 	2654 	2693
f 2656 	2655 	2693
f 2657 	2656 	2693
f 2658 	2657 	2693
f 2659 	2658 	2693
f 2660 	2659 	2694
f 2659 	2693 	2694
f 2661 	2660 	2694
f 2662 	2661 	2694
f 2663 	2662 	2694
f 2664 	2663 	2694
f 2665 	2664 	2694
f 2666 	2665 	2694
f 2667 	2666 	2694
f 2668 	2667 	2694
f 2669 	2668 	2694
f 2670 	2669 	2694
f 2671 	2670 	2695
f 2670 	2694 	2695
f 2672 	2671 	2695
f 2673 	2672 	2695
f 2674 	2673 	2695
f 2675 	2674 	2695
f 2676 	2675 	2695
f 2677 	2676 	2695
f 2678 	2677 	2695
f 2679 	2678 	2695
f 2680 	2679 	2695
f 2681 	2680 	2695
f 2682 	2681 	2696
f 2681 	2695 	2696
f 2683 	2682 	2696
f 2684 	2683 	2696
f 2685 	2684 	2696
f 2686 	2685 	2696
f 2687 	2686 	2696
f 2688 	2687 	2696
f 2689 	2688 	2696
f 2690 	2689 	2696
f 2691 	2690 	2696
f 2692 	2691 	2696
f 2649 	2692 	2693
f 2692 	2696 	2693
f 1809 	1810 	1812
f 1810 	1811 	1812
f 2693 	2696 	2694
f 2694 	2696 	2695
# 1772 faces

 #end of obj_3

