# Object Export From Tinkercad Server 2015

mtllib obj.mtl

o obj_0
v -45.824 		25.159 		41.374
v -17.856 		1.169 		29.662
v -17.142 		0.669 		29.662
v -12.545 		8.198 		20.698
v 4.096 		7.4611 		36.0406
v 4.0058 		7.4128 		36.086
v 3.859 		6.252 		35.75
v -9.746 		28.218 		0.456
v -18.472 		1.785 		29.662
v -12.882 		8.62 		20.698
v 7.1838 		26.1513 		9.8964
v 7.2031 		26.2884 		9.9037
v 7.2032 		26.2894 		9.9037
v 0 		4.7621 		36.5588
v 0.0018 		4.7635 		36.5592
v 7.475 		25.739 		9.848
v 0.0037 		4.7649 		36.5596
v 5.261 		41.491 		49.284
v 0.189 		4.524 		36.393
v -18.972 		2.499 		29.662
v 2.964 		44.772 		49.284
v -13.273 		8.962 		20.698
v -44.831 		25.961 		40.823
v -12.036 		25.488 		0.456
v -39.2295 		13.0645 		30.3481
v -39.3867 		13.236 		30
v -11.292 		26.009 		0.456
v -39.4031 		13.2727 		29.9122
v -39.4726 		13.4289 		29.5377
v 4.35 		33.349 		52.981
v -13.705 		9.214 		20.698
v 0.5849 		5.1913 		36.6192
v 0.9116 		5.431 		36.6528
v 3.48 		36.595 		52.981
v 7.0898 		25.8476 		9.8842
v -15.546 		24.87 		0.456
v 1.283 		5.099 		36.393
v 7.2372 		26.5497 		9.9149
v 7.2469 		26.624 		9.9181
v -14.641 		24.791 		0.456
v 7.689 		26.102 		9.848
v -47.796 		24.622 		40.696
v 7.991 		33.991 		49.284
v -13.736 		24.87 		0.456
v -46.904 		25.467 		40.069
v 1.8226 		6.0615 		36.6303
v -14.166 		9.368 		20.698
v 6.954 		37.86 		49.284
v 2.227 		5.807 		36.393
v -16.84 		2.379 		30.399
v 1.9489 		6.144 		36.6121
v -45.99 		26.291 		39.424
v -17.262 		2.801 		30.399
v 1.926 		4.524 		35.75
v 7.863 		26.524 		9.848
v 2.993 		5.325 		35.75
v 10.945 		34.512 		45
v -47.899 		25.344 		38.67
v -48.739 		24.799 		37.27
v 9.773 		38.886 		45
v 2.399 		4.101 		35.039
v -12.859 		25.105 		0.456
v 3.557 		4.97 		35.039
v -14.641 		9.42 		20.698
v -47.056 		26.159 		37.923
v 7.859 		42.99 		45
v 6.9204 		25.3227 		9.8564
v 6.9266 		25.3411 		9.8576
v 6.9277 		25.3443 		9.8578
v -15.116 		9.368 		20.698
v 6.953 		25.226 		9.848
v -21.464 		1.076 		16.868
v 6.8765 		25.1912 		9.848
v 3.903 		4.752 		34.281
v -46.203 		26.945 		37.176
v 7.01 		25.6 		9.8712
v 7.227 		25.443 		9.848
v -45.069 		27.086 		38.772
v -15.577 		9.214 		20.698
v -39.5915 		13.6942 		28.909
v 4.019 		4.679 		33.5
v -16.009 		8.962 		20.698
v -7.141 		17.01 		4.019
v -4.999 		18.509 		4.019
v 6.6424 		24.576 		9.7809
v 6.6994 		24.7204 		9.7986
v 0.689 		3.875 		35.75
v 6.7607 		24.8831 		9.8157
v -40.466 		14.081 		28.519
v -8.046 		22.14 		1.809
v 1.057 		3.397 		35.039
v -6.781 		23.405 		1.809
v 1.283 		3.103 		34.281
v -19.336 		1.076 		19.214
v 8.023 		24.629 		9.659
v 2.689 		3.842 		34.281
v -39.833 		14.138 		27.892
v -14.641 		19.739 		1.809
v -18.58 		0.132 		19.214
v 1.359 		3.005 		33.5
v -12.859 		19.895 		1.809
v 2.787 		3.755 		33.5
v -11.132 		20.358 		1.809
v 8.557 		23.546 		9.397
v -9.511 		21.114 		1.809
v 8.979 		24.263 		9.397
v -12.641 		10.33 		20.33
v -39.6666 		13.8614 		28.5139
v -39.7729 		14.0985 		27.9536
v -13.273 		10.698 		20.33
v 9.596 		23.382 		9.063
v 10.019 		24.408 		9.063
v 4.888 		5.807 		32.719
v 10.189 		22.536 		8.66
v -39.7925 		14.1419 		27.8521
v -40.2172 		14.8715 		27.0432
v -13.946 		10.924 		20.33
v 10.689 		23.75 		8.66
v 5.613 		6.974 		32.719
v -40.3751 		15.1425 		26.7434
v -19.948 		0.433 		18.5
v -14.641 		11 		20.33
v -19.771 		29.095 		0.456
v -19.85 		30 		0.456
v -39.7794 		14.1129 		27.92
v 11.326 		23.125 		8.192
v -19.153 		32.605 		0.456
v -19.536 		31.782 		0.456
v 8.472 		21.778 		9.063
v 13.121 		34.895 		40.261
v 9.076 		22.496 		9.063
v 4.643 		7.019 		30
v 11.85 		39.642 		40.261
v -15.336 		10.924 		20.33
v -19.771 		30.905 		0.456
v 8.859 		20.639 		8.66
v -40.227 		15.228 		24.791
v 4.497 		5.976 		31.961
v 9.773 		44.095 		40.261
v 9.573 		21.489 		8.66
v -16.009 		10.698 		20.33
v -40.808 		15.769 		26.107
v -20.641 		1.67 		18.5
v 14.454 		35.13 		35.209
v 10.046 		20.53 		8.192
v -21.705 		2.786 		17.71
v -40.4667 		15.4116 		26.3918
v 13.121 		40.105 		35.209
v 5.189 		7.09 		31.961
v 10.753 		21.732 		8.192
v -21.151 		1.302 		17.71
v -40.6975 		16.0428 		25.7319
v -40.6004 		15.8036 		25.8819
v 10.945 		44.772 		35.209
v 8.321 		18.837 		8.192
v -40.7881 		16.2659 		25.592
v 9.227 		19.556 		8.192
v -22.044 		2.632 		16.868
v 12.399 		24.263 		7.66
v 12.483 		21.99 		7.071
v -44.85 		28.339 		33.224
v 13.004 		23.889 		7.071
v 4.5643 		7.1128 		31.3998
v 4.497 		7.0623 		31.3682
v -47.958 		25.574 		36.422
v 4.677 		7.2298 		31.4349
v 12.993 		21.489 		6.428
v 4.245 		6.8733 		31.25
v -48.633 		24.577 		35.023
v 13.557 		23.546 		6.428
v 5.5752 		8.192 		31.9537
v 5.0599 		7.64 		31.656
v -47.162 		26.324 		35.58
v 4.096 		6.7639 		31.2026
v -47.88 		25.263 		34.093
v 13.453 		21.037 		5.736
v -46.368 		27.04 		34.758
v 14.903 		35.209 		30
v 3.859 		6.252 		31.25
v 14.057 		23.237 		5.736
v 13.55 		40.261 		30
v -45.356 		27.695 		36.442
v -47.125 		25.92 		33.189
v 11.34 		45 		30
v 3.5694 		6.3774 		31.035
v 3.5693 		6.3773 		31.035
v 3.2447 		6.144 		30.9786
v 13.859 		20.639 		5
v -40.507 		15.5298 		26.238
v -24.283 		26.491 		1.809
v 3.7082 		6.4793 		31.0792
v 14.497 		22.965 		5
v 14.454 		35.13 		24.791
v 3.7912 		6.5402 		31.1056
v 3.903 		4.752 		32.719
v 13.121 		40.105 		24.791
v -43.74 		13.871 		31.841
v -23.527 		24.87 		1.809
v 14.876 		22.73 		4.226
v 10.945 		44.772 		24.791
v 2.399 		4.101 		31.961
v -44.138 		15.272 		29.828
v 3.557 		4.97 		31.961
v -45.592 		27.714 		33.968
v -42.838 		13.913 		30.911
v 11.283 		20.976 		7.66
v 11.926 		22.536 		7.66
v -41.46 		13.008 		32.324
v -43.335 		15.38 		28.911
v 2.993 		5.325 		31.25
v -41.982 		13.964 		30.04
v -8.131 		8.962 		18.5
v 4.35 		26.651 		52.981
v -7.577 		9.214 		17.71
v 4.643 		30 		52.981
v -19.536 		28.218 		0.456
v 12.634 		19.049 		5.736
v -19.153 		27.395 		0.456
v -8.131 		10.698 		17.71
v 2.5196 		5.6229 		30.8527
v 2.5196 		5.6228 		30.8527
v 2.1174 		5.34 		30.8411
v 7.991 		26.009 		49.284
v -18.632 		26.651 		0.456
v 12.993 		18.537 		5
v -17.99 		26.009 		0.456
v 8.34 		30 		49.284
v 2.048 		5.2911 		30.8391
v 13.302 		18.096 		4.226
v 2.993 		5.9631 		30.9349
v -7.238 		9.368 		16.868
v 14.208 		20.296 		4.226
v -7.818 		10.924 		16.868
v 1.926 		4.524 		31.25
v 3.48 		23.405 		52.981
v -41.186 		14.022 		29.239
v -7.8536 		10.9875 		16.868
v -7.863 		11 		16.8727
v 5.261 		18.509 		49.284
v 0.451 		4.1839 		30.9439
v 0.4487 		4.1824 		30.9445
v 0.3204 		4.096 		30.9769
v 9.573 		18.537 		7.66
v -7.8496 		10.9814 		16.8648
v 6.954 		22.14 		49.284
v 10.491 		19.629 		7.66
v 1.4995 		4.9054 		30.8235
v 1.0334 		4.5847 		30.8772
v -17.246 		25.488 		0.456
v 10.904 		18.792 		7.071
v -16.423 		25.105 		0.456
v 11.776 		20.273 		7.071
v 1.283 		3.103 		32.719
v -7.4106 		10.0309 		16.384
v -7.4698 		10.1645 		16.4444
v 7.859 		17.01 		45
v 12.227 		19.629 		6.428
v 9.773 		21.114 		45
v -7.5261 		10.2916 		16.5021
v -7.7451 		10.7864 		16.7271
v -7.8141 		10.9268 		16.8358
v 2.689 		3.842 		32.719
v -7.8321 		10.9544 		16.8504
v 10.945 		25.488 		45
v 0.359 		4.019 		30
v 11.34 		30 		45
v -42.588 		15.488 		28.07
v -41.909 		15.592 		27.315
v 1.057 		3.397 		31.961
v -41.313 		15.686 		26.658
v -44.839 		22.68 		43.728
v -44.732 		24.442 		42.494
v 0.689 		3.875 		31.25
v -48.027 		20.634 		44.547
v -24.283 		18.509 		4.019
v -27.036 		44.772 		7.019
v -22.141 		17.01 		4.019
v -48.718 		21.357 		43.971
v -29.413 		42.395 		7.019
v 8.557 		17.732 		7.66
v -19.948 		2.17 		19.214
v 8.777 		16.704 		7.071
v 0.3145 		4.0924 		30.9782
v 0.3162 		4.0932 		30.978
v 0 		3.9483 		31.0048
v 9.895 		17.59 		7.071
v -47.018 		21.308 		44.335
v -18.58 		1.868 		19.83
v -47.8 		22.126 		43.683
v -31.839 		41.086 		5.736
v -17.946 		1.076 		19.83
v 10.189 		16.722 		6.428
v -12.14 		9.331 		29.662
v 11.283 		18.024 		6.428
v -17.212 		0.433 		19.83
v -45.194 		20.842 		44.514
v -31.679 		41.835 		5
v -10.81 		8.215 		29.662
v -45.95 		21.993 		44.058
v -30.109 		41.343 		4.226
v -31.541 		42.478 		4.226
v 11.624 		17.332 		5.736
v -46.819 		22.901 		43.334
v 11.926 		16.722 		5
v 2.964 		15.228 		49.284
v 15.189 		22.536 		3.42
v -11.426 		8.831 		29.662
v -28.238 		40.973 		0.872
v -22.501 		23.405 		1.809
v -48.628 		22.67 		42.834
v -21.236 		22.14 		1.809
v -19.771 		21.114 		1.809
v 15.436 		22.384 		2.588
v -47.739 		23.506 		42.391
v -18.15 		20.358 		1.809
v -48.649 		23.765 		41.292
v -24.2572 		2.8089 		22.2494
v -6.11 		9.925 		19.263
v -24.1708 		2.6511 		22.737
v -28.213 		41.023 		0
v -45.79 		23.676 		42.934
v -6.501 		9.7 		17.579
v -16.423 		19.895 		1.809
v -23.897 		2.3779 		23.4611
v -23.757 		2.238 		23.832
v 5.261 		13.3 		45
v -29.943 		41.835 		3.42
v -5.385 		8.369 		19.263
v -5.809 		8.215 		17.579
v -31.427 		43.011 		3.42
v -29.811 		42.221 		2.588
v -31.337 		43.43 		2.588
v -46.799 		24.338 		41.9
v 13.55 		30 		40.261
v -12.93 		9.7 		29.662
v 15.613 		22.274 		1.736
v -29.717 		42.499 		1.736
v 15.586 		25.264 		39.142
v -31.273 		43.732 		1.736
v -13.471 		8.215 		30.399
v -6.11 		9.925 		22.737
v -11.292 		11.009 		7.019
v -5.979 		10.001 		21
v -8.046 		11.879 		7.019
v -29.66 		42.666 		0.872
v 15.72 		22.208 		0.872
v -4.999 		13.3 		7.019
v -31.234 		43.914 		0.872
v -5.385 		8.369 		22.737
v -5.242 		8.421 		21
v 15.562 		26.499 		37.054
v 15.756 		22.186 		0
v -29.641 		42.722 		0
v -31.221 		43.975 		0
v 14.533 		26.03 		38.789
v 13.557 		17.732 		3.42
v 14.497 		20.013 		3.42
v -14.641 		15 		4.019
v -5.809 		8.215 		24.421
v 13.758 		17.445 		2.588
v -12.036 		15.228 		4.019
v -9.511 		15.905 		4.019
v 13.452 		25.082 		40.28
v -6.501 		9.7 		24.421
v -23.5348 		2.0157 		24.421
v -28.6247 		38.5138 		5
v -28.672 		38.5379 		5.0369
v 14.724 		19.79 		2.588
v -23.4441 		1.9494 		24.5729
v -27.7024 		37.9115 		4.226
v -27.8052 		37.9785 		4.3123
v -28.2955 		38.2985 		4.7236
v 13.903 		17.239 		1.736
v 14.888 		19.629 		1.736
v -27.7002 		37.9097 		4.224
v -49.024 		17.918 		45.098
v -27.6979 		37.9078 		4.2219
v 13.99 		17.114 		0.872
v -29.413 		4.414 		24.791
v 14.986 		19.532 		0.872
v -27.5768 		37.7684 		4.096
v -27.6963 		37.9065 		4.2205
v -48.03 		18.28 		45.107
v 14.019 		17.073 		0
v 15.019 		19.5 		0
v -1.1377 		4.1902 		36.4584
v -1.0802 		4.2201 		36.4691
v -1.0791 		4.2207 		36.4693
v -31.341 		39.642 		7.019
v -48.439 		19.185 		45
v -1.1783 		4.1691 		36.4509
v -1.021 		4.101 		36.393
v -48.96 		19.977 		44.686
v 6.324 		23.7729 		9.6809
v 6.3587 		23.8573 		9.6926
v 6.359 		23.858 		9.6927
v 6.359 		23.6 		9.659
v -46.952 		18.672 		45.033
v 6.2591 		23.6149 		9.659
v -47.424 		19.718 		44.91
v 6.5712 		24.3955 		9.7587
v 6.808 		23.667 		9.659
v -45.803 		19.09 		44.884
v 13.7213 		26.6057 		38.5107
v 13.802 		26.7165 		38.2457
v -46.337 		20.273 		44.745
v -32.6438 		38.3595 		7.66
v -32.768 		38.2573 		7.7296
v 7.244 		23.865 		9.659
v 7.653 		24.19 		9.659
v 6.144 		23.3713 		9.6107
v 6.1887 		23.4658 		9.6294
v -23.172 		3.496 		26.001
v -31.9932 		38.7669 		7.241
v -32.3837 		38.5441 		7.5017
v -32.3839 		38.544 		7.5019
v -48.798 		17.115 		45.008
v -32.223 		39.296 		7.071
v -47.761 		17.323 		45
v -1.3185 		4.096 		36.4248
v -31.7386 		38.9121 		7.071
v -0.0484 		4.7245 		36.5475
v -0.2264 		4.6375 		36.534
v -22.187 		3.669 		27.429
v -46.514 		16.478 		44.547
v -32.5435 		38.4307 		7.599
v -24.283 		13.3 		7.019
v -46.641 		17.567 		44.91
v -21.236 		11.879 		7.019
v -1.4894 		4.007 		36.393
v 13.9833 		26.9653 		37.6502
v -20.973 		3.884 		28.662
v -2.6703 		3.3342 		35.978
v -2.2537 		3.5848 		36.1694
v -2.2508 		3.5865 		36.1707
v -17.99 		11.009 		7.019
v -2.137 		3.103 		35.75
v -3.1661 		3.0359 		35.75
v -45.308 		16.61 		44.335
v 13.3558 		25.75 		39.5953
v -30.6644 		39.1036 		6.428
v 13.4151 		25.8886 		39.4194
v -30.7504 		39.1026 		6.4825
v -30.8708 		39.1014 		6.5588
v -19.771 		15.905 		4.019
v 13.1515 		25.2719 		40.2019
v -1.9609 		3.7465 		36.2551
v -30.811 		39.278 		6.428
v -17.246 		15.228 		4.019
v -45.452 		17.841 		44.745
v -0.679 		3.397 		35.75
v -30.6636 		39.1035 		6.4274
v -14.641 		49.284 		52.981
v -23.303 		5 		26.001
v -31.6665 		38.944 		7.019
v -14.641 		52.981 		49.284
v -16.641 		1.67 		20.33
v -31.3992 		38.9969 		6.8644
v -32.021 		40.237 		6.428
v -48.714 		24.509 		39.404
v 12.9607 		24.9127 		40.4871
v 12.9647 		24.9187 		40.4822
v 13.0913 		25.1102 		40.3256
v 13.1287 		25.1931 		40.261
v -14.641 		45 		55.981
v 7.529 		22.536 		9.397
v -31.0127 		39.0733 		6.6409
v 8.069 		22.965 		9.397
v -3.2167 		3 		35.708
v -22.187 		6.331 		27.429
v -23.172 		6.504 		26.001
v -14.641 		40.261 		58.191
v -21.841 		7.621 		27.429
v -22.781 		7.963 		26.001
v -49.036 		23.234 		33.822
v 14.2121 		27.2764 		36.898
v -4.5361 		3 		37.7982
v -4.4753 		3.0877 		38
v 14.903 		30 		35.209
v -49.139 		21.638 		32.9
v -13.736 		35.13 		59.544
v -14.641 		35.209 		59.544
v -15.546 		35.13 		59.544
v -21.07 		5 		28.662
v -20.683 		7.199 		28.662
v -30.3391 		39.064 		6.2091
v -30.3402 		39.0642 		6.2098
v -30.2381 		39.047 		6.144
v -48.308 		23.836 		32.816
v -22.303 		5 		27.429
v -14.641 		55.981 		45
v -1.655 		3.2002 		31.25
v -2.048 		3.0281 		31.3659
v -0.679 		3.397 		31.25
v -1.6474 		3.2036 		31.2485
v -20.973 		6.116 		28.662
v -44.979 		13.679 		41.292
v -14.641 		58.191 		40.261
v -14.641 		59.544 		35.209
v 5.765 		22.5729 		9.4507
v 5.765 		22.573 		9.4507
v 5.7322 		22.528 		9.4399
v -30.1357 		39.0298 		6.0781
v -0.7745 		3.5935 		31.0705
v -0.7748 		3.5934 		31.0706
v -30.545 		40.06 		5.736
v -0.6359 		3.657 		31.0588
v -29.6044 		38.94 		5.736
v -0.3931 		3.7683 		31.0382
v -17.246 		44.772 		55.981
v 5.8024 		22.6484 		9.4673
v 5.8044 		22.6525 		9.4682
v -2.1121 		3 		31.3848
v -46.831 		14.64 		43.219
v -46.578 		15.48 		43.971
v 6.0561 		23.1852 		9.5738
v -12.02 		7.199 		30.399
v -28.8812 		38.6444 		5.2004
v -11.426 		6.17 		30.399
v -29.285 		38.8497 		5.5156
v -45.381 		15.481 		43.683
v -29.2859 		38.8501 		5.5163
v -16.423 		40.105 		58.191
v -29.074 		39.278 		5
v -11.678 		6.711 		30.399
v 6.359 		22.186 		9.397
v -48.936 		14.987 		43.78
v 6.953 		22.274 		9.397
v -48.753 		15.598 		44.326
v -16.423 		34.895 		59.544
v 6.359 		20.815 		9.063
v -17.246 		34.512 		59.544
v -48.706 		16.323 		44.745
v -17.705 		2.786 		20.33
v -47.925 		14.791 		43.538
v -17.212 		2.17 		20.33
v 15.542 		27.199 		34.67
v 7.093 		20.925 		9.063
v -10.31 		7.501 		29.662
v -47.707 		15.517 		44.188
v -47.651 		16.381 		44.686
v 7.804 		21.249 		9.063
v -19.094 		2.786 		19.83
v -22.143 		9.331 		26.001
v -29.4827 		38.9056 		5.652
v -30.311 		40.75 		5
v -9.941 		6.711 		29.662
v -48.779 		13.935 		41.968
v -21.277 		8.831 		27.429
v -48.291 		14.251 		42.781
v -21.277 		10.568 		26.001
v -47.817 		13.651 		41.406
v 14.593 		27.243 		36.622
v 5.7213 		22.513 		9.4364
v -20.511 		9.925 		27.429
v 5.765 		22.274 		9.397
v 5.6013 		22.3485 		9.397
v -28.815 		39.803 		4.226
v -19.566 		10.87 		27.429
v 4.7734 		21.3603 		9.063
v 4.8784 		21.4796 		9.1079
v 4.9905 		21.6068 		9.1559
v -20.209 		8.215 		28.662
v 4.914 		21.249 		9.063
v -19.566 		9.133 		28.662
v 4.7727 		21.3595 		9.0626
v -18.774 		9.925 		28.662
v 5.3292 		22.018 		9.2896
v -47.253 		14.016 		42.345
v 5.625 		20.925 		9.063
v -26.132 		39.642 		4.019
v -9.716 		4.132 		29.662
v -27.503 		37.6829 		4.019
v -17.856 		10.568 		28.662
v -27.5028 		37.6827 		4.0189
v 4.4204 		21.0142 		8.8886
v -27.2174 		37.2611 		3.7963
v -26.9591 		36.864 		3.6081
v -27.1681 		37.1853 		3.7604
v -27.443 		38.268 		3.42
v 14.793 		27.7841 		34.2505
v 14.8101 		27.772 		34.0423
v 14.8368 		27.7532 		33.7194
v 4.3683 		20.9632 		8.8629
v -14.166 		2.632 		11.302
v 4.096 		20.6964 		8.7284
v -13.705 		2.786 		11.302
v -9.64 		5 		29.662
v -28.601 		40.237 		3.42
v 3.9576 		20.5608 		8.66
v -46.144 		13.827 		41.845
v -45.666 		14.532 		42.834
v -32.762 		8.405 		19.739
v -28.736 		5.586 		19.739
v 3.8974 		20.5104 		8.6266
v -9.716 		5.868 		29.662
v 3.861 		20.48 		8.6064
v -15.577 		2.786 		11.302
v -24.4259 		3.1168 		21.2978
v -15.116 		2.632 		11.302
v -24.4166 		3.5326 		19.8705
v -24.482 		3.2647 		20.8842
v -24.4832 		3.2388 		20.9742
v -27.242 		38.555 		2.588
v 4.649 		20.013 		8.66
v -28.432 		40.579 		2.588
v -11.272 		4.406 		30.399
v -14.641 		2.58 		11.302
v 14.3317 		27.4391 		36.5048
v 14.6331 		27.5562 		35.418
v -24.4835 		3.2314 		21
v -27.097 		38.761 		1.736
v 5.491 		19.629 		8.66
v -11.22 		5 		30.399
v -28.311 		40.825 		1.736
v 6.359 		19.5 		8.66
v -16.009 		1.302 		11.67
v -48.484 		13.568 		40.467
v -15.336 		1.076 		11.67
v -14.641 		1 		11.67
v -24.4081 		3.5673 		19.739
v -27.01 		38.886 		0.872
v -13.946 		1.076 		11.67
v 14.6911 		27.5787 		35.209
v -47.535 		13.32 		39.722
v -46.781 		13.413 		40.783
v -46.525 		13.117 		38.933
v -26.981 		38.927 		0
v -45.687 		13.22 		40.112
v -48.354 		13.554 		38.733
v -48.355 		13.981 		36.89
v -47.435 		13.376 		37.834
v -26.7008 		36.467 		3.42
v -26.6952 		36.4574 		3.4157
v 7.227 		19.629 		8.66
v 8.069 		20.013 		8.66
v -14.641 		30 		60
v -19.948 		0.433 		13.5
v 15.939 		21.715 		42.011
v 3.1588 		19.9511 		8.192
v 3.3896 		20.1226 		8.3292
v 3.7827 		20.4145 		8.563
v 3.491 		19.556 		8.192
v -19.948 		2.17 		12.786
v -19.336 		1.076 		12.786
v -18.58 		0.132 		12.786
v 4.397 		18.837 		8.192
v -24.3869 		3.8015 		19.263
v -24.4023 		3.6308 		19.61
v 14.745 		22.404 		41.836
v -23.9063 		4.5438 		17.378
v -23.9946 		4.4819 		17.579
v -24.1836 		4.1542 		18.3902
v -46.466 		13.239 		36.907
v -45.468 		12.954 		38.111
v 13.882 		20.903 		42.477
v -22.4 		4.29 		16.868
v 13.555 		23.075 		41.637
v -19.094 		2.786 		12.17
v -21.151 		3.038 		18.5
v 12.638 		21.479 		42.319
v -17.705 		2.786 		11.67
v 5.363 		18.397 		8.192
v -17.212 		2.17 		11.67
v 6.359 		18.249 		8.192
v 7.355 		18.397 		8.192
v -25.7512 		34.298 		2.588
v -26.0983 		35.1607 		2.9059
v -26.4509 		36.0382 		3.2291
v 4.161 		17.732 		7.66
v -18.58 		1.868 		12.17
v -26.276 		36.21 		2.588
v 5.243 		17.239 		7.66
v -17.946 		1.076 		12.17
v 6.359 		17.073 		7.66
v 12.391 		23.72 		41.423
v -17.212 		0.433 		12.17
v 7.475 		17.239 		7.66
v -23.8191 		4.6172 		17.1768
v -25.7473 		34.2871 		2.5842
v -16.641 		1.67 		11.67
v -24.644 		5 		21
v -18.105 		3.5 		20.33
v -22.159 		2.58 		16
v -21.569 		1 		16
v -26.583 		36.2648 		3.33
v -44.671 		13.845 		32.816
v -22.044 		2.632 		15.132
v -21.464 		1.076 		15.132
v 2.8477 		19.7899 		7.9944
v 2.9628 		19.8361 		8.0626
v -26.556 		36.2185 		3.3094
v 11.422 		22.036 		42.142
v 3.145 		18.537 		7.66
v -19.473 		3.802 		19.83
v -48.426 		14.896 		35.08
v -11.272 		5.594 		30.399
v -47.474 		13.901 		35.873
v -48.484 		16.298 		33.446
v 2.2822 		19.5633 		7.66
v -20.4 		3.38 		19.214
v -47.586 		14.933 		33.986
v 10.9458 		20.6871 		42.324
v -25.3412 		32.768 		2.1977
v 11.3018 		21.755 		42.1784
v -25.5219 		33.6422 		2.3853
v -25.387 		33.726 		1.736
v -46.556 		13.855 		34.846
v -45.463 		13.137 		35.966
v 12.2301 		23.8076 		41.391
v -25.6457 		34.0051 		2.4853
v 11.3991 		22.0464 		42.1383
v -25.6458 		34.0052 		2.4854
v 12.1195 		23.5733 		41.4905
v -46.721 		14.994 		32.9
v -25.6354 		33.9749 		2.477
v -26.112 		36.371 		1.736
v 11.3873 		22.011 		42.1432
v -45.616 		13.838 		33.822
v 15.755 		18.273 		42.894
v 15.299 		16.763 		42.705
v -15.546 		24.87 		59.544
v -14.641 		24.791 		59.544
v -13.736 		24.87 		59.544
v 15.134 		20.316 		42.608
v -12.904 		5 		30.851
v -12.93 		4.698 		30.851
v -13.009 		4.406 		30.851
v 14.462 		18.744 		42.812
v -49.558 		20.603 		44.188
v -18.4 		7.71 		20.33
v 13.967 		17.108 		42.608
v -50.192 		21.019 		43.538
v -14.641 		19.739 		58.191
v -21.705 		2.786 		14.29
v 1.4539 		19.4036 		7.071
v 1.7002 		19.448 		7.2479
v 2.18 		19.5337 		7.5929
v 1.814 		18.792 		7.071
v -21.151 		1.302 		14.29
v -18.58 		6.868 		20.33
v 1.4513 		19.4035 		7.069
v -49.451 		21.839 		43.219
v -20.641 		1.67 		13.5
v 13.16 		19.218 		42.695
v 12.63 		17.464 		42.477
v 2.249 		19.5537 		7.6382
v -19.705 		7.116 		19.83
v 2.2032 		19.5404 		7.6082
v -6.584 		-0.382 		35.564
v -25.28 		33.792 		0.872
v -17.246 		25.488 		59.544
v -16.423 		25.105 		59.544
v -26.014 		36.468 		0.872
v -13.137 		4.132 		30.851
v -51.884 		20.811 		41.156
v -25.244 		33.814 		0
v -51.396 		21.127 		41.968
v -50.819 		21.198 		42.781
v -18.641 		6 		20.33
v -18.58 		5.132 		20.33
v 11.871 		19.687 		42.551
v -25.981 		36.5 		0
v -13.31 		6.116 		30.851
v -13.137 		5.868 		30.851
v -13.009 		5.594 		30.851
v -50.842 		21.963 		41.406
v -12.93 		5.302 		30.851
v -34.641 		41.023 		6.428
v -16.423 		19.895 		58.191
v 11.307 		17.822 		42.319
v -50.175 		22.045 		42.345
v 1.3885 		19.4005 		7.019
v 1.1197 		19.4625 		6.8393
v -18.4 		4.29 		20.33
v -33.219 		41.714 		5.736
v -34.641 		41.926 		5.736
v 0.5052 		19.6049 		6.428
v -33.137 		42.499 		5
v -19.705 		4.884 		19.83
v -34.641 		42.722 		5
v -19.783 		6 		19.83
v -49.447 		22.903 		41.845
v -14.641 		15 		55.981
v -33.067 		43.173 		4.226
v -34.641 		43.407 		4.226
v -5.312 		-0.055 		37.247
v -17.246 		15.228 		55.981
v -5.809 		-0.237 		36.309
v 10.6516 		20.131 		42.392
v 10.6836 		20.1915 		42.3846
v 0.4805 		19.614 		6.4101
v 0.4805 		19.614 		6.4101
v -14.641 		60 		30
v -36.063 		41.714 		5.736
v -6.641 		-0.1178 		35.4837
v -20.769 		6 		19.214
v -6.584 		-0.1124 		35.5116
v -20.676 		4.67 		19.214
v -36.145 		42.499 		5
v -50.55 		18.74 		44.716
v -5.9826 		0 		36.0898
v 10.4691 		19.6689 		42.3277
v -50.954 		19.163 		44.379
v -7.559 		-0.475 		35.086
v -36.215 		43.173 		4.226
v -12.93 		7.963 		30.399
v 10.018 		18.177 		42.142
v -20.676 		7.33 		19.214
v -8.641 		-0.507 		34.922
v -49.367 		18.678 		45.008
v -13.525 		6.331 		30.851
v -49.805 		19.344 		44.745
v 0.4965 		19.6081 		6.4217
v -10.698 		-0.382 		35.564
v -9.723 		-0.475 		35.086
v -21.464 		4.496 		18.5
v -50.308 		19.869 		44.326
v -21.569 		6 		18.5
v -50.84 		20.219 		43.78
v -21.464 		7.504 		18.5
v 0.131 		17.605 		7.019
v -6.781 		51.595 		49.284
v -10.65 		52.632 		49.284
v -12.442 		7.621 		30.399
v -52.425 		18.756 		43.208
v -51.488 		18.489 		44.34
v -37.443 		41.086 		5.736
v -51.812 		18.701 		44.009
v -37.603 		41.835 		5
v -52.131 		18.792 		43.623
v -37.741 		42.478 		4.226
v -13.31 		3.884 		30.851
v -39.173 		41.343 		4.226
v -13.525 		3.669 		30.851
v 10.1924 		18.9675 		42.2293
v -22.159 		6 		17.71
v -22.044 		4.368 		17.71
v 9.8942 		18.2115 		42.1232
v 2.823 		17.59 		7.071
v 3.941 		16.704 		7.071
v -33.009 		43.732 		3.42
v 1.435 		18.024 		6.428
v -34.641 		43.975 		3.42
v 9.8349 		17.9861 		42.0337
v -22.044 		7.632 		17.71
v -36.273 		43.732 		3.42
v 2.529 		16.722 		6.428
v -11.426 		3.83 		30.399
v -4.999 		41.491 		55.981
v -9.941 		3.289 		29.662
v -7.141 		42.99 		55.981
v -11.97 		-0.055 		37.247
v -11.473 		-0.237 		36.309
v -22.519 		6 		16.868
v -7.559 		-0.2054 		35.0336
v -7.5802 		-0.206 		35.0304
v -8.641 		-0.2373 		34.8696
v -7.16 		-0.1673 		35.2292
v -22.4 		7.71 		16.868
v -32.964 		44.171 		2.588
v -11.678 		3.289 		30.399
v 0 		19.896 		6.0197
v 0.084 		19.049 		5.736
v -34.641 		44.421 		2.588
v 15.69 		23.618 		40.817
v -36.318 		44.171 		2.588
v 14.561 		24.366 		40.554
v -4.999 		46.7 		52.981
v -8.046 		48.121 		52.981
v 1.094 		17.332 		5.736
v -24.04 		5 		17.579
v -8.641 		-0.319 		34.449
v -7.096 		-0.235 		34.881
v 0.792 		16.722 		5
v 16.322 		13.887 		41.457
v -9.511 		44.095 		55.981
v -22.0095 		9.7548 		50.7205
v -23.0379 		9.8797 		50.3978
v -23.186 		9.8977 		50.3513
v -24.342 		6.711 		19.263
v -24.4498 		9.3137 		49.284
v -23.897 		6.632 		17.579
v -10.698 		-0.1124 		35.5116
v -11.2994 		0 		36.0898
v -10.122 		-0.1673 		35.2292
v 15.037 		15.296 		42.154
v -24.4505 		9.3135 		49.2834
v -10.186 		-0.235 		34.881
v -12.036 		44.772 		55.981
v -9.723 		-0.2054 		35.0336
v -9.7258 		-0.2051 		35.035
v -8.6622 		-0.2366 		34.8728
v -32.931 		44.487 		1.736
v -34.641 		44.742 		1.736
v -36.351 		44.487 		1.736
v -11.292 		48.991 		52.981
v -24.492 		5 		19.263
v -32.911 		44.678 		0.872
v -11.577 		-0.634 		19.214
v -34.641 		44.935 		0.872
v 14.989 		13.972 		41.277
v -16.737 		3.802 		20.698
v -12.271 		-2.138 		18.5
v -36.371 		44.678 		0.872
v -11.177 		-1.5 		18.5
v -32.905 		44.742 		0
v -10.188 		-0.634 		18.5
v -19.275 		8.192 		49.9158
v -20.096 		9.0343 		50.5191
v -34.641 		45 		0
v -21.641 		9.7644 		50.8255
v -4.999 		33.509 		58.191
v -36.377 		44.742 		0
v -5.755 		35.13 		58.191
v -37.855 		43.011 		3.42
v -16.4 		3.38 		20.698
v -39.339 		41.835 		3.42
v -6.781 		36.595 		58.191
v -51.383 		19.444 		43.939
v -51.807 		19.565 		43.427
v -8.046 		37.86 		58.191
v 13.684 		15.519 		42.011
v -24.576 		9.2859 		49.1715
v -37.945 		43.43 		2.588
v -51.367 		20.369 		43.144
v -39.471 		42.221 		2.588
v 13.632 		14.085 		41.06
v -26.132 		10.098 		49.284
v -38.009 		43.732 		1.736
v 12.326 		15.759 		41.836
v -39.565 		42.499 		1.736
v -50.572 		16.817 		44.754
v -24.58 		9.285 		49.1679
v -24.5895 		9.2772 		49.152
v -50.709 		17.304 		44.809
v -38.048 		43.914 		0.872
v -50.918 		17.766 		44.754
v -23.186 		3.031 		51.686
v -21.641 		3.115 		52.118
v -39.622 		42.666 		0.872
v -51.183 		18.17 		44.594
v -20.096 		3.031 		51.686
v -49.739 		16.945 		44.928
v -24.492 		3.263 		21
v -38.061 		43.975 		0
v -18.6173 		7.4516 		49.3689
v -18.702 		7.6041 		49.4947
v -18.8645 		7.7708 		49.6141
v -39.641 		42.722 		0
v -2.8127 		32.768 		2.7077
v -2.9353 		32.2377 		2.588
v -41.044 		40.973 		0.872
v -41.069 		41.023 		0
v 10.984 		16.01 		41.637
v -9.511 		38.886 		58.191
v -18.5615 		7.3618 		49.284
v -12.07 		-2.83 		17.71
v -11.132 		39.642 		58.191
v -18.479 		7.2622 		49.152
v -10.882 		-2.138 		17.71
v -12.859 		40.105 		58.191
v -9.809 		-1.198 		17.71
v -33.5925 		37.5791 		8.192
v -33.6221 		37.5511 		8.207
v -33.6534 		37.5215 		8.2229
v -33.6535 		37.5214 		8.223
v -8.882 		-0.04 		17.71
v -11.946 		-3.254 		16.868
v -3.1203 		31.2666 		2.4482
v -3.1956 		30.8636 		2.3966
v -10.65 		33.349 		59.544
v -2.9725 		32.0577 		2.5494
v -11.292 		33.991 		59.544
v -49.921 		17.591 		45
v -23.897 		3.368 		24.421
v -12.036 		34.512 		59.544
v -3.339 		30.907 		1.736
v -24.342 		3.289 		22.737
v -12.859 		34.895 		59.544
v -50.197 		18.204 		44.928
v -33.645 		37.603 		8.192
v -10.702 		-2.529 		16.868
v -9.577 		-1.544 		16.868
v -3.2539 		30 		2.3342
v -3.2539 		29.9999 		2.3342
v -3.2837 		29.3669 		2.3461
v -3.2538 		30.0021 		2.3343
v -8.606 		-0.33 		16.868
v -5.755 		54.414 		45
v -17.011 		7.71 		20.698
v -51.698 		17.639 		44.376
v -3.452 		30.941 		0.872
v -51.902 		17.853 		44.206
v -31.341 		10.098 		45
v -17.212 		7.17 		20.698
v -3.489 		30.952 		0
v -12.882 		-0.04 		19.83
v -27.631 		7.5 		45
v -13.577 		-1.544 		19.214
v -25.314 		8.6812 		47.9388
v -34.0731 		37.0724 		8.4143
v -17.336 		6.594 		20.698
v -51.862 		16.537 		44.06
v -12.545 		-1.198 		19.214
v -51.881 		16.698 		44.113
v -51.927 		16.861 		44.131
v -51.997 		17.016 		44.113
v -52.086 		17.151 		44.06
v -25.686 		8.3753 		47.3159
v -10.129 		55.586 		45
v -25.7775 		8.192 		47.0223
v -26.1113 		7.5228 		45.9505
v -26.396 		6.9522 		45.0366
v -51.251 		16.413 		44.376
v -26.3996 		6.9257 		45
v -51.289 		16.734 		44.483
v -51.38 		17.06 		44.52
v -51.52 		17.369 		44.483
v -4.999 		56.491 		40.261
v -18.4176 		7.1881 		49.0539
v -9.746 		57.762 		40.261
v -17.641 		6.2502 		47.8115
v -3.1308 		25.719 		2.7544
v -3.0596 		25.1782 		2.8916
v -3.0594 		25.1771 		2.8918
v -4.536 		57.762 		35.209
v -3.154 		25.149 		2.588
v -9.511 		59.095 		35.209
v 9.677 		16.264 		41.423
v -3.1434 		25.8155 		2.7299
v -3.1434 		25.8154 		2.7299
v -3.2313 		26.6584 		2.588
v -17.336 		5.406 		20.698
v -17.377 		6 		20.698
v -52.695 		17.923 		43.172
v -34.0731 		37.0725 		8.4143
v -52.529 		18.031 		43.449
v -17.212 		4.83 		20.698
v -34.1471 		36.9658 		8.4583
v -34.2177 		36.864 		8.5003
v -34.641 		37.751 		8.192
v -13.438 		-2.529 		18.5
v -52.118 		17.995 		43.984
v -17.011 		4.29 		20.698
v -3.2747 		27.1596 		2.5076
v -3.3478 		28 		2.3727
v -3.3064 		27.5255 		2.4489
v -52.332 		18.056 		43.726
v -35.637 		37.603 		8.192
v -26.5447 		6.2051 		43.4624
v -36.603 		37.163 		8.192
v -13.336 		-3.254 		17.71
v -26.641 		5.7267 		42.4416
v -26.499 		4.9009 		40.96
v 9.3968 		16.3207 		41.3731
v -32.762 		8.405 		40.261
v -13.273 		-3.698 		16.868
v 9.2801 		15.7953 		40.9947
v 9.3755 		16.1345 		41.2452
v -35.2735 		35.0902 		9.063
v -35.3245 		34.9883 		9.086
v -35.3589 		34.9196 		9.1015
v -35.375 		35.075 		9.063
v -5.755 		24.87 		58.191
v -28.736 		5.586 		40.261
v -35.2731 		35.091 		9.0628
v -4.999 		26.491 		58.191
v -4.536 		28.218 		58.191
v -35.4066 		34.816 		9.1208
v -4.38 		30 		58.191
v -3.339 		25.093 		1.736
v -3.489 		28 		1.736
v -26.4629 		4.691 		40.5833
v -26.432 		4.5114 		40.261
v -4.536 		31.782 		58.191
v -51.872 		16.389 		43.974
v -34.4861 		36.477 		8.66
v -34.5638 		36.3502 		8.7024
v -34.641 		36.2243 		8.7445
v -34.641 		36.5 		8.66
v -34.4856 		36.4778 		8.6597
v -3.3477 		28.0028 		2.3724
v -52.188 		17.258 		43.974
v -34.97 		35.6346 		8.9102
v -35.509 		36.371 		8.66
v 16.083 		11.676 		37.373
v 15.157 		12.881 		40.133
v 15.53 		12.098 		38.802
v -52.345 		16.709 		43.644
v -52.503 		17.348 		43.595
v -3.3475 		28.0084 		2.3718
v -34.9608 		35.651 		8.9056
v -11.905 		-3.397 		16
v -36.351 		35.987 		8.66
v -3.452 		25.059 		0.872
v -10.641 		-2.66 		16
v -26.396 		4.3796 		39.8704
v -26.396 		4.3796 		39.8703
v -3.603 		28 		0.872
v -25.8489 		3.5898 		38.0542
v -25.8326 		3.5663 		38
v -9.511 		29.095 		59.544
v 13.814 		12.904 		39.822
v -9.432 		30 		59.544
v 14.218 		12.055 		38.38
v -9.511 		30.905 		59.544
v -52.297 		17.329 		43.863
v -52.404 		17.36 		43.734
v -9.499 		-1.66 		16
v -18.472 		8.215 		29.662
v -8.513 		-0.428 		16
v -17.856 		8.831 		29.662
v -11.946 		-3.254 		15.132
v -24.342 		6.711 		22.737
v -10.702 		-2.529 		15.132
v -24.492 		6.737 		21
v -52.586 		17.294 		43.456
v -9.577 		-1.544 		15.132
v -52.648 		17.201 		43.327
v 12.466 		12.954 		39.489
v -52.686 		17.077 		43.216
v -9.746 		31.782 		59.544
v -52.695 		16.93 		43.13
v -10.129 		32.605 		59.544
v -8.606 		-0.33 		15.132
v -52.676 		16.769 		43.077
v -52.63 		16.605 		43.059
v -36.1292 		32.793 		9.4674
v -36.1348 		32.768 		9.4709
v -52.561 		16.45 		43.077
v -36.351 		33.035 		9.397
v -36.0142 		33.3026 		9.397
v -23.897 		6.632 		24.421
v -24.04 		5 		24.421
v -35.6683 		34.2479 		9.2269
v -35.8802 		33.7881 		9.3129
v -24.492 		5 		22.737
v -36.086 		34.751 		9.063
v -17.856 		3.83 		30.399
v -19.341 		3.289 		29.662
v -35.9437 		33.5707 		9.35
v -36.754 		34.222 		9.063
v -12.07 		-2.83 		14.29
v 12.899 		12.045 		37.942
v -10.882 		-2.138 		14.29
v -52.674 		18.595 		42.794
v -19.566 		5.868 		29.662
v -3.641 		28 		0
v -3.489 		25.048 		0
v -35.8969 		33.7484 		9.3188
v -52.197 		19.517 		42.877
v -52.527 		19.303 		42.328
v -19.566 		4.132 		29.662
v -20.641 		10.33 		18.5
v -52.775 		18.938 		41.816
v -18.01 		5.594 		30.399
v -9.809 		-1.198 		14.29
v -52.922 		18.447 		41.376
v -21.151 		8.962 		18.5
v -37.358 		33.504 		9.063
v -51.852 		20.309 		42.462
v -52.261 		20.044 		41.779
v -37.141 		35.361 		8.66
v 12.27 		14.221 		40.817
v -37.855 		34.511 		8.66
v -8.882 		-0.04 		14.29
v -52.568 		19.59 		41.144
v -38.471 		33.464 		8.66
v -21.151 		10.698 		17.71
v -18.01 		4.406 		30.399
v -37.509 		36.444 		8.192
v -19.642 		5 		29.662
v -38.328 		35.47 		8.192
v -1.1476 		20.7253 		5.0245
v -1.1025 		20.677 		5.0699
v -1.1024 		20.6769 		5.0701
v -21.705 		9.214 		17.71
v -1.141 		20.639 		5
v -39.035 		34.268 		8.192
v -12.271 		-2.138 		13.5
v -39.608 		32.875 		8.192
v -1.1718 		20.7514 		5
v -11.177 		-1.5 		13.5
v -0.9429 		20.5549 		5.2111
v -34.641 		38.927 		7.66
v -0.845 		20.48 		5.2977
v -12.036 		25.488 		59.544
v -11.292 		26.009 		59.544
v -10.65 		26.651 		59.544
v -33.413 		39.838 		7.071
v -10.188 		-0.634 		13.5
v -10.129 		27.395 		59.544
v -34.641 		40.021 		7.071
v -9.746 		28.218 		59.544
v -1.8686 		21.6756 		4.226
v -1.601 		21.3208 		4.5232
v -35.869 		39.838 		7.071
v -52.82 		17.739 		42.914
v -21.464 		10.924 		16.868
v 10.924 		14.374 		40.554
v -1.8701 		21.678 		4.2242
v -52.894 		17.491 		42.692
v -33.311 		40.825 		6.428
v -21.419 		11 		16.8727
v -21.4284 		10.9875 		16.868
v -22.044 		9.368 		16.868
v -11.577 		-0.634 		12.786
v -12.859 		25.105 		59.544
v -52.86 		18.319 		42.408
v -35.971 		40.825 		6.428
v -52.972 		17.949 		42.077
v -1.9747 		21.8465 		4.096
v -8.046 		22.14 		58.191
v -13.252 		-3.848 		16
v -6.781 		23.405 		58.191
v -21.4679 		10.9268 		16.8358
v -0.3493 		20.1008 		5.736
v -0.0445 		19.9221 		5.9836
v -7.141 		17.01 		55.981
v -33.2288 		37.8783 		7.9881
v -4.999 		18.509 		55.981
v -33.1096 		37.9764 		7.9212
v -52.913 		17.197 		42.522
v -0.3504 		20.1016 		5.735
v -33.525 		38.761 		7.66
v -21.5364 		10.7875 		16.7281
v -52.876 		16.876 		42.415
v -13.273 		-3.698 		15.132
v -52.784 		16.549 		42.378
v 11.132 		13.027 		39.142
v -12.859 		19.895 		58.191
v -22.781 		9.7 		17.579
v -13.336 		-3.254 		14.29
v -35.757 		38.761 		7.66
v -11.132 		20.358 		58.191
v -13.438 		-2.529 		13.5
v -36.839 		38.268 		7.66
v -9.511 		21.114 		58.191
v -13.577 		-1.544 		12.786
v -12.545 		-1.198 		12.786
v -0.5977 		20.2908 		5.5163
v -0.275 		18.537 		5
v -37.855 		37.463 		7.66
v 9.614 		14.539 		40.28
v -53 		17.509 		41.823
v -37.059 		39.296 		7.071
v -12.882 		-0.04 		12.17
v -1.49 		20.296 		4.226
v -38.177 		38.41 		7.071
v -4.38 		58.191 		30
v -0.584 		18.096 		4.226
v -9.432 		59.544 		30
v -39.186 		37.208 		7.071
v -5.312 		1.558 		45.547
v 9.834 		13.117 		38.789
v -37.261 		40.237 		6.428
v -38.471 		39.278 		6.428
v -52.944 		17.028 		41.663
v -39.565 		37.976 		6.428
v -5.141 		1.824 		46.912
v -2.4735 		22.975 		3.5761
v -2.3544 		22.6082 		3.7202
v -18.062 		5 		30.399
v -2.6163 		23.4577 		3.42
v -2.4876 		23.0227 		3.5607
v -2.471 		22.536 		3.42
v -8.046 		11.879 		52.981
v -21.7565 		10.2911 		16.5027
v -21.8724 		10.0293 		16.384
v -2.6194 		23.4697 		3.4163
v -21.537 		10.7865 		16.7273
v 9.0005 		14.8018 		40.261
v 9.2213 		15.5865 		40.8405
v -38.737 		40.06 		5.736
v 8.9254 		14.6323 		40.1273
v -4.999 		13.3 		52.981
v -52.807 		16.541 		41.608
v -7.559 		1.007 		42.71
v -6.584 		1.129 		43.338
v -5.809 		1.319 		44.315
v -2.0375 		21.9477 		4.019
v -52.96 		17.862 		41.039
v -2.0378 		21.9485 		4.0187
v -2.0535 		21.9812 		4.0039
v -17.856 		6.17 		30.399
v -19.341 		6.711 		29.662
v -39.906 		38.668 		5.736
v 8.59 		13.219 		38.44
v -40.916 		36.951 		5.736
v 8.5586 		13.4225 		38.6534
v -38.971 		40.75 		5
v -8.0053 		1.2592 		42.5685
v -7.559 		1.2764 		42.6576
v -7.5556 		1.2768 		42.6598
v -40.208 		39.278 		5
v -12.036 		15.228 		55.981
v -9.511 		15.905 		55.981
v -11.292 		11.009 		52.981
v -2.8386 		24.3206 		3.155
v -2.688 		23.7362 		3.3345
v 8.4998 		13.2272 		38.414
v -6.584 		0.677 		41.01
v -2.718 		22.384 		2.588
v -7.559 		0.769 		41.488
v 8.489 		13.0601 		38.088
v 8.4963 		13.1732 		38.3087
v -18.972 		7.501 		29.662
v -51.406 		21.597 		40.467
v -51.828 		20.973 		39.592
v -40.467 		39.803 		4.226
v 11.593 		12.06 		37.497
v -7.9029 		1.0492 		41.488
v -8.192 		1.0577 		41.5322
v 10.32 		12.097 		37.054
v -50.839 		22.397 		39.722
v -50.201 		22.81 		40.783
v -38.773 		36.371 		7.66
v -5.2948 		1.8548 		45.6322
v -6.584 		1.3985 		43.2856
v -2.895 		22.274 		1.736
v 14.817 		11.598 		36.832
v 15.569 		11.564 		35.284
v -39.565 		35.024 		7.66
v -49.487 		23.662 		40.112
v -50.195 		23.202 		38.933
v -3.002 		22.208 		0.872
v -18.632 		52.632 		49.284
v 14.348 		11.517 		34.622
v -22.501 		51.595 		49.284
v -3.038 		22.186 		0
v 13.541 		11.555 		36.282
v 15.265 		11.935 		33.076
v -40.208 		33.464 		7.66
v -5.8098 		1.5883 		44.2616
v -5.809 		1.5885 		44.2626
v -3.15 		20.358 		4.019
v -5.7937 		1.5959 		44.3006
v -51.316 		21.692 		38.733
v -19.771 		44.095 		55.981
v -23.897 		8.369 		19.263
v -40.058 		35.727 		7.071
v -1.779 		20.013 		3.42
v -23.473 		8.215 		17.579
v -51.601 		20.742 		37.884
v 13.134 		11.499 		33.968
v -22.141 		42.99 		55.981
v -40.765 		34.01 		7.071
v -24.283 		41.491 		55.981
v -0.839 		17.732 		3.42
v -17.99 		48.991 		52.981
v -21.236 		48.121 		52.981
v -40.509 		36.371 		6.428
v -50.726 		22.419 		37.834
v -51.043 		21.364 		36.89
v -2.006 		19.79 		2.588
v -24.283 		46.7 		52.981
v -1.04 		17.445 		2.588
v -3.641 		1.398 		43.283
v -49.491 		24.006 		38.111
v 12.276 		11.539 		35.732
v -40.681 		40.237 		3.42
v -50.072 		23.147 		36.907
v -8.0738 		1.2565 		42.5548
v -8.192 		1.2519 		42.5313
v -40.85 		40.579 		2.588
v -6.5887 		0.9466 		40.96
v -6.9815 		0.984 		41.1525
v -7.5398 		1.0372 		41.4261
v -7.559 		1.039 		41.4355
v -23.172 		9.925 		19.263
v -5.4889 		1.7429 		45.056
v -5.4696 		1.7522 		45.1038
v -5.3218 		1.8233 		45.4703
v -5.312 		1.828 		45.4944
v -5.312 		1.828 		45.4945
v 11.04 		11.547 		35.192
v 11.946 		11.505 		33.33
v -3.886 		1.929 		46.013
v -41.275 		37.463 		5
v -2.17 		19.629 		1.736
v -18.15 		39.642 		58.191
v -52.751 		18.98 		40.598
v -16.641 		10.33 		20.33
v -1.185 		17.239 		1.736
v -19.771 		38.886 		58.191
v -52.25 		20.271 		40.399
v -41.584 		37.904 		4.226
v -21.236 		37.86 		58.191
v -17.946 		10.924 		19.83
v -2.268 		19.532 		0.872
v -11.97 		1.558 		45.547
v -1.272 		17.114 		0.872
v -8.641 		1.824 		46.912
v -41.275 		34.511 		6.428
v -19.336 		10.924 		19.214
v -52.468 		19.544 		39.749
v -2.301 		19.5 		0
v -17.99 		33.991 		59.544
v -41.735 		34.963 		5.736
v -18.632 		33.349 		59.544
v -1.301 		17.073 		0
v -42.141 		35.361 		5
v 8.979 		15.763 		6.428
v -42.779 		33.035 		5
v 9.161 		14.914 		5.736
v -22.501 		36.595 		58.191
v -23.527 		35.13 		58.191
v -17.212 		9.83 		20.33
v -24.283 		33.509 		58.191
v 10.455 		15.94 		5.736
v -42.49 		35.704 		4.226
v -43.158 		33.27 		4.226
v -17.705 		9.214 		20.33
v 9.321 		14.165 		5
v 10.689 		15.25 		5
v -18.105 		8.5 		20.33
v 9.855 		11.573 		34.67
v -12.141 		1.824 		46.912
v 9.459 		13.522 		4.226
v 10.891 		14.657 		4.226
v -41.839 		38.268 		3.42
v 9.099 		12.149 		36.622
v -18.58 		10.132 		19.83
v -52.524 		18.68 		39.25
v -42.04 		38.555 		2.588
v -11.473 		1.319 		44.315
v -10.698 		1.129 		43.338
v 12.185 		16.197 		4.226
v -8.641 		0.965 		42.494
v -9.723 		1.007 		42.71
v -19.153 		55.586 		45
v -52.885 		17.225 		40.827
v -52.704 		16.579 		40.755
v -40.971 		40.825 		1.736
v -19.094 		9.214 		19.83
v -42.185 		38.761 		1.736
v -52.798 		18.254 		40.179
v -25.686 		3.3547 		37.5135
v -10.2853 		1.3468 		43.0198
v -9.7264 		1.2768 		42.6598
v -52.706 		17.463 		39.915
v -8.641 		0.802 		41.653
v -9.723 		0.769 		41.488
v -10.698 		0.677 		41.01
v -52.48 		16.66 		39.825
v -19.473 		8.198 		19.83
v -23.527 		54.414 		45
v -52.413 		17.738 		38.937
v 12.399 		15.763 		3.42
v 12.568 		15.421 		2.588
v -42.272 		38.886 		0.872
v -19.948 		9.83 		19.214
v -20.4 		8.62 		19.214
v -52.145 		16.782 		38.83
v -28.672 		4.2803 		35.9284
v -28.3656 		4.096 		35.7875
v -52.08 		20.134 		38.841
v -52.145 		19.135 		38.264
v 8.737 		11.612 		34.176
v -52.018 		18.046 		37.902
v 8.4324 		12.1855 		36.3824
v -8.641 		1.2345 		42.4416
v -8.4918 		1.2403 		42.4714
v -9.723 		1.2764 		42.6576
v -28.284 		4.0469 		35.75
v -9.4562 		1.2661 		42.6044
v -51.707 		16.941 		37.778
v -19.536 		57.762 		40.261
v -8.6404 		1.071 		41.6006
v -28.2835 		4.0465 		35.7496
v -8.641 		1.071 		41.6007
v -8.6198 		1.0704 		41.5975
v -24.283 		56.491 		40.261
v -8.3227 		1.0616 		41.5521
v -27.6343 		3.5847 		35.209
v -27.641 		3.59 		35.2164
v -27.631 		3.5829 		35.2065
v -27.4164 		3.4667 		35.039
v -27.641 		3.452 		35.039
v -27.6448 		3.5927 		35.2195
v -51.674 		19.614 		37.232
v 12.689 		15.175 		1.736
v -42.301 		38.927 		0
v -27.4153 		3.466 		35.0373
v -42.779 		35.987 		3.42
v -24.04 		8.421 		21
v -19.771 		59.095 		35.209
v 8.6006 		11.8797 		35.209
v -8.3213 		1.2469 		42.5055
v -23.303 		10.001 		21
v -43.471 		33.464 		3.42
v 8.5671 		11.7415 		34.6148
v 12.762 		15.027 		0.872
v -27.324 		3.4101 		34.8985
v -11.97 		1.828 		45.4945
v -11.9734 		1.8332 		45.5213
v -43.006 		36.21 		2.588
v -11.8124 		1.7522 		45.1038
v -11.7931 		1.7429 		45.056
v 12.787 		14.977 		0
v -26.9181 		3.1613 		34.281
v -11.4827 		1.5932 		44.2868
v -11.473 		1.5885 		44.2626
v -27.641 		3.114 		34.281
v -10.698 		1.3985 		43.2856
v -13.396 		1.929 		46.013
v -13.641 		1.398 		43.283
v -43.718 		33.616 		2.588
v -23.897 		8.369 		22.737
v -19.85 		30 		59.544
v -19.771 		29.095 		59.544
v -26.8866 		3.114 		33.9416
v -9.2082 		1.2565 		42.5548
v -26.8454 		3.0522 		33.5
v -8.9607 		1.2469 		42.5055
v -43.17 		36.371 		1.736
v -9.3791 		1.0492 		41.488
v -9.7017 		1.0396 		41.4388
v -27.641 		3 		33.5
v -9.723 		1.039 		41.4355
v -10.6789 		0.948 		40.967
v -10.6933 		0.9466 		40.96
v -19.153 		32.605 		59.544
v -10.3005 		0.984 		41.1525
v -50.419 		21.991 		35.873
v -23.473 		8.215 		24.421
v -43.895 		33.726 		1.736
v -9.9107 		1.0813 		41.653
v -19.536 		31.782 		59.544
v -26.8457 		3.0523 		33.4994
v -19.771 		30.905 		59.544
v -50.508 		20.617 		35.08
v -23.172 		9.925 		22.737
v -8.7902 		1.2403 		42.4714
v -8.9593 		1.0616 		41.5521
v 8.539 		11.6212 		34.0882
v -43.268 		36.468 		0.872
v -26.9822 		3.0871 		33.1991
v -44.002 		33.792 		0.872
v -49.369 		23.869 		35.966
v -27.1787 		3.1371 		32.768
v -49.745 		22.617 		34.846
v -22.781 		9.7 		24.421
v -19.536 		28.218 		59.544
v 9.573 		12.989 		3.42
v -49.841 		21.129 		33.986
v -19.153 		27.395 		59.544
v -18.632 		26.651 		59.544
v 11.057 		14.165 		3.42
v -17.99 		26.009 		59.544
v 8.5522 		11.6778 		34.3361
v -43.301 		36.5 		0
v -44.038 		33.814 		0
v -24.283 		26.491 		58.191
v -23.527 		24.87 		58.191
v -5.312 		0.349 		39.327
v -24.746 		31.782 		1.809
v 6.954 		11.879 		40.261
v -16.4 		8.62 		20.698
v -16.737 		8.198 		20.698
v -5.809 		0.532 		40.266
v 9.663 		12.57 		2.588
v -51.53 		18.383 		36.822
v -51.179 		17.133 		36.683
v 11.189 		13.779 		2.588
v -32.768 		7.2927 		36.8346
v -32.7528 		7.2828 		36.8368
v 15.359 		30 		30
v -31.9006 		6.693 		36.8578
v -3.886 		0.867 		40.553
v -32.565 		6.099 		36.393
v -8.131 		3.038 		13.5
v -22.501 		23.405 		58.191
v -21.236 		22.14 		58.191
v -31.7139 		6.556 		36.8386
v -31.0512 		6.0698 		36.7705
v -19.771 		21.114 		58.191
v -5.8082 		0.8012 		40.212
v -5.809 		0.8015 		40.2136
v -18.15 		20.358 		58.191
v -5.7993 		0.7979 		40.1952
v -51.124 		20.11 		36.166
v -5.6611 		0.7472 		39.9341
v -6.5008 		0.9306 		40.8777
v -50.964 		18.742 		35.711
v -24.283 		18.509 		55.981
v 16.297 		26.623 		32.718
v -31.471 		5.524 		36.393
v -50.574 		17.354 		35.556
v 9.727 		12.268 		1.736
v -30.5379 		5.6715 		36.6512
v -30.3383 		5.5167 		36.6048
v -30.1392 		5.3622 		36.5586
v -30.1355 		5.3594 		36.5577
v -6.5688 		0.9433 		40.9431
v 11.283 		13.501 		1.736
v -6.5836 		0.9461 		40.9573
v -6.584 		0.9461 		40.9577
v 15.447 		27.288 		32.143
v -9.577 		4.884 		12.17
v -50.333 		19.118 		34.581
v -19.85 		59.544 		30
v -49.905 		17.597 		34.411
v -30.261 		5.101 		36.393
v -11.473 		0.532 		40.266
v -11.97 		0.349 		39.327
v -22.141 		17.01 		55.981
v 9.766 		12.086 		0.872
v -49.651 		19.506 		33.446
v 14.9912 		27.6363 		31.8378
v 15.0248 		27.4123 		31.2303
v -49.188 		17.858 		33.262
v -10.882 		4.29 		11.67
v -24.8506 		28.672 		1.8392
v -24.9136 		30 		1.8144
v -24.902 		30 		1.809
v -24.9136 		30.0002 		1.8144
v -24.9141 		30.007 		1.8149
v -24.9483 		30.5128 		1.8515
v -24.9741 		30.8976 		1.8793
v 14.9241 		27.687 		32.6551
v 14.9478 		27.6691 		32.3668
v -29.6752 		4.9834 		36.393
v -50.545 		15.896 		44.34
v -19.771 		15.905 		55.981
v -24.943 		30.907 		1.736
v -24.283 		13.3 		52.981
v -10.702 		5.132 		11.67
v -29.6736 		4.9819 		36.392
v -21.236 		11.879 		52.981
v 11.34 		13.334 		0.872
v -17.99 		11.009 		52.981
v -12.271 		4.29 		11.302
v 15.978 		26.174 		30.249
v -50.516 		16.337 		44.594
v -8.641 		0.147 		38.287
v -12.07 		4.83 		11.302
v -25.2694 		32.4201 		2.123
v 9.779 		12.025 		0
v -11.946 		5.406 		11.302
v -25.2197 		32.1795 		2.0714
v -25.1525 		31.8537 		2.0015
v 11.359 		13.278 		0
v 15.203 		26.74 		29.651
v -24.83 		30.941 		0.872
v 18.378 		24.844 		36.282
v -31.971 		4.875 		35.75
v 17.571 		24.881 		37.942
v -12.141 		0.147 		38.287
v -49.702 		15.723 		44.379
v 5.131 		16.162 		7.071
v -24.793 		30.952 		0
v 18.101 		25.148 		33.968
v 15.0896 		26.9784 		30.0562
v 6.359 		15.979 		7.071
v -13.438 		5.132 		11.076
v 17.419 		25.669 		35.732
v -13.336 		5.406 		11.076
v 16.561 		25.709 		37.497
v -49.665 		16.308 		44.716
v -13.273 		5.698 		11.076
v 15.0424 		26.8552 		29.5285
v -13.396 		0.867 		40.553
v 7.587 		16.162 		7.071
v 17.188 		25.907 		33.33
v -30.603 		4.397 		35.75
v 16.467 		26.457 		35.192
v -29.2868 		4.6394 		36.172
v -29.2842 		4.6371 		36.1705
v 15.0927 		26.9575 		30
v 15.0718 		26.9149 		29.8042
v -29.0509 		4.5083 		36.1024
v -14.166 		4.368 		11.076
v -29.0497 		4.5076 		36.102
v -51.091 		15.089 		43.208
v -10.698 		0.9461 		40.9577
v -50.842 		15.251 		43.623
v -13.946 		4.496 		11.076
v -11.472 		0.8017 		40.2146
v -11.473 		0.8015 		40.2136
v -29.145 		4.103 		35.75
v -11.4578 		0.8044 		40.2282
v 14.903 		30 		24.791
v -50.656 		15.526 		44.009
v -11.9602 		0.6227 		39.2929
v -11.97 		0.6191 		39.2745
v -13.748 		4.67 		11.076
v -12.0253 		0.5538 		38.9382
v -12.0296 		0.5487 		38.912
v -12.141 		0.417 		38.2345
v -12.01 		0.2621 		37.4379
v -50.097 		14.867 		43.427
v -12.686 		0.389 		38.09
v -13.577 		4.884 		11.076
v -49.85 		15.232 		43.939
v 20.03 		20.48 		41.595
v 5.029 		15.175 		6.428
v 19.009 		21.27 		41.457
v 17.934 		22.062 		41.277
v -49.243 		14.534 		43.144
v 6.359 		14.977 		6.428
v 17.119 		21.016 		42.154
v 7.689 		15.175 		6.428
v 16.217 		24.622 		28.622
v -12.01 		0.2621 		37.4379
v 16.821 		22.847 		41.06
v -51.27 		16.118 		44.206
v -32.339 		4.397 		35.039
v -5.141 		0.147 		38.287
v 23.037 		18.586 		41.082
v -52.154 		16.106 		43.456
v 22.362 		19.396 		40.997
v -52.055 		16.119 		43.595
v -51.972 		16.173 		43.734
v 4.937 		14.286 		5.736
v -51.909 		16.265 		43.863
v 21.84 		18.938 		41.715
v 6.359 		14.074 		5.736
v -51.833 		15.554 		43.172
v 7.781 		14.286 		5.736
v 20.979 		19.7 		41.683
v -51.636 		15.578 		43.449
v 4.855 		13.501 		5
v -5.809 		0.0324 		36.2566
v -5.7767 		0.0443 		36.3176
v -32.565 		4.103 		34.281
v 6.359 		13.278 		5
v -5.702 		0.009 		36.136
v -5.312 		0.2148 		37.1946
v -5.4872 		0.1506 		36.864
v 24.025 		17.062 		41.059
v -5.141 		0.417 		38.2345
v -51.469 		15.686 		43.726
v 15.451 		25.133 		27.966
v 7.863 		13.501 		5
v -5.2567 		0.5538 		38.9382
v -5.312 		0.6191 		39.2745
v -4.596 		0.389 		38.09
v 23.759 		16.828 		41.426
v -24.746 		28.218 		1.809
v 23.498 		16.493 		41.707
v 23.594 		17.806 		41.104
v 4.785 		12.827 		4.226
v 23.242 		17.496 		41.591
v 6.359 		12.593 		4.226
v 22.895 		17.052 		41.964
v -16.009 		5.698 		11.076
v 7.933 		12.827 		4.226
v -25.1516 		24.87 		2.4983
v -25.0915 		25.1379 		2.4197
v -51.345 		15.87 		43.984
v 22.58 		16.503 		42.198
v -15.946 		5.406 		11.076
v -25.2175 		24.576 		2.5844
v 22.598 		18.202 		41.686
v -15.844 		5.132 		11.076
v -11.97 		0.2148 		37.1946
v -11.7948 		0.1506 		36.864
v -11.5053 		0.0443 		36.3176
v 14.754 		25.59 		27.378
v -11.58 		0.009 		36.136
v -11.473 		0.0324 		36.2566
v -24.943 		25.093 		1.736
v 14.9154 		26.3212 		28.6118
v -13.396 		1.9556 		40.3414
v -13.396 		1.9557 		40.3416
v -13.4051 		2 		40.4383
v -15.705 		4.884 		11.076
v -13.3718 		1.9202 		40.261
v 22.168 		17.65 		42.149
v 21.776 		16.967 		42.44
v -15.534 		4.67 		11.076
v 14.903 		26.2689 		28.5221
v 14.7491 		25.6217 		27.4112
v 3.739 		15.763 		6.428
v -24.9069 		27.0306 		2.0257
v -24.8236 		27.9907 		1.8716
v -24.8228 		28 		1.8701
v -15.336 		4.496 		11.076
v -13.3712 		1.9198 		40.2592
v -24.793 		28 		1.736
v 21.328 		18.281 		42.267
v 2.263 		15.94 		5.736
v -15.116 		4.368 		11.076
v 20.861 		17.469 		42.614
v 3.557 		14.914 		5.736
v 14.6232 		24.8402 		26.7542
v 14.7433 		25.5969 		27.3691
v -24.9758 		26.2388 		2.1528
v -24.9757 		26.2399 		2.1527
v -14.882 		4.29 		11.076
v -24.9437 		26.6074 		2.0936
v 14.7461 		25.6089 		27.3894
v -14.641 		4.264 		11.076
v 2.029 		15.25 		5
v 14.454 		24.87 		24.791
v -12.8622 		1.4955 		38.5093
v 3.397 		14.165 		5
v -14.4 		4.29 		11.076
v -24.8305 		28.2488 		1.8471
v 20.388 		18.941 		42.321
v -24.8283 		28.2035 		1.848
v 0.533 		16.197 		4.226
v -12.737 		1.3912 		38.0788
v -12.686 		1.3487 		37.9034
v -11.58 		0.9245 		35.958
v -10.7517 		0.7964 		35.209
v 1.827 		14.657 		4.226
v 19.362 		19.621 		42.316
v 3.259 		13.522 		4.226
v 18.751 		18.56 		42.769
v -6.3305 		1.7572 		35.209
v -5.8442 		2 		35.6162
v 18.266 		20.316 		42.258
v -8.882 		3.38 		12.786
v -52.472 		16.315 		43.13
v -52.369 		16.208 		43.216
v 17.588 		19.137 		42.761
v -52.261 		16.137 		43.327
v -30.855 		3.877 		35.039
v -6.3326 		1.7565 		35.2071
v -29.273 		3.559 		35.039
v -10.186 		0.7996 		34.6799
v -9.4998 		0.8415 		34.4726
v -31.009 		3.559 		34.281
v 16.149 		22.738 		27.374
v 20.471 		16.557 		42.732
v -8.192 		1.1752 		34.2888
v -7.096 		1.4921 		34.5453
v -29.351 		3.226 		34.281
v -24.83 		25.059 		0.872
v -50.817 		14.605 		42.328
v -8.5273 		1.0783 		34.2104
v 19.848 		18.002 		42.721
v 19.397 		16.948 		42.858
v -50.427 		14.653 		42.877
v -24.679 		28 		0.872
v -8.641 		1.0455 		34.1838
v 15.38 		23.182 		26.673
v -50.664 		14.359 		41.144
v -9.432 		0.456 		30
v -50.137 		14.208 		41.779
v -32.641 		4.005 		33.5
v 18.241 		17.369 		42.923
v -49.653 		14.268 		42.462
v -4.38 		1.809 		30
v 4.727 		12.268 		3.42
v 17.022 		17.813 		42.933
v 6.359 		12.025 		3.42
v -24.793 		25.048 		0
v -24.641 		28 		0
v 16.605 		16.434 		42.761
v -49.356 		13.863 		41.156
v -9.4579 		0.6033 		28.2916
v -9.809 		3.802 		12.17
v -31.061 		3.452 		33.5
v 14.681 		23.58 		26.047
v -12.89 		0.19 		29.5801
v -12.7631 		0.2037 		29.551
v -13.6026 		0.1205 		29.662
v -11.177 		3.5 		11.67
v -29.377 		3.114 		33.5
v 7.991 		12.268 		3.42
v 24.638 		16.43 		40.352
v 24.851 		16.431 		38.923
v -10.0653 		0.5177 		28.662
v 24.797 		16.78 		39.29
v -10.8018 		0.4252 		28.9821
v -11.9236 		0.294 		29.3589
v -32.679 		18.837 		8.192
v -11.3076 		0.366 		29.152
v 14.2523 		23.8211 		25.6683
v 14.1114 		23.3727 		25.4391
v 24.678 		17.031 		39.717
v -52.644 		16.241 		42.415
v 4.682 		11.829 		2.588
v -52.467 		15.97 		42.522
v 6.359 		11.579 		2.588
v -9.4167 		0.6161 		28.2714
v -52.263 		15.757 		42.692
v 14.4836 		24.4566 		26.3456
v 14.2851 		23.9112 		25.7644
v -27.201 		3.1428 		32.719
v 8.036 		11.829 		2.588
v -52.046 		15.615 		42.914
v -5.9824 		1.8481 		24.8168
v -5.9683 		1.8542 		24.791
v -13.273 		3.038 		11.302
v -27.641 		3.114 		32.719
v -6.7327 		1.5402 		26.001
v 24.67 		16.406 		37.898
v -7.9058 		1.1117 		27.2655
v -12.882 		3.38 		11.302
v 24.691 		16.969 		38.271
v -12.545 		3.802 		11.302
v -52.028 		15.356 		42.077
v -51.705 		15.144 		42.408
v -51.385 		15.053 		42.794
v -52.598 		16.08 		41.663
v -16.009 		3.038 		11.302
v -52.333 		15.675 		41.823
v -32.5705 		19.648 		8.4386
v -32.572 		19.6493 		8.4394
v -8.09 		1.0476 		27.429
v -32.768 		19.8134 		8.5481
v -32.0514 		19.3351 		8.192
v 24.619 		17.433 		38.757
v 4.649 		11.513 		1.736
v -27.2311 		3.154 		32.6895
v 15.777 		20.651 		26.589
v -27.3424 		3.1954 		32.5803
v -27.641 		3.3065 		32.2874
v 6.359 		11.258 		1.736
v -27.6415 		3.3066 		32.287
v -26.8225 		20.48 		4.3675
v -26.6951 		20.6491 		4.226
v 8.069 		11.513 		1.736
v -26.5891 		20.8201 		4.096
v -27.917 		3.4155 		32.0833
v 4.629 		11.322 		0.872
v -52.075 		15.43 		41.039
v 6.359 		11.065 		0.872
v 8.089 		11.322 		0.872
v -28.672 		19.0393 		6.0137
v -28.4234 		19.1308 		5.8337
v -6.882 		4.29 		15.132
v -28.366 		19.049 		5.736
v 14.995 		21.02 		25.861
v -28.0825 		3.4809 		31.961
v -28.6625 		3.7258 		31.695
v -28.672 		3.7298 		31.6907
v -28.3032 		19.2013 		5.736
v -7.238 		4.368 		14.29
v -28.007 		18.537 		5
v -7.818 		4.496 		13.5
v 14.284 		21.354 		25.21
v -13.471 		1.785 		30.399
v -28.1703 		19.303 		5.6184
v -12.93 		0.3 		29.662
v 22.156 		20.49 		39.885
v -27.4711 		19.8378 		5
v -32.5852 		6.144 		30.5943
v -32.768 		6.2724 		30.598
v 4.623 		11.258 		0
v -30.603 		4.397 		31.25
v 22.385 		21 		37.215
v 6.359 		11 		0
v -9.716 		0.867 		28.662
v 21.931 		21.347 		38.389
v -8.606 		4.67 		12.786
v -29.5824 		4.1205 		31.3381
v -29.7431 		4.2236 		31.25
v 8.095 		11.258 		0
v -29.5266 		4.096 		31.3546
v -9.073 		1.785 		28.662
v 21.36 		21.373 		39.562
v 0.319 		15.763 		3.42
v -30.4581 		4.6952 		30.9776
v -30.461 		4.6971 		30.9769
v -30.72 		4.8716 		30.9114
v 1.661 		14.165 		3.42
v 20.712 		21.077 		40.656
v 3.145 		12.989 		3.42
v -30.1806 		4.5122 		31.0836
v -30.4054 		4.6605 		30.9977
v -27.698 		18.096 		4.226
v -32.565 		4.103 		32.719
v -10.81 		1.785 		29.662
v -26.9244 		20.358 		4.4754
v -26.8892 		20.3915 		4.4416
v 0.15 		15.421 		2.588
v -51.67 		15.007 		41.376
v 13.658 		21.645 		24.645
v -11.426 		1.169 		29.662
v -32.339 		4.397 		31.961
v -12.14 		0.669 		29.662
v 21.121 		22.233 		37.894
v -51.241 		14.726 		41.816
v 20.487 		22.262 		39.199
v -26.792 		20.296 		4.226
v 1.529 		13.779 		2.588
v 3.055 		12.57 		2.588
v 19.767 		21.934 		40.414
v -31.971 		4.875 		31.25
v 20.247 		23.117 		37.373
v 19.553 		23.149 		38.802
v -31.6257 		19.1213 		7.9652
v -31.6253 		19.121 		7.9649
v 0.029 		15.175 		1.736
v 18.764 		22.789 		40.133
v -8.005 		1.169 		27.429
v 1.435 		13.501 		1.736
v -32.565 		6.099 		30.607
v -31.427 		18.537 		7.66
v -31.5454 		5.4274 		30.7027
v -31.6858 		5.524 		30.6865
v 18.575 		24.025 		38.38
v -31.1097 		18.9144 		7.66
v -32.3807 		6.0021 		30.607
v 1.378 		13.334 		0.872
v -6.763 		4.264 		16
v 17.72 		23.635 		39.822
v -30.9295 		5.0126 		30.8584
v -31.1091 		18.9142 		7.6596
v 1.359 		13.278 		0
v 2.991 		12.268 		1.736
v 13.7747 		22.3008 		24.8913
v -52.427 		15.966 		40.827
v -30.451 		18.724 		7.2281
v -30.2113 		18.6546 		7.071
v -52.137 		15.9 		39.915
v 13.7129 		22.104 		24.791
v 13.6444 		21.9498 		24.6926
v 2.952 		12.086 		0.872
v -51.699 		15.234 		40.179
v -30.2106 		18.6545 		7.0704
v 16.654 		24.463 		39.489
v 2.939 		12.025 		0
v -51.197 		14.708 		40.598
v -51.736 		15.877 		38.937
v 15.99 		18.188 		27.129
v -51.215 		15.084 		39.25
v -30.1392 		18.6419 		7.019
v -30.1384 		18.642 		7.0185
v -6.2667 		5.1567 		15.6076
v -30.0261 		18.6483 		6.9513
v -30.0251 		18.6483 		6.9507
v -2.246 		15.228 		7.019
v 23.82 		18.759 		39.625
v -50.617 		14.459 		39.749
v -6.7074 		5.3308 		15
v 14.244 		16.438 		26.589
v -49.983 		14.042 		40.399
v -5.755 		5.586 		15
v 23.453 		18.776 		40.379
v 15.127 		18.502 		26.322
v -29.2438 		18.8286 		6.428
v -8.131 		1.302 		17.71
v -0.044 		15.027 		0.872
v -29.2404 		18.8298 		6.4256
v -7.818 		1.076 		16.868
v 23.295 		19.602 		39.261
v -0.069 		14.977 		0
v -49.208 		13.775 		39.592
v -28.8518 		18.973 		6.144
v 22.858 		19.622 		40.159
v -26.132 		49.902 		49.284
v -29.413 		17.605 		7.019
v -32.5457 		6.1162 		30.5935
v -32.5458 		6.1163 		30.5935
v -51.235 		15.895 		37.902
v -12.07 		0.433 		19.83
v -29.413 		47.605 		49.284
v -32.5279 		6.1039 		30.595
v -50.632 		14.979 		38.264
v -11.336 		1.076 		19.83
v -27.631 		52.5 		45
v 21.582 		20.229 		40.852
v -31.009 		3.559 		32.719
v -49.941 		14.256 		38.841
v -31.341 		49.902 		45
v -32.443 		17.732 		7.66
v -49.964 		14.915 		37.232
v -29.351 		3.226 		32.719
v -49.183 		14.098 		37.884
v -10.702 		0.132 		19.214
v -5.9829 		5.0445 		15.999
v -6.0329 		5.0642 		15.9301
v -9.946 		1.076 		19.214
v -5.9194 		5 		16.1268
v -28.736 		54.414 		40.261
v -29.641 		4.019 		30
v -32.762 		51.595 		40.261
v -1.651 		7.5 		15
v -24.746 		57.762 		35.209
v 24.489 		16.436 		40.658
v -30.855 		3.877 		31.961
v 13.407 		16.658 		25.861
v -29.413 		55.586 		35.209
v -50.645 		15.951 		36.822
v -9.334 		0.433 		18.5
v -49.98 		16.04 		35.711
v -29.273 		3.559 		31.961
v 14.322 		18.795 		25.584
v -10.641 		6 		11.67
v -32.223 		16.704 		7.071
v -11.905 		6 		11.302
v -29.1821 		3.9452 		31.4563
v -33.632 		52.632 		35.209
v -29.1852 		3.9465 		31.4554
v -29.4504 		4.0626 		31.377
v 12.649 		16.86 		25.21
v -31.105 		17.59 		7.071
v -34.543 		46.7 		45
v 13.591 		19.061 		24.924
v -13.273 		6.302 		11.076
v -49.224 		14.889 		36.166
v -49.255 		16.157 		34.581
v -13.273 		1.302 		20.33
v -13.336 		6.594 		11.076
v 24.5 		17.167 		40.174
v -30.811 		16.722 		6.428
v -36.236 		48.121 		40.261
v -29.717 		18.024 		6.428
v -37.273 		48.991 		35.209
v -45.013 		27.643 		30.762
v 24.278 		17.177 		40.632
v -15.8418 		6.8719 		11.076
v -15.844 		6.868 		11.076
v -15.8466 		6.8719 		11.0767
v -15.8418 		6.8719 		11.076
v 11.981 		17.039 		24.645
v -15.8494 		6.8719 		11.077
v -16.2048 		6.8652 		11.1309
v -15.946 		6.594 		11.076
v -16.384 		6.8619 		11.1581
v -29.376 		17.332 		5.736
v -16.1185 		6.8668 		11.1178
v -15.8879 		6.8712 		11.0829
v -16.009 		6.302 		11.076
v -46.386 		26.541 		32.324
v 11.5384 		16.5007 		24.791
v -10.702 		1.868 		19.83
v -46.86 		24.962 		30.911
v -29.074 		16.722 		5
v -24.902 		58.191 		30
v -45.677 		27.117 		31.511
v -8.641 		1.67 		18.5
v -46.171 		25.473 		30.04
v 24.46 		17.766 		39.323
v 24.225 		17.945 		39.931
v -14.641 		6.7957 		11.0348
v -26.5263 		20.9214 		4.019
v -36.8516 		10.5876 		35.209
v -14.7545 		6.805 		11.0358
v -45.524 		25.94 		29.239
v -29.641 		55.981 		30
v -14.878 		6.8143 		11.0379
v -36.7113 		10.502 		35.3539
v -36.708 		10.5 		35.3574
v -36.864 		10.5984 		35.1958
v 23.93 		17.959 		40.538
v -15.0219 		6.8243 		11.0417
v -14.9829 		6.8216 		11.0406
v -15.2022 		6.8358 		11.0478
v -26.4328 		21.1163 		3.9308
v -25.8907 		22.2454 		3.42
v -15.4519 		6.8505 		11.0579
v -12.641 		1.67 		20.33
v -44.934 		26.358 		28.519
v -24.746 		57.762 		24.791
v -13.252 		6 		11.076
v -29.413 		55.586 		24.791
v -25.8903 		22.2464 		3.4195
v 13.5344 		21.7021 		24.5347
v -48.418 		22.139 		31.836
v 24.112 		18.536 		38.87
v -47.577 		24.414 		31.841
v -28.736 		54.414 		19.739
v 23.877 		18.844 		37.526
v -47.693 		22.624 		30.807
v -32.762 		51.595 		19.739
v -47.465 		20.67 		30.157
v 23.642 		19.337 		38.363
v -25.7765 		22.5148 		3.3039
v -25.564 		22.384 		2.588
v -36.4002 		10.2956 		35.6313
v -36.3164 		10.24 		35.7059
v 12.947 		19.296 		24.352
v -46.981 		23.085 		29.828
v -46.742 		21.039 		29.146
v 23.062 		20.16 		37.809
v -35.1103 		9.2932 		36.393
v -34.6025 		8.8424 		36.544
v -34.3932 		8.6566 		36.6063
v -34.839 		8.535 		36.393
v -25.4236 		23.7747 		2.8303
v -25.4229 		23.7774 		2.8295
v -25.2203 		24.5637 		2.588
v -27.631 		52.5 		15
v -25.6845 		22.8434 		3.1805
v -46.297 		23.518 		28.911
v -31.341 		49.902 		15
v 12.6895 		19.3897 		24.1252
v 13.0013 		19.9386 		24.3153
v 22.66 		20.467 		38.847
v 12.9905 		19.9196 		24.3087
v -25.387 		22.274 		1.736
v -26.132 		49.902 		10.716
v 13.121 		20.3348 		24.3645
v -35.112 		9.2946 		36.3923
v -33.9682 		8.2592 		36.6791
v -33.8964 		8.192 		36.6914
v -29.413 		47.605 		10.716
v -35.8043 		9.8467 		36.0206
v -35.3364 		9.482 		36.2942
v 24.373 		16.847 		37.1
v -48.935 		19.898 		32.321
v -25.28 		22.208 		0.872
v -48.439 		18.131 		32.123
v -36.17 		9.372 		35.75
v 24.398 		17.547 		37.563
v -36.267 		10.2072 		35.75
v -25.244 		22.186 		0
v -7.713 		1 		16
v -47.684 		16.458 		32.321
v -35.2356 		9.3978 		36.3382
v -35.779 		8.279 		35.75
v 24.309 		18.123 		38.167
v -7.818 		1.076 		15.132
v -26.132 		20.358 		4.019
v -48.201 		20.288 		31.22
v -47.674 		18.409 		31.01
v -27.443 		17.732 		3.42
v -8.131 		1.302 		14.29
v -46.87 		16.631 		31.22
v -14.641 		6 		11
v 11.7143 		17.1115 		24.4209
v -26.503 		20.013 		3.42
v 21.966 		21.133 		35.375
v 12.1808 		18.2014 		24.2795
v -27.242 		17.445 		2.588
v 21.626 		21.848 		36.59
v 16.229 		12.78 		31.748
v -26.276 		19.79 		2.588
v 21.342 		20.821 		33.469
v 14.109 		11.944 		32.323
v -46.908 		18.688 		29.935
v 21.174 		21.912 		34.612
v 15.134 		12.842 		30.911
v -46.06 		16.811 		30.157
v -33.925 		52.981 		30
v -46.158 		18.961 		28.914
v -37.622 		49.284 		30
v 16.139 		14.133 		29.827
v -36.9229 		10.6496 		35.1333
v -45.27 		16.994 		29.146
v -33.632 		52.632 		24.791
v -37.038 		10.5 		35.039
v -27.097 		17.239 		1.736
v 12.974 		11.974 		31.594
v 20.8 		22.695 		35.944
v -26.112 		19.629 		1.736
v -40.622 		45 		30
v -37.273 		48.991 		24.791
v 14.056 		12.922 		30.104
v -27.01 		17.114 		0.872
v 15.117 		14.284 		28.961
v -37.0115 		10.7266 		35.039
v -36.236 		48.121 		19.739
v -26.014 		19.532 		0.872
v -36.895 		9.276 		35.039
v -34.543 		46.7 		15
v 13.015 		13.014 		29.338
v -26.981 		17.073 		0
v -25.981 		19.5 		0
v -44.803 		21.999 		26.558
v -37.2787 		10.9334 		34.5494
v -46.048 		21.386 		28.201
v -45.655 		23.916 		28.07
v -29.413 		12.395 		10.716
v 20.33 		22.685 		33.842
v -45.397 		21.708 		27.335
v -37.489 		10.5 		34.281
v 19.926 		23.533 		35.284
v 10.803 		11.529 		32.718
v -37.273 		11.009 		24.791
v -36.4696 		31.0908 		9.659
v -36.521 		30.7606 		9.6815
v -36.5273 		30.72 		9.6842
v -36.624 		30.828 		9.659
v -36.236 		11.879 		19.739
v -45.069 		24.273 		27.315
v -36.469 		31.094 		9.6587
v -37.3512 		11 		34.4143
v -37.3226 		10.9674 		34.4689
v -29.413 		12.395 		49.284
v -36.1586 		32.6626 		9.4855
v -36.1834 		32.5529 		9.5006
v -36.1849 		32.546 		9.5016
v 11.881 		12.021 		30.9
v -37.339 		9.217 		34.281
v -9.334 		0.433 		13.5
v -36.2839 		32.0585 		9.5579
v -44.767 		19.467 		27.084
v -36.389 		31.5414 		9.6178
v -8.641 		1.67 		13.5
v -36.839 		32.454 		9.397
v -37.641 		10.5 		33.5
v -36.236 		11.879 		40.261
v -10.702 		0.132 		12.786
v 19.327 		23.99 		36.832
v -9.946 		1.076 		12.786
v -36.4122 		31.412 		9.6296
v -37.489 		9.198 		33.5
v -45.44 		19.222 		27.959
v -37.273 		11.009 		35.209
v -37.489 		10.9832 		33.0089
v 19.454 		23.444 		33.076
v -37.4959 		11 		33.0544
v -44.98 		15.168 		30.807
v -37.4212 		11.0797 		34.281
v -37.5635 		11.1642 		33.5
v -37.4943 		11.1231 		33.8793
v -37.5634 		11.1641 		33.4997
v -16.03 		6 		11.076
v -37.4524 		10.8944 		32.768
v -45.846 		15.074 		31.836
v -32.246 		44.772 		10.716
v -39.055 		44.095 		19.739
v -12.07 		0.433 		12.17
v 9.725 		11.566 		32.143
v -41.132 		39.642 		19.739
v -36.4019 		9.6734 		31.44
v -11.336 		1.076 		12.17
v -36.864 		10.1834 		31.8287
v -23.698 		-0.382 		35.564
v -22.723 		-0.475 		35.086
v -36.17 		9.372 		31.25
v 10.848 		12.078 		30.249
v -10.702 		1.868 		12.17
v 19.02 		24.354 		34.622
v -42.403 		34.895 		19.739
v -36.1761 		9.4241 		31.25
v -36.53 		30.7025 		9.6854
v -36.5311 		30.6956 		9.6859
v -36.6267 		30 		9.7207
v -36.6261 		29.9486 		9.7246
v -36.6266 		30.0002 		9.7206
v -24.97 		-0.055 		37.247
v -36.6115 		30.1103 		9.7151
v -24.473 		-0.237 		36.309
v -13.273 		1.302 		11.67
v -12.641 		1.67 		11.67
v -36.6194 		29.696 		9.74
v 23.788 		16.404 		35.909
v -35.779 		8.279 		31.25
v 23.952 		17.326 		36.256
v 8.7904 		11.6091 		31.6452
v 8.7302 		11.612 		32.2303
v -4.536 		2.238 		24.791
v -14.641 		7.019 		10.716
v 23.983 		18.159 		36.807
v -36.132 		9.377 		31.2252
v -36.132 		9.377 		31.2252
v -35.2276 		8.4292 		30.8728
v -36.0631 		9.3047 		31.1983
v 23.231 		16.771 		34.972
v 8.8638 		11.674 		31.3829
v -34.9965 		8.192 		30.8238
v 9.89 		12.143 		29.651
v -23.698 		-0.1124 		35.5116
v -24.2994 		0 		36.0898
v -37.141 		42.99 		15
v -23.122 		-0.1673 		35.2292
v -39.055 		38.886 		15
v -23.186 		-0.235 		34.881
v -22.723 		-0.2054 		35.0336
v -8.599 		2.801 		28.662
v -22.7258 		-0.2051 		35.035
v -40.227 		34.512 		15
v -22.641 		-0.2078 		35.0212
v -36.6139 		29.4907 		9.7525
v -36.6066 		29.2164 		9.7692
v -8.513 		6 		12.786
v -34.543 		41.491 		10.716
v -37.622 		10.716 		30
v 9.2526 		12.0192 		30
v 23.42 		17.837 		35.373
v 9.2941 		12.1878 		29.2806
v -36.236 		37.86 		10.716
v -36.5938 		28.924 		9.7819
v -36.5826 		28.672 		9.7928
v -37.273 		33.991 		10.716
v 23.455 		18.799 		36.011
v -20.559 		-0.475 		35.086
v -19.584 		-0.382 		35.564
v -10.6899 		6.6965 		11.67
v -37.489 		10.5 		32.719
v -10.5267 		6.6615 		11.7404
v -10.5253 		6.6612 		11.741
v -36.6035 		29.1451 		9.7723
v -37.445 		10.8763 		32.719
v -21.641 		-0.507 		34.922
v -10.6901 		6.6965 		11.6699
v -11.2023 		6.7553 		11.5219
v -11.946 		6.594 		11.302
v -37.261 		31.737 		9.397
v -11.2097 		6.7562 		11.5198
v -7.441 		2.379 		27.429
v -37.339 		9.217 		32.719
v -6.501 		2.037 		26.001
v -37.603 		30.907 		9.397
v -11.3602 		6.7721 		11.4783
v -11.2829 		6.7639 		11.4996
v -37.878 		32.618 		9.063
v -37.4404 		10.8684 		32.7098
v -38.301 		31.592 		9.063
v 23.333 		19.592 		36.841
v -37.1426 		10.5 		32.1369
v -32.246 		15.228 		10.716
v -9.499 		6 		12.17
v -36.895 		9.276 		31.961
v -7.577 		2.786 		17.71
v -37.0213 		10.357 		31.961
v -38.971 		32.25 		8.66
v 22.83 		19.461 		35.182
v -39.339 		30.907 		8.66
v -7.238 		2.632 		16.868
v -40.031 		31.335 		8.192
v 16.085 		15.968 		28.242
v -36.882 		30.2 		9.659
v -13.438 		6.868 		11.076
v 14.127 		14.442 		28.139
v -42.832 		30 		19.739
v -42.403 		25.105 		19.739
v -9.334 		2.17 		19.214
v -33.6046 		7.919 		36.7414
v -33.6038 		7.9183 		36.7415
v -18.312 		-0.055 		37.247
v -37.073 		29.505 		9.659
v -34.275 		7.627 		36.393
v 22.692 		20.357 		36.121
v 15.142 		16.207 		27.386
v -37.19 		28.764 		9.659
v -33.3669 		7.6839 		36.7481
v -33.3117 		7.6479 		36.7561
v -33.509 		6.807 		36.393
v -37.855 		29.989 		9.397
v -18.809 		-0.237 		36.309
v -38.009 		29.01 		9.397
v -41.132 		20.358 		19.739
v -35.141 		7.252 		35.75
v -38.612 		30.457 		9.063
v 22.575 		17.168 		34.009
v -34.275 		6.325 		35.75
v -38.803 		29.248 		9.063
v 22.79 		18.374 		34.462
v 13.187 		14.6 		27.374
v 21.837 		17.59 		33.028
v -33.208 		5.524 		35.75
v 22.076 		18.929 		33.531
v -36.471 		8.09 		35.039
v 22.12 		20.138 		34.332
v -10.65 		7.368 		10.716
v -35.779 		6.976 		35.039
v -39.565 		29.476 		8.66
v -20.559 		-0.2054 		35.0336
v -20.5802 		-0.206 		35.0304
v -21.641 		-0.2373 		34.8696
v -20.16 		-0.1673 		35.2292
v 12.313 		14.754 		26.673
v -34.839 		5.97 		35.039
v -40.29 		29.693 		8.192
v -33.681 		5.101 		35.039
v -21.641 		-0.319 		34.449
v -20.096 		-0.235 		34.881
v 24.297 		15.513 		40.973
v 24.217 		15.374 		41.032
v 12.028 		13.113 		28.622
v -19.584 		-0.1124 		35.5116
v -11.9989 		6.8397 		11.302
v -18.9826 		0 		36.0898
v -12.0001 		6.8397 		11.3018
v 24.142 		16.203 		41.189
v -12.288 		6.8471 		11.2553
v -12.0345 		6.8406 		11.2962
v 23.967 		15.979 		41.377
v -12.7532 		6.8591 		11.18
v -12.7533 		6.8591 		11.18
v -21.6622 		-0.2366 		34.8728
v -13.4215 		6.8716 		11.0787
v -13.1642 		6.8668 		11.1177
v -13.1628 		6.8668 		11.1179
v -13.1322 		6.8662 		11.1226
v 23.808 		15.702 		41.495
v 11.113 		13.214 		27.966
v -13.4327 		6.8718 		11.077
v 23.675 		15.391 		41.535
v -13.4402 		6.8719 		11.076
v -13.8302 		6.8505 		11.0579
v -36.17 		6.807 		34.281
v -14.0799 		6.8357 		11.0478
v -13.99 		6.841 		11.0514
v -5.1112 		2.6511 		22.737
v -13.748 		-0.33 		19.83
v -14.2601 		6.8243 		11.0417
v -5.5782 		2.1844 		23.9738
v -36.5424 		28 		9.8113
v -36.5307 		27.8556 		9.8123
v -39.055 		15.905 		19.739
v -36.5139 		27.648 		9.8137
v -14.336 		6.819 		11.0397
v -14.2954 		6.8218 		11.0407
v 9.5224 		12.6433 		28.4295
v -5.7472 		2.0156 		24.421
v -14.404 		6.8143 		11.0379
v -14.5275 		6.805 		11.0358
v -36.5424 		28.0005 		9.8113
v -15.534 		-0.33 		19.83
v 23.26 		16.079 		41.883
v -14.641 		-0.428 		19.83
v -40.227 		25.488 		15
v 10.285 		13.312 		27.378
v 23.061 		15.615 		41.944
v -40.622 		30 		15
v -15.705 		-1.544 		19.214
v -39.055 		21.114 		15
v -35.185 		5.752 		34.281
v -14.641 		-1.66 		19.214
v -37.141 		17.01 		15
v -33.971 		4.842 		34.281
v -37.273 		26.009 		10.716
v -15.844 		-2.529 		18.5
v -36.301 		6.75 		33.5
v -14.641 		-2.66 		18.5
v -35.301 		5.679 		33.5
v -36.5786 		28.5811 		9.7967
v -34.069 		4.755 		33.5
v 24.15 		15.218 		41.052
v 24.101 		15.056 		41.032
v -36.5665 		28.3871 		9.8016
v 24.073 		14.898 		40.973
v -15.946 		-3.254 		17.71
v 9.8839 		13.3623 		27.0957
v -37.622 		30 		10.716
v -36.236 		22.14 		10.716
v -14.641 		-3.397 		17.71
v 23.577 		15.067 		41.495
v -34.543 		18.509 		10.716
v 23.521 		14.753 		41.377
v 10.945 		15.228 		24.791
v -16.009 		-3.698 		16.868
v 23.51 		14.469 		41.189
v -14.641 		-3.848 		16.868
v 22.915 		15.13 		41.883
v -12.07 		2.17 		20.33
v 11.521 		14.899 		26.047
v -34.543 		13.3 		15
v 22.831 		14.66 		41.707
v -36.895 		7.974 		34.281
v -16.03 		-3.848 		16
v -37.038 		7.935 		33.5
v -14.641 		-4 		16
v -11.577 		2.786 		20.33
v -27.036 		44.772 		52.981
v -29.413 		42.395 		52.981
v -16.009 		-3.698 		15.132
v -14.641 		-3.848 		15.132
v -26.132 		39.642 		55.981
v -27.631 		37.5 		55.981
v -36.4975 		27.4444 		9.815
v -36.4974 		27.4432 		9.815
v -28.736 		35.13 		55.981
v 22.316 		15.886 		42.278
v -10.188 		2.786 		19.83
v 22.121 		15.244 		42.198
v -36.17 		6.807 		32.719
v -15.946 		-3.254 		14.29
v -24.902 		30 		58.191
v -24.746 		28.218 		58.191
v -14.641 		-3.397 		14.29
v -36.471 		8.09 		31.961
v 22.01 		14.62 		41.964
v -15.844 		-2.529 		13.5
v -24.746 		31.782 		58.191
v -35.779 		6.976 		31.961
v -14.641 		-2.66 		13.5
v -29.413 		27.395 		55.981
v 10.8788 		15.0191 		25.5434
v 10.7611 		14.8231 		25.7269
v 21.448 		16.201 		42.54
v -29.641 		30 		55.981
v -28.736 		24.87 		55.981
v -15.705 		-1.544 		12.786
v 10.997 		15.198 		25.477
v -36.4836 		27.3048 		9.8133
v -36.4418 		26.8858 		9.8081
v -36.4418 		26.8856 		9.8081
v -14.641 		-1.66 		12.786
v 11.19 		15.6624 		25.2319
v -29.413 		32.605 		55.981
v -36.42 		26.7027 		9.8024
v -36.4106 		26.624 		9.7999
v -33.925 		7.019 		30
v -15.534 		-0.33 		12.17
v -14.641 		-0.428 		12.17
v -35.141 		7.252 		31.25
v 21.207 		15.404 		42.44
v -13.748 		-0.33 		12.17
v 21.069 		14.629 		42.149
v -36.3722 		26.3008 		9.7897
v -7.123 		2.58 		16
v -16.4 		-0.04 		19.83
v -17.705 		-0.634 		19.214
v -7.238 		2.632 		15.132
v -27.631 		22.5 		55.981
v -16.737 		-1.198 		19.214
v -26.132 		20.358 		55.981
v -36.3164 		26.0403 		9.7804
v -36.2279 		25.7361 		9.7736
v -34.275 		6.325 		31.25
v -19.094 		-0.634 		18.5
v 22.815 		14.236 		41.426
v 9.161 		41.086 		5.736
v -18.105 		-1.5 		18.5
v -17.011 		-2.138 		18.5
v -36.3544 		26.171 		9.7832
v 22.869 		13.886 		41.059
v 21.99 		14.057 		41.591
v -7.577 		2.786 		14.29
v -29.413 		17.605 		52.981
v 9.321 		41.835 		5
v 22.061 		13.593 		41.104
v -36.1854 		25.6 		9.7677
v 10.891 		41.343 		4.226
v -27.036 		15.228 		52.981
v -34.3952 		7.575 		30.6962
v -34.5709 		7.7553 		30.7335
v 9.459 		42.478 		4.226
v -20.4 		-0.04 		17.71
v -32.246 		44.772 		49.284
v -19.473 		-1.198 		17.71
v -33.5194 		6.8005 		30.6157
v -9.334 		2.17 		12.786
v -18.4 		-2.138 		17.71
v 21.044 		13.93 		41.686
v -17.212 		-2.83 		17.71
v 21.132 		13.354 		41.082
v -31.341 		39.642 		52.981
v -32.762 		36.595 		52.981
v -33.522 		6.8023 		30.6162
v -36.624 		25.172 		9.659
v -33.5404 		6.8156 		30.6194
v -10.188 		2.786 		12.17
v 12.762 		40.973 		0.872
v -19.705 		-1.544 		16.868
v -33.8868 		7.0645 		30.6795
v -36.1018 		25.3329 		9.7562
v -36.0478 		25.1602 		9.7487
v -36.0458 		25.154 		9.7484
v -7.0677 		5.6074 		14.4833
v -7.041 		5.5644 		14.5528
v -18.58 		-2.529 		16.868
v -7.0409 		5.5644 		14.5529
v -7.0378 		5.5594 		14.5609
v -12.07 		2.17 		11.67
v -7.1245 		5.6986 		14.336
v -7.1422 		5.7271 		14.29
v -33.2126 		6.5847 		30.607
v -17.336 		-3.254 		16.868
v 12.787 		41.023 		0
v -36.1271 		25.4136 		9.7597
v -11.577 		2.786 		11.67
v -36.305 		24.629 		9.659
v -33.1822 		6.5633 		30.6064
v -33.632 		33.349 		52.981
v 11.057 		41.835 		3.42
v -34.543 		41.491 		49.284
v -7.713 		6 		13.5
v 9.573 		43.011 		3.42
v -36.236 		37.86 		49.284
v -37.273 		33.991 		49.284
v -35.185 		5.752 		32.719
v 11.189 		42.221 		2.588
v -33.971 		4.842 		32.719
v -35.8809 		24.6612 		9.7165
v -35.8524 		24.576 		9.711
v -20.676 		-0.33 		16.868
v -34.839 		5.97 		31.961
v -7.5061 		6 		13.7771
v -7.7229 		6.142 		13.5
v -33.681 		5.101 		31.961
v 9.663 		43.43 		2.588
v -19.783 		-1.66 		16
v -37.141 		42.99 		45
v -8.192 		6.311 		13.0919
v -8.0702 		6.2671 		13.1979
v -8.0682 		6.2664 		13.1996
v -8.017 		6.248 		13.2442
v -8.0168 		6.2479 		13.2443
v -7.8356 		6.1826 		13.402
v -39.055 		38.886 		45
v -18.641 		-2.66 		16
v -17.377 		-3.397 		16
v -8.5436 		6.4377 		12.786
v -8.4574 		6.4067 		12.861
v 11.283 		42.499 		1.736
v -19.705 		-1.544 		15.132
v -8.5439 		6.4378 		12.7858
v -9.0091 		6.5204 		12.4988
v 20.184 		15.608 		42.614
v -40.227 		34.512 		45
v -33.208 		5.524 		31.25
v 9.727 		43.732 		1.736
v -18.58 		-2.529 		15.132
v -9.542 		6.615 		12.17
v -10.4078 		6.6557 		11.7923
v 20.019 		14.685 		42.267
v -17.336 		-3.254 		15.132
v 19.065 		15.851 		42.721
v -36.895 		7.974 		32.719
v -37.229 		28 		9.659
v -37.19 		27.236 		9.659
v 18.875 		14.785 		42.321
v -39.055 		44.095 		40.261
v 17.866 		16.128 		42.769
v -41.132 		39.642 		40.261
v 11.359 		42.722 		0
v 9.779 		43.975 		0
v -42.403 		34.895 		40.261
v -11.473 		2.328 		49.508
v 14.019 		38.927 		0
v -5.809 		2.328 		49.508
v 15.019 		36.5 		0
v 15.756 		33.814 		0
v -40.227 		44.772 		35.209
v 17.652 		14.923 		42.316
v 11.34 		42.666 		0.872
v -42.403 		40.105 		35.209
v 8.095 		44.742 		0
v 4.623 		44.742 		0
v 6.359 		45 		0
v -38.061 		28 		9.397
v -38.009 		26.99 		9.397
v -43.736 		35.13 		35.209
v 1.359 		42.722 		0
v 2.939 		43.975 		0
v -20.4 		-0.04 		14.29
v -9.723 		2.64 		51.113
v -10.698 		2.518 		50.485
v -19.473 		-1.198 		14.29
v -38.803 		26.752 		9.063
v -18.4 		-2.138 		14.29
v -38.867 		28 		9.063
v -0.069 		41.023 		0
v 19.989 		13.853 		41.715
v -17.212 		-2.83 		14.29
v 20.095 		13.167 		40.997
v -1.301 		38.927 		0
v 18.84 		13.823 		41.683
v -19.094 		-0.634 		13.5
v 9.766 		43.914 		0.872
v -7.559 		2.64 		51.113
v -6.584 		2.518 		50.485
v -8.641 		2.682 		51.329
v -18.105 		-1.5 		13.5
v -6.781 		8.405 		10.716
v -3.038 		33.814 		0
v -39.641 		28 		8.66
v -17.011 		-2.138 		13.5
v 9.076 		33.504 		9.063
v 8.472 		34.222 		9.063
v -17.705 		-0.634 		12.786
v -42.832 		40.261 		30
v 10.189 		33.464 		8.66
v -44.185 		35.209 		30
v -40.377 		28 		8.192
v -16.737 		-1.198 		12.786
v 9.573 		34.511 		8.66
v -7.0274 		5.5549 		14.571
v -37.073 		26.495 		9.659
v -40.227 		44.772 		24.791
v 8.859 		35.361 		8.66
v -42.403 		40.105 		24.791
v -36.882 		25.8 		9.659
v -2.301 		36.5 		0
v 11.326 		32.875 		8.192
v -5.6864 		2.5384 		49.152
v -5.7993 		2.5928 		49.4315
v -43.736 		35.13 		24.791
v -5.809 		2.5975 		49.4556
v 16.207 		30.952 		0
v 10.753 		34.268 		8.192
v -37.855 		26.011 		9.397
v 10.046 		35.47 		8.192
v 16.207 		25.048 		0
v -37.603 		25.093 		9.397
v 16.359 		28 		0
v -6.0027 		2.6449 		49.6998
v -16.4 		-0.04 		12.17
v 9.227 		36.444 		8.192
v 8.321 		37.163 		8.192
v -20.769 		-0.428 		16
v 12.634 		36.951 		5.736
v -8.0745 		2.9295 		51.1635
v -8.6198 		2.9507 		51.2724
v -20.676 		-0.33 		15.132
v -8.641 		2.9515 		51.2766
v 12.993 		37.463 		5
v -9.7209 		2.9096 		51.061
v -9.723 		2.9095 		51.0606
v -38.612 		25.543 		9.063
v -9.7018 		2.9103 		51.0649
v 13.302 		37.904 		4.226
v -10.0342 		2.8705 		50.8602
v -10.6789 		2.7898 		50.4449
v 17.612 		13.835 		41.595
v -10.698 		2.7874 		50.4326
v -11.2793 		2.6449 		49.6998
v -14.641 		1.809 		40.261
v -39.565 		26.524 		8.66
v -11.58 		2.787 		50.431
v -39.339 		25.093 		8.66
v -11.473 		2.5975 		49.4556
v -11.5956 		2.5384 		49.152
v 9.573 		37.463 		7.66
v -14.641 		0.456 		35.209
v 8.557 		38.268 		7.66
v -40.29 		26.307 		8.192
v 24.745 		15.349 		39.945
v -24.473 		2.328 		49.508
v 10.904 		37.208 		7.071
v 24.75 		15.492 		40.04
v 24.732 		15.609 		40.163
v -40.031 		24.665 		8.192
v 9.895 		38.41 		7.071
v 24.692 		15.693 		40.306
v -18.809 		2.328 		49.508
v 8.777 		39.296 		7.071
v 24.633 		15.738 		40.459
v -22.723 		2.64 		51.113
v 11.283 		37.976 		6.428
v -23.698 		2.518 		50.485
v 24.757 		16.339 		40.045
v 10.189 		39.278 		6.428
v 8.979 		40.237 		6.428
v -40.681 		31.737 		7.66
v -20.559 		2.64 		51.113
v 24.601 		14.874 		39.886
v 24.668 		15.03 		39.866
v -19.584 		2.518 		50.485
v 24.717 		15.192 		39.886
v -21.641 		2.682 		51.329
v 24.708 		15.015 		39.168
v -40.971 		29.898 		7.66
v 24.806 		15.339 		39.208
v 24.862 		15.653 		39.326
v 24.873 		15.937 		39.515
v 24.837 		16.171 		39.76
v -41.286 		32.111 		7.071
v -32.762 		23.405 		52.981
v -3.15 		10.098 		10.716
v -41.605 		30.087 		7.071
v 11.624 		38.668 		5.736
v 10.455 		40.06 		5.736
v -41.839 		32.454 		6.428
v -42.185 		30.261 		6.428
v 11.926 		39.278 		5
v -18.7993 		2.5928 		49.4315
v -18.809 		2.5975 		49.4556
v 10.689 		40.75 		5
v -19.0027 		2.6449 		49.6998
v 12.185 		39.803 		4.226
v -21.0745 		2.9295 		51.1635
v -21.6198 		2.9507 		51.2724
v -31.341 		20.358 		52.981
v -21.641 		2.9515 		51.2766
v 24.606 		15.052 		38.405
v -6.641 		6 		16
v -22.7209 		2.9096 		51.061
v -22.723 		2.9095 		51.0606
v -22.7018 		2.9103 		51.0649
v -42.339 		32.763 		5.736
v -5.702 		2.787 		50.431
v -23.0342 		2.8705 		50.8602
v -6.584 		2.7874 		50.4326
v -23.6789 		2.7898 		50.4449
v -42.708 		30.418 		5.736
v -7.5569 		2.9092 		51.0592
v -7.559 		2.9095 		51.0606
v -23.698 		2.7874 		50.4326
v -7.5399 		2.9071 		51.0483
v -24.2793 		2.6449 		49.6998
v -7.2478 		2.8705 		50.8602
v 12.483 		34.01 		7.071
v -6.763 		7.736 		16
v -43.17 		30.557 		5
v 12.993 		34.511 		6.428
v -6.763 		6 		15.132
v 13.453 		34.963 		5.736
v 24.752 		15.536 		38.465
v -43.566 		30.675 		4.226
v -5.312 		2.089 		48.277
v -32.246 		15.228 		49.284
v -6.8398 		7.7192 		15.4396
v -6.8397 		7.7121 		15.4371
v -6.8313 		7.3504 		15.3145
v -33.632 		26.651 		52.981
v -33.925 		30 		52.981
v -6.826 		7.1049 		15.2308
v -44.489 		30.952 		0
v 24.836 		16.007 		38.642
v -6.8625 		7.8315 		15.4499
v -6.9191 		8.192 		15.5946
v 14.497 		33.035 		5
v -44.641 		28 		0
v -44.489 		25.048 		0
v -37.273 		26.009 		49.284
v 13.859 		35.361 		5
v -37.622 		30 		49.284
v -44.038 		22.186 		0
v -24.58 		2.787 		50.431
v -36.236 		22.14 		49.284
v -24.473 		2.5975 		49.4556
v -43.301 		19.5 		0
v -24.5956 		2.5384 		49.152
v -42.301 		17.073 		0
v -41.069 		28 		7.66
v -40.971 		26.102 		7.66
v -28.213 		14.977 		0
v 14.876 		33.27 		4.226
v -34.543 		18.509 		49.284
v -7.031 		5.5957 		14.5709
v -29.641 		13.278 		0
v -5.1443 		2.0879 		46.8329
v -5.141 		2.0931 		46.8596
v -5.141 		2.0931 		46.8597
v -6.9084 		6.1085 		14.8097
v -6.9196 		6.3605 		14.8251
v -5.2399 		2.2464 		47.6493
v 14.208 		35.704 		4.226
v -41.605 		25.913 		7.071
v -4.596 		2.407 		48.476
v -41.712 		28 		7.071
v -6.501 		7.963 		15.999
v -5.3087 		2.353 		48.1979
v -5.3118 		2.3579 		48.2233
v -5.312 		2.3582 		48.2247
v -42.301 		28 		6.428
v -42.185 		25.739 		6.428
v 11.926 		33.464 		7.66
v 11.283 		35.024 		7.66
v 24.558 		15.742 		40.613
v 10.491 		36.371 		7.66
v 24.473 		15.703 		40.756
v 24.384 		15.625 		40.879
v -11.97 		2.089 		48.277
v 11.776 		35.727 		7.071
v 24.32 		16.359 		40.943
v 12.227 		36.371 		6.428
v -40.622 		30 		45
v -40.227 		25.488 		45
v 24.482 		15.097 		40.495
v 13.557 		38.268 		3.42
v -6.8197 		6.8155 		15.132
v 12.399 		40.237 		3.42
v -6.9197 		6.3618 		14.8252
v -6.8978 		6.463 		14.8931
v 13.758 		38.555 		2.588
v -12.0421 		2.2464 		47.6493
v -12.0837 		2.1818 		47.3167
v -12.137 		2.0993 		46.8915
v 12.568 		40.579 		2.588
v -12.686 		2.407 		48.476
v -42.833 		28 		5.736
v -42.708 		25.582 		5.736
v -6.641 		5.7895 		15.1519
v 13.903 		38.761 		1.736
v -11.9603 		2.3629 		48.2488
v -11.97 		2.3582 		48.2247
v 12.689 		40.825 		1.736
v -31.221 		12.025 		0
v -36.377 		11.258 		0
v -32.905 		11.258 		0
v -34.641 		11 		0
v -39.055 		21.114 		45
v 24.185 		14.509 		40.459
v 24.068 		14.756 		40.879
v -12.1377 		2.0983 		46.8864
v -12.141 		2.0931 		46.8597
v 24.086 		14.639 		40.756
v 13.99 		38.886 		0.872
v 24.126 		14.555 		40.613
v -6.9049 		5.996 		14.8008
v -6.9036 		6 		14.8031
v -7.031 		5.5962 		14.571
v -40.836 		20.898 		43.722
v 15.189 		33.464 		3.42
v 24.26 		14.506 		40.306
v 24.345 		14.544 		40.163
v 14.497 		35.987 		3.42
v 24.434 		14.623 		40.04
v 24.521 		14.735 		39.945
v -39.7627 		20.8564 		43.3853
v -39.8519 		21.2566 		43.4227
v -43.17 		25.443 		5
v -39.7598 		20.8491 		43.3842
v -6.11 		6.504 		15.999
v -13.6107 		3 		42.6213
v -13.4543 		2.239 		40.96
v -43.301 		28 		5
v 15.436 		33.616 		2.588
v -39.641 		13.278 		0
v 14.724 		36.21 		2.588
v -38.061 		12.025 		0
v -13.4168 		2.0569 		40.5624
v -41.069 		14.977 		0
v -43.704 		28 		4.226
v -43.566 		25.325 		4.226
v -4.536 		57.762 		24.791
v -18.702 		2.787 		50.431
v 15.613 		33.726 		1.736
v -9.511 		59.095 		24.791
v 14.888 		36.371 		1.736
v -7.1351 		9.4081 		16.101
v -7.1369 		9.4137 		16.1048
v -14.641 		59.544 		24.791
v -40.4715 		23.0934 		43.1577
v -40.4267 		22.9603 		43.1769
v -7.1093 		9.3227 		16.0494
v -7.1152 		9.3447 		16.0578
v 15.72 		33.792 		0.872
v 14.986 		36.468 		0.872
v -40.6008 		23.3693 		43.0428
v -7.1035 		9.3012 		16.0412
v -4.999 		56.491 		19.739
v -19.584 		2.7874 		50.4326
v -40.725 		23.6347 		42.9323
v -20.5569 		2.9092 		51.0592
v -20.559 		2.9095 		51.0606
v -20.5399 		2.9071 		51.0483
v -9.746 		57.762 		19.739
v -6.9212 		8.2055 		15.6
v -6.9465 		8.3665 		15.6647
v -43.895 		30.774 		3.42
v -7.0745 		9.1924 		15.9988
v -20.2478 		2.8705 		50.8602
v -14.641 		58.191 		19.739
v -37.141 		17.01 		45
v 6.359 		41.023 		6.428
v -3.641 		2.6986 		35.356
v -3.3294 		2.9198 		35.6143
v -2.009 		2.559 		35.039
v -3.641 		2.452 		35.039
v -19.771 		59.095 		24.791
v -3.6438 		2.6963 		35.3529
v -7.0748 		9.1944 		16
v -7.0746 		9.1929 		15.999
v -19.536 		57.762 		19.739
v -40.136 		17.39 		42.945
v 7.781 		41.714 		5.736
v -24.283 		56.491 		19.739
v 6.359 		41.926 		5.736
v 7.863 		42.499 		5
v -44.154 		30.851 		2.588
v -40.34 		19.131 		43.525
v 6.359 		42.722 		5
v -24.97 		2.089 		48.277
v -25.141 		1.824 		46.912
v -24.97 		2.3582 		48.2247
v -24.9603 		2.3629 		48.2488
v -44.339 		30.907 		1.736
v 7.933 		43.173 		4.226
v -25.0421 		2.2464 		47.6493
v 6.359 		43.407 		4.226
v -25.686 		2.407 		48.476
v 24.416 		14.427 		39.326
v -44.452 		30.941 		0.872
v -25.1377 		2.0983 		46.8864
v -25.141 		2.0931 		46.8597
v -38.846 		17.622 		42.516
v -25.137 		2.0869 		46.8277
v -26.396 		1.929 		46.013
v 24.575 		14.704 		39.208
v -0.427 		2.877 		35.039
v -43.895 		25.226 		3.42
v -39.2065 		19.4343 		43.1764
v -39.1641 		19.275 		43.1142
v -39.055 		18.8655 		42.9544
v -38.9413 		18.4384 		42.7877
v -14.641 		10.716 		7.019
v -5.755 		54.414 		15
v -3.7747 		2.5929 		35.209
v -3.86 		2.5468 		35.1425
v -10.129 		55.586 		15
v 4.937 		41.714 		5.736
v -14.641 		55.981 		15
v -3.9925 		2.475 		35.039
v -21.641 		1.824 		46.912
v 4.855 		42.499 		5
v -6.781 		51.595 		10.716
v -10.65 		52.632 		10.716
v -31.341 		10.098 		15
v -14.641 		52.981 		10.716
v 23.745 		13.976 		40.352
v 23.894 		13.97 		40.045
v -26.132 		10.098 		10.716
v -22.501 		8.405 		10.716
v 4.785 		43.173 		4.226
v 23.547 		14.235 		40.943
v -38.7306 		17.6436 		42.4756
v -38.5816 		16.4543 		41.6842
v 0.131 		42.395 		7.019
v 23.627 		14.067 		40.658
v 3.557 		41.086 		5.736
v -38.7686 		17.7871 		42.5319
v -4.096 		2.4116 		34.8816
v -22.1413 		9.4222 		16.1087
v -22.1451 		9.4137 		16.1048
v 3.397 		41.835 		5
v -22.1173 		9.4764 		16.1333
v 23.166 		13.5 		40.174
v -22.1667 		9.3447 		16.0577
v -22.2072 		9.1944 		16
v 3.259 		42.478 		4.226
v -1.931 		2.226 		34.281
v -22.2074 		9.1929 		15.999
v -22.2089 		9.1836 		15.9953
v -3.641 		2.114 		34.281
v 1.827 		41.343 		4.226
v -0.273 		2.559 		34.281
v 22.989 		13.635 		40.632
v -44.038 		28 		3.42
v 7.991 		43.732 		3.42
v -43.66 		25.191 		42.024
v 6.359 		43.975 		3.42
v 4.727 		43.732 		3.42
v -3.641 		2 		33.5
v -1.905 		2.114 		33.5
v -14.641 		49.284 		7.019
v -0.221 		2.452 		33.5
v -24.473 		1.319 		44.315
v -41.417 		24.687 		42.516
v -24.4827 		1.5932 		44.2868
v -24.473 		1.5885 		44.2626
v -24.576 		1.6382 		44.5179
v -24.0154 		1.4763 		43.6858
v -44.154 		25.149 		2.588
v -4.999 		46.7 		7.019
v -42.592 		25.916 		41.536
v -8.046 		48.121 		7.019
v -24.97 		1.558 		45.547
v -44.3 		28 		2.588
v -4.999 		41.491 		4.019
v -7.141 		42.99 		4.019
v -44.489 		28 		1.736
v -44.339 		25.093 		1.736
v -41.2603 		24.7752 		42.4541
v -24.97 		1.828 		45.4945
v -24.9734 		1.8332 		45.5213
v -24.8124 		1.7522 		45.1038
v -24.7931 		1.7429 		45.056
v -42.0345 		26.2859 		41.2732
v -42.0006 		26.2109 		41.3317
v -5.0343 		2.5616 		36.864
v -4.7342 		2.782 		37.3715
v -41.5681 		25.2519 		42.0793
v -26.641 		1.398 		43.283
v -41.4418 		25.0563 		42.2331
v -11.292 		48.991 		7.019
v -4.596 		2.9135 		37.5993
v -9.511 		44.095 		4.019
v -12.036 		44.772 		4.019
v -5.702 		2.071 		35.7352
v -14.641 		45 		4.019
v -5.4748 		2.238 		36.1193
v 24.063 		14.047 		39.76
v -42.832 		30 		40.261
v 24.241 		14.203 		39.515
v 23.389 		13.49 		39.717
v 23.642 		13.605 		39.29
v -20.4 		3.38 		12.786
v -4.536 		2.238 		35.209
v 23.908 		13.838 		38.923
v -43.838 		26.735 		40.259
v 22.75 		13.067 		39.323
v -21.151 		3.038 		13.5
v -4.999 		33.509 		1.809
v -5.755 		35.13 		1.809
v -44.452 		25.059 		0.872
v -27.631 		7.5 		15
v 8.036 		44.171 		2.588
v -18.312 		2.089 		48.277
v -42.5731 		27.0456 		40.261
v -44.603 		28 		0.872
v 6.359 		44.421 		2.588
v -6.781 		36.595 		1.809
v -42.7131 		27.3765 		39.8466
v 4.682 		44.171 		2.588
v -42.86 		27.473 		39.696
v -8.046 		37.86 		1.809
v -19.705 		4.884 		12.17
v -4.1391 		2.3852 		34.816
v -18.4 		4.29 		11.67
v -17.011 		4.29 		11.302
v -44.16 		27.843 		38.126
v -9.511 		38.886 		1.809
v -18.141 		1.824 		46.912
v 8.069 		44.487 		1.736
v 6.359 		44.742 		1.736
v -11.132 		39.642 		1.809
v 4.649 		44.487 		1.736
v -12.859 		40.105 		1.809
v -4.4909 		2.1697 		34.281
v -4.292 		2.2915 		34.5834
v -4.1505 		2.3783 		34.7987
v 8.089 		44.678 		0.872
v -14.641 		40.261 		1.809
v -22.519 		4.264 		16
v 6.359 		44.935 		0.872
v -4.4909 		2.1696 		34.2808
v -35.8283 		24.5039 		9.7064
v -22.4 		4.29 		15.132
v 4.629 		44.678 		0.872
v 22.455 		13.081 		39.931
v 22.22 		13.26 		40.538
v -42.7797 		27.5321 		39.649
v -4.5044 		2.1497 		34.138
v -4.504 		2.15 		34.1403
v -43.1676 		28.0955 		38.3855
v -43.0144 		27.873 		38.8845
v -4.5421 		2.1191 		33.9116
v -43.4107 		28.4487 		37.5933
v -35.935 		24.19 		9.659
v -4.6102 		2.0636 		33.5
v -23.698 		1.129 		43.338
v 3.145 		43.011 		3.42
v 21.621 		12.718 		39.625
v 1.661 		41.835 		3.42
v -22.044 		4.368 		14.29
v -35.6304 		23.948 		9.659
v -10.65 		33.349 		0.456
v -21.464 		4.496 		13.5
v -11.292 		33.991 		0.456
v -4.4793 		2.082 		33.3152
v -4.4801 		2.0819 		33.3163
v 21.33 		12.941 		40.379
v -12.036 		34.512 		0.456
v -4.2302 		2.1455 		32.768
v -4.3538 		2.114 		33.0397
v 3.055 		43.43 		2.588
v 1.529 		42.221 		2.588
v -12.859 		34.895 		0.456
v 20.677 		12.41 		39.261
v -43.5421 		28.5234 		37.1271
v 2.991 		43.732 		1.736
v -21.641 		0.965 		42.494
v -36.839 		23.546 		9.397
v -13.736 		35.13 		0.456
v -22.723 		1.007 		42.71
v -36.351 		22.965 		9.397
v -20.676 		4.67 		12.786
v -44.185 		30 		35.209
v -44.0789 		28.788 		35.209
v -44.05 		28.802 		35.3215
v -14.641 		35.209 		0.456
v -23.2853 		1.3468 		43.0198
v -22.7264 		1.2768 		42.6598
v -15.546 		35.13 		0.456
v -1.931 		2.226 		32.719
v -44.1512 		28.7922 		34.3874
v -22.723 		0.769 		41.488
v -0.273 		2.559 		32.719
v -23.698 		0.677 		41.01
v -35.5517 		23.7452 		9.6354
v -19.473 		3.802 		12.17
v 24.407 		14.587 		38.465
v -44.185 		28.7917 		34.0007
v -2.009 		2.559 		31.961
v 24.101 		14.523 		37.663
v -44.532 		28.401 		35.733
v -18.105 		3.5 		11.67
v 24.365 		15.14 		37.583
v -19.153 		55.586 		15
v 24.559 		15.782 		37.663
v -0.427 		2.877 		31.961
v -23.527 		54.414 		15
v 1.435 		42.499 		1.736
v -35.811 		22.536 		9.397
v -18.632 		52.632 		10.716
v 2.952 		43.914 		0.872
v -22.501 		51.595 		10.716
v -35.4671 		23.5427 		9.6059
v -35.1765 		22.8479 		9.5048
v -35.1755 		22.8454 		9.5045
v -44.01 		21.419 		44.226
v -16.737 		3.802 		11.302
v 1.378 		42.666 		0.872
v -22.723 		1.2764 		42.6576
v -22.4562 		1.2661 		42.6044
v -42.803 		21.998 		43.893
v -16.4 		3.38 		11.302
v -17.99 		48.991 		7.019
v -3.641 		2.114 		32.719
v -21.236 		48.121 		7.019
v -43.701 		23.363 		43.353
v -35.0529 		22.5708 		9.457
v -35.0531 		22.5713 		9.4571
v -24.283 		46.7 		7.019
v -17.246 		44.772 		4.019
v -19.771 		44.095 		4.019
v -41.592 		22.571 		43.525
v 7.355 		37.603 		8.192
v -3.3678 		2.4699 		31.961
v -3.641 		2.362 		32.1629
v -22.141 		42.99 		4.019
v -24.283 		41.491 		4.019
v -18.2172 		1.975 		46.2515
v -18.1443 		2.0879 		46.8329
v 24.168 		14.173 		38.642
v -18.141 		2.0931 		46.8596
v -18.141 		2.0931 		46.8597
v -18.2399 		2.2464 		47.6493
v 6.359 		37.751 		8.192
v -17.596 		2.407 		48.476
v -42.555 		24.035 		42.945
v 5.363 		37.603 		8.192
v -18.3087 		2.353 		48.1979
v -18.3118 		2.3579 		48.2233
v -18.312 		2.3582 		48.2247
v -34.816 		22.207 		9.3958
v -34.6417 		21.9602 		9.342
v -34.641 		21.9592 		9.3417
v -3.6416 		2.3617 		32.1635
v 4.7979 		36.864 		8.3667
v 4.7824 		36.884 		8.3569
v -34.641 		20.815 		9.063
v -3.3672 		2.4702 		31.9607
v 4.6705 		37.0285 		8.286
v 4.6712 		37.0277 		8.2864
v -16.423 		40.105 		1.809
v 4.4857 		37.2034 		8.192
v -4.096 		2.1928 		32.6092
v -18.15 		39.642 		1.809
v 23.086 		13.22 		38.757
v 23.439 		13.529 		38.271
v -23.527 		5.586 		15
v -34.2172 		21.4051 		9.1913
v -23.698 		1.3985 		43.2856
v 23.785 		13.974 		37.898
v 7.093 		35.075 		9.063
v -34.0884 		21.2367 		9.1456
v -33.9181 		21.0139 		9.0851
v -22.2082 		1.2565 		42.5548
v -21.9607 		1.2469 		42.5055
v -19.771 		38.886 		1.809
v -23.6789 		0.948 		40.967
v -23.6933 		0.9466 		40.96
v -2.1127 		2.9997 		31.385
v 6.359 		35.185 		9.063
v -22.7491 		1.0365 		41.4227
v -23.3005 		0.984 		41.1525
v -22.4171 		1.2044 		42.2867
v -21.236 		37.86 		1.809
v 6.1498 		34.816 		9.1453
v 5.9813 		35.1284 		9.063
v 22.843 		13.275 		37.563
v -21.7902 		1.2403 		42.4714
v -18.58 		5.132 		11.67
v 23.273 		13.827 		37.1
v -21.7688 		1.2394 		42.4671
v 5.9799 		35.1306 		9.0623
v -33.9159 		21.0111 		9.0843
v -33.907 		20.925 		9.063
v -4.208 		2.1511 		32.719
v 8.069 		35.987 		8.66
v 7.227 		36.371 		8.66
v -44.05 		16.772 		44.058
v -33.8619 		20.9455 		9.063
v 6.359 		36.5 		8.66
v -12.93 		2.037 		30.399
v -44.21 		18.14 		44.514
v 21.988 		12.701 		38.87
v -33.8605 		20.944 		9.0624
v -17.336 		5.406 		11.302
v -44.6 		19.528 		44.669
v 5.9597 		35.1636 		9.0512
v 5.5468 		35.8373 		8.826
v 5.5461 		35.8385 		8.8256
v 22.405 		12.891 		38.167
v -18.312 		1.558 		45.547
v 5.491 		36.371 		8.66
v -42.757 		16.96 		43.728
v -17.212 		4.83 		11.302
v 21.114 		12.39 		38.363
v -42.932 		18.458 		44.226
v 5.2607 		36.266 		8.66
v 21.61 		12.616 		37.526
v -43.36 		19.98 		44.397
v 5.2601 		36.2667 		8.6596
v -33.4283 		20.48 		8.866
v -41.446 		17.168 		43.353
v -41.636 		18.791 		43.893
v -20.559 		1.007 		42.71
v -19.584 		1.129 		43.338
v -18.809 		1.319 		44.315
v -35.235 		22.274 		9.397
v 20.329 		12.675 		40.159
v -42.099 		20.438 		44.077
v -22.501 		36.595 		1.809
v -23.527 		35.13 		1.809
v 8.069 		33.035 		9.397
v -24.283 		33.509 		1.809
v 18.962 		13.03 		40.852
v 19.233 		12.461 		39.885
v -12.442 		2.379 		30.399
v -16.423 		34.895 		0.456
v 7.529 		33.464 		9.397
v -17.246 		34.512 		0.456
v -17.99 		33.991 		0.456
v 6.9511 		32.768 		9.5692
v -18.632 		33.349 		0.456
v 6.8831 		33.0435 		9.5253
v 6.8823 		33.0467 		9.5248
v 17.75 		12.939 		40.656
v 6.953 		33.726 		9.397
v -34.543 		13.3 		45
v 18.057 		12.296 		39.562
v 6.6924 		33.762 		9.3975
v 6.6912 		33.7648 		9.397
v 6.6906 		33.766 		9.3967
v 16.476 		12.891 		40.414
v -20.5556 		1.2768 		42.6598
v -40.24 		15.794 		42.024
v -20.559 		0.769 		41.488
v 7.804 		34.751 		9.063
v -10.31 		2.499 		29.662
v -21.641 		0.802 		41.653
v -34.8199 		22.2125 		9.397
v -38.955 		15.925 		41.536
v 6.3609 		34.4246 		9.2482
v 6.359 		34.4284 		9.2473
v -12.02 		2.801 		30.399
v -36.754 		21.778 		9.063
v -15.757 		11.332 		28.662
v -14.641 		11.429 		28.662
v 0.131 		4.414 		24.791
v -22.5746 		5.3308 		15
v -38.4879 		15.9782 		41.3513
v 4.35 		7.368 		24.791
v 20.14 		12.131 		37.809
v 19.635 		12.155 		38.847
v 6.359 		38.927 		7.66
v -36.086 		21.249 		9.063
v 18.511 		11.95 		38.389
v 19.081 		11.923 		37.215
v -38.5494 		16.1969 		41.5128
v 7.587 		39.838 		7.071
v -35.375 		20.925 		9.063
v 6.359 		40.021 		7.071
v 3.48 		8.405 		19.739
v 5.131 		39.838 		7.071
v 17.321 		11.791 		37.894
v -21.641 		1.2345 		42.4416
v -21.4918 		1.2403 		42.4714
v -20.958 		1.261 		42.578
v -20.559 		1.2764 		42.6576
v 2.059 		10.098 		15
v -40.642 		14.452 		40.823
v 7.689 		40.825 		6.428
v -8.309 		3.884 		28.662
v 16.816 		12.177 		39.199
v -21.6404 		1.071 		41.6006
v -21.641 		1.071 		41.6007
v -21.6198 		1.0704 		41.5975
v -23.2991 		5.0444 		15.999
v -40.102 		13.437 		38.772
v 5.029 		40.825 		6.428
v -23.3151 		5.0332 		16.0312
v -23.3625 		5 		16.1266
v -12.442 		11.042 		28.662
v -21.3227 		1.0616 		41.5521
v 23.665 		14.509 		36.809
v -8.599 		7.199 		28.662
v -39.384 		14.498 		40.259
v 23.993 		15.275 		36.709
v 24.235 		16.073 		36.809
v -8.212 		5 		28.662
v 23.11 		14.542 		35.909
v 7.475 		38.761 		7.66
v -13.525 		11.332 		28.662
v -37.261 		24.263 		9.397
v 23.501 		15.454 		35.791
v -8.309 		6.116 		28.662
v 5.243 		38.761 		7.66
v -19.783 		6 		12.17
v -38.301 		24.408 		9.063
v 4.3676 		37.3005 		8.1258
v 4.161 		38.268 		7.66
v -37.878 		23.382 		9.063
v 22.447 		14.62 		34.972
v -38.918 		13.441 		38.126
v 4.096 		37.4901 		7.9591
v 22.899 		15.674 		34.836
v -18.2337 		1.9494 		46.1194
v -19.584 		1.3985 		43.2856
v -37.358 		22.496 		9.063
v -19.2872 		1.4713 		43.6598
v -38.2759 		14.5541 		39.7493
v -38.2699 		14.4965 		39.6437
v -20.769 		6 		12.786
v -16.145 		13.531 		26.001
v -14.641 		13.662 		26.001
v 2.059 		39.642 		7.019
v 22.132 		13.073 		36.807
v -38.971 		23.75 		8.66
v -38.2611 		14.4108 		39.4867
v -38.471 		22.536 		8.66
v 22.643 		13.73 		36.256
v -21.3213 		1.2469 		42.5055
v -21.0053 		1.2592 		42.5685
v -15.972 		12.546 		27.429
v -20.9029 		1.0492 		41.488
v 3.6085 		37.8303 		7.66
v -13.31 		12.546 		27.429
v 20.713 		12.393 		36.841
v -38.4395 		15.3822 		40.7008
v -38.4064 		14.9786 		40.261
v -13.137 		13.531 		26.001
v -18.2948 		1.8548 		45.6322
v 21.316 		12.921 		36.011
v -20.1473 		6.5426 		12.4213
v -19.9313 		6.5809 		12.288
v -18.8098 		1.5883 		44.2616
v -18.809 		1.5885 		44.2626
v 3.941 		39.296 		7.071
v -18.7937 		1.5959 		44.3006
v -37.855 		21.489 		8.66
v 21.908 		13.681 		35.373
v -20.48 		6.4835 		12.6266
v -38.1699 		13.4549 		37.7124
v 2.8842 		38.2434 		7.1764
v 2.8785 		38.2467 		7.1726
v -38.2182 		13.325 		37.2851
v -19.74 		6.6149 		12.17
v -37.141 		20.639 		8.66
v -19.9084 		6.585 		12.2739
v -19.74 		6.6149 		12.17
v 2.823 		38.41 		7.071
v -39.608 		23.125 		8.192
v -19.2493 		6.6381 		11.9559
v -7.095 		3.669 		27.429
v -6.11 		3.496 		26.001
v -39.035 		21.732 		8.192
v -18.7929 		6.6595 		11.7568
v -18.7584 		6.6612 		11.7417
v -18.7567 		6.6613 		11.741
v -17.336 		6.594 		11.302
v -38.328 		20.53 		8.192
v 2.738 		38.3087 		7.071
v 2.7323 		38.3104 		7.0666
v 21.08 		13.675 		34.462
v -38.2106 		13.8791 		38.4992
v -38.1723 		13.4797 		37.7584
v 21.69 		14.736 		34.009
v 3.739 		40.237 		6.428
v -36.351 		20.013 		8.66
v 22.2 		15.928 		33.854
v 2.529 		39.278 		6.428
v -18.641 		6 		11.67
v -35.509 		19.629 		8.66
v -14.641 		12.662 		27.429
v -6.11 		6.504 		26.001
v 2.6716 		38.3283 		7.019
v 2.6712 		38.3283 		7.0187
v 2.5655 		38.3295 		6.9517
v -5.979 		5 		26.001
v -39.929 		12.785 		36.442
v -21.0738 		1.2565 		42.5548
v -19.9983 		0.9856 		41.1607
v -20.5398 		1.0372 		41.4261
v 1.7394 		38.3382 		6.428
v -20.559 		1.039 		41.4355
v -20.3713 		1.0813 		41.653
v -7.441 		7.621 		27.429
v -6.501 		7.963 		26.001
v -18.4889 		1.7429 		45.056
v -18.4696 		1.7522 		45.1038
v -18.3218 		1.8233 		45.4703
v -40.098 		12.62 		33.968
v -18.312 		1.828 		45.4944
v -18.312 		1.828 		45.4945
v -9.073 		11.636 		26.001
v -17.377 		6 		11.302
v -16.886 		1.929 		46.013
v 20.854 		14.888 		33.028
v -12.02 		12.2 		27.429
v 21.42 		16.212 		32.856
v -38.844 		12.775 		35.733
v -22.2435 		5.5596 		14.5603
v -22.2402 		5.565 		14.5517
v -22.2402 		5.565 		14.5516
v -22.1574 		5.6985 		14.336
v -7.095 		6.331 		27.429
v -22.1398 		5.727 		14.29
v -22.1371 		5.729 		14.2862
v -22.3791 		1.0492 		41.488
v -22.7017 		1.0396 		41.4388
v -22.723 		1.039 		41.4355
v -22.112 		5.7479 		14.2508
v -22.0604 		5.7867 		14.1779
v -6.979 		5 		27.429
v -21.7758 		6 		13.7769
v -21.569 		6 		13.5
v 20.411 		12.816 		35.182
v -21.9593 		1.0616 		41.5521
v 19.433 		12.754 		34.332
v -38.2894 		13.1345 		36.657
v 1.3176 		38.2868 		6.144
v 20.176 		13.709 		33.531
v -34.641 		19.5 		8.66
v 18.397 		12.731 		33.469
v -19.584 		0.677 		41.01
v -21.6021 		6.1137 		13.555
v -21.5591 		6.1419 		13.5
v -21.5588 		6.142 		13.4998
v -39.128 		12.618 		33.224
v 2.263 		40.06 		5.736
v -21.2139 		6.2663 		13.1997
v -21.2127 		6.2667 		13.1986
v -20.938 		6.3657 		12.9596
v -10.81 		11.636 		27.429
v -20.7384 		6.4376 		12.786
v -38.4287 		12.7766 		35.4604
v -38.4984 		12.7591 		35.209
v -38.5295 		12.7296 		34.7219
v -20.5008 		6.4798 		12.6394
v -20.4988 		6.4801 		12.6382
v -16.641 		1.398 		43.283
v 19.73 		12.219 		36.121
v -8.771 		9.925 		27.429
v 1.2839 		38.2827 		6.1213
v 17.955 		11.762 		36.59
v -38.5757 		12.6861 		34.0013
v -11.426 		10.568 		28.662
v 18.675 		12.091 		35.375
v -10.508 		9.925 		28.662
v -38.3665 		12.9367 		35.9953
v -9.716 		10.87 		27.429
v -33.773 		19.629 		8.66
v -18.632 		7.368 		10.716
v -10.31 		12.502 		26.001
v -22.2546 		5.5549 		14.571
v -19.5887 		0.9466 		40.96
v -19.9815 		0.984 		41.1525
v -38.6528 		12.6228 		32.8596
v -9.716 		9.133 		28.662
v 1.094 		38.668 		5.736
v -11.678 		13.14 		26.001
v -33.4119 		20.4624 		8.8586
v -32.9748 		19.993 		8.66
v -38.6093 		12.6586 		33.5043
v 0.7623 		38.1042 		5.736
v -32.9747 		19.993 		8.66
v -13.748 		12.33 		19.83
v -9.073 		8.215 		28.662
v 2.029 		40.75 		5
v -44.448 		14.463 		42.391
v 0.792 		39.278 		5
v -44.131 		15.518 		43.334
v -12.545 		13.198 		19.214
v -37.509 		19.556 		8.192
v -16.6895 		2.9917 		42.4125
v -16.6878 		3 		42.4307
v -36.603 		18.837 		8.192
v -13.577 		13.544 		19.214
v -16.8263 		2.3264 		40.96
v -35.637 		18.397 		8.192
v -26.396 		0.867 		40.553
v 16.778 		11.644 		35.944
v -34.641 		18.249 		8.192
v -33.645 		18.397 		8.192
v 17.567 		12.004 		34.612
v -43.193 		14.43 		41.9
v -32.9148 		19.9363 		8.6295
v -32.9145 		19.936 		8.6294
v 0.0446 		37.7443 		5.1718
v 0 		37.722 		5.1368
v -42.846 		15.586 		42.934
v -8.005 		10.568 		26.001
v -7.139 		9.331 		26.001
v -24.473 		0.532 		40.266
v -41.918 		14.428 		41.374
v 16.424 		11.953 		33.842
v -41.543 		15.679 		42.494
v -22.5173 		5.3709 		14.9232
v -8.005 		8.831 		27.429
v -40.681 		24.263 		7.66
v -40.208 		22.536 		7.66
v -39.565 		20.976 		7.66
v -44.55 		13.068 		39.404
v 17.674 		24.887 		31.594
v -40.765 		21.99 		7.071
v -43.774 		13.571 		40.696
v 16.807 		25.554 		30.9
v 0.533 		39.803 		4.226
v -4.8561 		3.1168 		21.2978
v -44.383 		12.83 		37.27
v -13.438 		14.529 		18.5
v -43.389 		12.952 		38.67
v -36.839 		17.732 		7.66
v 0.319 		40.237 		3.42
v -42.548 		13.497 		40.069
v 20.512 		21.504 		32.604
v -13.9911 		14.5892 		18.5
v -14.336 		14.6206 		18.5044
v -35.757 		17.239 		7.66
v -34.641 		17.073 		7.66
v -4.8739 		3.5674 		19.739
v -33.525 		17.239 		7.66
v -4.8 		3.2647 		20.8843
v 0.15 		40.579 		2.588
v -4.7985 		3.2314 		21
v 19.593 		20.639 		30.728
v -4.8095 		3.2095 		21.057
v -42.219 		12.87 		37.923
v -41.318 		13.454 		39.424
v 19.649 		22.177 		31.748
v -0.546 		5.586 		19.739
v 0.029 		40.825 		1.736
v -23.698 		0.9461 		40.9577
v -24.4578 		0.8044 		40.2282
v -24.473 		0.8015 		40.2136
v -24.576 		0.7637 		40.019
v -41.06 		12.816 		37.176
v -2.246 		44.772 		7.019
v -24.576 		0.0702 		36.451
v -24.5053 		0.0443 		36.3176
v -24.473 		0.0324 		36.2566
v 18.711 		21.198 		29.827
v -0.044 		40.973 		0.872
v 18.77 		22.834 		30.911
v -13.9808 		14.5883 		18.4998
v -38.773 		19.629 		7.66
v -24.97 		0.349 		39.327
v -0.174 		37.6348 		5
v -37.855 		18.537 		7.66
v -25.141 		0.147 		38.287
v -44.444 		13.068 		35.023
v -43.285 		12.738 		36.422
v -0.1745 		37.6345 		4.9996
v -6.882 		4.29 		16.868
v -43.426 		13.026 		34.093
v -40.058 		20.273 		7.071
v -24.9602 		0.6227 		39.2929
v -24.97 		0.6191 		39.2745
v -25.0253 		0.5538 		38.9382
v -25.141 		0.417 		38.2345
v -42.194 		12.675 		35.58
v -24.97 		0.2148 		37.1946
v -0.325 		37.535 		4.8742
v -0.3253 		37.5348 		4.8739
v -24.7948 		0.1506 		36.864
v -39.186 		18.792 		7.071
v -0.584 		37.904 		4.226
v -25.686 		0.389 		38.09
v 18.562 		24.181 		32.323
v -24.58 		0.009 		36.136
v -13.7103 		14.5633 		18.495
v -40.509 		19.629 		6.428
v -8.131 		3.038 		18.5
v -14.641 		12.428 		19.83
v -42.426 		13.008 		33.189
v -41.126 		12.638 		34.758
v -15.534 		12.33 		19.83
v -38.177 		17.59 		7.071
v -14.641 		13.66 		19.214
v -18.809 		0.532 		40.266
v -37.059 		16.704 		7.071
v -5.3756 		4.5436 		17.3783
v -15.705 		13.544 		19.214
v -39.565 		18.024 		6.428
v -4.8813 		3.6493 		19.5724
v -38.471 		16.722 		6.428
v -40.948 		16.6599 		25.3448
v -4.8951 		3.8015 		19.263
v -21.641 		0.147 		38.287
v -5.2874 		4.4819 		17.579
v 17.831 		21.739 		28.961
v -14.6289 		14.6473 		18.5081
v -5.0902 		4.1398 		18.4256
v -14.641 		14.6484 		18.5083
v -44.3006 		28.7901 		32.6786
v 17.893 		23.465 		30.104
v -15.844 		14.529 		18.5
v -15.2895 		14.5894 		18.5
v -40.916 		19.049 		5.736
v -39.906 		17.332 		5.736
v -44.641 		30 		30
v -12.271 		4.29 		20.698
v -15.382 		14.5808 		18.4984
v -15.8453 		14.538 		18.4902
v -15.8694 		14.5346 		18.4853
v 17.037 		24.064 		29.338
v -16.1344 		14.4971 		18.432
v -12.288 		14.2786 		18.3596
v -12.4486 		14.3241 		18.3683
v -12.07 		4.83 		20.698
v -12.9704 		14.4719 		18.3964
v -40.208 		16.722 		5
v -16.3113 		14.472 		18.3964
v -16.384 		14.4514 		18.3925
v -12.882 		12.04 		19.83
v -44.3325 		28.6486 		32.1722
v -11.946 		5.406 		20.698
v 20.575 		16.519 		31.852
v 21.032 		18.03 		32.04
v -44.4595 		28.073 		30.1463
v 21.294 		19.497 		32.591
v -11.905 		6 		20.698
v -18.8082 		0.8012 		40.212
v -18.809 		0.8015 		40.2136
v -44.4638 		27.9753 		30
v -18.7993 		0.7979 		40.1952
v -41.286 		23.889 		7.071
v -18.687 		0.7568 		39.9832
v -44.4567 		27.9506 		29.9437
v -19.5007 		0.9306 		40.8777
v -41.839 		23.546 		6.428
v -11.946 		6.594 		20.698
v -41.275 		21.489 		6.428
v -12.07 		7.17 		20.698
v -44.4092 		27.7834 		29.5684
v -19.5688 		0.9433 		40.9431
v -19.5836 		0.9461 		40.9573
v -19.584 		0.9461 		40.9577
v -42.339 		23.237 		5.736
v -12.271 		7.71 		20.698
v -41.735 		21.037 		5.736
v -44.185 		30 		24.791
v -42.779 		22.965 		5
v -18.141 		0.147 		38.287
v -18.312 		0.349 		39.327
v -44.413 		26.722 		27.892
v -42.141 		20.639 		5
v -44.2562 		27.2442 		28.3593
v -16.352 		14.701 		19.263
v -44.1583 		26.8966 		27.5889
v -16.886 		0.867 		40.553
v -43.158 		22.73 		4.226
v -18.6611 		0.7472 		39.9341
v -44.551 		24.584 		26.658
v -18.809 		0.0324 		36.2566
v -18.7767 		0.0443 		36.3176
v -10.702 		6.868 		20.33
v -10.882 		7.71 		20.33
v -41.275 		18.537 		5
v -18.702 		0.009 		36.136
v -42.49 		20.296 		4.226
v -18.312 		0.2148 		37.1946
v -18.4872 		0.1506 		36.864
v -18.141 		0.417 		38.2345
v -41.584 		18.096 		4.226
v -18.2567 		0.5538 		38.9382
v -18.312 		0.6191 		39.2745
v -44.0281 		26.1421 		26.8561
v -17.596 		0.389 		38.09
v -18.5921 		6.6965 		11.67
v -9.577 		7.116 		19.83
v -18.0656 		6.7569 		11.518
v -43.736 		24.87 		24.791
v -18.0725 		6.7562 		11.5199
v -17.544 		6.8122 		11.3739
v -43.471 		22.536 		3.42
v -43.718 		22.384 		2.588
v 19.682 		16.844 		30.852
v 20.177 		18.48 		31.056
v -43.895 		22.274 		1.736
v -44.112 		24.845 		26.107
v -8.606 		7.33 		19.214
v -44.002 		22.208 		0.872
v 20.46 		20.069 		31.653
v -0.555 		37.3067 		4.6598
v -1.0006 		36.864 		4.2444
v -43.8331 		25.0095 		25.7605
v 18.759 		17.18 		29.869
v -16.886 		2.0359 		40.3257
v -42.779 		20.013 		3.42
v -16.886 		2.036 		40.3258
v -43.8152 		24.8561 		25.7095
v -16.9055 		2.0075 		40.261
v 19.29 		18.935 		30.088
v -10.882 		4.29 		20.33
v -41.839 		17.732 		3.42
v -1.0204 		36.8444 		4.226
v -43.006 		19.79 		2.588
v -10.702 		5.132 		20.33
v -1.0219 		36.8425 		4.2245
v -42.04 		17.445 		2.588
v -24.6859 		2.403 		35.8648
v -1.1508 		36.6864 		4.096
v -43.17 		19.629 		1.736
v -10.641 		6 		20.33
v -24.746 		2.238 		35.209
v 17.824 		17.521 		28.914
v -42.185 		17.239 		1.736
v 18.388 		19.386 		29.146
v -9.577 		4.884 		19.83
v -12.93 		14.701 		19.263
v -43.268 		19.532 		0.872
v -9.499 		6 		19.83
v -24.576 		2.3232 		35.6824
v -24.0106 		2.041 		35.209
v -42.272 		17.114 		0.872
v -44.279 		22.253 		25.882
v -24.58 		2.3252 		35.6858
v -19.5125 		0.8824 		35.209
v -18.702 		1.0078 		35.9418
v -17.2831 		6.8397 		11.302
v -8.606 		4.67 		19.214
v -17.3398 		6.8338 		11.3176
v -17.596 		1.4322 		37.8872
v -16.9464 		1.9734 		40.1203
v -18.3766 		6.7213 		11.6078
v -17.5129 		1.5015 		38.173
v -8.513 		6 		19.214
v -16.5288 		6.8592 		11.18
v -16.7725 		6.8529 		11.2194
v -17.0116 		6.8467 		11.2581
v -19.5158 		0.8824 		35.2059
v -13.4367 		14.538 		18.4902
v -13.1476 		14.4971 		18.432
v -13.4525 		14.5395 		18.4905
v -27.036 		15.228 		7.019
v -12.9707 		14.472 		18.3964
v -43.834 		22.467 		25.316
v -21.641 		1.3089 		34.1326
v -20.096 		0.9418 		34.6522
v -32.021 		15.763 		6.428
v -19.7747 		0.8839 		34.9637
v -23.186 		1.7555 		34.4941
v -31.839 		14.914 		5.736
v -1.651 		37.5 		4.019
v -3.15 		39.642 		4.019
v -30.545 		15.94 		5.736
v 16.895 		17.859 		27.997
v -13.273 		6.302 		20.924
v -13.336 		6.594 		20.924
v -43.6941 		24.4811 		25.4809
v -19.647 		0.8831 		35.0831
v -31.679 		14.165 		5
v -13.438 		6.868 		20.924
v 17.49 		19.827 		28.242
v -0.839 		38.268 		3.42
v -13.577 		7.116 		20.924
v -43.478 		22.638 		24.867
v -30.311 		15.25 		5
v -13.748 		7.33 		20.924
v -14.641 		0 		30
v -13.946 		7.504 		20.924
v -14.166 		7.632 		20.924
v -1.04 		38.555 		2.588
v -31.541 		13.522 		4.226
v 16.614 		20.251 		27.386
v -30.109 		14.657 		4.226
v -43.4391 		23.6914 		25.0005
v -28.815 		16.197 		4.226
v -1.185 		38.761 		1.736
v -43.3279 		23.3469 		24.791
v -16.309 		0.1819 		29.5897
v -1.272 		38.886 		0.872
v -43.2754 		23.2423 		24.7023
v -15.5039 		0.1039 		29.6757
v -14.652 		0.0294 		29.6757
v -14.641 		0.0284 		29.6757
v -15.6795 		0.1205 		29.662
v -15.5143 		0.1049 		29.6749
v -28.601 		15.763 		3.42
v -44.515 		17.174 		28.201
v -28.432 		15.421 		2.588
v -1.2281 		36.5929 		4.019
v -43.809 		17.346 		27.335
v 16.971 		22.255 		28.139
v -28.311 		15.175 		1.736
v -28.238 		15.027 		0.872
v -1.6819 		35.8948 		3.6884
v -1.6831 		35.8931 		3.6875
v -14.4 		7.71 		20.924
v -13.7781 		0.1039 		29.6757
v -1.779 		35.987 		3.42
v -14.641 		7.736 		20.924
v -14.882 		7.71 		20.924
v -14.3216 		0.0563 		29.6757
v -13.7891 		0.103 		29.6757
v 19.211 		13.776 		32.591
v -15.116 		7.632 		20.924
v -15.336 		7.504 		20.924
v -44.155 		19.69 		26.3
v -31.427 		12.989 		3.42
v -15.534 		7.33 		20.924
v 19.954 		15.068 		32.04
v -43.614 		19.887 		25.618
v -29.943 		14.165 		3.42
v -43.156 		20.054 		25.046
v 17.323 		12.741 		32.604
v -1.9932 		35.2059 		3.42
v -31.337 		12.57 		2.588
v -14.641 		1.579 		30.399
v 18.205 		13.874 		31.653
v -29.811 		13.779 		2.588
v -15.235 		1.631 		30.399
v -22.641 		6 		16
v -42.79 		20.187 		24.593
v -31.273 		12.268 		1.736
v -16.352 		0.3 		29.662
v -29.717 		13.501 		1.736
v -31.234 		12.086 		0.872
v -1.9962 		35.1985 		3.4173
v -22.519 		7.736 		16
v -43.168 		17.505 		26.558
v -29.66 		13.334 		0.872
v -15.811 		1.785 		30.399
v -42.602 		17.647 		25.882
v -16.352 		2.037 		30.399
v 19.01 		15.273 		31.056
v -14.047 		1.631 		30.399
v -35.869 		16.162 		7.071
v 17.175 		13.994 		30.728
v -14.641 		14.851 		19.263
v -34.641 		15.979 		7.071
v -42.124 		17.769 		25.316
v 18.038 		15.495 		30.088
v -33.413 		16.162 		7.071
v -35.971 		15.175 		6.428
v -15.705 		7.116 		20.924
v 17.057 		15.729 		29.146
v -15.844 		6.868 		20.924
v -34.641 		14.977 		6.428
v -15.946 		6.594 		20.924
v -2.006 		36.21 		2.588
v -16.009 		6.302 		20.924
v -33.311 		15.175 		6.428
v -2.2772 		34.4998 		3.1598
v -2.2774 		34.4993 		3.1597
v -2.6293 		33.5614 		2.8869
v -2.0238 		35.13 		3.392
v -41.742 		17.867 		24.867
v -2.718 		33.616 		2.588
v -22.519 		6 		15.132
v -22.4422 		7.7192 		15.4395
v -2.7337 		33.1098 		2.7849
v -22.4411 		7.7245 		15.44
v -36.063 		14.286 		5.736
v -22.4197 		7.8315 		15.4501
v -22.4565 		7.0715 		15.219
v -22.4622 		6.8159 		15.132
v -34.641 		14.074 		5.736
v -14.166 		2.632 		20.698
v -22.4616 		6.8131 		15.1301
v -13.705 		2.786 		20.698
v -33.219 		14.286 		5.736
v -22.3784 		6 		14.803
v -22.2508 		5.5984 		14.571
v -11.577 		12.634 		19.214
v -13.438 		5.132 		20.924
v -36.145 		13.501 		5
v -41.1413 		17.136 		25.0471
v -13.336 		5.406 		20.924
v -13.273 		5.698 		20.924
v -10.188 		12.634 		18.5
v -22.3782 		6.004 		14.8033
v -34.641 		13.278 		5
v -41.3076 		17.5456 		24.791
v -13.252 		6 		20.924
v -41.3651 		17.7886 		24.6016
v -11.177 		13.5 		18.5
v -33.137 		13.501 		5
v -22.3631 		6.3619 		14.8263
v -15.577 		2.786 		20.698
v -12.271 		14.138 		18.5
v -41.3718 		17.8169 		24.5795
v -15.116 		2.632 		20.698
v -14.641 		2.58 		20.698
v -43.0695 		22.8324 		24.3544
v -36.215 		12.827 		4.226
v -43.219 		22.761 		24.542
v -34.641 		12.593 		4.226
v -33.067 		12.827 		4.226
v -9.6127 		12.9527 		17.71
v -9.7647 		13.0758 		17.7609
v -9.7761 		13.0851 		17.7647
v -9.6125 		12.9526 		17.7099
v -14.166 		4.368 		20.924
v -9.8466 		13.1421 		17.7883
v -42.523 		20.284 		24.265
v -13.946 		4.496 		20.924
v -11.0329 		13.8075 		18.1178
v -11.0344 		13.8083 		18.1182
v -42.9682 		22.5024 		24.3078
v -13.748 		4.67 		20.924
v -10.6262 		13.5836 		18.0012
v -10.9136 		13.7418 		18.0836
v -13.577 		4.884 		20.924
v -9.912 		13.1904 		17.7962
v -11.3711 		13.9739 		18.148
v -12.2123 		14.256 		18.3514
v -12.2346 		14.2635 		18.3568
v -9.0831 		12.4752 		17.4664
v -9.3545 		12.7292 		17.579
v -8.8832 		12.288 		17.3832
v -22.781 		7.963 		15.999
v -41.464 		17.939 		24.542
v -12.07 		11.567 		19.83
v -37.261 		15.763 		6.428
v -16.009 		1.302 		20.33
v -38.737 		15.94 		5.736
v -15.336 		1.076 		20.33
v -10.702 		11.868 		19.214
v -37.443 		14.914 		5.736
v -14.641 		1 		20.33
v -42.3109 		20.3615 		24.0049
v -42.361 		20.343 		24.067
v -13.946 		1.076 		20.33
v -2.17 		36.371 		1.736
v -38.971 		15.25 		5
v -2.895 		33.726 		1.736
v -37.603 		14.165 		5
v -41.4045 		17.9545 		24.4726
v -41.8804 		19.0799 		24.3069
v -40.467 		16.197 		4.226
v -39.173 		14.657 		4.226
v -42.2491 		19.9511 		24.1791
v -42.2819 		20.1678 		24.0876
v -42.2841 		20.1823 		24.0815
v -2.268 		36.468 		0.872
v -42.0444 		19.4677 		24.2499
v -37.741 		13.522 		4.226
v -3.002 		33.792 		0.872
v -24.902 		1.809 		30
v -19.85 		0.456 		30
v -40.547 		13.022 		31.511
v -23.172 		6.504 		15.999
v 11.057 		30.907 		8.66
v -24.746 		2.238 		24.791
v 10.689 		32.25 		8.66
v -19.8241 		0.6033 		28.2916
v 11.749 		31.335 		8.192
v -39.7 		13.046 		30.762
v -38.7777 		12.7177 		32.3109
v -38.782 		12.721 		32.2922
v -21.3764 		1.1116 		27.2651
v -21.277 		1.077 		27.3534
v -21.1919 		1.0474 		27.429
v -36.273 		12.268 		3.42
v -21.7797 		1.2589 		26.8303
v -34.641 		12.025 		3.42
v -38.9147 		12.822 		31.7104
v -33.009 		12.268 		3.42
v -39.0587 		12.9329 		31.0867
v -36.318 		11.829 		2.588
v -34.641 		11.579 		2.588
v 16.376 		19.724 		42.705
v -32.964 		11.829 		2.588
v -19.8653 		0.6161 		28.2714
v -20.3856 		0.7853 		27.9411
v -9.334 		11.567 		18.5
v -14.641 		6 		21
v -33.632 		7.368 		24.791
v 8.342 		30.828 		9.659
v 9.321 		30.907 		9.397
v -36.351 		11.513 		1.736
v -34.641 		11.258 		1.736
v 8.979 		31.737 		9.397
v -32.931 		11.513 		1.736
v -23.2996 		1.8481 		24.8168
v -22.781 		1.6352 		25.6355
v -23.3137 		1.8542 		24.791
v -36.371 		11.322 		0.872
v -22.5492 		1.54 		26.001
v -14.641 		10.716 		52.981
v -34.641 		11.065 		0.872
v -22.0231 		1.3478 		26.5679
v -32.911 		11.322 		0.872
v -14.641 		7.019 		49.284
v -8.882 		12.04 		17.71
v -14.641 		4.019 		45
v 8.557 		32.454 		9.397
v 10.019 		31.592 		9.063
v -40.681 		15.763 		3.42
v -19.2167 		0.5177 		28.662
v -39.339 		14.165 		3.42
v 9.596 		32.618 		9.063
v -37.855 		12.989 		3.42
v -18.7255 		0.456 		28.8755
v -40.85 		15.421 		2.588
v -39.471 		13.779 		2.588
v -16.392 		0.19 		29.5801
v 16.366 		15.095 		42.258
v -17.3584 		0.294 		29.3589
v -17.0703 		0.263 		29.4247
v -18.4801 		0.4252 		28.9821
v -17.856 		0.3522 		29.1918
v 10.521 		29.248 		9.063
v -37.945 		12.57 		2.588
v 10.33 		30.457 		9.063
v 11.283 		29.476 		8.66
v -8.192 		11.4357 		17.0351
v -8.4421 		11.7669 		17.1585
v 12.008 		29.693 		8.192
v 8.908 		28.764 		9.659
v -8.6882 		12.0932 		17.2806
v -8.8334 		12.2414 		17.3625
v 8.791 		29.505 		9.659
v -22.781 		2.037 		26.001
v 8.6 		30.2 		9.659
v -8.599 		12.2 		17.579
v 9.727 		29.01 		9.397
v -21.277 		1.169 		27.429
v 9.573 		29.989 		9.397
v -21.841 		2.379 		27.429
v -13.641 		3.1473 		42.9429
v -8.6885 		12.0935 		17.2807
v -8.7578 		12.1705 		17.331
v -20.683 		2.801 		28.662
v 8.908 		27.236 		9.659
v 8.947 		28 		9.659
v -19.566 		0.867 		28.662
v 9.727 		26.99 		9.397
v 0.131 		47.605 		49.284
v 9.779 		28 		9.397
v -20.209 		1.785 		28.662
v 2.059 		49.902 		45
v 3.48 		51.595 		40.261
v 10.521 		26.752 		9.063
v 10.585 		28 		9.063
v 4.35 		52.632 		35.209
v 0.131 		55.586 		35.209
v -16.886 		4.5658 		45.5002
v -16.886 		4.5659 		45.5004
v -16.8368 		4.2112 		45
v -17.4121 		5.7736 		47.1594
v -39.565 		13.501 		1.736
v 11.359 		28 		8.66
v -11.3739 		13.9753 		18.1482
v -11.5316 		14.0281 		18.1863
v -17.596 		6.1959 		47.7395
v -39.622 		13.334 		0.872
v -16.6727 		3.0733 		42.5906
v -16.641 		3.2275 		42.9274
v 12.095 		28 		8.192
v -14.339 		3.289 		30.851
v 8.342 		25.172 		9.659
v -38.009 		12.268 		1.736
v -14.641 		3.263 		30.851
v -14.943 		3.289 		30.851
v 8.6 		25.8 		9.659
v -15.235 		3.368 		30.851
v -38.048 		12.086 		0.872
v 8.791 		26.495 		9.659
v -15.509 		3.496 		30.851
v -15.757 		3.669 		30.851
v 9.321 		25.093 		9.397
v -15.972 		3.884 		30.851
v 9.573 		26.011 		9.397
v -40.971 		15.175 		1.736
v -41.044 		15.027 		0.872
v 5.261 		46.7 		45
v 10.33 		25.543 		9.063
v -13.773 		3.496 		30.851
v -16.03 		6 		20.924
v 6.954 		48.121 		40.261
v -16.009 		5.698 		20.924
v -14.047 		3.368 		30.851
v -11.272 		14.256 		19.263
v -15.946 		5.406 		20.924
v 7.991 		48.991 		35.209
v 11.057 		25.093 		8.66
v -15.844 		5.132 		20.924
v -3.15 		49.902 		49.284
v 11.283 		26.524 		8.66
v -9.716 		13.531 		19.263
v -16.378 		5 		30.851
v -16.145 		4.132 		30.851
v 11.749 		24.665 		8.192
v -8.309 		12.546 		19.263
v -16.273 		4.406 		30.851
v -1.651 		52.5 		45
v -16.352 		4.698 		30.851
v 12.008 		26.307 		8.192
v -0.546 		54.414 		40.261
v 12.689 		29.898 		7.66
v -15.705 		4.884 		20.924
v -14.641 		15.003 		21
v -15.534 		4.67 		20.924
v 12.399 		31.737 		7.66
v 8.34 		49.284 		30
v -15.336 		4.496 		20.924
v 4.643 		52.981 		30
v -15.116 		4.368 		20.924
v 0.359 		55.981 		30
v -14.882 		4.29 		20.924
v 13.323 		30.087 		7.071
v 4.35 		52.632 		24.791
v -14.641 		4.264 		20.924
v 13.004 		32.111 		7.071
v 0.131 		55.586 		24.791
v -14.4 		4.29 		20.924
v -16.378 		14.851 		21
v 3.48 		51.595 		19.739
v 13.903 		30.261 		6.428
v -12.93 		14.701 		22.737
v 13.557 		32.454 		6.428
v -12.904 		14.851 		21
v 7.991 		48.991 		24.791
v 6.954 		48.121 		19.739
v 2.059 		49.902 		15
v -16.273 		14.256 		24.421
v -16.352 		14.701 		22.737
v 5.261 		46.7 		15
v 14.426 		30.418 		5.736
v 0.131 		47.605 		10.716
v 14.057 		32.763 		5.736
v 14.888 		30.557 		5
v -14.641 		14.851 		22.737
v -13.009 		14.256 		24.421
v -0.546 		54.414 		19.739
v 15.284 		30.675 		4.226
v -1.651 		52.5 		15
v -3.15 		49.902 		10.716
v -14.641 		14.399 		24.421
v 12.689 		26.102 		7.66
v 12.787 		28 		7.66
v 13.323 		25.913 		7.071
v 13.43 		28 		7.071
v 0.131 		12.395 		10.716
v -11.177 		3.5 		20.33
v -11.22 		14.399 		21
v 13.903 		25.739 		6.428
v 14.019 		28 		6.428
v -9.64 		13.662 		21
v 0.131 		42.395 		52.981
v -8.212 		12.662 		21
v -9.809 		3.802 		19.83
v 2.059 		39.642 		52.981
v -11.272 		14.256 		22.737
v -8.882 		3.38 		19.214
v 14.426 		25.582 		5.736
v 14.551 		28 		5.736
v -2.246 		44.772 		52.981
v 14.888 		25.443 		5
v -11.426 		13.832 		24.421
v -0.546 		35.13 		55.981
v 15.019 		28 		5
v -1.651 		37.5 		55.981
v -9.716 		13.531 		22.737
v -3.15 		39.642 		55.981
v -8.599 		12.2 		24.421
v 15.284 		25.325 		4.226
v -8.309 		12.546 		22.737
v 0.131 		27.395 		55.981
v 15.422 		28 		4.226
v 0.359 		30 		55.981
v 0.131 		32.605 		55.981
v -9.941 		13.14 		24.421
v -13.273 		3.038 		20.698
v -12.882 		3.38 		20.698
v -7.441 		11.042 		17.579
v -12.545 		3.802 		20.698
v 15.613 		30.774 		3.42
v -7.095 		11.332 		19.263
v 15.872 		30.851 		2.588
v -6.979 		11.429 		21
v -7.095 		11.332 		22.737
v -16.009 		3.038 		20.698
v -7.441 		11.042 		24.421
v 16.057 		30.907 		1.736
v 16.17 		30.941 		0.872
v -20.209 		11.636 		26.001
v -18.472 		11.636 		27.429
v -17.262 		12.2 		27.429
v 15.613 		25.226 		3.42
v -16.84 		11.042 		28.662
v 15.756 		28 		3.42
v -14.641 		5 		31.003
v 15.872 		25.149 		2.588
v -7.818 		4.496 		18.5
v 16.018 		28 		2.588
v -7.713 		6 		18.5
v 16.057 		25.093 		1.736
v 16.207 		28 		1.736
v -7.818 		7.504 		18.5
v -7.238 		4.368 		17.71
v 16.17 		25.059 		0.872
v -7.123 		6 		17.71
v 16.321 		28 		0.872
v -7.238 		7.632 		17.71
v -6.763 		6 		16.868
v 0.131 		17.605 		52.981
v 2.059 		20.358 		52.981
v -6.882 		7.71 		16.868
v -18.972 		12.502 		26.001
v 8.023 		31.371 		9.659
v -0.546 		24.87 		55.981
v -17.604 		13.14 		26.001
v 7.3728 		30.72 		9.8118
v 7.3543 		30.8273 		9.8027
v 7.3424 		30.8964 		9.7968
v 7.653 		31.81 		9.659
v -3.15 		20.358 		55.981
v -1.651 		22.5 		55.981
v -20.48 		12.212 		17.3493
v -20.5242 		12.1705 		17.331
v -20.5935 		12.0935 		17.2808
v 0.131 		12.395 		49.284
v -21.841 		11.042 		17.579
v -5.385 		6.632 		17.579
v 7.2367 		31.4573 		9.7402
v 7.173 		31.7955 		9.706
v 7.1722 		31.7993 		9.7056
v 7.244 		32.135 		9.659
v -5.242 		5 		17.579
v -2.246 		15.228 		52.981
v -20.683 		12.2 		17.579
v 7.991 		11.009 		24.791
v -4.94 		6.711 		19.263
v -16.352 		5.302 		30.851
v 7.0902 		32.2049 		9.659
v -16.273 		5.594 		30.851
v -16.145 		5.868 		30.851
v 7.0899 		32.2059 		9.6588
v 7.991 		11.009 		35.209
v -15.972 		6.116 		30.851
v -4.79 		5 		19.263
v -20.973 		12.546 		19.263
v -22.187 		11.332 		19.263
v -4.94 		3.289 		22.737
v -4.79 		3.263 		21
v -16.737 		13.198 		19.214
v 13.121 		34.895 		19.739
v 11.85 		39.642 		19.739
v 9.773 		44.095 		19.739
v -5.385 		3.368 		24.421
v -17.705 		12.634 		19.214
v 7.689 		29.898 		9.848
v 7.4579 		30.211 		9.8524
v 7.4563 		30.2231 		9.8518
v 7.475 		30.261 		9.848
v -17.011 		14.138 		18.5
v 7.4854 		29.9998 		9.8614
v 7.4854 		30 		9.8614
v 7.859 		42.99 		15
v 7.4764 		29.696 		9.879
v -18.105 		13.5 		18.5
v 5.261 		41.491 		10.716
v -4.638 		5 		21
v 2.964 		44.772 		10.716
v 7.4462 		30.2954 		9.848
v 10.945 		34.512 		15
v -19.094 		12.634 		18.5
v -4.79 		6.737 		21
v 9.773 		38.886 		15
v 7.991 		33.991 		10.716
v 6.954 		37.86 		10.716
v 11.85 		20.358 		19.739
v -5.385 		6.632 		24.421
v -4.94 		6.711 		22.737
v 13.121 		25.105 		19.739
v -15.757 		6.331 		30.851
v 13.55 		30 		19.739
v -15.509 		6.504 		30.851
v -16.352 		7.963 		30.399
v -17.0475 		14.2638 		18.3564
v -4.79 		5 		22.737
v -17.4229 		14.138 		18.2657
v -17.9078 		13.9755 		18.1485
v -17.1931 		14.215 		18.3212
v -15.235 		6.632 		30.851
v -19.1105 		13.3333 		17.8707
v -19.2781 		13.241 		17.8226
v -19.3682 		13.1914 		17.7967
v -14.943 		6.711 		30.851
v 6.954 		11.879 		19.739
v 9.773 		15.905 		19.739
v 7.991 		29.01 		9.848
v -14.641 		6.737 		30.851
v -19.93 		12.7268 		17.5778
v -20.3988 		12.288 		17.3831
v -14.339 		6.711 		30.851
v -16.4 		12.04 		19.83
v 7.859 		17.01 		15
v 9.773 		21.114 		15
v 7.4338 		28.672 		9.9259
v 7.4441 		28.8834 		9.9177
v 7.4534 		29.074 		9.9103
v -5.242 		5 		24.421
v 7.863 		29.476 		9.848
v 10.945 		25.488 		15
v -17.212 		11.567 		19.83
v 11.34 		30 		15
v 5.261 		18.509 		10.716
v 7.4733 		29.5897 		9.8851
v 6.954 		22.14 		10.716
v -14.047 		6.632 		30.851
v 7.991 		26.009 		10.716
v 8.34 		30 		10.716
v -13.773 		6.504 		30.851
v -11.336 		10.924 		19.83
v -9.946 		10.924 		19.214
v -18.58 		11.868 		19.214
v -15.509 		9.925 		29.662
v 5.261 		13.3 		15
v 2.964 		15.228 		10.716
v 7.3601 		27.648 		9.9418
v 7.3646 		27.6952 		9.9422
v 7.3649 		27.6985 		9.9422
v -15.811 		8.215 		30.399
v 7.3724 		27.7885 		9.9418
v 7.3901 		28 		9.941
v -16.352 		9.7 		29.662
v -19.948 		11.567 		18.5
v 8.095 		28 		9.848
v -15.235 		8.369 		30.399
v -14.641 		10.001 		29.662
v 7.3974 		28.1019 		9.9394
v 7.4125 		28.3147 		9.9359
v 7.4126 		28.3158 		9.9358
v -8.641 		10.33 		18.5
v 8.069 		28.513 		9.848
v -20.4 		12.04 		17.71
v -14.641 		8.421 		30.399
v 7.4209 		28.4554 		9.932
v 7.4333 		28.6634 		9.9262
v 7.4334 		28.665 		9.9262
v -13.773 		9.925 		29.662
v -9.809 		8.198 		19.83
v -14.047 		8.369 		30.399
v -10.188 		9.214 		19.83
v -19.566 		13.531 		19.263
v -8.882 		8.62 		19.214
v -19.4354 		13.1421 		17.7883
v -19.37 		13.1904 		17.7962
v -9.334 		9.83 		19.214
v -19.6694 		12.9526 		17.71
v -19.9272 		12.7294 		17.579
v 7.2589 		26.7166 		9.9221
v -18.01 		14.256 		19.263
v -17.604 		3.289 		30.399
v 7.2762 		26.8611 		9.9267
v 7.3016 		27.0749 		9.9334
v -11.177 		8.5 		20.33
v -11.577 		9.214 		20.33
v 7.3148 		27.1974 		9.9359
v 7.3361 		27.3952 		9.9398
v 7.991 		26.99 		9.848
v -18.2468 		13.8087 		18.1183
v -18.2476 		13.8083 		18.1183
v -17.9081 		13.9754 		18.1484
v -12.07 		9.83 		20.33
v 7.3453 		27.4919 		9.9406
v 8.069 		27.487 		9.848
v -10.702 		10.132 		19.83
v -17.262 		7.199 		30.399
v -16.84 		7.621 		30.399
v -17.604 		6.711 		30.399
v -22.303 		11.429 		21
v -17.142 		9.331 		29.662
v -21.841 		11.042 		24.421
v -22.187 		11.332 		22.737
v -20.683 		12.2 		24.421
v 7.0657 		25.7727 		9.8803
v -21.07 		12.662 		21
v 8.34 		10.716 		30
v -20.973 		12.546 		22.737
v 2.059 		10.098 		45
v 3.48 		8.405 		40.261
v -7.1809 		9.5031 		50.4526
v -19.566 		13.531 		22.737
v -19.642 		13.662 		21
v -3.15 		10.098 		49.284
v -5.7437 		8.8886 		49.284
v -7.096 		9.5134 		50.426
v -18.01 		14.256 		22.737
v -18.062 		14.399 		21
v -5.6454 		8.8329 		49.152
v -5.702 		8.8795 		49.2468
v -19.341 		13.14 		24.421
v -17.856 		13.832 		24.421
v -8.641 		9.5412 		50.8689
v -8.7005 		9.513 		50.8571
v -10.186 		8.811 		50.5625
v -10.7893 		8.192 		50.1191
v -5.755 		24.87 		1.809
v -4.999 		26.491 		1.809
v -10.186 		3.031 		51.686
v -8.641 		3.115 		52.118
v -7.096 		3.031 		51.686
v -4.536 		28.218 		1.809
v -4.38 		30 		1.809
v -10.7944 		8.1868 		50.1154
v -11.2061 		7.8345 		49.7992
v -4.536 		31.782 		1.809
v -11.58 		7.5147 		49.5121
v -11.7299 		7.2736 		49.284
v -11.8124 		7.1739 		49.152
v -12.686 		6.119 		47.7545
v -13.2485 		4.8276 		45.9806
v -13.396 		4.4889 		45.5154
v -12.7656 		5.9363 		47.5034
v -13.4467 		4.1236 		45
v -13.4468 		4.1229 		44.9986
v -9.511 		29.095 		0.456
v -4.8661 		8.192 		47.8471
v -3.886 		6.5465 		45.1154
v -3.886 		6.5464 		45.1152
v -3.8746 		6.463 		45
v -9.432 		30 		0.456
v -4.3221 		7.4206 		46.5153
v -4.596 		7.9698 		47.3947
v -4.673 		8.0331 		47.5236
v -1.651 		7.5 		45
v -9.511 		30.905 		0.456
v -3.8745 		6.4625 		44.999
v -9.746 		31.782 		0.456
v -10.129 		32.605 		0.456
v -13.5468 		3.6209 		43.9406
v -3.7909 		4.4309 		40.96
v -3.7076 		4.9154 		41.8293
v -3.641 		5.3026 		42.524
v -3.6981 		5.586 		43.1286
v -3.8579 		4.0412 		40.261
v -0.546 		5.586 		40.261
v -3.858 		4.041 		40.2602
v -3.886 		3.9383 		39.956
v -3.886 		3.9383 		39.956
v -4.0415 		3.7137 		39.4397
v -4.0698 		3.6729 		39.3459
v 5.0497 		8.192 		35.5383
v 5.2314 		8.3265 		35.4132
v 5.613 		8.276 		35.039
v 5.4606 		8.4786 		35.209
v 5.6572 		8.6542 		35.039
v 5.8038 		8.7734 		34.816
v 6.057 		8.217 		34.281
v 5.8873 		8.8412 		34.689
v 6.1554 		9.0591 		34.281
v 6.207 		8.198 		33.5
v 6.2655 		9.1026 		33.7419
v 6.3149 		9.1223 		33.5
v 6.3149 		9.1222 		33.4998
v 6.207 		8.9582 		33.044
v 6.057 		8.217 		32.719
v 6.13 		8.8411 		32.719
v 5.6467 		8.2715 		32.0186
v 5.6464 		8.2711 		32.0183
v 5.613 		8.2337 		31.9856
v 5.5878 		8.2055 		31.961
v 5.9581 		8.6385 		32.47
v 4.497 		7.279 		35.75
v 4.2173 		7.5261 		35.9794
v 4.7422 		7.9644 		35.75
v 4.7423 		7.9645 		35.7499
v 4.497 		5.976 		35.039
v 5.189 		7.09 		35.039
v 4.888 		5.807 		34.281
v 5.613 		6.974 		34.281
v 5.019 		5.75 		33.5
v 5.756 		6.935 		33.5
v 2.611 		6.5765 		36.5167
v 2.8087 		6.7056 		36.4882
v 2.8099 		6.7064 		36.488
v 2.993 		6.627 		36.393
v 3.1872 		6.9396 		36.393
v 3.188 		6.9401 		36.3927
v -14.641 		30 		0
v 3.2114 		6.9536 		36.3839
v 4.0056 		7.4126 		36.0861
v -10.65 		26.651 		0.456
v -10.129 		27.395 		0.456
# 4660 vertices

g group_0_40919

usemtl color_40919
s 0

f 798 	802 	750
f 1725 	789 	802
f 750 	796 	798
f 789 	750 	802
f 1725 	1726 	789
f 805 	859 	750
f 856 	805 	857
f 856 	859 	805
f 857 	805 	810
f 815 	885 	884
f 884 	886 	815
f 810 	816 	893
f 816 	815 	886
f 858 	857 	810
f 796 	750 	859
f 854 	853 	1759
f 815 	854 	885
f 810 	893 	858
f 892 	816 	886
f 891 	816 	892
f 816 	891 	893
f 1303 	1368 	1305
f 1370 	1305 	1369
f 1370 	1313 	1305
f 1367 	1368 	1303
f 1314 	1305 	1313
f 1369 	1305 	1368
f 1445 	1444 	1525
f 1305 	1314 	1443
f 1472 	1536 	1443
f 1536 	1518 	1443
f 1443 	1518 	1444
f 1443 	1473 	1470
f 1472 	1443 	1470
f 1475 	1443 	1314
f 1443 	1475 	1473
f 1445 	1522 	1523
f 1444 	1519 	1521
f 1521 	1525 	1444
f 1522 	1445 	1525
f 1519 	1444 	1518
f 1580 	1585 	1562
f 1582 	1579 	1562
f 1562 	1585 	1303
f 1596 	1598 	1303
f 1579 	1580 	1562
f 1557 	1584 	1562
f 1596 	1303 	1585
f 1599 	1303 	1598
f 1582 	1562 	1584
f 1303 	1599 	1367
f 1681 	1686 	1606
f 1687 	1689 	1607
f 1686 	1687 	1607
f 787 	1710 	1637
f 1303 	1305 	1637
f 1305 	1443 	1637
f 805 	750 	1637
f 789 	787 	1637
f 1557 	1562 	1637
f 750 	789 	1637
f 1637 	810 	805
f 1637 	1443 	1444
f 1444 	1445 	1637
f 1606 	1607 	1637
f 1607 	1650 	1637
f 1445 	1606 	1637
f 1637 	1650 	853
f 1303 	1637 	1562
f 854 	815 	1637
f 816 	810 	1637
f 815 	816 	1637
f 853 	854 	1637
f 1689 	1690 	1607
f 1681 	1606 	1680
f 1607 	1690 	1650
f 1691 	1692 	1650
f 1445 	1523 	1677
f 1606 	1683 	1680
f 1683 	1445 	1677
f 1606 	1445 	1683
f 1607 	1606 	1686
f 1691 	1650 	1690
f 1706 	853 	1692
f 1758 	1759 	853
f 1557 	1637 	1710
f 1733 	1737 	1710
f 1710 	787 	1733
f 787 	1730 	1733
f 1737 	1557 	1710
f 787 	789 	1731
f 1726 	1731 	789
f 1738 	1557 	1737
f 1557 	1738 	1584
f 1730 	787 	1731
f 1759 	1760 	854
f 1650 	1692 	853
f 1758 	853 	1706
f 854 	1763 	885
f 1760 	1763 	854
f 2318 	2356 	2319
f 3745 	3719 	2333
f 2333 	2331 	3745
f 2353 	2356 	2318
f 2359 	2319 	2361
f 2361 	2319 	2356
f 2377 	2385 	2450
f 2449 	2377 	2450
f 2451 	2450 	2385
f 2449 	2452 	2377
f 2385 	2472 	2451
f 2377 	2452 	2378
f 2319 	2363 	2385
f 2472 	2385 	2363
f 3835 	3836 	2431
f 2319 	2385 	3769
f 3769 	2318 	2319
f 2378 	2464 	2431
f 2462 	2378 	2452
f 3835 	2431 	2464
f 2462 	2464 	2378
f 3842 	2421 	3843
f 2359 	2363 	2319
f 3343 	3344 	3254
f 3339 	3340 	3256
f 3256 	3254 	3344
f 3339 	3256 	3344
f 3457 	3455 	3420
f 3417 	3505 	3420
f 3605 	3562 	3417
f 3457 	3420 	3464
f 3456 	3598 	3420
f 3343 	3254 	3591
f 3562 	3605 	3637
f 3456 	3420 	3455
f 3598 	3589 	3420
f 3563 	3417 	3562
f 3464 	3420 	3505
f 3417 	3563 	3565
f 3565 	3505 	3417
f 3254 	3589 	3590
f 3254 	3590 	3591
f 3254 	3420 	3589
f 3818 	3636 	3605
f 3256 	3714 	3674
f 3340 	3713 	3256
f 3256 	3713 	3714
f 3715 	3716 	3674
f 3721 	2354 	2333
f 3674 	3714 	3715
f 3727 	3674 	3716
f 3721 	2333 	3720
f 2318 	2333 	2354
f 2353 	2318 	2354
f 2331 	3769 	3730
f 3740 	2331 	3730
f 3737 	3727 	3716
f 3737 	3738 	3727
f 3740 	3730 	3739
f 3730 	3727 	3739
f 3738 	3739 	3727
f 3742 	2331 	3740
f 3745 	2331 	3742
f 3720 	2333 	3719
f 3803 	3804 	3760
f 3803 	3760 	3806
f 3804 	3810 	3760
f 3605 	3760 	3810
f 3817 	3605 	3816
f 3769 	2431 	2421
f 3769 	3605 	3417
f 2378 	3769 	2377
f 2377 	3769 	2385
f 3420 	3254 	3769
f 3769 	3825 	3760
f 2431 	3769 	2378
f 3674 	3727 	3769
f 3256 	3674 	3769
f 3254 	3256 	3769
f 3769 	3417 	3420
f 3605 	3769 	3760
f 3727 	3730 	3769
f 2318 	3769 	2333
f 2331 	2333 	3769
f 3806 	3760 	3808
f 3810 	3816 	3605
f 3605 	3817 	3818
f 3637 	3605 	3636
f 2421 	3824 	3769
f 3825 	3769 	3824
f 3842 	3844 	2421
f 2431 	3843 	2421
f 3824 	3846 	3825
f 3844 	3846 	3824
f 3825 	3833 	3760
f 3808 	3760 	3833
f 3843 	2431 	3836
f 3824 	2421 	3844
f 3846 	3847 	3825
f 3847 	3833 	3825
# 200 faces

g group_0_2829873

usemtl color_2829873
s 0

f 796 	874 	798
f 874 	1729 	798
f 802 	798 	1729
f 880 	939 	879
f 856 	857 	874
f 873 	874 	857
f 857 	858 	873
f 874 	859 	856
f 879 	939 	878
f 912 	878 	940
f 888 	2904 	882
f 874 	796 	859
f 885 	1762 	884
f 889 	886 	884
f 858 	893 	873
f 893 	891 	873
f 892 	889 	891
f 889 	892 	886
f 889 	873 	891
f 912 	940 	910
f 935 	1001 	2904
f 888 	924 	2904
f 934 	2904 	924
f 934 	935 	2904
f 948 	3003 	947
f 910 	943 	909
f 949 	909 	943
f 948 	949 	943
f 910 	940 	943
f 940 	878 	939
f 882 	939 	880
f 947 	3003 	957
f 1001 	1010 	2904
f 1016 	1051 	3065
f 3058 	2904 	1010
f 1012 	1013 	3058
f 3058 	1010 	1012
f 1054 	3065 	1051
f 957 	3003 	960
f 960 	3003 	1021
f 3661 	3150 	1074
f 3661 	1074 	1075
f 1075 	1098 	3661
f 1055 	1074 	3150
f 3748 	1101 	1102
f 1293 	1368 	1294
f 1294 	1368 	1295
f 1335 	1320 	1359
f 1295 	1571 	1320
f 1335 	1359 	1336
f 1571 	1359 	1320
f 1336 	1359 	1338
f 1368 	1293 	1364
f 1367 	1295 	1368
f 1319 	1376 	1379
f 1379 	1376 	1375
f 1379 	1375 	1374
f 1379 	1374 	1373
f 1373 	1372 	1359
f 1373 	1359 	1379
f 1338 	1359 	1372
f 1313 	1370 	1364
f 1365 	1313 	1364
f 1368 	1364 	1369
f 1370 	1369 	1364
f 1102 	1439 	3748
f 1664 	1506 	1508
f 1523 	1441 	1677
f 1664 	1677 	1441
f 1529 	1441 	1525
f 1472 	1470 	1463
f 1470 	1473 	1463
f 1464 	1463 	1473
f 1475 	1464 	1473
f 1464 	1475 	1490
f 1313 	1490 	1314
f 1314 	1490 	1475
f 1365 	1490 	1313
f 1508 	1499 	1507
f 1500 	1499 	1508
f 1500 	1508 	1503
f 1503 	1508 	1504
f 1441 	1440 	1664
f 1504 	1508 	1506
f 1506 	1664 	1440
f 1516 	1514 	1518
f 1529 	1519 	1514
f 1518 	1514 	1519
f 1521 	1519 	1529
f 1525 	1521 	1529
f 1535 	1516 	1536
f 1516 	1518 	1536
f 1535 	1536 	1463
f 1472 	1463 	1536
f 1529 	1467 	1465
f 1467 	1529 	1514
f 1465 	1441 	1529
f 1522 	1525 	1441
f 1496 	1497 	1507
f 1499 	1496 	1507
f 1497 	2972 	1507
f 1508 	4203 	2991
f 1295 	1599 	1571
f 1579 	1571 	1580
f 1579 	1582 	1571
f 1580 	1571 	1585
f 4616 	4614 	1571
f 1738 	1571 	1584
f 1582 	1584 	1571
f 1598 	1571 	1599
f 1596 	1571 	1598
f 1585 	1571 	1596
f 1599 	1295 	1367
f 4616 	1571 	4615
f 1694 	1691 	1690
f 1694 	1690 	1689
f 1692 	1691 	1694
f 1687 	1664 	1689
f 1686 	1681 	1664
f 1522 	1441 	1523
f 1664 	1683 	1677
f 1680 	1664 	1681
f 1683 	1664 	1680
f 1687 	1686 	1664
f 1694 	1689 	1664
f 2998 	1768 	1664
f 1508 	2992 	1664
f 2998 	1664 	2992
f 1766 	1770 	1664
f 1770 	1781 	1664
f 1805 	1694 	1798
f 1706 	1692 	1694
f 1729 	1725 	802
f 1729 	1726 	1725
f 1738 	1737 	1571
f 1739 	1571 	1737
f 1733 	1730 	1739
f 1731 	1729 	1730
f 1737 	1733 	1739
f 1726 	1729 	1731
f 1739 	1730 	1729
f 3156 	3158 	1729
f 1759 	1758 	1762
f 1706 	1694 	1758
f 1694 	1762 	1758
f 1759 	1762 	1760
f 889 	884 	1762
f 1762 	1763 	1760
f 1763 	1762 	885
f 1806 	1807 	1694
f 1766 	1664 	1767
f 1767 	1664 	1768
f 1781 	1798 	1664
f 1805 	1806 	1694
f 1762 	1808 	889
f 1664 	1798 	1694
f 1807 	1808 	1762
f 874 	1822 	1729
f 1814 	1729 	1813
f 1830 	1822 	874
f 1762 	1694 	1807
f 873 	889 	1825
f 1829 	1830 	874
f 3156 	1729 	1814
f 3147 	1739 	3158
f 1813 	1729 	1822
f 1839 	1834 	873
f 874 	873 	1829
f 1824 	889 	1808
f 1824 	1825 	889
f 1834 	1829 	873
f 873 	1825 	1839
f 2354 	3750 	2353
f 2358 	2356 	2353
f 2359 	2361 	2358
f 2358 	2361 	2356
f 2449 	2450 	2458
f 2457 	2458 	2450
f 2450 	2451 	2457
f 2458 	2452 	2449
f 2452 	2458 	2462
f 2458 	3840 	2462
f 2451 	2472 	2457
f 2472 	2363 	2457
f 2457 	2363 	2358
f 2359 	2358 	2363
f 2800 	2798 	4576
f 2804 	2800 	4576
f 2797 	4576 	2798
f 2804 	2801 	2800
f 2801 	2804 	2806
f 2956 	2806 	2804
f 2807 	2806 	2956
f 2792 	2795 	4576
f 4577 	4576 	2795
f 2793 	2792 	4576
f 2795 	2790 	4577
f 2797 	2793 	4576
f 2790 	2788 	4577
f 2788 	2787 	4577
f 2872 	4578 	2787
f 2781 	2773 	2866
f 2771 	2925 	2773
f 2770 	2925 	2771
f 2872 	2871 	4578
f 2871 	2874 	4578
f 4578 	2874 	2876
f 4577 	2787 	4578
f 2781 	2866 	2868
f 2866 	4578 	2868
f 2876 	2868 	4578
f 939 	2904 	2873
f 2873 	2869 	939
f 939 	2869 	2867
f 2904 	2875 	2873
f 2925 	2922 	1379
f 2919 	2918 	1379
f 2918 	2917 	1379
f 1319 	1379 	2917
f 2919 	1379 	2922
f 2904 	2906 	2875
f 2904 	3058 	2906
f 2866 	2773 	2925
f 2930 	2929 	2925
f 2929 	2928 	2925
f 2925 	2928 	2922
f 939 	2864 	940
f 2930 	2925 	2770
f 4601 	2866 	4600
f 2862 	2864 	939
f 2859 	940 	2864
f 2863 	2862 	939
f 2867 	2863 	939
f 882 	2904 	939
f 1507 	2953 	2956
f 2954 	2953 	1507
f 2952 	2956 	2953
f 2962 	2961 	2956
f 2961 	2807 	2956
f 2952 	2962 	2956
f 4587 	4590 	2956
f 2956 	2804 	4587
f 2972 	2971 	1507
f 2954 	1507 	2971
f 4588 	4589 	1507
f 4588 	2956 	4590
f 4203 	1508 	4607
f 2991 	2992 	1508
f 2854 	2852 	3003
f 2851 	3307 	2852
f 2859 	2857 	940
f 940 	2856 	943
f 943 	3022 	3021
f 943 	3021 	3023
f 943 	3023 	3029
f 3022 	943 	2856
f 2856 	940 	2857
f 3019 	3003 	943
f 2854 	3003 	3019
f 3029 	3019 	943
f 3307 	4228 	3003
f 943 	3003 	948
f 3056 	3052 	3058
f 3052 	3053 	3058
f 3053 	2908 	3058
f 2908 	2906 	3058
f 3062 	3061 	3065
f 3061 	3056 	3065
f 3058 	3065 	3056
f 1054 	3150 	3065
f 3126 	3150 	3127
f 3126 	3128 	3150
f 3128 	3144 	3150
f 1739 	478 	1571
f 3148 	1739 	3147
f 3129 	3127 	3150
f 3065 	3150 	3143
f 478 	1739 	477
f 3153 	1739 	3148
f 3153 	477 	1739
f 1729 	3158 	1739
f 3143 	3150 	3144
f 3142 	3065 	3141
f 3142 	3064 	3065
f 3065 	3143 	3141
f 3062 	3065 	3064
f 1014 	3065 	1013
f 1013 	3065 	3058
f 1014 	1016 	3065
f 3339 	3250 	3340
f 3304 	3577 	3305
f 3300 	3577 	3301
f 3003 	2852 	3307
f 3312 	3307 	2851
f 3312 	3311 	3307
f 3307 	3311 	3310
f 3307 	3310 	3305
f 3250 	3249 	3661
f 3331 	3661 	3249
f 3345 	3337 	3336
f 3350 	3337 	3598
f 3598 	3353 	3350
f 3282 	3281 	3345
f 3336 	3282 	3345
f 3345 	3281 	3344
f 3661 	3713 	3250
f 3339 	3344 	3250
f 3281 	3250 	3344
f 3661 	3129 	3150
f 3331 	3129 	3661
f 3307 	3305 	3577
f 3303 	3577 	3304
f 3577 	3300 	3487
f 3490 	3621 	3516
f 3415 	3831 	3488
f 3488 	3831 	3490
f 3446 	3456 	3455
f 3446 	3455 	3457
f 3446 	3457 	3447
f 3457 	3464 	3447
f 3448 	3566 	3449
f 3503 	3566 	3448
f 3415 	3449 	3566
f 3303 	3301 	3577
f 3512 	3577 	3487
f 3517 	3516 	3621
f 3831 	3621 	3490
f 3447 	3464 	3502
f 3505 	3502 	3464
f 3566 	3503 	3561
f 3512 	3574 	3577
f 3577 	3574 	3573
f 3577 	3573 	3571
f 3577 	3571 	3570
f 3569 	3621 	3570
f 3570 	3621 	3577
f 3569 	3519 	3621
f 3517 	3621 	3519
f 3502 	3505 	3561
f 3563 	3562 	3566
f 3565 	3563 	3566
f 3566 	3561 	3565
f 3505 	3565 	3561
f 3591 	3590 	3345
f 3344 	3343 	3345
f 3590 	3589 	3345
f 3337 	3345 	3589
f 3343 	3591 	3345
f 3589 	3598 	3337
f 3353 	3598 	3446
f 3446 	3598 	3456
f 3566 	3637 	3415
f 3636 	3415 	3637
f 3636 	3818 	3415
f 3562 	3637 	3566
f 3621 	4231 	3577
f 3621 	3831 	3659
f 4220 	3577 	4222
f 3621 	3655 	3656
f 3655 	3621 	3659
f 1099 	1101 	3661
f 2358 	2353 	3750
f 3720 	3750 	3721
f 3721 	3750 	2354
f 3340 	3250 	3713
f 3714 	3713 	3661
f 3748 	3740 	3739
f 3740 	3748 	3742
f 3748 	3750 	3742
f 3745 	3742 	3750
f 3720 	3719 	3750
f 3719 	3745 	3750
f 3748 	3739 	3661
f 3738 	3737 	3661
f 3737 	3716 	3661
f 3715 	3661 	3716
f 3715 	3714 	3661
f 3738 	3661 	3739
f 1099 	3661 	1098
f 1054 	1055 	3150
f 3748 	3661 	1101
f 1439 	3882 	3748
f 3808 	3831 	3806
f 3803 	3806 	3831
f 3804 	3803 	3831
f 3810 	3804 	3831
f 3818 	3817 	3831
f 3817 	3816 	3831
f 3810 	3831 	3816
f 3831 	3415 	3818
f 3894 	3895 	3750
f 3898 	3894 	3750
f 3748 	3882 	3750
f 3808 	3833 	3831
f 3835 	2464 	3840
f 2464 	2462 	3840
f 3840 	3836 	3835
f 3846 	3831 	3847
f 3849 	3831 	3846
f 3847 	3831 	3833
f 3842 	3849 	3844
f 3843 	3840 	3842
f 3846 	3844 	3849
f 3849 	3842 	3840
f 3843 	3836 	3840
f 3849 	3907 	3831
f 3871 	3659 	3831
f 3923 	3919 	2358
f 3898 	3750 	3882
f 2458 	3899 	3840
f 3900 	3849 	3840
f 3900 	3840 	3899
f 3871 	3831 	3869
f 3869 	3831 	3873
f 3831 	3905 	3873
f 3923 	2358 	3895
f 2458 	2457 	3920
f 3920 	3922 	2458
f 2457 	2358 	3919
f 2358 	3750 	3895
f 3912 	3899 	2458
f 3849 	3900 	3904
f 3904 	3907 	3849
f 3905 	3831 	3907
f 2457 	3919 	3920
f 3912 	2458 	3932
f 3932 	2458 	3922
f 1021 	3003 	1023
f 4223 	3307 	4221
f 4223 	4228 	3307
f 3577 	4221 	3307
f 1023 	3003 	4228
f 3577 	4220 	4221
f 3621 	3656 	4230
f 4230 	4231 	3621
f 4222 	3577 	4231
f 4577 	4578 	4570
f 4563 	4578 	4562
f 4558 	4570 	4578
f 4571 	4572 	4577
f 4570 	4571 	4577
f 4572 	4573 	4576
f 2866 	4562 	4578
f 4563 	4558 	4578
f 4576 	4577 	4572
f 4567 	4562 	2866
f 4582 	4576 	4581
f 4582 	4584 	4576
f 2804 	4576 	4584
f 4584 	4585 	2804
f 4594 	2866 	4601
f 4581 	4576 	4573
f 1379 	4595 	2925
f 4599 	4600 	2925
f 4586 	4587 	2804
f 1507 	2956 	4588
f 4589 	4591 	1507
f 4610 	1359 	4609
f 4599 	2925 	4595
f 4585 	4586 	2804
f 4592 	4607 	1507
f 4591 	4592 	1507
f 1508 	1507 	4607
f 2925 	4600 	2866
f 4597 	4596 	1379
f 4611 	1379 	4610
f 1359 	4610 	1379
f 4609 	1359 	4608
f 4567 	2866 	4566
f 4595 	1379 	4596
f 4597 	1379 	4604
f 4594 	4566 	2866
f 4604 	1379 	4611
f 4612 	1571 	4614
f 4608 	1359 	4612
f 1359 	1571 	4612
f 4617 	4615 	1571
f 1571 	4618 	4617
f 4618 	1571 	478
# 479 faces

g group_0_14093196

usemtl color_14093196
s 0

f 19 	17 	15
f 17 	19 	32
f 37 	32 	19
f 19 	54 	37
f 19 	87 	54
f 32 	37 	33
f 37 	49 	46
f 37 	46 	33
f 49 	51 	46
f 37 	54 	56
f 37 	56 	49
f 49 	56 	7
f 54 	63 	56
f 54 	61 	63
f 74 	63 	61
f 4646 	63 	74
f 87 	61 	54
f 87 	91 	61
f 91 	93 	96
f 91 	96 	61
f 96 	74 	61
f 93 	102 	96
f 102 	93 	100
f 96 	102 	81
f 96 	81 	74
f 100 	253 	262
f 262 	102 	100
f 113 	149 	119
f 149 	113 	138
f 149 	138 	163
f 164 	163 	138
f 4637 	4636 	119
f 4637 	119 	4638
f 149 	4638 	119
f 138 	203 	179
f 163 	166 	149
f 179 	168 	138
f 164 	138 	168
f 171 	149 	172
f 4638 	149 	171
f 172 	149 	166
f 179 	174 	168
f 186 	185 	179
f 179 	185 	191
f 179 	191 	194
f 174 	179 	194
f 102 	195 	81
f 81 	195 	113
f 195 	138 	113
f 195 	203 	138
f 201 	210 	203
f 203 	210 	179
f 179 	210 	187
f 234 	222 	210
f 220 	210 	221
f 221 	210 	222
f 234 	228 	222
f 230 	210 	220
f 187 	210 	230
f 186 	179 	187
f 210 	201 	234
f 241 	273 	242
f 247 	234 	248
f 228 	234 	247
f 195 	102 	262
f 253 	201 	262
f 253 	269 	201
f 262 	201 	203
f 262 	203 	195
f 269 	273 	234
f 269 	234 	201
f 273 	241 	240
f 285 	283 	273
f 273 	283 	284
f 284 	242 	273
f 273 	240 	248
f 273 	248 	234
f 387 	392 	388
f 392 	387 	386
f 391 	392 	386
f 420 	392 	391
f 423 	388 	392
f 423 	392 	19
f 423 	19 	422
f 15 	14 	19
f 422 	19 	14
f 87 	19 	392
f 430 	392 	420
f 435 	434 	437
f 433 	437 	434
f 438 	437 	433
f 447 	437 	451
f 435 	437 	447
f 451 	437 	3067
f 392 	430 	451
f 447 	451 	430
f 392 	451 	87
f 438 	469 	3035
f 451 	3067 	91
f 451 	91 	87
f 492 	495 	494
f 504 	494 	505
f 495 	505 	494
f 494 	504 	507
f 494 	507 	509
f 285 	273 	509
f 494 	509 	273
f 494 	3261 	492
f 1477 	1480 	1476
f 1478 	1476 	1480
f 1480 	1479 	1478
f 1477 	1481 	1480
f 1485 	1479 	1480
f 1471 	1682 	1481
f 1466 	1682 	1471
f 1480 	1495 	1485
f 1502 	1495 	1505
f 1480 	1505 	1495
f 1515 	1513 	1520
f 1505 	1520 	1513
f 1539 	1531 	1520
f 1505 	1513 	1502
f 1515 	1520 	1531
f 1520 	1542 	1539
f 1568 	1572 	1570
f 1576 	1589 	1577
f 1572 	1589 	1576
f 1572 	1576 	1570
f 1594 	1605 	1595
f 1605 	1594 	1593
f 1605 	1593 	1592
f 1605 	1592 	1589
f 1577 	1589 	1592
f 1605 	1624 	1595
f 1624 	1605 	1630
f 1682 	1669 	1605
f 1605 	1667 	1682
f 2442 	1648 	1572
f 1572 	1648 	1589
f 1589 	1648 	1667
f 1589 	1667 	1605
f 1673 	1682 	1675
f 1670 	1669 	1682
f 1630 	1605 	1669
f 1682 	1673 	1670
f 1456 	1675 	1682
f 1457 	1456 	1682
f 1667 	1648 	1821
f 1727 	1844 	1857
f 1682 	1466 	1457
f 1821 	1648 	1709
f 1667 	1821 	1823
f 1682 	1667 	1823
f 1480 	1481 	1682
f 1682 	1823 	1480
f 1727 	1826 	1709
f 1821 	1709 	1826
f 1821 	1826 	1831
f 1857 	1826 	1727
f 1826 	1857 	1863
f 1826 	1863 	1831
f 1821 	1831 	1823
f 1823 	1831 	1505
f 1505 	1831 	1520
f 1831 	1863 	1520
f 1823 	1505 	1480
f 1844 	2060 	1857
f 1863 	1890 	1520
f 1884 	1542 	1890
f 1520 	1890 	1542
f 1920 	1915 	2065
f 1890 	1913 	1912
f 1890 	2065 	1913
f 1890 	1910 	1884
f 1912 	1910 	1890
f 1915 	1913 	2065
f 1920 	2065 	1930
f 1952 	2078 	1953
f 1960 	1959 	1946
f 1961 	1960 	1946
f 1965 	1946 	1966
f 1959 	1966 	1946
f 1946 	1965 	1953
f 2060 	1968 	2078
f 2078 	1968 	1976
f 1976 	1985 	1946
f 1944 	1943 	1994
f 1996 	1985 	1997
f 1997 	2695 	2000
f 2004 	1961 	1985
f 1946 	1985 	1961
f 2004 	1985 	1996
f 2050 	1994 	2051
f 2051 	1994 	1943
f 2050 	2055 	1994
f 1994 	2055 	2000
f 2060 	1844 	1968
f 2065 	1863 	1857
f 1857 	2060 	2065
f 1863 	2065 	1890
f 2060 	2084 	2065
f 2060 	2078 	2084
f 2084 	1930 	2065
f 1976 	1946 	2078
f 2089 	2084 	2091
f 2078 	2092 	2084
f 2091 	2084 	2092
f 1946 	1953 	2078
f 1952 	1955 	2078
f 2078 	1955 	2092
f 1932 	2084 	2089
f 1931 	2084 	1932
f 1931 	1930 	2084
f 2135 	2142 	2240
f 2174 	2177 	2175
f 2177 	2176 	2175
f 2177 	2423 	2176
f 2196 	2202 	2197
f 2204 	2202 	2196
f 2177 	2174 	2209
f 2192 	2209 	2174
f 2208 	2209 	2192
f 2208 	2197 	2209
f 2202 	2209 	2197
f 2168 	2253 	2169
f 2169 	2253 	2204
f 2140 	2135 	2240
f 2140 	2240 	2141
f 2142 	2237 	2240
f 2240 	2237 	2250
f 2168 	2141 	2253
f 2240 	2253 	2141
f 2265 	2283 	2240
f 2240 	2283 	2253
f 2202 	2204 	2253
f 2444 	2202 	2253
f 2259 	2265 	2240
f 2250 	2259 	2240
f 2303 	2265 	2276
f 2277 	2276 	2265
f 2259 	2277 	2265
f 2265 	2296 	2283
f 2290 	2296 	2265
f 2290 	2265 	2305
f 2304 	2290 	2305
f 2304 	2306 	2290
f 2301 	2299 	2290
f 2303 	2305 	2265
f 2290 	2380 	2392
f 2306 	2301 	2290
f 2290 	2392 	2296
f 2315 	2325 	2320
f 2345 	2320 	2346
f 2346 	2320 	2325
f 2345 	2348 	2320
f 2320 	2348 	2338
f 2347 	2338 	2348
f 2347 	2351 	2338
f 2380 	2290 	2299
f 2299 	2308 	2380
f 2384 	2380 	2308
f 2401 	2380 	2398
f 2384 	2398 	2380
f 2380 	2404 	2392
f 2380 	2401 	2404
f 2406 	2404 	2401
f 2320 	2404 	2315
f 2317 	2315 	2404
f 2406 	2317 	2404
f 2320 	2338 	2404
f 2419 	2423 	2420
f 2419 	2194 	2423
f 2193 	2423 	2194
f 2193 	2176 	2423
f 2428 	2427 	2429
f 2423 	2429 	2427
f 2423 	2427 	2420
f 2423 	2437 	2429
f 1568 	1567 	2429
f 2428 	2429 	1567
f 1568 	2429 	1572
f 2434 	2177 	2209
f 2423 	2177 	2434
f 2434 	2437 	2423
f 2434 	2454 	2437
f 2429 	2442 	1572
f 2437 	2442 	2429
f 2444 	2209 	2202
f 2209 	2447 	2434
f 2447 	2209 	2444
f 2454 	2434 	2447
f 2456 	2437 	2454
f 2456 	2442 	2437
f 2442 	2456 	1709
f 1709 	1648 	2442
f 2444 	2483 	2447
f 2454 	2510 	2513
f 2456 	2454 	2513
f 1727 	1709 	2456
f 2483 	2444 	2542
f 2454 	2447 	2510
f 2483 	2510 	2447
f 2510 	2520 	2513
f 2456 	2513 	1727
f 2483 	2542 	2516
f 2516 	2518 	2483
f 2483 	2518 	2510
f 2520 	2510 	2518
f 2516 	2665 	2518
f 2518 	2665 	2667
f 2518 	2667 	2520
f 1968 	2520 	2667
f 2542 	2444 	2253
f 2253 	2283 	2542
f 2544 	2542 	2283
f 2283 	2296 	2544
f 2516 	2542 	2544
f 2703 	2544 	2296
f 2513 	2520 	1844
f 1844 	1727 	2513
f 2520 	1968 	1844
f 2544 	2559 	2516
f 2703 	2559 	2544
f 2404 	2564 	2392
f 2404 	2338 	2564
f 2559 	2703 	2568
f 2564 	2338 	2589
f 2568 	2564 	2589
f 2589 	2603 	2568
f 2619 	2589 	2620
f 2589 	2338 	2620
f 2351 	2620 	2338
f 2625 	2603 	2633
f 2635 	2603 	2589
f 2633 	2603 	2635
f 2635 	2589 	2639
f 2619 	2639 	2589
f 1994 	2603 	2651
f 2625 	2651 	2603
f 2651 	2657 	1994
f 2657 	1944 	1994
f 2665 	2516 	2559
f 2568 	2671 	2559
f 2665 	2559 	2671
f 2665 	2674 	2667
f 2674 	2665 	2671
f 2667 	2674 	1976
f 1985 	1976 	2674
f 2667 	1976 	1968
f 2603 	2671 	2568
f 2674 	2671 	2695
f 2671 	2603 	2695
f 2674 	2695 	1985
f 2603 	1994 	2695
f 2695 	1997 	1985
f 1994 	2000 	2695
f 2703 	2296 	2392
f 2392 	2564 	2703
f 2564 	2568 	2703
f 3123 	253 	100
f 3255 	269 	253
f 3036 	3035 	3033
f 3034 	3033 	3035
f 3033 	3038 	3036
f 437 	438 	3035
f 469 	3034 	3035
f 3067 	437 	3035
f 91 	3067 	93
f 3076 	3036 	3075
f 3038 	3075 	3036
f 3080 	3036 	3076
f 3036 	3108 	3035
f 3036 	3111 	3108
f 3067 	3113 	93
f 3099 	3111 	3080
f 3185 	3111 	3099
f 3036 	3080 	3111
f 3035 	3113 	3067
f 3035 	3108 	3113
f 3111 	3120 	3121
f 3211 	3210 	3111
f 3111 	3121 	3108
f 3123 	3113 	3108
f 3123 	3108 	3121
f 3113 	3123 	100
f 3113 	100 	93
f 3120 	3111 	3210
f 3120 	3214 	3217
f 3121 	3252 	3255
f 3121 	3255 	3123
f 3255 	253 	3123
f 3217 	3228 	3120
f 3197 	3196 	3111
f 3196 	3203 	3111
f 3111 	3198 	3197
f 3111 	3185 	3198
f 3211 	3111 	3203
f 3214 	3120 	3210
f 3232 	3231 	3286
f 3227 	3232 	3120
f 3286 	3120 	3232
f 3228 	3227 	3120
f 3120 	3252 	3121
f 3120 	3286 	3252
f 3252 	3268 	3255
f 3268 	3252 	3261
f 269 	3255 	3268
f 513 	493 	3261
f 3341 	513 	3261
f 3268 	3261 	494
f 3268 	273 	269
f 3268 	494 	273
f 3357 	3325 	3286
f 3297 	3296 	3286
f 3286 	3296 	3261
f 3325 	3316 	3286
f 3297 	3286 	3316
f 3296 	3320 	3261
f 3341 	3261 	3320
f 3286 	3261 	3252
f 493 	492 	3261
f 3357 	3286 	3231
f 4640 	4621 	4619
f 4621 	4623 	4622
f 4621 	4622 	4620
f 4626 	4624 	4621
f 4623 	4621 	4624
f 4627 	4626 	4625
f 4621 	4625 	4626
f 4630 	4629 	4628
f 4625 	4628 	4629
f 4630 	4628 	4631
f 4625 	4629 	4627
f 4631 	4628 	4632
f 4632 	4628 	4634
f 4628 	4633 	4634
f 4633 	119 	4635
f 4636 	4635 	119
f 4633 	4635 	4639
f 4634 	4633 	4639
f 4640 	4642 	4641
f 6 	4640 	5
f 4641 	5 	4640
f 4640 	4643 	4642
f 4644 	7 	56
f 4644 	56 	63
f 7 	4644 	4645
f 7 	4645 	4640
f 4640 	4645 	4621
f 4645 	4647 	4625
f 4620 	4619 	4621
f 4640 	4619 	4643
f 63 	4646 	4644
f 4647 	4645 	4644
f 4647 	4644 	4646
f 4647 	4628 	4625
f 4645 	4625 	4621
f 74 	4648 	4646
f 74 	81 	4648
f 4649 	4647 	4646
f 4646 	4648 	4649
f 4628 	4647 	4649
f 81 	113 	4648
f 113 	119 	4648
f 119 	4649 	4648
f 4633 	4628 	4649
f 4649 	119 	4633
f 4652 	4651 	4653
f 4650 	4653 	4651
f 4653 	4650 	49
f 51 	49 	4650
f 4653 	4654 	4652
f 4657 	4655 	4653
f 4654 	4653 	4655
f 4653 	49 	7
f 4658 	4640 	6
f 4658 	4657 	4640
f 4653 	4640 	4657
f 4653 	7 	4640
# 479 faces

g group_0_15277357

usemtl color_15277357
s 0

f 13 	12 	16
f 11 	35 	16
f 77 	16 	35
f 11 	16 	12
f 13 	16 	41
f 38 	13 	41
f 4 	4540 	10
f 41 	16 	4234
f 41 	4234 	4238
f 41 	4238 	55
f 68 	71 	69
f 67 	71 	68
f 67 	73 	71
f 77 	76 	69
f 71 	77 	69
f 88 	409 	73
f 71 	410 	77
f 16 	77 	95
f 77 	410 	95
f 141 	79 	70
f 1384 	82 	79
f 141 	1384 	79
f 99 	2607 	2596
f 104 	131 	111
f 104 	111 	106
f 106 	111 	112
f 111 	114 	118
f 111 	118 	112
f 110 	117 	31
f 114 	126 	118
f 99 	2604 	2607
f 129 	136 	140
f 136 	145 	140
f 129 	140 	131
f 131 	114 	111
f 131 	140 	114
f 145 	136 	157
f 140 	145 	150
f 140 	150 	114
f 126 	114 	150
f 636 	155 	157
f 157 	136 	636
f 151 	146 	72
f 146 	158 	72
f 72 	2670 	151
f 684 	685 	158
f 158 	685 	72
f 167 	170 	160
f 162 	160 	170
f 22 	10 	107
f 4320 	162 	170
f 107 	10 	4540
f 107 	110 	22
f 31 	22 	110
f 167 	180 	170
f 167 	176 	180
f 170 	180 	4329
f 176 	188 	192
f 176 	192 	180
f 188 	199 	192
f 188 	232 	199
f 192 	199 	4340
f 206 	150 	145
f 207 	126 	150
f 207 	150 	206
f 207 	159 	126
f 207 	162 	159
f 4540 	4095 	107
f 160 	206 	252
f 207 	206 	160
f 162 	207 	160
f 252 	167 	160
f 167 	257 	176
f 212 	214 	219
f 217 	188 	176
f 217 	225 	188
f 225 	304 	229
f 225 	229 	232
f 225 	232 	188
f 4378 	231 	214
f 214 	233 	219
f 229 	357 	232
f 356 	357 	229
f 214 	231 	233
f 306 	199 	232
f 219 	233 	237
f 219 	237 	238
f 4189 	219 	238
f 243 	157 	155
f 233 	263 	244
f 233 	244 	237
f 157 	243 	246
f 246 	145 	157
f 246 	206 	145
f 4382 	3007 	231
f 3008 	231 	3007
f 243 	250 	246
f 246 	252 	206
f 246 	250 	252
f 231 	3008 	254
f 231 	254 	255
f 250 	257 	252
f 231 	255 	259
f 231 	259 	260
f 261 	233 	260
f 231 	260 	233
f 252 	257 	167
f 263 	233 	261
f 217 	257 	294
f 257 	217 	176
f 280 	243 	155
f 280 	282 	286
f 280 	286 	243
f 286 	250 	243
f 282 	292 	286
f 297 	779 	290
f 250 	286 	294
f 286 	292 	294
f 294 	257 	250
f 302 	292 	1411
f 292 	302 	294
f 288 	94 	99
f 327 	330 	300
f 300 	330 	301
f 217 	294 	302
f 288 	99 	291
f 291 	99 	2596
f 291 	2596 	295
f 302 	304 	225
f 302 	225 	217
f 1416 	1429 	304
f 143 	121 	281
f 304 	1429 	229
f 281 	121 	94
f 143 	660 	151
f 357 	313 	306
f 308 	622 	320
f 331 	332 	327
f 327 	332 	330
f 339 	332 	331
f 337 	339 	331
f 336 	346 	4375
f 337 	348 	339
f 345 	348 	337
f 308 	320 	353
f 380 	352 	346
f 353 	345 	308
f 345 	354 	348
f 353 	354 	345
f 346 	352 	2778
f 232 	357 	306
f 356 	360 	368
f 360 	374 	368
f 360 	373 	374
f 356 	368 	357
f 313 	357 	368
f 370 	558 	371
f 558 	372 	371
f 368 	374 	336
f 374 	346 	336
f 368 	336 	313
f 373 	378 	380
f 373 	380 	374
f 375 	589 	370
f 346 	374 	380
f 382 	580 	377
f 1494 	384 	378
f 378 	385 	380
f 378 	384 	385
f 380 	385 	352
f 395 	397 	396
f 394 	397 	395
f 399 	397 	394
f 397 	402 	396
f 401 	396 	402
f 86 	85 	402
f 401 	402 	85
f 71 	73 	409
f 88 	86 	409
f 402 	409 	86
f 71 	409 	410
f 416 	415 	418
f 414 	418 	415
f 418 	414 	421
f 516 	526 	411
f 412 	397 	399
f 418 	1191 	416
f 94 	288 	543
f 443 	441 	448
f 452 	506 	441
f 444 	443 	448
f 418 	421 	459
f 421 	455 	459
f 458 	459 	455
f 402 	528 	466
f 288 	291 	534
f 409 	402 	466
f 468 	410 	409
f 466 	468 	409
f 410 	468 	104
f 95 	410 	104
f 106 	95 	104
f 528 	542 	466
f 468 	466 	129
f 468 	131 	104
f 129 	131 	468
f 458 	467 	459
f 467 	444 	459
f 448 	459 	444
f 488 	506 	486
f 487 	506 	452
f 486 	506 	487
f 448 	441 	506
f 503 	506 	488
f 508 	506 	503
f 556 	512 	511
f 459 	448 	290
f 501 	500 	556
f 500 	502 	556
f 502 	554 	556
f 556 	511 	501
f 506 	290 	448
f 290 	776 	459
f 411 	526 	412
f 518 	524 	520
f 522 	520 	524
f 397 	412 	526
f 528 	402 	397
f 397 	526 	528
f 94 	543 	281
f 526 	531 	538
f 526 	538 	528
f 528 	538 	542
f 366 	524 	367
f 518 	367 	524
f 466 	542 	129
f 524 	546 	522
f 545 	522 	546
f 506 	508 	546
f 545 	546 	508
f 542 	636 	136
f 506 	297 	290
f 542 	136 	129
f 281 	543 	695
f 554 	557 	556
f 516 	512 	526
f 556 	526 	512
f 546 	297 	506
f 558 	370 	589
f 372 	558 	366
f 524 	366 	558
f 534 	291 	536
f 536 	295 	457
f 561 	560 	564
f 295 	536 	291
f 300 	546 	524
f 560 	566 	564
f 564 	562 	561
f 300 	524 	558
f 300 	301 	546
f 546 	301 	297
f 568 	570 	556
f 568 	556 	557
f 300 	558 	327
f 568 	562 	570
f 457 	4356 	917
f 564 	570 	562
f 917 	536 	457
f 556 	531 	526
f 556 	570 	531
f 576 	605 	564
f 576 	564 	566
f 579 	578 	580
f 584 	586 	605
f 576 	584 	605
f 586 	590 	605
f 573 	575 	580
f 381 	573 	580
f 381 	580 	382
f 575 	577 	580
f 577 	579 	580
f 589 	375 	580
f 377 	580 	375
f 597 	642 	647
f 589 	327 	558
f 580 	606 	589
f 604 	606 	580
f 589 	606 	331
f 606 	337 	331
f 589 	331 	327
f 613 	570 	564
f 564 	605 	613
f 604 	612 	615
f 616 	570 	613
f 604 	615 	606
f 337 	606 	615
f 308 	345 	615
f 345 	337 	615
f 308 	612 	622
f 308 	615 	612
f 617 	598 	600
f 622 	754 	628
f 622 	628 	320
f 580 	578 	633
f 600 	619 	617
f 619 	608 	620
f 600 	608 	619
f 531 	570 	616
f 620 	608 	585
f 538 	531 	635
f 633 	604 	580
f 623 	620 	585
f 531 	616 	635
f 623 	585 	587
f 538 	635 	636
f 635 	155 	636
f 538 	636 	542
f 643 	641 	640
f 643 	642 	641
f 645 	646 	638
f 590 	595 	605
f 647 	605 	595
f 3164 	659 	644
f 644 	671 	645
f 645 	674 	646
f 659 	671 	644
f 595 	597 	647
f 643 	647 	642
f 605 	647 	663
f 659 	662 	671
f 605 	663 	613
f 660 	817 	146
f 613 	663 	665
f 613 	665 	616
f 146 	151 	660
f 616 	666 	635
f 616 	665 	666
f 3284 	664 	662
f 155 	635 	666
f 681 	664 	1901
f 647 	673 	663
f 647 	670 	673
f 674 	645 	671
f 663 	675 	665
f 674 	677 	646
f 673 	675 	663
f 665 	675 	678
f 672 	668 	667
f 657 	158 	838
f 838 	158 	146
f 671 	664 	674
f 665 	678 	666
f 662 	664 	671
f 666 	678 	280
f 664 	681 	674
f 674 	681 	677
f 666 	280 	155
f 681 	617 	677
f 667 	717 	672
f 681 	598 	617
f 681 	1901 	598
f 680 	717 	667
f 678 	675 	1665
f 684 	158 	657
f 678 	282 	280
f 672 	669 	668
f 282 	678 	1665
f 3201 	688 	684
f 633 	634 	604
f 684 	689 	685
f 686 	604 	634
f 643 	691 	694
f 775 	543 	683
f 690 	694 	691
f 775 	695 	543
f 686 	672 	604
f 288 	534 	683
f 640 	691 	643
f 543 	288 	683
f 692 	672 	686
f 669 	672 	692
f 701 	281 	695
f 281 	701 	143
f 1639 	707 	704
f 707 	706 	704
f 1639 	1642 	707
f 660 	143 	701
f 701 	799 	660
f 688 	689 	684
f 689 	2789 	685
f 680 	713 	717
f 711 	717 	713
f 716 	717 	711
f 690 	700 	694
f 735 	740 	688
f 737 	736 	739
f 735 	744 	740
f 688 	740 	689
f 742 	773 	739
f 736 	742 	739
f 638 	740 	744
f 738 	737 	739
f 645 	638 	744
f 706 	707 	716
f 731 	748 	741
f 717 	716 	707
f 672 	717 	612
f 840 	694 	747
f 700 	747 	694
f 644 	645 	744
f 738 	739 	840
f 672 	612 	604
f 738 	840 	749
f 747 	749 	840
f 1627 	751 	707
f 707 	751 	754
f 707 	754 	717
f 717 	622 	612
f 622 	717 	754
f 751 	757 	763
f 751 	763 	754
f 628 	754 	763
f 774 	843 	773
f 795 	769 	777
f 290 	779 	776
f 760 	780 	761
f 779 	781 	776
f 739 	843 	848
f 780 	760 	782
f 739 	848 	840
f 776 	781 	777
f 780 	695 	761
f 785 	779 	297
f 695 	780 	701
f 297 	301 	785
f 779 	786 	781
f 761 	695 	775
f 785 	786 	779
f 741 	748 	782
f 782 	760 	741
f 782 	797 	799
f 785 	844 	786
f 799 	780 	782
f 782 	748 	797
f 777 	800 	795
f 781 	800 	777
f 797 	817 	799
f 797 	819 	817
f 786 	806 	781
f 864 	793 	792
f 780 	799 	701
f 1219 	864 	863
f 806 	800 	781
f 806 	832 	800
f 809 	797 	748
f 864 	871 	793
f 817 	660 	799
f 871 	778 	814
f 821 	819 	809
f 694 	670 	643
f 797 	809 	819
f 800 	830 	795
f 838 	817 	819
f 795 	830 	828
f 830 	800 	832
f 832 	834 	830
f 838 	819 	837
f 670 	647 	643
f 694 	841 	670
f 841 	694 	840
f 842 	785 	301
f 301 	330 	842
f 739 	773 	843
f 838 	146 	817
f 842 	844 	785
f 778 	843 	774
f 821 	837 	819
f 844 	847 	786
f 837 	821 	846
f 838 	837 	657
f 847 	806 	786
f 657 	837 	855
f 867 	847 	844
f 867 	925 	847
f 330 	332 	861
f 861 	842 	330
f 865 	844 	842
f 861 	865 	842
f 860 	855 	846
f 865 	867 	844
f 837 	846 	855
f 792 	863 	864
f 814 	793 	871
f 864 	875 	871
f 843 	778 	871
f 871 	875 	1796
f 895 	865 	861
f 339 	894 	332
f 332 	894 	861
f 895 	861 	894
f 895 	896 	865
f 895 	905 	896
f 865 	896 	867
f 339 	899 	894
f 348 	899 	339
f 899 	901 	894
f 895 	894 	901
f 1804 	875 	1243
f 901 	905 	895
f 354 	907 	348
f 900 	906 	908
f 899 	348 	907
f 899 	911 	901
f 899 	907 	911
f 911 	914 	901
f 901 	914 	905
f 914 	946 	905
f 847 	916 	806
f 806 	916 	832
f 918 	834 	832
f 916 	918 	832
f 918 	1362 	834
f 925 	916 	847
f 918 	916 	927
f 925 	927 	916
f 1045 	683 	534
f 903 	534 	536
f 930 	925 	867
f 903 	536 	917
f 930 	867 	896
f 930 	932 	925
f 925 	932 	927
f 906 	904 	961
f 905 	937 	896
f 906 	961 	963
f 930 	896 	937
f 906 	963 	908
f 937 	941 	930
f 905 	946 	937
f 946 	950 	937
f 937 	950 	941
f 930 	941 	932
f 950 	954 	941
f 941 	953 	932
f 908 	963 	968
f 954 	953 	941
f 954 	1484 	953
f 904 	958 	961
f 965 	964 	982
f 966 	982 	967
f 971 	970 	978
f 958 	969 	983
f 970 	973 	978
f 978 	973 	952
f 958 	983 	961
f 961 	984 	963
f 961 	983 	984
f 963 	984 	989
f 963 	989 	968
f 987 	986 	1073
f 986 	985 	1073
f 988 	1073 	985
f 1073 	988 	978
f 978 	988 	971
f 983 	1110 	984
f 984 	1112 	989
f 993 	1100 	978
f 984 	1110 	1112
f 1073 	978 	1100
f 991 	731 	996
f 982 	966 	965
f 996 	1003 	4021
f 1025 	1028 	1026
f 1028 	1025 	1024
f 731 	741 	996
f 1003 	996 	741
f 1003 	760 	1035
f 1024 	1032 	1028
f 1032 	1031 	1028
f 1033 	1028 	1031
f 741 	760 	1003
f 1300 	1026 	1028
f 998 	1005 	900
f 1002 	1037 	1042
f 1037 	967 	1042
f 982 	1042 	967
f 1040 	1002 	1042
f 904 	1005 	1000
f 904 	1000 	1043
f 1042 	1041 	1040
f 1005 	904 	906
f 1005 	906 	900
f 958 	904 	1043
f 1043 	1053 	958
f 1053 	969 	958
f 1061 	1064 	1062
f 1061 	1067 	1064
f 1064 	1063 	1062
f 534 	903 	1045
f 1072 	1048 	1073
f 1047 	1073 	1048
f 1079 	1078 	1081
f 1082 	1041 	1081
f 1078 	1082 	1081
f 1035 	760 	761
f 1080 	1079 	1081
f 1073 	1047 	1083
f 1028 	1033 	1072
f 1048 	1072 	1046
f 1033 	1046 	1072
f 1064 	1067 	1086
f 1072 	1321 	1028
f 1085 	1086 	1067
f 1083 	1092 	1073
f 1053 	1058 	969
f 1035 	761 	1034
f 987 	1073 	1092
f 1081 	1086 	1080
f 1085 	1093 	1086
f 1080 	1086 	1093
f 1034 	775 	1039
f 1086 	1095 	1064
f 761 	775 	1034
f 1096 	1072 	1073
f 1094 	969 	1058
f 1039 	775 	683
f 969 	1094 	1097
f 1096 	1073 	1100
f 1094 	1116 	1097
f 1039 	683 	1045
f 1052 	1095 	1086
f 1094 	1114 	1116
f 1097 	983 	969
f 1042 	1081 	1041
f 1110 	983 	1097
f 1086 	1081 	1050
f 1042 	1050 	1081
f 1050 	1052 	1086
f 1052 	1172 	1095
f 1097 	1119 	1110
f 1097 	1116 	1119
f 1110 	1119 	1126
f 1110 	1126 	1112
f 1130 	1129 	1132
f 1129 	1133 	1132
f 1114 	1146 	1116
f 1136 	1070 	1139
f 1116 	1146 	1158
f 1116 	1158 	1119
f 1070 	1063 	1139
f 1064 	1139 	1063
f 1064 	1095 	1139
f 1119 	1167 	1126
f 1139 	1137 	1136
f 1119 	1158 	1167
f 1229 	1144 	1114
f 1132 	1133 	1143
f 1142 	1143 	1133
f 1100 	1149 	1150
f 1100 	1150 	1096
f 1139 	1143 	1137
f 1142 	1151 	1143
f 1151 	1137 	1143
f 1149 	1100 	993
f 997 	1149 	993
f 1146 	1114 	1144
f 1143 	1161 	1132
f 1164 	1143 	1139
f 1164 	1166 	1143
f 1143 	1166 	1161
f 1095 	1164 	1139
f 1454 	821 	809
f 1184 	1146 	1144
f 1146 	1192 	1158
f 1184 	1192 	1146
f 1172 	1164 	1095
f 1166 	1169 	1161
f 1164 	1174 	1166
f 1172 	1174 	1164
f 1176 	1179 	1177
f 1174 	1180 	1166
f 1155 	1178 	1160
f 1179 	1176 	1175
f 1166 	1180 	1169
f 1180 	1182 	1169
f 1175 	1183 	1179
f 1170 	1178 	1155
f 1144 	1181 	1184
f 1178 	846 	1160
f 1185 	1177 	1179
f 426 	416 	1191
f 426 	1191 	407
f 1191 	1194 	1226
f 846 	821 	1160
f 1194 	1198 	1186
f 1197 	1196 	1249
f 2284 	1167 	1158
f 1206 	1200 	1205
f 1167 	2284 	2288
f 1204 	1191 	418
f 1200 	1207 	1170
f 418 	459 	1204
f 1181 	1208 	1184
f 769 	1191 	1204
f 1183 	1197 	1249
f 1183 	1249 	1179
f 2292 	1192 	1184
f 769 	1194 	1191
f 1194 	1211 	1198
f 1194 	769 	1211
f 1178 	1170 	1207
f 1178 	860 	846
f 1213 	1343 	1202
f 459 	776 	1204
f 1204 	777 	769
f 1207 	860 	1178
f 1204 	776 	777
f 795 	1211 	769
f 1200 	1206 	1217
f 1058 	1215 	1094
f 1218 	864 	1219
f 1269 	1270 	1207
f 1200 	1269 	1207
f 1215 	1114 	1094
f 1269 	1200 	1227
f 1217 	1227 	1200
f 3101 	3105 	1207
f 964 	1221 	982
f 1226 	982 	1221
f 1223 	1226 	1221
f 1207 	4001 	860
f 1114 	1215 	1229
f 407 	1226 	408
f 1223 	408 	1226
f 1042 	982 	1186
f 982 	1226 	1186
f 1042 	1186 	1235
f 1198 	1235 	1186
f 1144 	1229 	1234
f 1235 	1050 	1042
f 1235 	1238 	1050
f 1050 	1238 	1052
f 1234 	1237 	1181
f 1238 	1244 	1052
f 1234 	1181 	1144
f 1226 	407 	1191
f 1226 	1194 	1186
f 1242 	1243 	1225
f 1237 	1240 	1241
f 1237 	1241 	1181
f 1241 	1208 	1181
f 1242 	1187 	1243
f 1211 	795 	828
f 1187 	1185 	1243
f 1179 	1243 	1185
f 1172 	1052 	1244
f 1252 	1243 	1179
f 864 	1218 	1243
f 1240 	1248 	1241
f 1218 	1225 	1243
f 1247 	1238 	1235
f 1243 	875 	864
f 1235 	1198 	1247
f 1250 	1238 	1247
f 1247 	1258 	1250
f 1238 	1250 	1244
f 1179 	1249 	1252
f 1250 	1254 	1244
f 1198 	1211 	1257
f 1249 	1350 	1252
f 1257 	1247 	1198
f 1257 	1258 	1247
f 1250 	1260 	1254
f 1258 	1260 	1250
f 1260 	1353 	1254
f 1211 	828 	1257
f 1265 	1267 	1266
f 1288 	1260 	1258
f 1269 	1227 	1272
f 1271 	1304 	1265
f 1275 	1257 	828
f 1267 	1263 	1262
f 1262 	1266 	1267
f 1258 	1257 	1275
f 1275 	1288 	1258
f 1288 	1290 	1260
f 828 	830 	1292
f 1275 	828 	1292
f 1275 	1296 	1288
f 1196 	1202 	1343
f 1343 	1213 	1282
f 1282 	1284 	1343
f 1285 	1343 	1284
f 1285 	1267 	1343
f 1285 	1263 	1267
f 1292 	1296 	1275
f 1380 	1288 	1296
f 1300 	1028 	1304
f 830 	834 	1292
f 834 	1311 	1292
f 1292 	1311 	1296
f 1296 	1388 	1380
f 1267 	1265 	1304
f 1296 	1311 	1388
f 1271 	1301 	1304
f 1300 	1304 	1301
f 1267 	1304 	1356
f 1321 	1304 	1028
f 1318 	1172 	1244
f 1356 	1343 	1267
f 1244 	1254 	1318
f 1172 	1318 	1174
f 1318 	1324 	1174
f 1096 	1327 	1072
f 1072 	1327 	1321
f 1327 	1391 	1321
f 1331 	1327 	1096
f 1174 	1324 	1180
f 1096 	1150 	1331
f 1180 	1334 	1182
f 1334 	1180 	1324
f 1318 	1342 	1324
f 1318 	1254 	1342
f 1342 	1348 	1324
f 1249 	1196 	1343
f 1334 	1324 	1348
f 1249 	1343 	1350
f 1343 	1358 	1350
f 1254 	1353 	1342
f 1356 	1358 	1343
f 1260 	1290 	1353
f 1400 	1353 	1290
f 834 	1362 	1311
f 918 	1366 	1362
f 1366 	918 	927
f 1435 	1366 	927
f 927 	932 	1435
f 1435 	1437 	1366
f 932 	953 	1435
f 1380 	1290 	1288
f 1304 	1381 	1356
f 1321 	1381 	1304
f 1381 	1385 	1356
f 1380 	1403 	1290
f 1356 	1385 	1358
f 1388 	1412 	1380
f 4480 	1390 	1384
f 1321 	1391 	1381
f 1393 	1385 	1381
f 1395 	1348 	1342
f 1391 	1393 	1381
f 1342 	1353 	1395
f 1393 	2040 	1385
f 1395 	2848 	1348
f 1327 	1331 	1398
f 1353 	1400 	1395
f 1391 	1327 	1398
f 1398 	1402 	1391
f 1391 	1402 	1393
f 1400 	2865 	1395
f 1403 	1400 	1290
f 1403 	1405 	1400
f 292 	282 	1404
f 1384 	1409 	82
f 1404 	1406 	1411
f 1384 	1390 	1409
f 1412 	1403 	1380
f 1403 	1413 	1405
f 1411 	292 	1404
f 1412 	1413 	1403
f 1414 	1560 	1409
f 1406 	1415 	1416
f 1561 	1414 	1417
f 1415 	1421 	1416
f 1415 	1420 	1421
f 1406 	1416 	1411
f 1411 	304 	302
f 1486 	1492 	1412
f 1411 	1416 	304
f 1412 	1492 	1413
f 1561 	1417 	991
f 1417 	731 	991
f 1362 	1422 	1311
f 1388 	1311 	1422
f 1424 	1414 	1409
f 1366 	1426 	1362
f 1422 	1362 	1426
f 1416 	1421 	1429
f 1390 	1424 	1409
f 1424 	1436 	1414
f 1426 	1366 	1437
f 1421 	1550 	1450
f 1424 	1453 	1436
f 1414 	1436 	1417
f 1436 	1447 	1417
f 1429 	356 	229
f 1417 	1447 	731
f 748 	731 	1447
f 1429 	1450 	356
f 1396 	1424 	1390
f 1435 	1452 	1437
f 1424 	1396 	1453
f 1435 	953 	1452
f 1450 	1451 	360
f 1436 	1454 	1447
f 1453 	1454 	1436
f 1454 	809 	1447
f 1447 	809 	748
f 1453 	1396 	1155
f 1155 	1160 	1453
f 1450 	360 	356
f 1453 	1160 	1454
f 1566 	1483 	1451
f 1451 	373 	360
f 1484 	1452 	953
f 1160 	821 	1454
f 1484 	1553 	1452
f 1388 	1486 	1412
f 1422 	1486 	1388
f 1498 	1486 	1422
f 1486 	1509 	1492
f 1498 	1509 	1486
f 1451 	1483 	373
f 1483 	378 	373
f 1426 	1498 	1422
f 1483 	1494 	378
f 1501 	1494 	1632
f 1494 	1501 	384
f 1426 	1517 	1498
f 1437 	1517 	1426
f 1517 	1528 	1498
f 1517 	1540 	1528
f 1498 	1528 	1509
f 1452 	1538 	1437
f 1437 	1538 	1517
f 1538 	1540 	1517
f 1553 	1538 	1452
f 1538 	1554 	1540
f 1553 	1554 	1538
f 1554 	2893 	1540
f 3982 	1560 	1561
f 1550 	1421 	1420
f 1420 	1546 	1550
f 1550 	1451 	1450
f 82 	1409 	1560
f 1560 	1414 	1561
f 1429 	1421 	1450
f 1546 	1566 	1550
f 1546 	1563 	1566
f 1451 	1550 	1566
f 1563 	1591 	1597
f 1591 	1609 	1632
f 1591 	1632 	1597
f 1563 	1597 	1566
f 1566 	1597 	1483
f 1615 	1782 	1616
f 1616 	1627 	1618
f 1618 	1627 	1619
f 1620 	1619 	1627
f 1609 	1640 	1644
f 1609 	1644 	1632
f 1597 	1494 	1483
f 1620 	1627 	1621
f 1597 	1632 	1494
f 1614 	1641 	1629
f 1614 	1638 	1641
f 1627 	707 	1643
f 1642 	1643 	707
f 1501 	1632 	1644
f 1621 	1627 	1643
f 1627 	1646 	751
f 1646 	757 	751
f 670 	841 	1652
f 1652 	673 	670
f 1838 	1653 	1646
f 1656 	675 	673
f 757 	1646 	1653
f 673 	1652 	1656
f 1662 	1641 	1638
f 1665 	675 	1656
f 1652 	841 	1698
f 1657 	1634 	1896
f 1634 	1659 	1638
f 1652 	1698 	1702
f 1634 	1657 	1659
f 1659 	1662 	1638
f 1652 	1702 	1656
f 1704 	1665 	1656
f 1656 	1702 	1704
f 1665 	1704 	1404
f 1404 	282 	1665
f 1698 	1719 	1702
f 1698 	1716 	1719
f 1721 	1704 	1702
f 1406 	1404 	1704
f 1704 	1721 	1406
f 1702 	1719 	1721
f 1719 	1736 	1721
f 1716 	1724 	1728
f 1724 	1746 	1728
f 1716 	1728 	1719
f 1736 	1719 	1728
f 1721 	1736 	1415
f 1721 	1415 	1406
f 1744 	1746 	1724
f 1749 	1728 	1746
f 1749 	1736 	1728
f 1736 	1749 	1420
f 1749 	1546 	1420
f 1736 	1420 	1415
f 3376 	1754 	1757
f 1744 	1850 	1746
f 3376 	1757 	3187
f 1750 	1764 	1751
f 2180 	1764 	1755
f 1750 	1755 	1764
f 1864 	1749 	1746
f 1757 	1769 	3187
f 1546 	1749 	1864
f 841 	840 	1776
f 1776 	840 	848
f 1698 	841 	1776
f 1784 	848 	843
f 843 	871 	1784
f 1779 	1778 	1782
f 1776 	848 	1787
f 1777 	1782 	1778
f 848 	1784 	1787
f 598 	1785 	1792
f 1787 	1716 	1776
f 1787 	1724 	1716
f 1787 	1799 	1724
f 1776 	1716 	1698
f 1782 	1777 	1764
f 1791 	1764 	1793
f 1790 	1764 	1791
f 1777 	1793 	1764
f 871 	1796 	1784
f 1790 	1751 	1764
f 1784 	1799 	1787
f 1784 	1796 	1799
f 1243 	1252 	1804
f 875 	1809 	1796
f 1809 	875 	1804
f 1796 	1809 	1811
f 1803 	1782 	1801
f 1627 	1616 	1782
f 1801 	1782 	1615
f 1803 	1779 	1782
f 1951 	1573 	1816
f 1796 	1811 	1799
f 1799 	1744 	1724
f 1799 	1811 	1744
f 1958 	1804 	1252
f 1804 	1962 	1809
f 1958 	1962 	1804
f 1962 	1964 	1809
f 1646 	1627 	1782
f 1764 	1832 	1838
f 1764 	1838 	1782
f 1646 	1782 	1838
f 1832 	1852 	1838
f 1856 	1601 	1816
f 2636 	1614 	1856
f 1850 	1744 	1848
f 1851 	1852 	1832
f 1864 	1746 	1850
f 1838 	1852 	1653
f 1856 	1614 	1629
f 1856 	1629 	1601
f 2655 	1634 	1862
f 1634 	2655 	1896
f 1850 	1885 	1864
f 1848 	1879 	1850
f 1848 	1877 	1879
f 1885 	1850 	1879
f 1862 	1634 	1638
f 1862 	1638 	1614
f 1864 	1563 	1546
f 1800 	585 	608
f 585 	1674 	587
f 585 	1800 	1674
f 587 	1679 	1889
f 1674 	1679 	587
f 1889 	1679 	1688
f 1889 	1688 	1894
f 1894 	1695 	1896
f 1695 	1894 	1688
f 1896 	1695 	1657
f 1864 	1885 	1563
f 1877 	1914 	1879
f 1780 	1901 	3284
f 1904 	1871 	1903
f 1906 	1871 	1904
f 1907 	1903 	1871
f 1885 	1591 	1563
f 1901 	1780 	1785
f 1914 	1877 	1909
f 1901 	1785 	598
f 1879 	1914 	1918
f 1981 	1917 	1916
f 1792 	600 	598
f 1879 	1918 	1885
f 600 	1792 	1795
f 1885 	1918 	1591
f 608 	600 	1795
f 1919 	1917 	1981
f 608 	1795 	1800
f 1909 	1921 	1923
f 1909 	1923 	1914
f 1928 	1926 	1925
f 1928 	1933 	1926
f 1928 	1939 	1933
f 1914 	1924 	1918
f 1923 	1924 	1914
f 1918 	1924 	1609
f 1924 	1640 	1609
f 1918 	1609 	1591
f 1928 	1935 	1939
f 1942 	1939 	1935
f 1921 	1948 	1923
f 1945 	1948 	1921
f 1923 	1948 	1954
f 1573 	1951 	1936
f 1923 	1954 	1924
f 2366 	1936 	1951
f 1640 	1924 	1954
f 1816 	1601 	1951
f 2126 	1967 	1935
f 1964 	1811 	1809
f 1811 	1848 	1744
f 1811 	1964 	1848
f 1958 	1350 	1972
f 1935 	1967 	1981
f 1972 	1982 	1958
f 1970 	1942 	1981
f 1958 	1982 	1962
f 1962 	1982 	1983
f 1971 	1970 	1981
f 1935 	1981 	1942
f 1962 	1983 	1964
f 1971 	1981 	1916
f 1951 	1601 	2403
f 2403 	2366 	1951
f 1358 	1990 	1972
f 1601 	1629 	2086
f 2088 	1629 	1641
f 1983 	1982 	2007
f 1629 	2088 	2086
f 2153 	1641 	1662
f 1990 	1993 	1972
f 1990 	2001 	1993
f 1988 	1871 	1989
f 1972 	1993 	1982
f 1995 	1989 	1871
f 1907 	1871 	1988
f 1995 	1871 	2063
f 2040 	2001 	1990
f 1995 	1999 	1989
f 2015 	1993 	2001
f 1983 	1877 	1964
f 2594 	1927 	2002
f 1877 	1848 	1964
f 2005 	1999 	1995
f 1995 	2063 	2094
f 1982 	1993 	2007
f 1983 	2007 	1909
f 2650 	2649 	1934
f 1934 	1936 	2661
f 1909 	1877 	1983
f 1995 	2094 	2010
f 1993 	2015 	2007
f 2661 	2672 	1934
f 2011 	2010 	2094
f 2007 	1921 	1909
f 1936 	2366 	2661
f 2007 	2015 	1921
f 2019 	2015 	2001
f 2017 	2011 	2094
f 2001 	2006 	2019
f 1995 	2010 	2005
f 2015 	2019 	1945
f 1945 	1921 	2015
f 2027 	2025 	2105
f 2017 	2094 	2024
f 1958 	1252 	1350
f 2094 	2105 	2025
f 2024 	2094 	2025
f 1358 	1972 	1350
f 1990 	1358 	1385
f 2105 	2038 	2028
f 1990 	1385 	2040
f 2044 	2040 	1393
f 2044 	1393 	1402
f 2044 	2006 	2040
f 2647 	2915 	1927
f 2038 	2105 	2041
f 2040 	2006 	2001
f 2002 	1927 	2881
f 2053 	2067 	2057
f 900 	2067 	2053
f 2067 	2070 	2057
f 900 	908 	2067
f 2067 	908 	2082
f 2067 	2082 	2070
f 908 	968 	2082
f 2082 	968 	2039
f 2088 	1641 	2153
f 968 	2042 	2039
f 2063 	2087 	2094
f 2082 	2039 	2129
f 968 	989 	2042
f 2087 	3921 	2103
f 2087 	2103 	2094
f 2028 	2027 	2105
f 2094 	2103 	2105
f 2100 	998 	2053
f 900 	2053 	998
f 2100 	2053 	2150
f 2109 	2110 	2111
f 2109 	2112 	2110
f 2039 	2042 	2410
f 2111 	2110 	2114
f 2115 	2116 	2117
f 2115 	2119 	2116
f 2119 	2120 	2116
f 2120 	2114 	2116
f 2110 	2116 	2114
f 2118 	2105 	2103
f 1928 	1925 	2105
f 1925 	2046 	2105
f 2046 	2041 	2105
f 1928 	2105 	2118
f 2057 	2070 	2124
f 2118 	2126 	1935
f 2118 	1935 	1928
f 3939 	3949 	2126
f 2070 	2082 	2129
f 1967 	2126 	3949
f 2112 	2149 	2110
f 1981 	2220 	2147
f 2088 	2153 	2097
f 2148 	2167 	2155
f 2147 	2134 	1981
f 1981 	2134 	1919
f 2150 	2053 	2057
f 2166 	2155 	2167
f 2167 	2180 	2179
f 2167 	2179 	2178
f 2178 	2182 	2167
f 2166 	2167 	2182
f 2226 	2189 	2167
f 2167 	2189 	1764
f 2189 	1832 	1764
f 2189 	2200 	1832
f 1764 	2180 	2167
f 4347 	2150 	2538
f 2057 	2538 	2150
f 2205 	2200 	2252
f 2042 	989 	2206
f 2200 	2205 	1851
f 2200 	1851 	1832
f 2139 	2218 	2145
f 2206 	2211 	2597
f 1967 	2220 	1981
f 2220 	1967 	2215
f 2148 	2147 	2220
f 2215 	2223 	2226
f 2218 	1679 	1674
f 2218 	1688 	1679
f 2218 	1695 	1688
f 2218 	1657 	1695
f 2218 	1659 	1657
f 2215 	2226 	2220
f 2218 	1662 	1659
f 2220 	2167 	2148
f 2218 	2153 	1662
f 2220 	2226 	2167
f 2218 	2097 	2153
f 2218 	2101 	2097
f 2218 	2414 	2101
f 2223 	2244 	2226
f 2223 	2241 	2244
f 2189 	2226 	2244
f 2218 	2133 	2499
f 3966 	2248 	2241
f 2218 	2136 	2133
f 2218 	2139 	2136
f 2241 	2248 	2252
f 2144 	2145 	2218
f 2218 	2146 	2144
f 2241 	2252 	2244
f 2244 	2200 	2189
f 2218 	2149 	2146
f 2244 	2252 	2200
f 2218 	2110 	2149
f 2218 	2116 	2110
f 3967 	2256 	2248
f 2248 	2257 	2252
f 2248 	2256 	2257
f 2205 	2252 	2257
f 1754 	1748 	2218
f 2218 	1757 	1754
f 989 	1112 	2206
f 2269 	2272 	2270
f 2218 	1769 	1757
f 2211 	2206 	1112
f 1112 	1126 	2211
f 1773 	1769 	2218
f 2275 	2389 	2269
f 2216 	2211 	1126
f 1773 	2218 	1780
f 2271 	2270 	2272
f 1780 	2218 	1785
f 2218 	1792 	1785
f 1792 	2218 	1795
f 2281 	2280 	1132
f 1132 	2280 	2279
f 1126 	1167 	2216
f 1158 	1192 	2284
f 2279 	1130 	1132
f 2288 	2216 	1167
f 2281 	1132 	2289
f 2285 	2281 	2289
f 2285 	2289 	2287
f 1184 	1208 	2292
f 2284 	1192 	2294
f 1192 	2292 	2294
f 2272 	2269 	2389
f 2295 	2389 	2275
f 2287 	2289 	2389
f 2626 	2288 	2284
f 2218 	1800 	1795
f 2295 	2287 	2389
f 1674 	1800 	2218
f 2316 	2292 	1208
f 2292 	2316 	2322
f 2218 	2121 	2116
f 2218 	1748 	2307
f 2322 	2294 	2292
f 2307 	2121 	2218
f 1241 	2312 	1208
f 1241 	1248 	2312
f 1208 	2312 	2316
f 2316 	2655 	2322
f 2312 	1248 	2335
f 2648 	2316 	2312
f 2326 	2272 	2327
f 2312 	2335 	2648
f 2272 	2326 	2271
f 2332 	2327 	2413
f 2272 	2413 	2327
f 2413 	2329 	2328
f 2328 	2330 	2413
f 2332 	2413 	2330
f 1248 	2334 	2335
f 2413 	2422 	2329
f 1889 	2335 	2334
f 2364 	2422 	2365
f 2692 	2691 	2366
f 2366 	2403 	2692
f 2373 	2426 	2374
f 2383 	2365 	2426
f 2422 	2426 	2365
f 2387 	2086 	2390
f 2386 	2086 	2387
f 2394 	2272 	2389
f 2388 	2086 	2088
f 2388 	2395 	2396
f 2388 	2396 	2390
f 1132 	1161 	2289
f 2097 	2388 	2088
f 1161 	2397 	2289
f 1161 	1169 	2397
f 2289 	2397 	2389
f 2389 	2399 	2394
f 2397 	2399 	2389
f 2467 	2468 	2388
f 2698 	2692 	2403
f 2407 	2397 	1169
f 1601 	2086 	2403
f 1169 	1182 	2407
f 2382 	2699 	2086
f 2403 	2086 	2699
f 2407 	2399 	2397
f 2403 	2699 	2698
f 2407 	2409 	2399
f 2381 	2086 	2379
f 2381 	2382 	2086
f 2039 	2410 	2405
f 2379 	2086 	2386
f 2388 	2390 	2086
f 2407 	2411 	2409
f 1182 	2411 	2407
f 2411 	2455 	2409
f 2388 	2097 	2101
f 2388 	2101 	2470
f 2473 	2474 	2101
f 2473 	2101 	2414
f 2272 	2394 	2413
f 2364 	2336 	2422
f 2336 	2329 	2422
f 2373 	2383 	2426
f 2413 	2394 	2430
f 2413 	2430 	2422
f 2430 	2432 	2422
f 2422 	2432 	2426
f 2124 	2070 	2418
f 2399 	2435 	2394
f 2494 	2495 	2218
f 2498 	2494 	2218
f 2418 	2070 	2129
f 2430 	2394 	2435
f 2430 	2438 	2432
f 2435 	2438 	2430
f 2399 	2409 	2435
f 2435 	2409 	2448
f 2409 	2455 	2448
f 2438 	2435 	2448
f 2455 	2759 	2448
f 2129 	2039 	2405
f 2388 	2463 	2395
f 2468 	2465 	2388
f 2465 	2463 	2388
f 2101 	2471 	2470
f 2467 	2388 	2470
f 2475 	2101 	2474
f 2476 	2101 	2475
f 2471 	2101 	2476
f 2414 	2479 	2473
f 2414 	2481 	2479
f 2481 	2414 	2482
f 2218 	2482 	2414
f 2484 	2485 	2218
f 2482 	2218 	2485
f 2484 	2218 	2488
f 2488 	2218 	2495
f 1000 	2487 	2503
f 2218 	2499 	2498
f 1000 	2503 	2511
f 2490 	2704 	2491
f 2487 	1000 	1005
f 2487 	1005 	998
f 1043 	1000 	2511
f 2511 	2517 	1043
f 2500 	2704 	2490
f 2517 	1053 	1043
f 2595 	2508 	2501
f 2501 	2508 	2511
f 2501 	2511 	2503
f 2515 	2508 	2599
f 2508 	2515 	2517
f 2491 	2705 	2493
f 2508 	2517 	2511
f 2529 	2517 	2515
f 2515 	2525 	2529
f 2517 	2529 	1053
f 1053 	2529 	1058
f 2418 	2129 	3753
f 2525 	2536 	2529
f 2525 	2534 	2536
f 2529 	2536 	1058
f 2545 	2536 	2534
f 2536 	1215 	1058
f 2519 	2426 	2523
f 2534 	2543 	2545
f 2543 	2550 	2545
f 2545 	1215 	2536
f 2549 	2543 	2686
f 2550 	2543 	2549
f 2545 	2550 	1229
f 2549 	2563 	2550
f 2545 	1229 	1215
f 2549 	2560 	2563
f 2538 	2124 	2546
f 2550 	1234 	1229
f 2124 	2557 	2546
f 2550 	2563 	1234
f 1240 	2569 	2581
f 4318 	2546 	2557
f 2554 	2553 	2705
f 2557 	4328 	4325
f 2557 	2124 	2418
f 4328 	2557 	2418
f 2560 	2566 	2569
f 2560 	2569 	2563
f 2124 	2538 	2057
f 2563 	1237 	1234
f 2569 	1237 	2563
f 2566 	2581 	2569
f 2576 	2581 	2566
f 2705 	2578 	2554
f 2569 	1240 	1237
f 2576 	2760 	2587
f 2576 	2588 	2581
f 2576 	2587 	2588
f 2581 	2588 	2591
f 2581 	2591 	1240
f 2591 	1248 	1240
f 2587 	619 	620
f 2587 	620 	2588
f 623 	2591 	2588
f 620 	623 	2588
f 2591 	623 	2334
f 2591 	2334 	1248
f 2042 	2594 	2410
f 457 	295 	2595
f 2594 	2042 	2206
f 2584 	2767 	2585
f 2593 	2585 	2767
f 2595 	295 	2599
f 2599 	295 	2596
f 2595 	2599 	2508
f 2604 	99 	94
f 94 	121 	2604
f 2601 	2634 	2602
f 2596 	2608 	2599
f 2594 	2206 	2597
f 2596 	2607 	2608
f 2599 	2608 	2515
f 2597 	1927 	2594
f 2634 	2601 	2767
f 2612 	2597 	2211
f 2767 	2601 	2609
f 2767 	2609 	2593
f 2211 	2216 	2612
f 2597 	2612 	1934
f 2606 	2614 	3046
f 1936 	1934 	2612
f 2597 	1934 	1927
f 2629 	2608 	2607
f 2616 	2602 	2634
f 2216 	2288 	1573
f 2525 	2515 	2608
f 2612 	2216 	1573
f 2622 	121 	143
f 143 	151 	2622
f 2612 	1573 	1936
f 2622 	2624 	121
f 2284 	2294 	2626
f 2604 	121 	2624
f 2604 	2627 	2607
f 2604 	2624 	2627
f 1573 	2288 	1816
f 2607 	2627 	2629
f 2645 	2627 	2624
f 2288 	2626 	1816
f 2617 	2662 	2621
f 2636 	2626 	2294
f 2608 	2629 	2525
f 1856 	1816 	2626
f 2629 	2652 	2534
f 2629 	2534 	2525
f 2636 	2294 	2322
f 2622 	2638 	2624
f 1856 	2626 	2636
f 2622 	2670 	2638
f 2624 	2638 	2645
f 1927 	2643 	2644
f 1927 	2644 	2646
f 1927 	2646 	2647
f 2649 	2643 	1934
f 1927 	1934 	2643
f 2652 	2629 	2627
f 2648 	2655 	2316
f 2652 	2627 	2645
f 2637 	2653 	2710
f 2641 	2656 	2642
f 2648 	1896 	2655
f 2710 	2720 	2637
f 2641 	2640 	2656
f 2654 	2656 	2640
f 2662 	2617 	2659
f 2636 	2322 	1862
f 2645 	2638 	2685
f 1862 	2322 	2655
f 2659 	2675 	2662
f 2676 	2685 	2638
f 2645 	2686 	2652
f 2636 	1862 	1614
f 2656 	2654 	2634
f 2645 	2685 	2686
f 2652 	2543 	2534
f 2616 	2634 	2654
f 2622 	151 	2670
f 2656 	3216 	2668
f 2668 	2642 	2656
f 2650 	1934 	2672
f 2661 	2673 	2672
f 2666 	2675 	2659
f 2785 	2676 	2670
f 2676 	2638 	2670
f 2656 	3240 	3243
f 2669 	2668 	3216
f 2678 	2679 	2366
f 2679 	2680 	2366
f 2680 	2681 	2366
f 2681 	2682 	2366
f 2682 	2683 	2366
f 2661 	2366 	2683
f 2334 	623 	587
f 2661 	2683 	2673
f 2675 	3174 	2662
f 587 	1889 	2334
f 2687 	2688 	2366
f 2688 	2678 	2366
f 2652 	2686 	2543
f 2687 	2366 	2691
f 2675 	2666 	2696
f 2676 	2690 	2697
f 2676 	2697 	2685
f 2685 	2697 	2701
f 2648 	2335 	1894
f 2634 	3240 	2656
f 1894 	1896 	2648
f 2697 	2739 	2701
f 2685 	2701 	2686
f 2705 	2491 	2704
f 2549 	2686 	2701
f 2704 	2726 	2705
f 2553 	2493 	2705
f 1894 	2335 	1889
f 2714 	2741 	2653
f 2653 	2728 	2710
f 2689 	2696 	2666
f 2675 	2696 	3191
f 2716 	2741 	2714
f 2675 	3191 	3174
f 2519 	2374 	2426
f 2739 	2697 	2735
f 2523 	2704 	2500
f 2704 	2523 	2426
f 2701 	2560 	2549
f 2704 	2725 	2726
f 2724 	2722 	2723
f 2711 	2729 	2722
f 2710 	2729 	2711
f 689 	740 	2730
f 2776 	2705 	2726
f 2725 	2704 	2426
f 2723 	2722 	2729
f 2729 	2710 	2728
f 2432 	2725 	2426
f 2725 	2734 	2726
f 2690 	2735 	2697
f 2768 	2741 	2716
f 2774 	2780 	997
f 2734 	2725 	2736
f 2690 	2733 	2735
f 2734 	2794 	2726
f 2748 	2735 	2733
f 2735 	2752 	2739
f 2748 	2752 	2735
f 2432 	2438 	2736
f 2739 	2560 	2701
f 2730 	740 	638
f 2689 	2744 	2696
f 2730 	2743 	2733
f 2720 	2744 	2689
f 638 	2743 	2730
f 2743 	2748 	2733
f 2728 	2653 	2737
f 2737 	2653 	2741
f 2720 	2711 	2744
f 2432 	2736 	2725
f 2743 	2755 	2748
f 2710 	2711 	2720
f 2736 	2751 	2803
f 2438 	2751 	2736
f 2739 	2566 	2560
f 2739 	2752 	2566
f 2803 	2734 	2736
f 638 	646 	2743
f 2753 	2765 	2754
f 2803 	2805 	2734
f 646 	2755 	2743
f 2751 	2438 	2448
f 2755 	2760 	2748
f 2751 	2448 	2759
f 2755 	2782 	2760
f 2705 	2763 	2578
f 2748 	2760 	2752
f 2761 	2753 	4174
f 2752 	2576 	2566
f 2580 	2579 	2763
f 2578 	2763 	2579
f 2760 	2576 	2752
f 2761 	2765 	2753
f 646 	677 	2755
f 2580 	2763 	2584
f 2767 	2584 	2763
f 2775 	2757 	4127
f 1150 	1149 	2780
f 4127 	2769 	2775
f 2776 	2763 	2705
f 2757 	2777 	2761
f 2763 	2779 	2767
f 677 	2782 	2755
f 2757 	2775 	2777
f 2777 	2783 	2761
f 2776 	2779 	2763
f 2761 	2783 	2765
f 2760 	2782 	2587
f 2782 	677 	617
f 2782 	619 	2587
f 2783 	2784 	2765
f 2782 	617 	619
f 2785 	2670 	72
f 685 	2785 	72
f 685 	2789 	2785
f 2785 	2690 	2676
f 2789 	2690 	2785
f 2794 	2776 	2726
f 2730 	2789 	689
f 2730 	2733 	2789
f 2789 	2733 	2690
f 3479 	2779 	2776
f 2794 	3479 	2776
f 2791 	2796 	2855
f 2805 	2794 	2734
f 2805 	3498 	2794
f 2019 	2006 	1644
f 2817 	3532 	2805
f 1149 	997 	2780
f 2750 	2768 	2717
f 2794 	3498 	3479
f 2751 	2811 	2803
f 2044 	1402 	1501
f 2751 	2759 	2811
f 2805 	2803 	2817
f 1644 	1640 	2019
f 2811 	2817 	2803
f 2808 	2821 	2810
f 384 	1501 	1402
f 2818 	2821 	2808
f 2716 	2717 	2768
f 2717 	2774 	997
f 2759 	2910 	2911
f 2911 	2811 	2759
f 2750 	2717 	997
f 2780 	2778 	1150
f 2778 	352 	1150
f 2824 	2827 	2814
f 2811 	3680 	2817
f 2814 	2827 	2818
f 2818 	2828 	2821
f 1182 	1334 	2829
f 2827 	2828 	2818
f 1945 	2019 	1640
f 2829 	2411 	1182
f 1640 	1954 	1945
f 1501 	1644 	2006
f 1948 	1945 	1954
f 2759 	2455 	2910
f 352 	385 	1398
f 1402 	1398 	385
f 385 	384 	1402
f 2006 	2044 	1501
f 1334 	2842 	2829
f 1331 	1150 	352
f 1398 	1331 	352
f 2842 	2845 	2829
f 2829 	2845 	2837
f 2411 	2829 	2837
f 2837 	2455 	2411
f 1334 	1348 	2842
f 2842 	2849 	2845
f 2786 	2850 	2846
f 2824 	2847 	2827
f 2846 	2847 	2824
f 2827 	2606 	2828
f 2847 	2606 	2827
f 1348 	2848 	2842
f 2848 	2849 	2842
f 2850 	2786 	2791
f 2850 	2853 	2846
f 320 	628 	1484
f 1395 	2865 	2848
f 1553 	1484 	628
f 2846 	2853 	2847
f 2847 	2614 	2606
f 763 	1553 	628
f 757 	1554 	763
f 2848 	2870 	2849
f 2853 	2614 	2847
f 2850 	2791 	2855
f 2617 	2853 	2850
f 2617 	2850 	2855
f 2617 	2621 	2853
f 2853 	2621 	2614
f 2865 	2870 	2848
f 2948 	2855 	2796
f 1405 	2865 	1400
f 2617 	2855 	2659
f 2865 	2879 	2870
f 1405 	2879 	2865
f 946 	914 	354
f 911 	907 	914
f 950 	946 	354
f 354 	353 	950
f 1484 	954 	320
f 354 	914 	907
f 1553 	763 	1554
f 954 	950 	353
f 353 	320 	954
f 2879 	2993 	2870
f 2879 	3000 	2993
f 2884 	3000 	2879
f 1852 	2893 	1653
f 1653 	1554 	757
f 1405 	1413 	2884
f 2915 	2978 	1927
f 1851 	2899 	1852
f 2898 	1852 	2899
f 2205 	2899 	1851
f 2880 	4294 	2882
f 2884 	2879 	1405
f 2002 	2881 	2861
f 2880 	2882 	2786
f 2887 	2878 	2888
f 2888 	2878 	2889
f 2861 	2889 	2878
f 2912 	2909 	2256
f 2893 	1852 	2898
f 2861 	2881 	2947
f 2861 	2892 	2889
f 1554 	1653 	2893
f 2878 	2887 	2895
f 2896 	2878 	2895
f 2256 	2907 	2257
f 2257 	2903 	2205
f 3027 	2884 	1413
f 3027 	3115 	2884
f 2882 	2901 	2791
f 2899 	2205 	2903
f 2901 	2796 	2791
f 2903 	2257 	2907
f 2882 	2791 	2786
f 2916 	2999 	2912
f 2910 	2924 	2911
f 2881 	1927 	2976
f 2881 	2977 	2920
f 2881 	2920 	2921
f 2921 	2949 	2881
f 2911 	3680 	2811
f 2897 	2913 	2923
f 2455 	2837 	2910
f 2897 	2923 	2901
f 2910 	2926 	2924
f 2796 	2901 	2923
f 2837 	2845 	2926
f 2926 	2910 	2837
f 2926 	2931 	2932
f 2926 	2932 	2924
f 2933 	2934 	2769
f 2934 	2775 	2769
f 2936 	2777 	2775
f 2934 	2936 	2775
f 2931 	2926 	2845
f 2808 	2783 	2777
f 2936 	2808 	2777
f 2808 	2810 	2783
f 2784 	2783 	2810
f 2877 	2933 	4277
f 2940 	2934 	2933
f 2933 	2877 	2940
f 2814 	2934 	2940
f 2934 	2814 	2936
f 2936 	2818 	2808
f 2814 	2818 	2936
f 2877 	2880 	2942
f 2786 	2942 	2880
f 2942 	2940 	2877
f 2824 	2814 	2940
f 2942 	2824 	2940
f 2942 	2786 	2846
f 2942 	2846 	2824
f 2796 	2923 	2946
f 2892 	2861 	2947
f 2845 	2849 	2931
f 2881 	2949 	2950
f 2948 	2796 	2946
f 2947 	2881 	2950
f 2659 	2855 	2948
f 2932 	2931 	2958
f 2946 	2955 	2948
f 2946 	2951 	2955
f 2957 	2958 	2931
f 2948 	2955 	2666
f 2849 	2957 	2931
f 2666 	2659 	2948
f 3819 	2932 	2958
f 2951 	2960 	2963
f 2997 	2995 	2964
f 2637 	2963 	2960
f 2951 	2963 	2955
f 2955 	2963 	2689
f 2720 	2689 	2963
f 2955 	2689 	2666
f 2637 	2960 	2974
f 2974 	2653 	2637
f 2978 	2976 	1927
f 2977 	2881 	2976
f 2963 	2637 	2720
f 2653 	2974 	2714
f 2983 	2923 	2913
f 2913 	2980 	2983
f 2957 	2849 	2870
f 2946 	2923 	2983
f 2957 	2988 	2958
f 2988 	2957 	2993
f 2988 	3823 	2958
f 2964 	2966 	2965
f 2967 	2965 	2966
f 2980 	2994 	2996
f 2995 	2999 	2916
f 2965 	2997 	2964
f 2916 	2964 	2995
f 2907 	2256 	2909
f 2980 	2996 	2983
f 2909 	2912 	2999
f 2993 	2957 	2870
f 2951 	2946 	2983
f 2983 	2996 	2951
f 2994 	4353 	3004
f 2993 	3000 	3001
f 2994 	3006 	2996
f 3004 	3006 	2994
f 2996 	3006 	2960
f 3001 	2988 	2993
f 2996 	2960 	2951
f 3004 	3014 	3015
f 4382 	3012 	3013
f 4382 	3013 	3007
f 3004 	3015 	3006
f 3006 	2974 	2960
f 3006 	3015 	2974
f 3039 	4382 	2878
f 3012 	4382 	3017
f 2878 	2896 	3025
f 2878 	3025 	3026
f 2716 	3014 	2717
f 2716 	3015 	3014
f 2878 	3026 	3028
f 3028 	3040 	2878
f 3015 	2716 	2714
f 3015 	2714 	2974
f 3017 	4382 	3039
f 2828 	2606 	3043
f 1492 	3027 	1413
f 3043 	3452 	2828
f 3078 	3032 	3045
f 2606 	3046 	3043
f 3047 	3027 	1492
f 1509 	3047 	1492
f 3046 	3049 	3043
f 3039 	2878 	3040
f 3046 	3057 	3049
f 3043 	3049 	3045
f 3045 	3082 	3078
f 1528 	3054 	1509
f 3049 	3082 	3045
f 3055 	3046 	2614
f 1509 	3054 	3047
f 2614 	2621 	3055
f 1528 	3060 	3054
f 3055 	3057 	3046
f 1540 	3060 	1528
f 2893 	3060 	1540
f 3068 	3001 	3000
f 3082 	3102 	3078
f 3057 	3091 	3049
f 3091 	3082 	3049
f 1207 	3100 	3101
f 3100 	1207 	3103
f 3102 	3097 	3078
f 4001 	1207 	3106
f 3105 	3106 	1207
f 3091 	3107 	3082
f 3110 	4001 	3109
f 3082 	3107 	3102
f 3107 	3112 	3102
f 3000 	3115 	3068
f 3116 	3055 	2621
f 2621 	2662 	3116
f 3118 	3057 	3055
f 3055 	3116 	3118
f 3118 	3119 	3057
f 3178 	3118 	3116
f 3178 	3181 	3118
f 3118 	3181 	3119
f 3000 	2884 	3115
f 3068 	3115 	3130
f 3130 	3115 	3135
f 3139 	3130 	3135
f 3027 	3047 	3135
f 3027 	3135 	3115
f 3135 	3138 	3139
f 1270 	3103 	1207
f 735 	3222 	3169
f 3169 	744 	735
f 3119 	3091 	3057
f 3138 	3135 	3047
f 3164 	644 	3169
f 3169 	644 	744
f 3047 	3054 	3138
f 3138 	3172 	3139
f 2662 	3174 	3116
f 3174 	3178 	3116
f 3192 	3194 	3178
f 3178 	3194 	3181
f 3177 	3172 	3138
f 3184 	3186 	3258
f 3192 	3178 	3174
f 3351 	3186 	3184
f 3054 	3060 	3177
f 3054 	3177 	3138
f 3177 	2898 	2899
f 3177 	2899 	3172
f 3174 	3191 	3192
f 3202 	3192 	3191
f 2898 	3177 	3060
f 2893 	2898 	3060
f 2696 	3199 	3191
f 2744 	3199 	2696
f 3199 	3202 	3191
f 3192 	3206 	3194
f 3202 	3206 	3192
f 2711 	2722 	2744
f 2744 	2722 	3199
f 3199 	2724 	3202
f 2722 	2724 	3199
f 2724 	2723 	3202
f 3202 	2723 	3206
f 3119 	3219 	3091
f 2656 	3243 	3216
f 2669 	3216 	3204
f 3091 	3219 	3107
f 3107 	3221 	3112
f 3219 	3221 	3107
f 3216 	3223 	3204
f 3588 	3225 	3587
f 3119 	3233 	3219
f 3181 	3233 	3119
f 3219 	3234 	3221
f 3233 	3234 	3219
f 3238 	3233 	3181
f 3164 	3225 	3244
f 3184 	3258 	3244
f 3258 	3164 	3244
f 659 	3164 	3258
f 3258 	3186 	3264
f 659 	3258 	3264
f 3194 	3238 	3181
f 3264 	662 	659
f 3238 	3270 	3233
f 3216 	3243 	3271
f 3264 	3279 	662
f 3233 	3270 	3234
f 3243 	3426 	3436
f 3243 	3436 	3271
f 3264 	3186 	3187
f 3206 	3273 	3194
f 3257 	3223 	3271
f 3216 	3271 	3223
f 3273 	3238 	3194
f 3273 	3280 	3238
f 2729 	2728 	3273
f 3187 	3279 	3264
f 3273 	2728 	3280
f 3238 	3280 	3270
f 3273 	3206 	2729
f 2723 	2729 	3206
f 3275 	3257 	3271
f 662 	3279 	3284
f 3290 	3389 	3289
f 3277 	3389 	3290
f 1901 	664 	3284
f 1769 	3279 	3187
f 1769 	1773 	3279
f 3284 	3279 	1773
f 1773 	1780 	3284
f 3426 	3243 	3240
f 657 	3201 	684
f 3201 	3205 	688
f 735 	688 	3205
f 735 	3205 	3222
f 3222 	3225 	3169
f 3313 	3389 	3314
f 3314 	3319 	3315
f 3164 	3169 	3225
f 3321 	3322 	3309
f 3324 	3321 	3309
f 3322 	3318 	3309
f 3348 	3347 	3342
f 3374 	3370 	3342
f 3330 	3319 	3334
f 3315 	3319 	3330
f 3356 	3334 	3319
f 3358 	3418 	2754
f 2754 	2765 	3358
f 3478 	3351 	3184
f 3335 	3356 	3355
f 3356 	3335 	3334
f 3358 	3359 	3418
f 3356 	3361 	3355
f 3359 	3362 	3333
f 3359 	3306 	3362
f 3333 	3362 	3342
f 3366 	3361 	3356
f 3370 	3374 	3371
f 3367 	3376 	3351
f 3342 	3370 	3369
f 3369 	3354 	3342
f 3348 	3342 	3354
f 3367 	1754 	3376
f 3362 	3374 	3342
f 3351 	3376 	3186
f 3376 	3187 	3186
f 3374 	3379 	3371
f 3382 	3379 	3374
f 2765 	2784 	3358
f 2784 	3295 	3358
f 3295 	3359 	3358
f 3295 	3306 	3359
f 3383 	3366 	3356
f 3362 	3309 	3374
f 3306 	3309 	3362
f 3382 	3374 	3317
f 3318 	3317 	3374
f 3309 	3318 	3374
f 3277 	3276 	3389
f 3275 	3389 	3276
f 3593 	3225 	3592
f 3222 	3587 	3225
f 3593 	3595 	3225
f 3275 	3271 	3389
f 3405 	3408 	3406
f 3408 	3405 	3403
f 3408 	3411 	3406
f 3412 	3411 	3408
f 3994 	3205 	3201
f 855 	3201 	657
f 3583 	3584 	3222
f 3592 	3225 	3588
f 2754 	3418 	3394
f 3394 	3418 	3400
f 3400 	3333 	3408
f 3418 	3333 	3400
f 3421 	3289 	3389
f 3424 	3423 	3342
f 3408 	3342 	3423
f 3423 	3413 	3408
f 3413 	3412 	3408
f 3408 	3333 	3342
f 3424 	3342 	3347
f 3418 	3359 	3333
f 2810 	2821 	3440
f 3271 	3441 	3389
f 3271 	3436 	3441
f 3421 	3389 	3313
f 3319 	3314 	3389
f 3442 	3444 	3435
f 3435 	3444 	3477
f 3389 	3441 	3319
f 3440 	2821 	3452
f 2821 	2828 	3452
f 3032 	3440 	3452
f 3452 	3045 	3032
f 3043 	3045 	3452
f 3032 	3442 	3440
f 3442 	3460 	3444
f 3442 	3032 	3460
f 3367 	3351 	3552
f 3552 	3576 	3367
f 1748 	3367 	3576
f 3078 	3460 	3032
f 1748 	1754 	3367
f 2784 	3472 	3295
f 2784 	2810 	3472
f 2767 	2779 	3474
f 3295 	3435 	3306
f 2634 	2767 	3474
f 3472 	3435 	3295
f 3306 	3435 	3477
f 2634 	3474 	3240
f 3477 	3309 	3306
f 3477 	3481 	3309
f 3479 	3482 	2779
f 3527 	3530 	3478
f 3324 	3309 	3480
f 3478 	3552 	3351
f 3481 	3480 	3309
f 3481 	3485 	3480
f 2779 	3482 	3474
f 3474 	3489 	3240
f 3440 	3472 	2810
f 3474 	3482 	3489
f 3472 	3442 	3435
f 3440 	3442 	3472
f 3489 	3426 	3240
f 3460 	3078 	3097
f 3596 	3244 	3225
f 3613 	3615 	3493
f 3493 	3184 	3244
f 3184 	3493 	3478
f 3620 	3522 	3493
f 3615 	3619 	3493
f 3506 	3485 	3481
f 3479 	3500 	3482
f 3518 	3481 	3477
f 3498 	3500 	3479
f 3482 	3500 	3520
f 3514 	3515 	3478
f 3477 	3444 	3518
f 3500 	3541 	3520
f 3478 	3493 	3522
f 3514 	3478 	3522
f 3482 	3520 	3489
f 3515 	3529 	3478
f 3527 	3478 	3529
f 3489 	3528 	3426
f 3489 	3520 	3528
f 3530 	3533 	3478
f 3481 	3518 	3531
f 2805 	3532 	3498
f 3536 	3500 	3498
f 3533 	3537 	3552
f 3537 	3538 	3552
f 3538 	3539 	3552
f 3850 	3552 	3539
f 3532 	3536 	3498
f 3531 	3518 	3551
f 3524 	3531 	3525
f 3540 	3576 	3854
f 3506 	3481 	3524
f 3541 	3500 	3536
f 3531 	3524 	3481
f 3901 	3911 	3540
f 3531 	3542 	3525
f 3910 	2121 	3911
f 3543 	3542 	3531
f 3540 	2121 	2307
f 3444 	3460 	3548
f 3426 	3549 	3436
f 3528 	3549 	3426
f 3548 	3518 	3444
f 3548 	3551 	3518
f 3436 	3553 	3441
f 3531 	3556 	3543
f 3556 	3531 	3557
f 3531 	3558 	3557
f 3552 	3478 	3533
f 3906 	3552 	3850
f 3576 	2307 	1748
f 3540 	2307 	3576
f 3583 	3222 	3582
f 3587 	3222 	3585
f 3584 	3585 	3222
f 3564 	3558 	3551
f 3531 	3551 	3558
f 3436 	3549 	3553
f 3551 	3548 	3610
f 3553 	3603 	3441
f 3610 	3640 	3551
f 3640 	3601 	3551
f 3553 	3660 	3663
f 3319 	3441 	3603
f 3460 	3097 	3548
f 3596 	3225 	3595
f 3606 	3607 	3596
f 3607 	3608 	3596
f 3595 	3606 	3596
f 3596 	3493 	3244
f 3548 	3097 	3610
f 3608 	3611 	3596
f 3493 	3612 	3613
f 3611 	3612 	3493
f 3493 	3596 	3611
f 3620 	3493 	3619
f 3356 	3319 	3632
f 3649 	3651 	3610
f 3319 	3603 	3632
f 3643 	3642 	3632
f 3624 	3601 	3640
f 3564 	3551 	3601
f 3356 	3632 	3642
f 3645 	3624 	3640
f 3097 	3102 	3649
f 3667 	3646 	3632
f 3097 	3649 	3610
f 3640 	3610 	3651
f 3356 	3642 	3383
f 3541 	3654 	3520
f 3520 	3654 	3528
f 3549 	3528 	3657
f 3528 	3654 	3657
f 3549 	3657 	3660
f 3549 	3660 	3553
f 3553 	3663 	3603
f 3603 	3664 	3632
f 3603 	3663 	3664
f 3667 	3632 	3668
f 3651 	3669 	3640
f 3670 	3669 	3651
f 1871 	3668 	3632
f 3643 	3632 	3646
f 1871 	3632 	3664
f 1906 	3668 	1871
f 2817 	3681 	3532
f 2817 	3680 	3681
f 3681 	3682 	3532
f 3681 	3736 	3682
f 3532 	3682 	3536
f 2002 	2410 	2594
f 3726 	3541 	3536
f 3680 	2911 	3807
f 3807 	3685 	3680
f 3685 	3681 	3680
f 3640 	3669 	3645
f 3102 	3112 	3649
f 3772 	3759 	3658
f 3112 	3688 	3649
f 3649 	3688 	3651
f 3221 	3694 	3112
f 3653 	3691 	3658
f 3657 	3699 	3660
f 3694 	3688 	3112
f 3657 	3693 	3699
f 3936 	3688 	3694
f 3660 	3700 	3663
f 3699 	3700 	3660
f 3663 	3700 	3702
f 3704 	3694 	3221
f 3221 	3234 	3704
f 3663 	3702 	3664
f 3704 	3944 	3694
f 3664 	3702 	2063
f 2063 	3702 	2087
f 3704 	3234 	3712
f 3270 	3712 	3234
f 2063 	1871 	3664
f 3704 	3712 	3950
f 3270 	3723 	3712
f 3280 	3723 	3270
f 3698 	3658 	3697
f 3691 	3697 	3658
f 3280 	2737 	3723
f 2728 	2737 	3280
f 3915 	3751 	3691
f 3691 	3725 	3697
f 3536 	3682 	3726
f 3729 	3654 	3541
f 3729 	3541 	3726
f 3758 	3729 	3726
f 3651 	3728 	3670
f 3736 	3681 	3685
f 3736 	3746 	3682
f 3682 	3746 	3726
f 3734 	2410 	2002
f 3726 	3746 	3758
f 3791 	3917 	4062
f 3913 	3691 	3914
f 3725 	3691 	3751
f 2861 	3734 	2002
f 3691 	3913 	3915
f 3736 	3685 	3752
f 3753 	2129 	2405
f 3734 	4374 	2405
f 3729 	3693 	3654
f 2410 	3734 	2405
f 3761 	3693 	3729
f 3693 	3657 	3654
f 3658 	3759 	3647
f 4328 	2418 	3753
f 3761 	3729 	3758
f 3754 	3647 	3759
f 4009 	3693 	3761
f 3754 	3763 	3757
f 3764 	3746 	3736
f 3752 	3764 	3736
f 3746 	3764 	3766
f 3754 	3759 	3763
f 3746 	3766 	3758
f 3758 	4096 	3761
f 3758 	3766 	4096
f 3698 	3772 	3658
f 3752 	3780 	3764
f 3774 	3759 	3772
f 3777 	3763 	3759
f 3777 	3759 	3778
f 3774 	3778 	3759
f 3780 	3752 	3779
f 3779 	3792 	3780
f 3784 	3777 	3783
f 3778 	3783 	3777
f 3777 	3785 	3787
f 4454 	4430 	3794
f 3764 	4098 	3766
f 3784 	3785 	3777
f 3764 	3780 	4098
f 3914 	4062 	3917
f 3794 	4430 	3793
f 3779 	3839 	3792
f 3780 	3792 	4107
f 3780 	4107 	4098
f 107 	3795 	110
f 3790 	3879 	3797
f 107 	4095 	3795
f 3647 	110 	3795
f 3795 	3658 	3647
f 2911 	2924 	3807
f 117 	110 	3647
f 2924 	2932 	3811
f 3811 	3807 	2924
f 3754 	122 	117
f 3813 	3685 	3807
f 3807 	3811 	3813
f 3813 	3752 	3685
f 3647 	3754 	117
f 3754 	3757 	122
f 2932 	3819 	3811
f 134 	122 	3757
f 3819 	3821 	3811
f 3819 	3827 	3821
f 3811 	3821 	3813
f 3790 	3875 	3879
f 2958 	3823 	3819
f 3795 	3653 	3658
f 3823 	3827 	3819
f 3802 	3837 	3812
f 3832 	3823 	2988
f 3812 	3838 	3814
f 2988 	3001 	3832
f 3821 	3779 	3813
f 3813 	3779 	3752
f 3827 	3839 	3821
f 3839 	3779 	3821
f 3832 	3841 	3823
f 3837 	3838 	3812
f 3832 	3870 	3841
f 3823 	3841 	3827
f 3845 	3839 	3827
f 3841 	3845 	3827
f 4532 	3820 	3814
f 3540 	3852 	3855
f 3852 	3540 	3854
f 3885 	3851 	3837
f 3845 	3876 	4171
f 3068 	3856 	3001
f 3832 	3001 	3856
f 3856 	3870 	3832
f 3130 	3857 	3068
f 3068 	3857 	3856
f 3837 	4517 	3838
f 3857 	3130 	3860
f 3139 	3860 	3130
f 3172 	3863 	3139
f 3139 	3863 	3860
f 3743 	3747 	3744
f 3747 	3728 	3651
f 3733 	3747 	3743
f 3728 	3747 	3733
f 3862 	4521 	3851
f 3651 	3688 	3747
f 3172 	2903 	3863
f 2899 	2903 	3172
f 3747 	3865 	3744
f 3865 	3747 	3866
f 4373 	212 	3862
f 3870 	3876 	3841
f 3870 	3881 	3876
f 3875 	3790 	3782
f 3878 	3881 	3870
f 3841 	3876 	3845
f 4318 	3875 	3782
f 3866 	3747 	3877
f 3857 	3878 	3856
f 3856 	3878 	3870
f 3875 	3890 	3879
f 3797 	3885 	3802
f 3857 	3884 	3878
f 3797 	3879 	3885
f 3860 	3884 	3857
f 3884 	3888 	3878
f 3885 	3837 	3802
f 3884 	3896 	3888
f 3878 	3888 	3881
f 3863 	3892 	3860
f 3879 	3890 	3893
f 3860 	3892 	3884
f 3890 	3908 	3893
f 3879 	3893 	3885
f 3892 	3896 	3884
f 3855 	3903 	3540
f 3851 	3885 	3893
f 3901 	3540 	3903
f 2909 	2999 	3896
f 3906 	3854 	3576
f 2903 	2907 	3863
f 2121 	3540 	3911
f 4325 	3902 	3890
f 3576 	3552 	3906
f 3863 	2907 	3892
f 2907 	2909 	3892
f 2116 	3909 	2117
f 3892 	2909 	3896
f 3902 	3908 	3890
f 3908 	3862 	3893
f 3910 	3909 	2121
f 2116 	2121 	3909
f 3893 	3862 	3851
f 3691 	4062 	3914
f 4015 	3921 	2087
f 4370 	3908 	3902
f 3908 	4373 	3862
f 4370 	4373 	3908
f 3921 	3924 	3927
f 3927 	2103 	3921
f 2118 	2103 	3927
f 3924 	3933 	3939
f 3747 	3688 	3936
f 3924 	3939 	3927
f 3927 	2126 	2118
f 3927 	3939 	2126
f 3936 	3972 	3747
f 3694 	3944 	3936
f 3933 	3947 	3939
f 3933 	3945 	3947
f 3939 	3947 	3949
f 3929 	3814 	3930
f 3929 	3812 	3814
f 3950 	3944 	3704
f 3934 	3930 	3820
f 3814 	3820 	3930
f 3950 	3712 	3953
f 3820 	4 	3934
f 3723 	3953 	3712
f 4 	3820 	4533
f 3934 	4 	3937
f 3940 	3937 	10
f 3949 	2215 	1967
f 2737 	2741 	3723
f 4 	10 	3937
f 3723 	2741 	3953
f 10 	22 	3940
f 3960 	2215 	3949
f 2741 	2768 	3953
f 3940 	22 	3942
f 3942 	31 	3943
f 3960 	3962 	2223
f 22 	31 	3942
f 2241 	2223 	3962
f 3943 	47 	3970
f 3960 	2223 	2215
f 31 	47 	3943
f 47 	64 	3970
f 2241 	3962 	3966
f 3998 	3967 	3966
f 3966 	3967 	2248
f 2912 	3967 	4003
f 4003 	2916 	2912
f 3972 	3963 	3747
f 3967 	2912 	2256
f 3963 	3880 	3747
f 3968 	3963 	3972
f 3880 	3877 	3747
f 3880 	3963 	3883
f 3969 	3968 	3972
f 3985 	3947 	3945
f 3973 	3970 	64
f 3945 	3981 	3985
f 3947 	3985 	3960
f 3985 	3962 	3960
f 3985 	3992 	3962
f 64 	70 	3973
f 3949 	3947 	3960
f 3973 	70 	3974
f 3972 	3988 	3969
f 70 	79 	3974
f 3981 	3992 	3985
f 3981 	3989 	3992
f 3974 	79 	3978
f 3201 	855 	3994
f 79 	82 	3978
f 3978 	82 	3979
f 3989 	3996 	3998
f 3982 	3979 	1560
f 82 	1560 	3979
f 3989 	3998 	3992
f 3992 	3966 	3962
f 3992 	3998 	3966
f 1561 	4017 	3982
f 3106 	3109 	4001
f 991 	4017 	1561
f 3996 	3999 	4003
f 860 	3994 	855
f 3996 	4003 	3998
f 3998 	4003 	3967
f 3999 	2964 	2916
f 3999 	2916 	4003
f 3761 	4016 	4009
f 4009 	3699 	3693
f 4012 	3700 	3699
f 4012 	3699 	4009
f 3700 	4012 	4015
f 4012 	4024 	4015
f 4030 	4025 	3972
f 3700 	4015 	3702
f 2087 	3702 	4015
f 3988 	3972 	4000
f 3761 	4096 	4016
f 4009 	4016 	4020
f 3944 	4022 	3936
f 4009 	4020 	4012
f 3936 	4022 	3972
f 4024 	4012 	4020
f 4015 	4024 	3921
f 4019 	4017 	991
f 991 	996 	4019
f 4027 	4026 	4030
f 4026 	4025 	4030
f 4028 	3972 	4025
f 3994 	860 	4001
f 4000 	3972 	4028
f 4016 	4039 	4020
f 4022 	4030 	3972
f 4019 	996 	4021
f 3994 	4031 	3205
f 4043 	4024 	4020
f 4032 	4001 	4034
f 3924 	3921 	4024
f 4024 	4043 	3924
f 4021 	1003 	4023
f 4034 	4001 	4036
f 3110 	4036 	4001
f 1003 	1035 	4023
f 4031 	4001 	4038
f 4037 	4038 	4001
f 4032 	4037 	4001
f 4038 	4041 	4031
f 4023 	1035 	4252
f 4039 	4016 	4035
f 3994 	4001 	4031
f 4020 	4039 	4043
f 4039 	4059 	4043
f 4042 	2150 	4347
f 3653 	4095 	4046
f 3582 	4031 	4045
f 3222 	4031 	3582
f 4044 	4045 	4031
f 4042 	2100 	2150
f 4035 	4048 	4054
f 4053 	4044 	4031
f 4031 	3222 	3205
f 4035 	4054 	4039
f 4053 	4031 	4060
f 4041 	4060 	4031
f 4046 	4062 	3653
f 4059 	4039 	4054
f 4043 	4059 	3933
f 4058 	4062 	4046
f 4062 	3691 	3653
f 4043 	3933 	3924
f 4080 	4058 	4079
f 4052 	4083 	4058
f 4076 	4086 	4052
f 4080 	4087 	4058
f 4048 	4069 	4054
f 4050 	3797 	4051
f 4067 	4069 	4048
f 4058 	4227 	4062
f 4054 	4069 	4070
f 4051 	3797 	3802
f 4051 	3802 	4056
f 3789 	3791 	4062
f 4056 	3812 	3929
f 4070 	4059 	4054
f 3802 	3812 	4056
f 3945 	4059 	4070
f 4076 	4052 	4073
f 4102 	4065 	4064
f 4070 	3981 	3945
f 4079 	4058 	4084
f 4083 	4084 	4058
f 4059 	3945 	3933
f 4083 	4052 	4086
f 4227 	4058 	4226
f 4087 	4226 	4058
f 4062 	4227 	4088
f 4089 	4062 	4088
f 3788 	3789 	4062
f 4089 	3788 	4062
f 4040 	4065 	4105
f 4074 	4167 	4091
f 2100 	4042 	4040
f 4356 	457 	4097
f 4085 	4082 	4350
f 4061 	4099 	4064
f 4085 	3782 	4047
f 3766 	4101 	4096
f 4061 	4097 	4099
f 4064 	4099 	4102
f 3766 	4098 	4101
f 952 	951 	4030
f 4030 	4033 	4027
f 3782 	4085 	4350
f 4096 	4101 	4035
f 4033 	4030 	951
f 4047 	3782 	3790
f 3944 	4106 	4022
f 4105 	4065 	4102
f 4096 	4035 	4016
f 3790 	4050 	4047
f 3950 	4106 	3944
f 4105 	2100 	4040
f 3790 	3797 	4050
f 4106 	4108 	4022
f 4105 	998 	2100
f 4105 	2487 	998
f 4098 	4109 	4101
f 4098 	4107 	4109
f 457 	2595 	4097
f 4101 	4048 	4035
f 4022 	4108 	4030
f 4097 	2595 	2501
f 4101 	4109 	4048
f 4108 	978 	4030
f 4099 	4097 	2501
f 3839 	3845 	4112
f 4102 	4099 	2503
f 4112 	3792 	3839
f 2503 	4099 	2501
f 4102 	2503 	2487
f 4030 	978 	952
f 4107 	3792 	4113
f 3953 	4117 	3950
f 4105 	4102 	2487
f 4112 	4113 	3792
f 4107 	4113 	4119
f 4106 	3950 	4117
f 4108 	4106 	4120
f 4106 	4117 	4120
f 4108 	993 	978
f 4107 	4119 	4109
f 4109 	4067 	4048
f 4120 	993 	4108
f 4109 	4119 	4067
f 4117 	3953 	2768
f 3845 	4171 	4112
f 2750 	4120 	4117
f 4117 	2768 	2750
f 2750 	997 	4120
f 997 	993 	4120
f 4138 	4069 	4067
f 4140 	3981 	4070
f 3989 	3981 	4140
f 4119 	4136 	4067
f 4119 	4175 	4136
f 4100 	4058 	4046
f 4067 	4136 	4138
f 4069 	4138 	4140
f 4129 	2769 	4125
f 4069 	4140 	4070
f 4125 	2769 	4127
f 4175 	4142 	4136
f 4136 	4143 	4138
f 3653 	3795 	4095
f 4143 	4136 	4142
f 4138 	4143 	4145
f 4138 	4145 	4140
f 4140 	4145 	3989
f 4142 	4154 	4143
f 4142 	4153 	4154
f 4145 	3996 	3989
f 4143 	4154 	4156
f 4170 	4174 	4152
f 4143 	4156 	4145
f 4145 	4156 	3996
f 4153 	4160 	4163
f 4052 	4058 	4100
f 4051 	4056 	4149
f 4056 	3929 	4149
f 3929 	3930 	4149
f 4153 	4163 	4154
f 4154 	4165 	4156
f 4167 	4071 	4148
f 3937 	3940 	4149
f 4154 	4163 	4165
f 4148 	4073 	4052
f 3940 	3942 	4149
f 4156 	4165 	3999
f 3942 	3943 	4149
f 4165 	2964 	3999
f 3943 	3970 	4149
f 3970 	3973 	4149
f 4156 	3999 	3996
f 4152 	4174 	4155
f 3973 	3974 	4149
f 4240 	2965 	4160
f 3974 	3978 	4149
f 3978 	3979 	4149
f 4155 	4169 	4151
f 4160 	2967 	4163
f 3979 	3982 	4149
f 4160 	2965 	2967
f 3982 	4017 	4149
f 4163 	2967 	2966
f 4017 	4019 	4149
f 4163 	2966 	4165
f 2964 	4165 	2966
f 4201 	4170 	4152
f 4023 	4252 	4149
f 4149 	4252 	4254
f 4254 	4257 	4149
f 4112 	4173 	4113
f 4170 	2757 	4174
f 4171 	4173 	4112
f 4149 	4257 	4260
f 4113 	4173 	4175
f 4155 	2753 	4169
f 4175 	4119 	4113
f 2753 	4155 	4174
f 2753 	2754 	4169
f 4169 	2754 	3394
f 3876 	4177 	4171
f 4177 	4178 	4171
f 4170 	4127 	2757
f 2757 	2761 	4174
f 4171 	4178 	4173
f 4173 	4178 	4186
f 4224 	4178 	4177
f 4173 	4186 	4175
f 4149 	4276 	4279
f 4149 	4281 	4283
f 4073 	4148 	4072
f 4072 	4148 	4071
f 4071 	4167 	4074
f 4188 	4185 	4217
f 4187 	4185 	4125
f 219 	4189 	4190
f 4247 	4224 	4177
f 4047 	4149 	4085
f 4188 	4125 	4185
f 4125 	4127 	4187
f 4127 	4170 	4187
f 4129 	4125 	4188
f 4191 	4129 	4188
f 4190 	4167 	219
f 4193 	4167 	4190
f 4204 	4167 	4193
f 4090 	4091 	4167
f 4167 	4194 	4092
f 4167 	4092 	4090
f 4281 	4149 	4279
f 4075 	4149 	4289
f 4197 	4151 	4478
f 4149 	4075 	4078
f 4192 	4201 	4195
f 4199 	4201 	4192
f 4195 	4152 	4197
f 4204 	4205 	4167
f 4194 	4167 	4205
f 4201 	4152 	4195
f 4152 	4155 	4197
f 4197 	4155 	4151
f 4047 	4050 	4149
f 4185 	4187 	4199
f 4199 	4187 	4201
f 4187 	4170 	4201
f 4149 	3930 	3934
f 3934 	3937 	4149
f 4199 	4192 	4208
f 4149 	4019 	4021
f 4149 	4021 	4023
f 4241 	4210 	4207
f 4207 	4212 	4208
f 4207 	4210 	4212
f 4212 	4199 	4208
f 4149 	4283 	4286
f 4286 	4289 	4149
f 4216 	4217 	4210
f 4210 	4217 	4212
f 4212 	4185 	4199
f 4217 	4185 	4212
f 4216 	4225 	4217
f 4216 	4262 	4225
f 4050 	4051 	4149
f 4225 	4188 	4217
f 4224 	4229 	4240
f 2997 	4229 	2995
f 4225 	4191 	4188
f 4186 	4142 	4175
f 4232 	4191 	4225
f 4234 	16 	95
f 4178 	4235 	4186
f 4178 	4224 	4235
f 4235 	4153 	4186
f 4234 	4244 	4238
f 4186 	4153 	4142
f 4224 	4240 	4235
f 4235 	4160 	4153
f 55 	4238 	4241
f 4235 	4240 	4160
f 2997 	4240 	4229
f 95 	106 	4234
f 4240 	2997 	2965
f 106 	4244 	4234
f 4238 	4244 	4246
f 3881 	4177 	3876
f 3888 	4247 	3881
f 4247 	4177 	3881
f 4238 	4246 	4241
f 3896 	4248 	3888
f 4210 	4241 	4246
f 3896 	2999 	4248
f 4248 	4247 	3888
f 4248 	4229 	4247
f 4247 	4229 	4224
f 4244 	106 	112
f 4250 	4244 	112
f 4082 	4149 	4078
f 112 	4259 	4250
f 4082 	4085 	4149
f 4250 	4246 	4244
f 2999 	2995 	4248
f 4248 	2995 	4229
f 4246 	4216 	4210
f 4246 	4250 	4216
f 4260 	4274 	4149
f 4259 	112 	118
f 4259 	4262 	4250
f 4252 	1034 	4254
f 4252 	1035 	1034
f 4250 	4262 	4216
f 4254 	1039 	4257
f 1034 	1039 	4254
f 4259 	118 	4266
f 1045 	4260 	4257
f 126 	4266 	118
f 1039 	1045 	4257
f 4266 	4271 	4259
f 4259 	4271 	4262
f 4271 	4232 	4262
f 4262 	4232 	4225
f 4149 	4274 	4276
f 4273 	4287 	4277
f 4284 	4287 	4273
f 4287 	2877 	4277
f 2877 	4287 	2880
f 1045 	903 	4260
f 4284 	4292 	4294
f 4304 	4294 	4292
f 903 	4274 	4260
f 4294 	4287 	4284
f 4294 	2880 	4287
f 4276 	4356 	4279
f 4279 	4061 	4281
f 4304 	4292 	4302
f 2882 	4294 	4304
f 4330 	4305 	4302
f 4302 	4305 	2897
f 2897 	4305 	2913
f 4305 	4309 	2913
f 4302 	2897 	4304
f 4304 	2901 	2882
f 4304 	2897 	2901
f 4309 	4305 	4335
f 4289 	4042 	4075
f 4232 	4273 	4191
f 4191 	4277 	4129
f 4273 	4277 	4191
f 4129 	2933 	2769
f 4277 	2933 	4129
f 4313 	4314 	4271
f 4316 	4314 	4313
f 4273 	4314 	4284
f 4316 	4284 	4314
f 4348 	2546 	4350
f 159 	162 	4315
f 4315 	4313 	159
f 4315 	4316 	4313
f 2538 	2546 	4348
f 2546 	4318 	4350
f 4315 	162 	4320
f 3782 	4350 	4318
f 4321 	4316 	4315
f 4321 	4315 	4320
f 4316 	4321 	4292
f 4316 	4292 	4284
f 4318 	2557 	4325
f 4320 	4330 	4321
f 4318 	4325 	3875
f 4320 	4329 	4330
f 4321 	4330 	4302
f 4325 	3890 	3875
f 4321 	4302 	4292
f 4320 	170 	4329
f 3902 	4325 	4328
f 4332 	4329 	180
f 180 	192 	4332
f 4368 	3902 	4328
f 4329 	4332 	4335
f 4329 	4335 	4330
f 4330 	4335 	4305
f 3753 	4368 	4328
f 192 	4340 	4332
f 4332 	4343 	4335
f 4040 	4289 	4286
f 4332 	4340 	4343
f 4309 	4335 	4343
f 4347 	4075 	4042
f 4347 	4078 	4075
f 199 	4363 	4340
f 4340 	4363 	4365
f 4348 	4082 	4078
f 4340 	4365 	4343
f 4343 	4351 	4309
f 4078 	4347 	4348
f 4350 	4082 	4348
f 159 	4266 	126
f 159 	4313 	4266
f 4266 	4313 	4271
f 4271 	4314 	4232
f 4314 	4273 	4232
f 4348 	4347 	2538
f 4309 	4351 	2980
f 4351 	4353 	2994
f 2980 	4351 	2994
f 4309 	2980 	2913
f 917 	4276 	4274
f 917 	4274 	903
f 4356 	4276 	917
f 4369 	4358 	4353
f 4279 	4356 	4061
f 4281 	4064 	4283
f 4353 	4358 	3004
f 4061 	4064 	4281
f 4286 	4283 	4065
f 4358 	4359 	3014
f 4283 	4064 	4065
f 4065 	4040 	4286
f 4358 	3014 	3004
f 4040 	4042 	4289
f 4359 	2717 	3014
f 4359 	2774 	2717
f 4356 	4097 	4061
f 306 	4363 	199
f 4365 	4351 	4343
f 306 	4367 	4363
f 4367 	306 	313
f 4363 	4367 	4369
f 4367 	4372 	4369
f 4367 	4371 	4372
f 4363 	4369 	4365
f 4365 	4353 	4351
f 4368 	4370 	3902
f 4353 	4365 	4369
f 313 	336 	4371
f 4371 	4367 	313
f 4369 	4372 	4358
f 3753 	2405 	4374
f 336 	4375 	4371
f 3753 	4374 	4368
f 4371 	4375 	4377
f 4368 	4376 	4370
f 4368 	4374 	4376
f 4371 	4377 	4372
f 4370 	4376 	4378
f 4372 	4359 	4358
f 4372 	4377 	4359
f 346 	2778 	4375
f 4370 	4378 	4373
f 4375 	2780 	4377
f 4373 	214 	212
f 4373 	4378 	214
f 2778 	2780 	4375
f 4377 	2780 	2774
f 4377 	2774 	4359
f 4374 	3734 	4379
f 4379 	4376 	4374
f 4376 	4382 	4378
f 4379 	4382 	4376
f 4378 	4382 	231
f 3734 	2861 	4379
f 4379 	2861 	2878
f 4379 	2878 	4382
f 1170 	4511 	1200
f 1200 	4511 	1205
f 4388 	4390 	4389
f 4387 	4390 	4388
f 4400 	4402 	4401
f 4399 	4402 	4400
f 4389 	4390 	4399
f 4402 	4399 	4390
f 4402 	4409 	4401
f 4412 	4409 	4402
f 4151 	4169 	4384
f 4390 	4384 	3394
f 4169 	3394 	4384
f 3394 	3400 	4390
f 4402 	4390 	3400
f 4412 	4402 	3403
f 3408 	3403 	4402
f 4420 	3757 	3763
f 4402 	3400 	3408
f 3757 	4420 	4471
f 4429 	4428 	4427
f 4430 	4420 	3763
f 4430 	3763 	3777
f 4429 	4427 	4426
f 4426 	4432 	4431
f 4434 	4426 	4431
f 4430 	4435 	4420
f 4432 	4426 	4427
f 4430 	4456 	4435
f 4429 	4439 	4428
f 4420 	4435 	4425
f 4151 	4426 	4478
f 4435 	4441 	4425
f 3787 	3793 	4430
f 3777 	3787 	4430
f 4456 	4457 	4435
f 4426 	4384 	4429
f 4456 	4430 	4458
f 4454 	4458 	4430
f 4435 	4461 	4441
f 4151 	4384 	4426
f 4539 	4537 	4435
f 4429 	4384 	4390
f 4539 	4435 	4457
f 4461 	4435 	4460
f 4538 	4460 	4435
f 4439 	4429 	4387
f 4390 	4387 	4429
f 4462 	4523 	4441
f 4461 	4462 	4441
f 4522 	4525 	4441
f 4469 	4511 	4468
f 4471 	141 	134
f 3757 	4471 	134
f 4466 	4478 	4475
f 4474 	4466 	4475
f 4471 	4480 	141
f 4475 	4478 	4476
f 4426 	4483 	4478
f 4476 	4478 	4483
f 141 	4480 	1384
f 4426 	4434 	4483
f 3820 	4532 	4533
f 4471 	4425 	4480
f 4533 	4540 	4
f 4195 	4197 	4466
f 4466 	4197 	4478
f 4420 	4425 	4471
f 4480 	4491 	1390
f 4480 	4425 	4491
f 4491 	1396 	1390
f 4542 	4497 	4496
f 4425 	4441 	4491
f 4441 	4502 	4491
f 4490 	4052 	4100
f 4491 	4502 	1396
f 4499 	4497 	4542
f 4502 	1155 	1396
f 4100 	4046 	4489
f 4499 	4503 	4500
f 4046 	4095 	4489
f 4502 	1170 	1155
f 4507 	4510 	4508
f 4502 	4441 	4511
f 4509 	4148 	4524
f 4506 	4510 	4507
f 4502 	4511 	1170
f 4510 	4506 	4503
f 4500 	4503 	4506
f 4148 	4490 	4524
f 4490 	4148 	4052
f 4394 	4511 	4393
f 4393 	4511 	4469
f 4513 	4510 	4466
f 4508 	4510 	4513
f 4395 	1205 	4511
f 4394 	4395 	4511
f 4509 	4167 	4148
f 3837 	3851 	4517
f 4510 	4195 	4466
f 3851 	4521 	4517
f 4466 	4515 	4514
f 4466 	4514 	4513
f 4466 	4474 	4515
f 4503 	4208 	4192
f 4503 	4192 	4510
f 4522 	4441 	4523
f 4521 	4524 	4517
f 4511 	4441 	4525
f 4510 	4192 	4195
f 4468 	4511 	4526
f 4525 	4526 	4511
f 4517 	4524 	4519
f 4524 	4490 	4519
f 4521 	3862 	212
f 4527 	39 	41
f 38 	41 	39
f 4521 	4509 	4524
f 4521 	212 	4509
f 4531 	4530 	55
f 4530 	4527 	55
f 3814 	3838 	4532
f 41 	55 	4527
f 4538 	4435 	4537
f 4534 	4536 	4535
f 4534 	4531 	4536
f 55 	4536 	4531
f 4519 	4532 	3838
f 3838 	4517 	4519
f 4533 	4532 	4543
f 4542 	4495 	4541
f 4496 	4495 	4542
f 4541 	4535 	4542
f 4543 	4532 	4519
f 4536 	4542 	4535
f 4543 	4489 	4533
f 4499 	4542 	4503
f 4536 	55 	4241
f 4533 	4489 	4540
f 4536 	4207 	4542
f 4536 	4241 	4207
f 4489 	4095 	4540
f 4542 	4208 	4503
f 4542 	4207 	4208
f 4519 	4490 	4543
f 4490 	4100 	4543
f 4543 	4100 	4489
f 212 	219 	4509
f 4509 	219 	4167
f 47 	31 	117
f 122 	47 	117
f 47 	122 	64
f 64 	134 	70
f 122 	134 	64
f 134 	141 	70
f 4552 	76 	77
f 35 	4552 	77
# 3244 faces

g group_0_15708628

usemtl color_15708628
s 0

f 53 	50 	9
f 13 	4486 	12
f 17 	4613 	15
f 14 	15 	4613
f 28 	236 	29
f 21 	4249 	4211
f 17 	32 	4613
f 215 	43 	30
f 43 	48 	30
f 30 	48 	34
f 51 	4613 	46
f 4326 	34 	18
f 50 	3 	2
f 48 	18 	34
f 1 	52 	45
f 52 	1 	23
f 2 	9 	50
f 45 	52 	65
f 60 	48 	43
f 20 	1141 	1140
f 45 	58 	42
f 60 	43 	57
f 48 	60 	66
f 165 	169 	59
f 86 	88 	4484
f 4486 	67 	68
f 4486 	68 	69
f 58 	45 	65
f 4130 	236 	26
f 25 	4130 	26
f 4486 	69 	76
f 65 	75 	173
f 60 	139 	66
f 66 	18 	48
f 73 	4486 	88
f 78 	52 	23
f 83 	90 	84
f 78 	75 	52
f 92 	1337 	90
f 115 	116 	2268
f 18 	66 	4249
f 116 	120 	2268
f 98 	44 	101
f 18 	4249 	21
f 52 	75 	65
f 108 	109 	2268
f 89 	80 	29
f 105 	90 	83
f 78 	182 	75
f 80 	108 	2268
f 125 	2268 	109
f 36 	40 	323
f 97 	109 	89
f 80 	89 	108
f 323 	40 	98
f 108 	89 	109
f 98 	40 	44
f 101 	62 	103
f 137 	2268 	120
f 101 	44 	62
f 105 	103 	24
f 115 	97 	116
f 116 	97 	270
f 27 	90 	105
f 27 	4659 	90
f 57 	133 	60
f 270 	120 	116
f 139 	60 	133
f 115 	2268 	125
f 97 	115 	125
f 109 	97 	125
f 152 	156 	137
f 133 	57 	130
f 133 	154 	139
f 137 	153 	152
f 171 	172 	4554
f 130 	144 	148
f 189 	137 	147
f 120 	147 	137
f 120 	270 	147
f 147 	270 	142
f 148 	133 	130
f 154 	133 	148
f 142 	152 	153
f 152 	142 	156
f 154 	4258 	139
f 132 	163 	164
f 168 	132 	164
f 132 	166 	163
f 165 	59 	58
f 65 	165 	58
f 43 	215 	227
f 65 	173 	165
f 173 	175 	165
f 177 	183 	173
f 173 	183 	175
f 165 	175 	169
f 168 	174 	132
f 191 	132 	194
f 178 	144 	479
f 75 	177 	173
f 144 	181 	148
f 75 	182 	177
f 132 	191 	185
f 144 	178 	181
f 174 	194 	132
f 148 	181 	184
f 196 	181 	178
f 181 	200 	184
f 181 	196 	200
f 186 	132 	185
f 153 	137 	189
f 184 	154 	148
f 142 	189 	147
f 142 	153 	189
f 178 	193 	196
f 4422 	196 	193
f 182 	204 	177
f 4421 	4422 	193
f 183 	177 	2122
f 204 	2122 	177
f 132 	230 	220
f 197 	205 	208
f 211 	205 	202
f 230 	132 	187
f 187 	132 	186
f 190 	218 	198
f 216 	218 	190
f 222 	132 	221
f 218 	224 	198
f 213 	223 	227
f 211 	202 	209
f 213 	227 	215
f 4123 	208 	205
f 220 	221 	132
f 209 	267 	236
f 228 	265 	222
f 209 	236 	211
f 132 	222 	265
f 242 	265 	241
f 240 	265 	248
f 247 	265 	228
f 235 	223 	213
f 223 	235 	245
f 245 	258 	264
f 258 	245 	239
f 258 	239 	256
f 89 	236 	267
f 89 	29 	236
f 223 	245 	264
f 227 	223 	266
f 248 	265 	247
f 3432 	132 	265
f 223 	264 	266
f 267 	268 	89
f 263 	4349 	244
f 237 	244 	4349
f 268 	270 	97
f 268 	97 	89
f 263 	261 	4349
f 260 	4349 	261
f 272 	271 	3288
f 240 	241 	265
f 272 	23 	1
f 285 	265 	283
f 265 	284 	283
f 265 	242 	284
f 255 	322 	259
f 287 	289 	274
f 299 	303 	287
f 287 	303 	289
f 274 	289 	278
f 254 	322 	255
f 57 	227 	266
f 296 	299 	406
f 266 	130 	57
f 296 	271 	299
f 57 	43 	227
f 3278 	271 	296
f 259 	322 	260
f 406 	299 	287
f 4349 	260 	322
f 334 	266 	264
f 299 	321 	303
f 198 	224 	309
f 517 	825 	298
f 289 	310 	278
f 275 	2212 	311
f 275 	312 	277
f 310 	289 	314
f 311 	312 	275
f 303 	314 	289
f 314 	316 	310
f 319 	4126 	317
f 299 	271 	321
f 312 	315 	277
f 305 	256 	239
f 324 	4126 	319
f 324 	325 	4126
f 256 	305 	326
f 322 	328 	318
f 226 	311 	224
f 224 	311 	309
f 322 	329 	328
f 226 	249 	311
f 311 	249 	312
f 463 	464 	264
f 312 	249 	251
f 312 	251 	315
f 343 	4352 	318
f 36 	315 	251
f 266 	334 	130
f 315 	36 	323
f 350 	318 	328
f 334 	144 	130
f 303 	321 	333
f 343 	318 	350
f 333 	314 	303
f 343 	349 	341
f 945 	979 	599
f 343 	350 	349
f 979 	319 	317
f 333 	42 	314
f 979 	976 	319
f 4448 	349 	350
f 350 	4442 	4448
f 272 	321 	271
f 272 	1 	321
f 359 	341 	349
f 341 	359 	364
f 333 	321 	1
f 371 	279 	571
f 1 	45 	333
f 333 	45 	42
f 358 	101 	361
f 335 	807 	340
f 342 	361 	362
f 361 	103 	362
f 344 	342 	362
f 366 	279 	372
f 367 	279 	366
f 335 	3463 	293
f 347 	344 	83
f 362 	83 	344
f 3673 	4357 	364
f 84 	347 	83
f 335 	293 	807
f 371 	571 	370
f 370 	571 	375
f 375 	571 	377
f 388 	4613 	387
f 377 	571 	382
f 430 	420 	4618
f 383 	390 	376
f 398 	400 	383
f 387 	4613 	386
f 4613 	4615 	386
f 423 	4613 	388
f 4618 	420 	391
f 4618 	391 	386
f 412 	399 	4484
f 4484 	394 	395
f 4484 	395 	396
f 396 	401 	4484
f 85 	4484 	401
f 85 	86 	4484
f 394 	4484 	399
f 363 	338 	355
f 400 	390 	383
f 393 	390 	274
f 444 	467 	389
f 463 	264 	462
f 421 	2367 	455
f 400 	274 	390
f 274 	278 	393
f 405 	479 	404
f 2367 	407 	408
f 398 	406 	400
f 403 	406 	398
f 400 	287 	274
f 404 	355 	405
f 406 	287 	400
f 101 	358 	98
f 351 	405 	355
f 101 	103 	361
f 488 	486 	279
f 362 	103 	105
f 443 	444 	389
f 412 	4484 	411
f 403 	296 	406
f 415 	2367 	414
f 415 	416 	2367
f 416 	426 	2367
f 389 	455 	2367
f 414 	2367 	421
f 419 	383 	417
f 422 	4613 	423
f 455 	389 	458
f 14 	4613 	422
f 417 	383 	376
f 424 	432 	4202
f 426 	407 	2367
f 105 	83 	362
f 478 	434 	4618
f 435 	447 	4618
f 431 	476 	479
f 405 	431 	479
f 429 	449 	436
f 445 	449 	429
f 428 	398 	419
f 403 	398 	428
f 553 	431 	351
f 486 	487 	279
f 398 	383 	419
f 3916 	277 	427
f 442 	404 	479
f 440 	442 	479
f 439 	425 	515
f 445 	427 	277
f 441 	443 	389
f 479 	334 	440
f 440 	334 	446
f 430 	4618 	447
f 427 	445 	429
f 515 	521 	439
f 439 	450 	425
f 355 	404 	442
f 389 	279 	487
f 358 	436 	449
f 277 	315 	445
f 425 	450 	428
f 441 	389 	452
f 445 	315 	323
f 445 	323 	449
f 450 	403 	428
f 358 	449 	98
f 449 	323 	98
f 439 	3364 	450
f 442 	440 	355
f 363 	355 	440
f 446 	363 	440
f 389 	467 	458
f 314 	42 	316
f 460 	316 	42
f 976 	454 	413
f 460 	58 	59
f 42 	58 	460
f 453 	1351 	465
f 454 	471 	470
f 334 	264 	464
f 471 	473 	470
f 464 	446 	334
f 474 	471 	1134
f 363 	463 	462
f 461 	363 	462
f 463 	363 	464
f 1541 	59 	169
f 446 	464 	363
f 471 	474 	473
f 169 	475 	1541
f 489 	475 	169
f 490 	413 	454
f 489 	2157 	475
f 334 	479 	144
f 424 	413 	490
f 470 	473 	485
f 481 	472 	482
f 549 	473 	474
f 487 	452 	389
f 424 	484 	432
f 470 	490 	454
f 504 	505 	265
f 504 	265 	507
f 489 	169 	175
f 480 	475 	2157
f 490 	484 	424
f 2157 	2213 	480
f 492 	1847 	495
f 470 	496 	490
f 490 	496 	484
f 496 	470 	485
f 1011 	498 	491
f 285 	509 	265
f 501 	511 	4484
f 500 	501 	4484
f 371 	372 	279
f 367 	518 	279
f 508 	503 	279
f 507 	265 	509
f 508 	279 	545
f 485 	473 	563
f 495 	1847 	505
f 484 	1173 	432
f 503 	488 	279
f 279 	522 	545
f 1328 	453 	456
f 512 	516 	4484
f 511 	512 	4484
f 510 	472 	465
f 411 	4484 	516
f 510 	465 	1351
f 520 	279 	518
f 522 	279 	520
f 482 	472 	523
f 514 	521 	515
f 523 	483 	482
f 523 	472 	510
f 510 	1340 	523
f 527 	540 	529
f 527 	535 	540
f 539 	519 	525
f 1386 	532 	530
f 539 	298 	3639
f 1432 	456 	491
f 582 	583 	479
f 529 	540 	541
f 1469 	1432 	491
f 529 	541 	533
f 533 	419 	417
f 541 	419 	533
f 535 	515 	540
f 535 	514 	515
f 525 	298 	539
f 540 	425 	541
f 517 	298 	525
f 540 	515 	425
f 428 	419 	541
f 425 	428 	541
f 539 	547 	519
f 549 	474 	544
f 544 	555 	549
f 697 	519 	547
f 544 	551 	555
f 500 	4484 	502
f 554 	502 	4484
f 4482 	568 	4484
f 557 	4484 	568
f 554 	4484 	557
f 549 	555 	565
f 551 	4360 	555
f 576 	566 	4482
f 561 	4482 	560
f 562 	4482 	561
f 549 	563 	473
f 563 	549 	565
f 560 	4482 	566
f 567 	555 	559
f 568 	4482 	562
f 548 	552 	569
f 555 	567 	565
f 3299 	571 	279
f 571 	573 	381
f 381 	382 	571
f 3392 	571 	3299
f 573 	571 	575
f 559 	574 	567
f 365 	325 	976
f 324 	976 	325
f 575 	571 	577
f 324 	319 	976
f 578 	579 	3393
f 3393 	579 	577
f 405 	351 	431
f 1622 	479 	583
f 581 	582 	479
f 4482 	584 	576
f 4482 	586 	584
f 548 	569 	550
f 550 	569 	514
f 591 	569 	552
f 550 	514 	535
f 4482 	590 	586
f 595 	590 	4482
f 569 	592 	514
f 569 	591 	592
f 592 	521 	514
f 497 	591 	626
f 626 	629 	497
f 642 	597 	4482
f 581 	537 	582
f 601 	602 	379
f 609 	610 	479
f 602 	603 	379
f 603 	611 	379
f 611 	599 	379
f 379 	599 	4126
f 621 	601 	594
f 379 	594 	601
f 610 	553 	537
f 610 	609 	553
f 610 	624 	479
f 479 	624 	581
f 618 	626 	552
f 618 	625 	626
f 626 	591 	552
f 625 	629 	626
f 625 	627 	629
f 588 	572 	607
f 317 	4126 	599
f 704 	706 	3395
f 630 	632 	627
f 3393 	633 	578
f 593 	3173 	594
f 630 	627 	625
f 669 	3395 	668
f 633 	3393 	634
f 537 	624 	610
f 624 	537 	581
f 609 	479 	476
f 553 	609 	476
f 553 	476 	431
f 641 	4482 	640
f 642 	4482 	641
f 597 	595 	4482
f 621 	594 	649
f 648 	649 	594
f 648 	594 	653
f 631 	654 	632
f 1105 	1107 	637
f 632 	655 	627
f 632 	654 	655
f 650 	656 	639
f 653 	594 	652
f 651 	652 	594
f 654 	3690 	655
f 977 	980 	637
f 980 	481 	637
f 481 	482 	637
f 482 	483 	637
f 483 	530 	637
f 519 	697 	768
f 530 	532 	637
f 706 	716 	3395
f 866 	658 	650
f 650 	661 	656
f 1401 	1524 	637
f 658 	661 	650
f 1524 	1530 	637
f 1530 	1532 	637
f 1532 	1511 	637
f 637 	1511 	1512
f 1512 	1545 	637
f 1545 	1548 	637
f 637 	1548 	1549
f 1549 	1551 	637
f 1551 	752 	637
f 668 	3395 	667
f 667 	3395 	680
f 680 	3395 	713
f 3395 	692 	3393
f 679 	3329 	3462
f 651 	3329 	679
f 693 	658 	676
f 658 	693 	661
f 753 	637 	752
f 637 	753 	722
f 634 	3393 	686
f 747 	700 	4494
f 703 	705 	258
f 737 	738 	4494
f 4482 	4494 	691
f 700 	690 	4494
f 669 	692 	3395
f 686 	3393 	692
f 691 	640 	4482
f 631 	2098 	698
f 698 	654 	631
f 697 	596 	614
f 596 	588 	614
f 690 	691 	4494
f 588 	607 	614
f 766 	525 	519
f 768 	766 	519
f 718 	258 	705
f 718 	712 	258
f 696 	708 	698
f 693 	705 	661
f 696 	702 	708
f 705 	703 	661
f 698 	709 	654
f 791 	661 	703
f 698 	708 	709
f 547 	596 	697
f 3690 	654 	709
f 713 	3395 	711
f 714 	258 	712
f 714 	710 	258
f 712 	693 	714
f 693 	676 	714
f 699 	715 	702
f 3395 	716 	711
f 714 	676 	710
f 693 	718 	705
f 702 	715 	719
f 637 	722 	723
f 712 	718 	693
f 637 	723 	724
f 637 	724 	1209
f 715 	687 	719
f 1209 	1188 	637
f 697 	614 	726
f 637 	1188 	1189
f 1189 	1190 	637
f 614 	727 	726
f 702 	719 	708
f 728 	607 	849
f 719 	3731 	708
f 727 	614 	607
f 728 	727 	607
f 722 	734 	723
f 898 	682 	648
f 648 	682 	649
f 737 	4494 	736
f 730 	733 	818
f 720 	732 	721
f 822 	736 	4494
f 729 	732 	720
f 778 	774 	822
f 734 	1232 	723
f 724 	723 	1232
f 773 	822 	774
f 1232 	1236 	724
f 736 	822 	742
f 730 	743 	733
f 656 	725 	639
f 656 	745 	725
f 725 	745 	729
f 637 	532 	1399
f 746 	732 	729
f 749 	747 	4494
f 4494 	738 	749
f 637 	1399 	1401
f 745 	746 	729
f 746 	931 	732
f 743 	730 	278
f 743 	772 	733
f 755 	728 	849
f 310 	743 	278
f 745 	771 	746
f 733 	759 	820
f 656 	762 	745
f 790 	791 	258
f 661 	762 	656
f 758 	767 	1309
f 753 	770 	722
f 762 	771 	745
f 758 	1309 	756
f 770 	734 	722
f 792 	822 	863
f 790 	258 	803
f 733 	772 	759
f 759 	767 	758
f 955 	746 	771
f 814 	822 	793
f 772 	767 	759
f 1581 	788 	770
f 743 	310 	783
f 726 	768 	697
f 743 	783 	772
f 770 	784 	734
f 772 	783 	1317
f 772 	1317 	767
f 788 	784 	770
f 256 	836 	258
f 791 	703 	258
f 661 	791 	762
f 778 	822 	814
f 783 	310 	316
f 790 	762 	791
f 803 	762 	790
f 808 	762 	803
f 340 	807 	4488
f 836 	256 	839
f 801 	981 	813
f 762 	808 	771
f 813 	818 	801
f 813 	730 	818
f 393 	730 	813
f 801 	818 	804
f 804 	820 	920
f 818 	820 	804
f 525 	766 	765
f 390 	393 	811
f 1603 	499 	794
f 293 	825 	807
f 813 	811 	393
f 825 	812 	807
f 825 	517 	812
f 818 	733 	820
f 517 	765 	764
f 525 	765 	517
f 393 	278 	730
f 824 	870 	823
f 293 	307 	825
f 307 	298 	825
f 764 	812 	517
f 829 	921 	831
f 920 	921 	829
f 803 	258 	836
f 836 	839 	808
f 803 	836 	808
f 839 	256 	845
f 839 	845 	808
f 824 	491 	456
f 607 	572 	849
f 572 	851 	849
f 851 	862 	849
f 862 	755 	849
f 462 	264 	258
f 755 	862 	833
f 868 	658 	866
f 850 	869 	852
f 338 	363 	868
f 852 	870 	877
f 869 	870 	852
f 676 	658 	868
f 710 	461 	258
f 676 	868 	363
f 869 	823 	870
f 462 	258 	461
f 872 	679 	3462
f 363 	461 	676
f 710 	676 	461
f 652 	651 	872
f 679 	872 	651
f 872 	3462 	883
f 1628 	880 	879
f 872 	883 	881
f 882 	929 	888
f 898 	653 	872
f 652 	872 	653
f 648 	653 	898
f 465 	890 	453
f 870 	897 	877
f 881 	898 	872
f 890 	877 	897
f 897 	453 	890
f 876 	4180 	902
f 879 	878 	1628
f 902 	1088 	876
f 824 	897 	870
f 824 	456 	897
f 897 	456 	453
f 910 	909 	1631
f 949 	1631 	909
f 1633 	947 	4166
f 804 	920 	827
f 915 	4338 	919
f 4336 	4338 	915
f 827 	920 	829
f 721 	732 	923
f 920 	926 	921
f 923 	887 	721
f 926 	920 	820
f 923 	928 	887
f 887 	928 	902
f 820 	759 	926
f 928 	1104 	902
f 929 	882 	1628
f 931 	923 	732
f 880 	1628 	882
f 934 	924 	929
f 924 	888 	929
f 931 	1165 	923
f 746 	955 	931
f 955 	1201 	931
f 602 	945 	603
f 603 	945 	611
f 601 	682 	602
f 621 	682 	601
f 986 	987 	4580
f 4336 	915 	913
f 919 	850 	922
f 256 	326 	1060
f 4338 	850 	919
f 850 	852 	922
f 947 	1633 	948
f 948 	1633 	949
f 957 	4166 	947
f 1165 	931 	1201
f 877 	959 	956
f 317 	599 	979
f 611 	945 	599
f 2367 	1221 	964
f 2367 	964 	965
f 2367 	965 	966
f 2367 	966 	967
f 959 	890 	962
f 877 	890 	959
f 890 	465 	962
f 962 	465 	472
f 1636 	944 	933
f 944 	975 	933
f 376 	975 	944
f 933 	975 	936
f 936 	981 	938
f 975 	981 	936
f 942 	938 	801
f 915 	919 	1125
f 981 	801 	938
f 801 	804 	942
f 1125 	919 	972
f 942 	804 	827
f 972 	919 	974
f 922 	974 	919
f 985 	986 	4580
f 974 	956 	977
f 922 	956 	974
f 413 	365 	976
f 977 	959 	980
f 956 	959 	977
f 985 	4580 	988
f 980 	962 	481
f 959 	962 	980
f 944 	417 	376
f 962 	472 	481
f 956 	922 	852
f 975 	376 	811
f 376 	390 	811
f 852 	877 	956
f 975 	811 	981
f 988 	4580 	971
f 811 	813 	981
f 992 	942 	827
f 992 	827 	994
f 827 	829 	994
f 1001 	935 	929
f 934 	929 	935
f 990 	1011 	823
f 824 	823 	1011
f 1004 	1017 	1006
f 491 	824 	1011
f 1004 	1015 	1017
f 999 	1010 	929
f 1018 	1007 	1006
f 1001 	929 	1010
f 1010 	999 	1012
f 1018 	1006 	1017
f 1012 	999 	1013
f 1018 	1019 	1007
f 999 	1014 	1013
f 999 	1016 	1014
f 1007 	1019 	1008
f 1019 	992 	1008
f 1024 	4575 	1032
f 1020 	1022 	990
f 1025 	4575 	1024
f 1026 	4575 	1025
f 1031 	4575 	1033
f 1019 	942 	992
f 990 	1022 	1011
f 1008 	992 	1009
f 1022 	498 	1011
f 1009 	994 	1084
f 992 	994 	1009
f 1020 	1029 	1022
f 1027 	1029 	1020
f 1030 	955 	771
f 1029 	499 	1022
f 1015 	933 	1017
f 1017 	936 	1018
f 1022 	499 	498
f 1017 	933 	936
f 1030 	771 	808
f 1019 	1018 	938
f 1251 	1253 	1027
f 1027 	1253 	1029
f 936 	938 	1018
f 1029 	794 	499
f 1300 	4575 	1026
f 938 	942 	1019
f 2372 	2367 	1002
f 1037 	2367 	967
f 1040 	1041 	2372
f 1041 	1082 	2372
f 1084 	994 	1044
f 1033 	4575 	1046
f 1092 	1083 	4579
f 1048 	4579 	1047
f 1046 	4579 	1048
f 1083 	1047 	4579
f 995 	1066 	999
f 829 	1044 	994
f 1016 	999 	1051
f 1049 	1038 	1109
f 1054 	1051 	1066
f 999 	1066 	1051
f 845 	256 	1056
f 256 	1060 	1056
f 1078 	1079 	2372
f 808 	845 	1030
f 1055 	1054 	1066
f 2375 	2372 	1070
f 1056 	1030 	845
f 1063 	2372 	1062
f 1059 	1030 	1060
f 1056 	1060 	1030
f 1066 	995 	1057
f 1061 	1062 	2372
f 829 	831 	1044
f 831 	1049 	1044
f 831 	826 	1049
f 1049 	826 	1038
f 1078 	2372 	1082
f 1079 	1080 	2372
f 1076 	913 	1107
f 1007 	1008 	1090
f 1008 	1009 	1090
f 1107 	913 	1123
f 1085 	1067 	2372
f 1067 	1061 	2372
f 1123 	913 	915
f 1077 	1015 	1004
f 1065 	4385 	1068
f 1090 	1091 	1118
f 4344 	1071 	1069
f 2372 	1080 	1093
f 2372 	1093 	1085
f 1075 	1074 	1066
f 1074 	1055 	1066
f 1714 	1715 	1090
f 1715 	1717 	1090
f 1717 	1077 	1090
f 1077 	1004 	1090
f 1004 	1006 	1090
f 1087 	1322 	1323
f 1006 	1007 	1090
f 1099 	1098 	1066
f 1075 	1066 	1098
f 902 	1104 	1088
f 1084 	1090 	1009
f 1090 	1084 	1108
f 1108 	1109 	1090
f 1099 	1066 	1101
f 1101 	1066 	1102
f 898 	881 	1117
f 1109 	1091 	1090
f 1088 	1106 	1089
f 1117 	682 	898
f 1118 	1091 	1036
f 1104 	1106 	1088
f 1091 	1038 	1036
f 881 	1487 	1117
f 1084 	1044 	1108
f 1044 	1049 	1108
f 649 	682 	621
f 945 	602 	682
f 1108 	1049 	1109
f 1113 	567 	4548
f 567 	574 	4548
f 1133 	2375 	1142
f 1109 	1038 	1091
f 1090 	1118 	1120
f 1120 	1122 	1090
f 682 	1117 	1115
f 563 	565 	1111
f 1090 	1122 	1124
f 1124 	1127 	1090
f 567 	1113 	565
f 1111 	565 	1113
f 1090 	1127 	1128
f 1130 	2375 	1129
f 1128 	1131 	1090
f 1103 	1071 	1105
f 1103 	1069 	1071
f 1105 	1071 	1076
f 1129 	2375 	1133
f 1142 	2375 	1151
f 1134 	1138 	1115
f 1105 	1076 	1107
f 1138 	1134 	1135
f 1115 	1527 	1134
f 1135 	976 	979
f 1115 	1138 	682
f 1136 	2375 	1070
f 915 	1125 	1123
f 682 	1138 	945
f 945 	1138 	979
f 1124 	1228 	1127
f 1138 	1135 	979
f 637 	1125 	972
f 1135 	1134 	471
f 637 	972 	974
f 1135 	471 	454
f 928 	1121 	1104
f 1121 	1145 	1104
f 474 	1134 	1527
f 1104 	1145 	1106
f 2375 	1137 	1151
f 826 	1152 	1153
f 1135 	454 	976
f 826 	831 	1152
f 1152 	1162 	1163
f 1152 	1163 	1153
f 826 	1153 	1147
f 974 	977 	637
f 1173 	1148 	1157
f 1147 	1156 	1210
f 1156 	1147 	1153
f 1148 	1286 	1157
f 1168 	1156 	1153
f 1312 	1361 	1145
f 921 	1152 	831
f 637 	1190 	1193
f 923 	1165 	928
f 637 	1193 	1195
f 637 	1195 	1103
f 1103 	1105 	637
f 1163 	1168 	1153
f 637 	1107 	1123
f 1171 	1141 	1154
f 1141 	1171 	1140
f 1165 	1121 	928
f 1196 	1197 	1337
f 1274 	326 	1273
f 1274 	1059 	326
f 1176 	1337 	1175
f 1177 	1337 	1176
f 1183 	1175 	1337
f 1173 	1157 	1264
f 1264 	1154 	1173
f 1162 	1152 	921
f 921 	926 	1162
f 1125 	637 	1123
f 756 	1163 	1162
f 1177 	1185 	1337
f 758 	756 	1162
f 759 	758 	926
f 1162 	926 	758
f 1118 	1199 	1120
f 1036 	1199 	1118
f 1196 	1337 	1202
f 1199 	1203 	1120
f 1190 	1065 	1193
f 1190 	1216 	1065
f 1199 	1212 	1203
f 1193 	1068 	1195
f 1193 	1065 	1068
f 1103 	1195 	1069
f 1195 	1068 	1069
f 1038 	1147 	1036
f 1038 	826 	1147
f 1147 	1210 	1036
f 1199 	1036 	1210
f 1210 	1212 	1199
f 724 	1236 	1209
f 822 	2029 	1337
f 84 	1337 	2029
f 1183 	1337 	1197
f 1189 	1214 	1190
f 1216 	1190 	1214
f 863 	822 	1219
f 1218 	1219 	822
f 792 	793 	822
f 1203 	1122 	1120
f 1221 	2367 	1223
f 408 	1223 	2367
f 1122 	1224 	1124
f 1214 	4391 	1216
f 1203 	1224 	1122
f 1218 	822 	1225
f 1222 	4391 	1214
f 1224 	1228 	1124
f 1228 	1230 	1127
f 1127 	1230 	1128
f 1201 	1231 	1165
f 1876 	1131 	1128
f 1131 	1876 	1878
f 1201 	1256 	1231
f 1209 	1236 	1239
f 1228 	1224 	1259
f 1165 	1231 	1121
f 1307 	1559 	1306
f 1239 	1188 	1209
f 1188 	1239 	1214
f 822 	1337 	1185
f 1189 	1188 	1214
f 1225 	822 	1242
f 1187 	1242 	822
f 1187 	822 	1185
f 1297 	1232 	734
f 1030 	1245 	955
f 1236 	1220 	1239
f 1060 	326 	1059
f 1239 	1222 	1214
f 1220 	1222 	1239
f 1274 	1245 	1059
f 1203 	1212 	1246
f 1246 	1212 	1283
f 1201 	955 	1245
f 794 	1029 	1253
f 1245 	1256 	1201
f 3009 	794 	1253
f 1203 	1246 	1224
f 1246 	1259 	1224
f 1202 	1337 	1213
f 4574 	1262 	1263
f 1285 	1337 	1263
f 784 	1297 	734
f 1266 	4574 	1265
f 1262 	4574 	1266
f 1301 	1271 	4574
f 1301 	4574 	4575
f 1298 	1236 	1232
f 1315 	1312 	1231
f 1154 	1264 	1171
f 1265 	4574 	1271
f 1256 	1315 	1231
f 1298 	1268 	1277
f 1228 	1278 	1230
f 1259 	1278 	1228
f 1273 	1276 	1245
f 1274 	1273 	1245
f 1030 	1059 	1245
f 1156 	1159 	1210
f 4404 	1220 	1277
f 4561 	1277 	1268
f 1210 	1159 	1212
f 1337 	1282 	1213
f 1282 	1337 	1284
f 1285 	1284 	1337
f 1245 	1289 	1256
f 1159 	1283 	1212
f 1277 	4396 	4404
f 1277 	4561 	4396
f 1269 	4397 	1270
f 1148 	1287 	1286
f 1272 	4397 	1269
f 1438 	1442 	1283
f 1276 	1559 	1291
f 1276 	1291 	1245
f 1289 	1245 	1291
f 1259 	1434 	1278
f 1298 	1232 	1297
f 1291 	1559 	1302
f 1307 	1302 	1559
f 1220 	1236 	1298
f 784 	1299 	1297
f 1438 	1283 	1159
f 1301 	4575 	1300
f 1302 	1289 	1291
f 485 	1287 	496
f 1306 	1289 	1307
f 1302 	1307 	1289
f 1206 	4397 	1217
f 1462 	1423 	1306
f 1309 	1310 	756
f 1312 	1145 	1121
f 1231 	1312 	1121
f 1316 	1309 	767
f 1315 	1377 	1312
f 767 	1317 	1316
f 1310 	1309 	1339
f 1113 	4545 	1111
f 1339 	1345 	1310
f 1268 	1298 	1297
f 1268 	1297 	1299
f 1317 	1325 	1326
f 1298 	1277 	1220
f 563 	1111 	1308
f 1087 	1323 	3662
f 1317 	1326 	1316
f 1322 	1089 	1106
f 1326 	1354 	1316
f 1106 	1332 	1322
f 783 	1325 	1317
f 1322 	1087 	1089
f 1322 	1329 	1323
f 1325 	783 	316
f 1328 	1448 	1330
f 1329 	1322 	1332
f 1329 	1333 	1323
f 1272 	1227 	4397
f 1217 	4397 	1227
f 1432 	1448 	1328
f 4574 	1263 	1337
f 316 	460 	1325
f 1106 	1145 	1332
f 84 	90 	1337
f 881 	883 	1341
f 1337 	92 	4574
f 1316 	1339 	1309
f 1339 	1355 	1345
f 1341 	883 	1344
f 1346 	1329 	1332
f 1329 	2228 	1333
f 510 	1352 	1340
f 1354 	1339 	1316
f 2228 	2231 	1333
f 1351 	1352 	510
f 1352 	1357 	1340
f 1332 	1145 	1361
f 1354 	1355 	1339
f 1340 	1357 	1347
f 1308 	1287 	485
f 485 	563 	1308
f 1325 	1360 	1326
f 1332 	1361 	1346
f 460 	1360 	1325
f 1363 	1326 	1360
f 453 	1328 	1351
f 1233 	4417 	1371
f 1328 	1330 	1351
f 1351 	1330 	1352
f 1326 	1363 	1354
f 1487 	881 	1341
f 1363 	1526 	1354
f 1233 	1371 	1344
f 1344 	1371 	1341
f 1354 	1526 	1355
f 2547 	1347 	1357
f 1361 	1377 	1378
f 1360 	460 	59
f 1349 	1347 	2547
f 2548 	1349 	2547
f 1363 	1360 	1541
f 59 	1541 	1360
f 1363 	1543 	1526
f 483 	523 	1382
f 1383 	1159 	1156
f 1156 	1168 	1383
f 1382 	530 	483
f 1383 	1438 	1159
f 1173 	484 	1148
f 1387 	1168 	1163
f 1386 	530 	1382
f 1378 	1346 	1361
f 1386 	1382 	1347
f 1382 	523 	1340
f 1387 	1163 	756
f 1168 	1387 	1397
f 1361 	1312 	1377
f 1386 	1389 	532
f 532 	1389 	1399
f 1401 	1399 	1407
f 1389 	1407 	1399
f 1401 	1408 	1524
f 1407 	1408 	1401
f 1378 	2267 	2282
f 1382 	1340 	1347
f 1389 	1386 	1349
f 1347 	1349 	1386
f 1407 	1389 	1349
f 1383 	1168 	1397
f 1349 	2551 	1407
f 1423 	1315 	1256
f 1383 	1425 	1438
f 1397 	1425 	1383
f 756 	1310 	1387
f 1154 	432 	1173
f 1289 	1423 	1256
f 1458 	1387 	1310
f 2552 	2555 	1408
f 1397 	1459 	1425
f 484 	496 	1148
f 1148 	496 	1287
f 1283 	1433 	1246
f 1246 	1433 	1259
f 1433 	1434 	1259
f 1283 	1442 	1433
f 1442 	1446 	1433
f 1439 	1102 	1066
f 1423 	1418 	1315
f 1433 	1446 	1434
f 1328 	456 	1432
f 1489 	1462 	4413
f 1449 	1438 	1425
f 1438 	1449 	1442
f 1442 	1455 	1446
f 1449 	1455 	1442
f 1418 	1377 	1315
f 1425 	1461 	1449
f 1387 	1458 	1397
f 1466 	1066 	1457
f 1466 	1471 	1066
f 1477 	3886 	1481
f 1458 	1459 	1397
f 1432 	1474 	1448
f 1469 	1474 	1432
f 1479 	1485 	3886
f 1459 	1461 	1425
f 1461 	1468 	1449
f 491 	498 	1469
f 1289 	1306 	1423
f 1481 	1066 	1471
f 1461 	1565 	1468
f 1476 	3886 	1477
f 1066 	1481 	3886
f 1449 	1468 	1455
f 1478 	3886 	1476
f 1489 	4413 	1493
f 1495 	3886 	1485
f 1478 	1479 	3886
f 1310 	1345 	1458
f 1345 	1482 	1458
f 1482 	1459 	1458
f 1564 	1459 	1482
f 1460 	1418 	1423
f 1488 	1469 	498
f 1341 	1491 	1487
f 498 	499 	1488
f 1583 	1586 	1482
f 1371 	1491 	1341
f 4547 	1491 	1371
f 1493 	1460 	1489
f 1489 	1423 	1462
f 1510 	1117 	1487
f 1423 	1489 	1460
f 1487 	1491 	1534
f 1459 	1564 	1461
f 1510 	1487 	1534
f 2076 	1474 	1469
f 1461 	1564 	1565
f 2076 	2080 	1474
f 1488 	499 	1603
f 1117 	1510 	1115
f 1345 	1583 	1482
f 1515 	3886 	1513
f 1502 	1513 	3886
f 1115 	1510 	1527
f 1510 	1544 	1527
f 1583 	1355 	1533
f 1534 	1544 	1510
f 1552 	4413 	1537
f 1512 	1555 	1545
f 4549 	1544 	1534
f 1542 	4121 	1539
f 1539 	4121 	1531
f 1524 	1410 	1530
f 1408 	1410 	1524
f 1355 	1526 	1533
f 1534 	4550 	4549
f 2567 	1530 	1410
f 474 	1527 	544
f 1363 	1541 	1543
f 1526 	1547 	1533
f 1543 	1547 	1526
f 4413 	1552 	1493
f 1493 	1552 	1460
f 544 	1527 	1544
f 1512 	1511 	2562
f 1552 	1537 	1460
f 1544 	4549 	551
f 1512 	2562 	1555
f 1544 	551 	544
f 1555 	1556 	1545
f 1642 	3395 	1558
f 3395 	135 	1558
f 1273 	326 	1559
f 1545 	1556 	1548
f 1541 	475 	1543
f 135 	124 	1558
f 475 	480 	1543
f 1575 	1551 	1549
f 752 	1551 	1578
f 1551 	1575 	1578
f 1273 	1559 	1276
f 1577 	1057 	1576
f 1462 	1306 	1559
f 1559 	4413 	1462
f 1543 	480 	1547
f 1511 	2561 	2562
f 1511 	1532 	2561
f 1530 	2567 	1532
f 1057 	1593 	1066
f 2575 	1555 	2562
f 1057 	1568 	1570
f 1548 	1556 	1574
f 1556 	2600 	1574
f 1569 	178 	479
f 1574 	1549 	1548
f 1574 	1575 	1549
f 1642 	1639 	3395
f 1565 	2081 	1468
f 752 	1581 	753
f 1355 	1583 	1345
f 752 	1578 	1581
f 1569 	193 	178
f 1581 	770 	753
f 1057 	1577 	1592
f 1595 	1066 	1594
f 1624 	1630 	1066
f 1617 	1558 	124
f 1575 	1574 	2600
f 1482 	1586 	1564
f 1575 	1587 	1608
f 1564 	1590 	1565
f 1570 	1576 	1057
f 1586 	1590 	1564
f 1608 	1578 	1575
f 1057 	1592 	1593
f 1617 	1620 	1558
f 1602 	1583 	1533
f 1586 	1604 	1590
f 1623 	1611 	1569
f 2598 	2600 	1556
f 1604 	2099 	1590
f 1587 	1575 	2600
f 582 	1588 	583
f 1600 	583 	1588
f 2613 	1587 	2600
f 1583 	1602 	1586
f 1558 	1643 	1642
f 1594 	1066 	1593
f 1624 	1066 	1595
f 1602 	1604 	1586
f 479 	1622 	1569
f 1588 	582 	537
f 1610 	1533 	1547
f 1569 	1611 	1612
f 1533 	1610 	1602
f 1602 	1613 	1604
f 1602 	1610 	1613
f 1615 	1616 	1617
f 1635 	1612 	1600
f 1617 	1616 	1618
f 699 	1604 	1613
f 1611 	1600 	1612
f 1628 	1608 	1587
f 1618 	1619 	1617
f 1610 	2201 	1613
f 1612 	1635 	1655
f 1610 	2199 	2201
f 1621 	1558 	1620
f 1619 	1620 	1617
f 1623 	1569 	1622
f 1630 	1669 	1066
f 1578 	1608 	1626
f 1617 	124 	123
f 1670 	1673 	1066
f 1600 	1623 	1622
f 1626 	1581 	1578
f 1623 	1600 	1611
f 1626 	788 	1581
f 583 	1600 	1622
f 1675 	1066 	1673
f 1626 	1608 	1631
f 1631 	1608 	1628
f 1626 	1631 	1633
f 949 	1633 	1631
f 1633 	788 	1626
f 704 	3395 	1639
f 878 	1631 	1628
f 1643 	1558 	1621
f 912 	910 	1631
f 878 	912 	1631
f 822 	4494 	4317
f 1655 	1569 	1612
f 1675 	1456 	1066
f 1636 	933 	1015
f 773 	742 	822
f 1647 	1660 	1649
f 1647 	1658 	1660
f 1671 	1672 	1569
f 1671 	1569 	1655
f 1645 	1655 	1635
f 1750 	1751 	198
f 1625 	1661 	1636
f 1625 	1651 	1661
f 944 	1636 	1661
f 1696 	529 	1651
f 1654 	1666 	1668
f 1661 	1651 	533
f 1670 	1066 	1669
f 1651 	529 	533
f 1663 	1569 	1672
f 533 	417 	1661
f 1654 	1668 	1658
f 1661 	417 	944
f 1645 	1663 	1672
f 351 	1658 	1668
f 1672 	1671 	1645
f 1457 	1066 	1456
f 1655 	1645 	1671
f 355 	1660 	351
f 1625 	1752 	1685
f 1676 	1693 	1678
f 1676 	1837 	1693
f 1663 	1684 	1569
f 1678 	1693 	1696
f 193 	1569 	1684
f 1701 	1693 	1837
f 1678 	1696 	1685
f 1685 	1651 	1625
f 1685 	1696 	1651
f 1700 	1703 	1699
f 1693 	527 	1696
f 1693 	1701 	527
f 529 	1696 	527
f 550 	1701 	1846
f 1991 	1707 	1700
f 1701 	550 	535
f 1703 	1700 	639
f 1701 	535 	527
f 1707 	639 	1700
f 1625 	1708 	1752
f 1707 	650 	639
f 1708 	1625 	1636
f 1708 	1636 	1015
f 2036 	1713 	1711
f 1713 	1718 	1711
f 1663 	1765 	1684
f 1713 	1722 	1718
f 1712 	1723 	1714
f 1718 	1802 	1783
f 1718 	1722 	1802
f 1720 	1723 	1712
f 1790 	190 	198
f 1789 	1788 	1684
f 1714 	1723 	1734
f 1778 	190 	1777
f 1741 	123 	216
f 1705 	1735 	1645
f 1741 	216 	190
f 1743 	1732 	2108
f 1732 	1745 	1740
f 1778 	1779 	190
f 1743 	1745 	1732
f 1745 	1747 	1740
f 1705 	1645 	1635
f 1714 	1734 	1715
f 1740 	1747 	1742
f 1752 	1717 	1715
f 1742 	1753 	2502
f 1789 	1684 	1794
f 1747 	1753 	1742
f 1790 	198 	1751
f 1752 	1715 	1734
f 1717 	1752 	1708
f 1756 	1743 	1711
f 1718 	1756 	1711
f 1743 	1756 	1745
f 1717 	1708 	1077
f 1708 	1015 	1077
f 1756 	1771 	1745
f 1774 	1775 	1684
f 1774 	1684 	1765
f 1745 	1771 	1747
f 1765 	1645 	1735
f 2802 	1766 	1767
f 2802 	1767 	1768
f 2802 	1770 	1766
f 1663 	1645 	1765
f 1801 	1741 	1803
f 1771 	1772 	1747
f 1747 	1772 	1753
f 1793 	1777 	190
f 1741 	190 	1779
f 1803 	1741 	1779
f 1761 	1775 	1735
f 1617 	123 	1741
f 1781 	1770 	2802
f 1756 	1783 	1771
f 1718 	1783 	1756
f 1775 	1774 	1735
f 1765 	1735 	1774
f 1771 	1786 	1772
f 1783 	1786 	1771
f 1790 	1791 	190
f 190 	1791 	1793
f 1789 	1761 	1788
f 1858 	1788 	1761
f 1794 	1684 	1775
f 1761 	1794 	1775
f 1761 	1789 	1794
f 1802 	1835 	1783
f 1783 	1835 	1786
f 1797 	1788 	1882
f 1617 	1741 	1615
f 1801 	1615 	1741
f 1835 	1836 	1786
f 2802 	1798 	1781
f 1788 	1797 	1684
f 1810 	1722 	1697
f 1723 	1678 	1734
f 1806 	1805 	2809
f 1798 	2809 	1805
f 1806 	2809 	1807
f 1722 	1810 	1802
f 1685 	1752 	1734
f 1802 	1812 	1835
f 1734 	1678 	1685
f 1810 	1812 	1802
f 1815 	1697 	1699
f 1815 	1699 	1703
f 1131 	1817 	1090
f 1818 	1090 	1817
f 1697 	1815 	1810
f 1858 	1882 	1788
f 1818 	1820 	1090
f 1815 	1819 	1810
f 1820 	1712 	1090
f 1703 	4144 	1815
f 1714 	1090 	1712
f 1815 	4144 	1819
f 1797 	4451 	1684
f 1810 	1819 	1812
f 1131 	1878 	1817
f 1820 	1720 	1712
f 1720 	1676 	1723
f 1808 	2809 	1824
f 1676 	1678 	1723
f 1825 	1824 	1842
f 1786 	1828 	1772
f 1828 	1786 	1836
f 1827 	1735 	1705
f 1842 	1834 	1839
f 1827 	1840 	1735
f 1839 	1825 	1842
f 1845 	2708 	1836
f 1840 	1761 	1735
f 1833 	1979 	1843
f 1824 	2809 	1842
f 1812 	1845 	1835
f 1833 	1846 	1837
f 1835 	1845 	1836
f 1833 	1843 	1846
f 1701 	1837 	1846
f 1849 	1845 	1812
f 1834 	1842 	1847
f 1840 	1911 	1929
f 1812 	1819 	1849
f 1849 	1853 	1845
f 1854 	1843 	1841
f 1842 	1867 	1855
f 1843 	1854 	548
f 720 	721 	1849
f 1843 	548 	1846
f 1861 	1859 	1842
f 1860 	1842 	1859
f 1907 	1988 	2531
f 1840 	1929 	1858
f 1846 	548 	550
f 1858 	1761 	1840
f 1854 	2034 	618
f 1867 	1842 	1869
f 1854 	552 	548
f 1874 	1797 	1873
f 1854 	618 	552
f 1872 	1869 	1842
f 1873 	1858 	1874
f 1128 	1230 	1876
f 1870 	1872 	1842
f 1870 	1842 	1860
f 1818 	1817 	1881
f 1875 	2132 	2102
f 1883 	1797 	1882
f 1542 	1884 	4121
f 1881 	1817 	1878
f 1910 	1912 	4121
f 1881 	1886 	1818
f 1855 	1880 	1842
f 1897 	1881 	1878
f 1881 	1898 	1886
f 2342 	1887 	1888
f 1818 	1886 	1820
f 1886 	1720 	1820
f 1876 	1902 	1878
f 1878 	1902 	1897
f 1898 	1881 	1897
f 1886 	1898 	1899
f 1886 	1899 	1720
f 1676 	1720 	1899
f 1897 	1973 	1979
f 1899 	1898 	1833
f 1899 	1833 	1837
f 1899 	1837 	1676
f 1230 	1900 	1876
f 1900 	1230 	1278
f 1900 	1902 	1876
f 1883 	1873 	1797
f 1858 	1883 	1882
f 1873 	1883 	1858
f 1905 	1893 	1842
f 1880 	1905 	1842
f 1891 	2342 	1893
f 1866 	1895 	1908
f 1866 	1908 	1868
f 1884 	1910 	4121
f 1913 	1915 	4121
f 1912 	1913 	4121
f 1930 	1931 	4121
f 1868 	1908 	2131
f 1926 	1933 	2049
f 1842 	2342 	1847
f 275 	3916 	2049
f 1875 	1868 	2131
f 1925 	1926 	2049
f 1933 	1939 	2049
f 1920 	1930 	4121
f 1915 	1920 	4121
f 2037 	1929 	1911
f 1939 	1942 	2049
f 1931 	1932 	4121
f 1940 	1860 	1859
f 1911 	1840 	1827
f 2073 	4121 	1932
f 1940 	1977 	1860
f 1970 	2212 	1942
f 1861 	1940 	1859
f 1895 	1892 	2203
f 1908 	1895 	2210
f 379 	2073 	2586
f 1874 	2008 	1797
f 1977 	1940 	1938
f 1858 	1929 	1937
f 1952 	2073 	1955
f 1880 	1855 	1949
f 1867 	1949 	1855
f 1966 	2073 	1965
f 1950 	1980 	1957
f 1950 	1978 	1980
f 1960 	2073 	1959
f 2059 	1941 	1963
f 1949 	1969 	1956
f 1941 	1957 	1963
f 1959 	2073 	1966
f 1949 	1867 	1969
f 2049 	1942 	2212
f 1900 	1922 	1902
f 1922 	1973 	1902
f 1869 	1975 	1969
f 1869 	1969 	1867
f 1872 	1977 	1975
f 1872 	1975 	1869
f 1977 	1872 	1870
f 1897 	1902 	1973
f 1947 	1978 	1950
f 1860 	1977 	1870
f 1916 	2212 	1971
f 1970 	1971 	2212
f 2393 	4424 	1887
f 1916 	1917 	2212
f 1898 	1897 	1979
f 1957 	1984 	1963
f 1833 	1898 	1979
f 2009 	2016 	1922
f 1984 	1957 	1980
f 1961 	2073 	1960
f 1699 	1963 	1984
f 1991 	1984 	1980
f 1699 	1984 	1700
f 1991 	1700 	1984
f 1963 	1699 	1697
f 1997 	2073 	1996
f 1978 	1987 	1980
f 1992 	2393 	1893
f 1986 	1987 	1978
f 1987 	1991 	1980
f 2049 	2531 	1999
f 1988 	1989 	2531
f 1943 	2586 	2051
f 1997 	2000 	2073
f 1996 	2073 	2004
f 2004 	2073 	1961
f 1987 	1986 	1998
f 1999 	2005 	2049
f 2013 	1797 	2008
f 2003 	1987 	1998
f 2156 	4449 	2014
f 1937 	1874 	1858
f 2020 	1841 	1973
f 2003 	1991 	1987
f 1973 	1841 	1979
f 1979 	1841 	1843
f 2003 	1707 	1991
f 1278 	2009 	1900
f 2009 	1278 	1434
f 1937 	1974 	2008
f 2011 	2049 	2010
f 2011 	2017 	2049
f 2009 	1922 	1900
f 1937 	2008 	1874
f 2009 	1434 	2012
f 1434 	1446 	2012
f 2012 	2016 	2009
f 2014 	2013 	1974
f 2012 	2023 	2016
f 2024 	2049 	2017
f 2008 	1974 	2013
f 1998 	2018 	2003
f 1973 	1922 	2020
f 1998 	1649 	2018
f 1922 	2016 	2020
f 2156 	2014 	1974
f 2003 	2018 	866
f 1949 	1956 	1992
f 1446 	2021 	2012
f 2028 	2038 	2049
f 2027 	2049 	2025
f 2029 	822 	4317
f 2028 	2049 	2027
f 2021 	2023 	2012
f 2016 	2023 	2031
f 2016 	2031 	2020
f 347 	84 	2029
f 2131 	2158 	2030
f 2026 	2032 	2035
f 2020 	2034 	1841
f 2020 	2031 	2034
f 1854 	1841 	2034
f 1893 	1905 	1992
f 1905 	1880 	1992
f 1949 	1992 	1880
f 2021 	2056 	2023
f 2046 	2049 	2041
f 2023 	2061 	2031
f 2030 	2158 	2043
f 2031 	2045 	2034
f 2043 	2047 	2030
f 1357 	1352 	2048
f 2034 	2045 	618
f 1989 	1999 	2531
f 1352 	1330 	2048
f 630 	2045 	2061
f 1330 	2058 	2048
f 1944 	2586 	1943
f 2051 	2586 	2050
f 2030 	2047 	2036
f 2045 	630 	625
f 2045 	625 	618
f 2021 	1446 	1455
f 2047 	1713 	2036
f 1357 	2054 	2547
f 2021 	1455 	2052
f 2050 	2586 	2055
f 2055 	2586 	2000
f 2048 	2054 	1357
f 1455 	1468 	2052
f 2043 	1941 	2047
f 2052 	2056 	2021
f 2043 	2187 	1941
f 1330 	1448 	2058
f 2047 	1941 	2059
f 1448 	2072 	2058
f 2061 	2023 	2056
f 2061 	2045 	2031
f 2058 	2062 	2048
f 2058 	2074 	2062
f 2072 	2074 	2058
f 2064 	2056 	2052
f 2048 	2062 	2054
f 1448 	1474 	2072
f 2022 	2037 	1911
f 2081 	2064 	2052
f 2056 	2064 	2066
f 2047 	2059 	1713
f 2056 	2066 	2061
f 2026 	2035 	2069
f 2059 	1722 	1713
f 2068 	2069 	2035
f 630 	2061 	2066
f 2035 	2071 	2068
f 1697 	1722 	2059
f 2104 	2095 	2074
f 2098 	631 	2064
f 1963 	1697 	2059
f 1469 	1488 	2076
f 2064 	631 	2066
f 2066 	632 	630
f 2066 	631 	632
f 1952 	1953 	2073
f 2080 	2072 	1474
f 1468 	2081 	2052
f 2089 	2091 	2073
f 2072 	2090 	2074
f 1965 	2073 	1953
f 2080 	2090 	2072
f 1590 	2083 	1565
f 2090 	2106 	2074
f 2033 	2085 	2037
f 2033 	2079 	2085
f 2037 	2085 	1929
f 2010 	2049 	2005
f 2089 	2073 	1932
f 2091 	2092 	2073
f 1955 	2073 	2092
f 2233 	2106 	2090
f 2079 	2096 	2085
f 1565 	2083 	2081
f 2064 	2081 	2098
f 2083 	2098 	2081
f 2079 	2093 	2096
f 2024 	2025 	2049
f 2085 	2096 	1937
f 1590 	2099 	2083
f 2038 	2041 	2049
f 2099 	696 	2083
f 2085 	1937 	1929
f 2062 	2074 	2095
f 702 	696 	2099
f 2083 	696 	2098
f 2098 	696 	698
f 1604 	699 	2099
f 2093 	2170 	2096
f 1974 	1937 	2096
f 699 	702 	2099
f 2104 	2074 	2106
f 2046 	1925 	2049
f 2125 	183 	2122
f 1865 	2108 	2077
f 2122 	2130 	2125
f 2127 	2076 	1488
f 2128 	2130 	2122
f 1865 	2102 	2108
f 2125 	2159 	183
f 2077 	1732 	2941
f 204 	161 	2128
f 2077 	2108 	1732
f 2107 	2128 	161
f 1732 	1740 	2941
f 2122 	204 	2128
f 2168 	2169 	2291
f 2204 	2291 	2169
f 2127 	1488 	1603
f 2212 	1919 	2134
f 1919 	2212 	1917
f 2107 	2137 	2128
f 2127 	2138 	2076
f 2128 	2137 	2130
f 1875 	2131 	2132
f 1750 	198 	1755
f 2102 	2132 	2143
f 2147 	2148 	2212
f 309 	2212 	2148
f 2127 	2154 	2138
f 2076 	2138 	2080
f 2102 	2143 	2108
f 2138 	2233 	2080
f 2113 	2219 	2222
f 2143 	1743 	2108
f 3826 	3834 	2151
f 2152 	2127 	1603
f 2014 	4449 	2013
f 2151 	2137 	2107
f 2166 	309 	2155
f 2148 	2155 	309
f 2152 	2154 	2127
f 2030 	2132 	2131
f 2132 	2030 	2036
f 3044 	2160 	2152
f 2132 	2036 	2143
f 2152 	2160 	2154
f 2160 	2163 	2154
f 2143 	1711 	1743
f 2036 	1711 	2143
f 198 	309 	2178
f 2159 	489 	175
f 2182 	309 	2166
f 175 	183 	2159
f 2156 	1974 	2191
f 489 	2162 	2157
f 2159 	2162 	489
f 2191 	4449 	2156
f 2162 	2164 	2157
f 2141 	2168 	2291
f 2043 	2158 	2165
f 2093 	2113 	2170
f 2125 	2171 	2159
f 2159 	2171 	2162
f 2192 	2291 	2208
f 2162 	2172 	2164
f 2178 	2179 	198
f 2171 	2172 	2162
f 2192 	2174 	2291
f 2175 	2176 	2291
f 2193 	1057 	2176
f 2193 	2194 	1057
f 2180 	1755 	198
f 2172 	2234 	2164
f 2182 	2178 	309
f 198 	2179 	2180
f 2185 	4446 	2188
f 2186 	4446 	2191
f 2183 	2171 	2125
f 2170 	1974 	2096
f 2181 	2184 	2160
f 2125 	2130 	2183
f 2183 	2260 	2171
f 2160 	2184 	2163
f 2161 	2173 	2165
f 2165 	2173 	2187
f 2188 	4446 	2186
f 3269 	2190 	2181
f 2197 	2208 	2291
f 2181 	2195 	2184
f 2171 	2260 	2172
f 2181 	2190 	2195
f 2165 	2187 	2043
f 2400 	1947 	2173
f 2170 	2185 	2188
f 2130 	2261 	2183
f 2170 	2188 	2186
f 2130 	2137 	2261
f 2173 	1950 	2187
f 2170 	2186 	2191
f 2170 	2191 	1974
f 2173 	1947 	1950
f 4446 	2185 	2222
f 2187 	1950 	1957
f 2254 	2195 	2310
f 2184 	2195 	2254
f 2187 	1957 	1941
f 1547 	480 	2199
f 276 	2195 	2190
f 2197 	2291 	2196
f 2196 	2291 	2204
f 2203 	1892 	2198
f 1613 	2201 	2207
f 2214 	2217 	2201
f 2201 	2217 	2207
f 1895 	2203 	2210
f 1613 	2207 	699
f 2158 	2131 	1908
f 2049 	2212 	275
f 480 	2213 	2199
f 2134 	2147 	2212
f 1908 	2210 	2158
f 309 	311 	2212
f 2199 	2214 	2201
f 2213 	2214 	2199
f 2214 	2232 	2217
f 2229 	2232 	2214
f 2207 	2217 	2309
f 2203 	2161 	2210
f 2210 	2165 	2158
f 2210 	2161 	2165
f 2123 	2533 	2219
f 2157 	2164 	2213
f 2219 	2113 	2123
f 2219 	4446 	2222
f 2214 	2213 	2229
f 2185 	2170 	2222
f 2170 	2113 	2222
f 3676 	1333 	2225
f 2224 	1978 	1947
f 279 	2195 	276
f 1329 	1346 	2228
f 2164 	2229 	2213
f 2164 	2234 	2229
f 2140 	2141 	2291
f 1333 	2231 	2225
f 2140 	2291 	2135
f 2080 	2233 	2090
f 2235 	2106 	2233
f 2231 	2236 	2225
f 2135 	2298 	2142
f 2250 	2237 	2298
f 2239 	2233 	2138
f 2138 	2154 	2239
f 2229 	2238 	2232
f 2239 	2246 	2233
f 2231 	2249 	2236
f 2234 	2238 	2229
f 2154 	2163 	2239
f 2221 	2230 	2243
f 2242 	2228 	1346
f 2251 	2246 	2163
f 2184 	2254 	2163
f 2221 	2243 	2224
f 1986 	1978 	2224
f 2245 	2106 	2235
f 2242 	1346 	1378
f 2242 	2247 	2228
f 2235 	2233 	2246
f 3961 	2238 	2234
f 2247 	2231 	2228
f 2239 	2163 	2246
f 2247 	2249 	2231
f 2237 	2142 	2298
f 2255 	2247 	2242
f 2311 	2246 	2251
f 2251 	2163 	2254
f 2251 	2254 	2355
f 2310 	2367 	2254
f 2250 	2298 	2259
f 2277 	2259 	2298
f 2299 	2301 	3638
f 3626 	3644 	2304
f 2276 	2277 	3618
f 2227 	2263 	2230
f 29 	2268 	2368
f 2260 	2297 	2172
f 2224 	2243 	1986
f 2375 	2295 	2527
f 2261 	2264 	2183
f 2230 	2266 	2243
f 2183 	2264 	2260
f 2281 	2285 	2375
f 2271 	2527 	2270
f 2269 	2270 	2527
f 2137 	2151 	2274
f 137 	2273 	2268
f 2274 	2261 	2137
f 2261 	2274 	2258
f 2267 	1378 	1377
f 3834 	2274 	2151
f 2279 	2280 	2375
f 3834 	3897 	2274
f 2618 	2278 	929
f 2258 	2264 	2261
f 2267 	1377 	1418
f 2281 	2375 	2280
f 2279 	2375 	1130
f 2618 	929 	1628
f 2264 	3980 	2286
f 2278 	999 	929
f 2278 	995 	999
f 2886 	3409 	2278
f 2230 	2263 	2266
f 2243 	2266 	2293
f 1057 	995 	3409
f 2291 	1057 	3409
f 2297 	2234 	2172
f 2295 	2375 	2287
f 2297 	3961 	2234
f 2298 	2135 	2291
f 2297 	3964 	3961
f 1986 	2243 	2293
f 3618 	2277 	2298
f 1998 	1986 	2293
f 2264 	2286 	2260
f 3618 	3626 	2305
f 2286 	2297 	2260
f 2286 	3964 	2297
f 2276 	3618 	2303
f 2303 	3618 	2305
f 2304 	2305 	3626
f 2232 	2238 	202
f 2285 	2287 	2375
f 2302 	202 	205
f 2302 	205 	197
f 2275 	2269 	2527
f 2238 	209 	202
f 2207 	715 	699
f 3644 	3638 	2304
f 2207 	2309 	715
f 2282 	2242 	1378
f 687 	715 	2309
f 2301 	2306 	3638
f 2302 	2309 	2217
f 2282 	2255 	2242
f 2217 	2232 	2302
f 2310 	2195 	279
f 2309 	2302 	197
f 389 	2367 	2310
f 279 	389 	2310
f 202 	2302 	2232
f 2267 	1418 	2313
f 2199 	1610 	1547
f 2340 	2341 	4554
f 1537 	4413 	2341
f 1460 	2313 	1418
f 2315 	2317 	2368
f 2332 	2330 	2527
f 2321 	2282 	2267
f 2111 	3633 	2109
f 2114 	3633 	2111
f 2263 	2300 	2323
f 2315 	2368 	2325
f 2109 	2343 	2112
f 2120 	3633 	2114
f 2271 	2326 	2527
f 2326 	2327 	2527
f 2263 	2323 	2266
f 2332 	2527 	2327
f 2328 	2527 	2330
f 1647 	2293 	2266
f 2355 	2311 	2251
f 2323 	1647 	2266
f 2293 	1647 	1649
f 2357 	2314 	2311
f 2293 	1649 	1998
f 2313 	2321 	2267
f 2146 	2343 	2144
f 3749 	1654 	2300
f 2321 	2461 	2282
f 2146 	2149 	2343
f 2300 	1654 	2323
f 2112 	2343 	2149
f 2323 	1658 	1647
f 2323 	1654 	1658
f 1666 	1654 	3749
f 2119 	3633 	2120
f 2282 	2461 	2255
f 2343 	2109 	3633
f 2339 	3469 	2337
f 2328 	2329 	2527
f 2337 	2349 	2370
f 2115 	3633 	2119
f 2337 	2370 	2339
f 1842 	1893 	2342
f 1891 	1887 	2342
f 2145 	2144 	2343
f 2344 	2203 	2198
f 2346 	2368 	2345
f 2325 	2368 	2346
f 2336 	2527 	2329
f 2198 	2339 	2344
f 2341 	2313 	1460
f 2344 	2161 	2203
f 2133 	2136 	2343
f 2340 	2313 	2341
f 2348 	2368 	2347
f 2345 	2368 	2348
f 2351 	2347 	2368
f 2136 	2139 	2343
f 2341 	1460 	1537
f 2314 	2362 	2324
f 2357 	2362 	2314
f 2145 	2343 	2139
f 2340 	2350 	2313
f 2497 	2489 	2342
f 2352 	2313 	2350
f 2340 	4554 	2350
f 2355 	2357 	2311
f 2367 	2372 	2355
f 2355 	2372 	2357
f 2364 	2365 	2527
f 2313 	2352 	2321
f 2355 	2254 	2367
f 4554 	2369 	2350
f 4554 	2371 	2369
f 2384 	4131 	2398
f 2339 	2370 	2376
f 2357 	2375 	2362
f 1956 	3419 	2360
f 2372 	2375 	2357
f 2527 	2365 	2383
f 2527 	2383 	2373
f 2306 	2304 	3638
f 2398 	2368 	2401
f 1891 	2393 	1887
f 1037 	1002 	2367
f 1002 	1040 	2372
f 1891 	1893 	2393
f 2370 	2408 	2376
f 2391 	2393 	1992
f 1136 	1137 	2375
f 1063 	1070 	2372
f 2339 	2376 	2344
f 2360 	3534 	2391
f 2360 	2391 	1956
f 2344 	2400 	2161
f 2344 	2376 	2400
f 2391 	1992 	1956
f 2400 	2173 	2161
f 2049 	2262 	2402
f 2401 	2368 	2406
f 2349 	2439 	2370
f 2371 	2352 	2369
f 2369 	2352 	2350
f 2408 	2370 	2439
f 2371 	2496 	2352
f 2406 	2368 	2317
f 2505 	2352 	2496
f 2174 	2175 	2291
f 2419 	1057 	2194
f 2419 	2420 	1057
f 2291 	2176 	1057
f 2236 	2249 	2412
f 1567 	1057 	2428
f 2427 	2428 	1057
f 2415 	2249 	2247
f 1568 	1057 	1567
f 2427 	1057 	2420
f 2376 	2408 	2424
f 2415 	2247 	2255
f 2425 	2249 	2415
f 2376 	2424 	2400
f 2412 	2249 	2425
f 2400 	2424 	1947
f 2412 	2425 	2022
f 2408 	2221 	2424
f 2224 	1947 	2424
f 2424 	2221 	2224
f 2255 	2440 	2415
f 2439 	2349 	2436
f 2381 	2446 	2382
f 2425 	2415 	2033
f 2436 	2443 	2439
f 2415 	2440 	2033
f 2436 	2441 	2443
f 2439 	2443 	2445
f 2425 	2033 	2037
f 2037 	2022 	2425
f 2408 	2439 	2445
f 2221 	2408 	2445
f 2381 	2379 	2446
f 2386 	2387 	2446
f 2440 	2453 	2079
f 2453 	2093 	2079
f 3801 	2227 	2443
f 2387 	2390 	2446
f 2390 	2396 	2446
f 2416 	2504 	2417
f 2227 	3801 	3696
f 2395 	2446 	2396
f 2374 	2519 	2527
f 2079 	2033 	2440
f 2504 	2416 	2507
f 2374 	2527 	2373
f 2443 	2227 	2445
f 2445 	2230 	2221
f 2445 	2227 	2230
f 2433 	2512 	2492
f 2433 	2509 	2512
f 2519 	2523 	2527
f 2523 	2500 	2527
f 2379 	2386 	2446
f 2490 	2491 	2514
f 2466 	2469 	2938
f 2466 	1742 	2469
f 2255 	2461 	2440
f 2459 	2477 	2460
f 2321 	2478 	2461
f 2469 	2477 	2459
f 2321 	2352 	2478
f 2477 	2480 	2460
f 2461 	2453 	2440
f 2486 	3689 	2342
f 2362 	2507 	2324
f 2478 	2453 	2461
f 2507 	2416 	2324
f 2514 	2527 	2490
f 137 	2492 	2273
f 2486 	2342 	2489
f 2500 	2490 	2527
f 2497 	2342 	1888
f 1740 	1742 	2466
f 1742 	2502 	2469
f 2469 	2502 	2477
f 2477 	2506 	2480
f 2504 	2509 	2417
f 2502 	2506 	2477
f 2417 	2509 	2433
f 2494 	2498 	2343
f 2133 	2343 	2499
f 2478 	2352 	2505
f 2507 	2514 	2504
f 1753 	2556 	2502
f 2506 	2502 	2556
f 2488 	2495 	2343
f 2498 	2499 	2343
f 2496 	4554 	2526
f 2507 	2527 	2514
f 2514 	2528 	2504
f 2496 	2526 	2505
f 2480 	2521 	2460
f 2494 	2343 	2495
f 2504 	2528 	2509
f 4554 	2533 	2526
f 2509 	2531 	2512
f 2528 	2531 	2509
f 2530 	2522 	2480
f 2521 	2480 	2522
f 2530 	2532 	2522
f 2531 	2402 	2512
f 2362 	2375 	2527
f 2527 	2507 	2362
f 2336 	2364 	2527
f 2488 	2343 	2484
f 2522 	2532 	2524
f 2532 	2535 	2524
f 2493 	2553 	2514
f 2640 	2641 	2514
f 2506 	2537 	2480
f 2049 	2402 	2531
f 2275 	2527 	2295
f 2480 	2537 	2530
f 2512 	2540 	2492
f 2530 	2541 	2532
f 2492 	2540 	2273
f 3085 	593 	2540
f 2512 	2402 	2540
f 2537 	2541 	2530
f 2553 	2554 	2514
f 2554 	2578 	2514
f 2493 	2514 	2491
f 2547 	2054 	2548
f 2623 	2548 	2054
f 2558 	2537 	2506
f 2485 	2343 	2482
f 2484 	2343 	2485
f 2558 	2565 	2537
f 1407 	2551 	2552
f 2571 	2572 	2533
f 2537 	2565 	2541
f 2482 	2343 	2481
f 1407 	2552 	1408
f 2479 	2481 	2446
f 1408 	2555 	1410
f 2539 	2453 	2478
f 2533 	2577 	2571
f 2548 	2551 	1349
f 2123 	2582 	2533
f 2552 	2551 	2631
f 2548 	2631 	2551
f 2473 	2446 	2474
f 2479 	2446 	2473
f 2475 	2446 	2476
f 2474 	2446 	2475
f 2506 	2556 	2558
f 2539 	2093 	2453
f 1532 	2567 	2561
f 2561 	2570 	2562
f 2571 	2539 	2572
f 2561 	2574 	2570
f 2556 	1753 	2573
f 2570 	2575 	2562
f 2539 	2505 	2572
f 1753 	1772 	2573
f 2578 	2579 	2514
f 2580 	2514 	2579
f 2577 	2533 	2582
f 2539 	2571 	2577
f 2577 	2582 	2539
f 2582 	2113 	2539
f 2583 	2567 	1410
f 2555 	2583 	1410
f 2368 	2268 	2586
f 2583 	2574 	2567
f 2476 	2446 	2471
f 2567 	2574 	2561
f 2585 	2514 	2584
f 2619 	2620 	2586
f 2073 	2000 	2586
f 2582 	2123 	2113
f 2539 	2113 	2093
f 2573 	2590 	2556
f 2580 	2584 	2514
f 2556 	2590 	2558
f 2590 	2592 	2558
f 2539 	2478 	2505
f 2489 	2497 	4424
f 2558 	2592 	2565
f 2593 	2514 	2585
f 4424 	2497 	1888
f 1888 	1887 	4424
f 2592 	2628 	2565
f 2601 	2602 	2514
f 2609 	2601 	2514
f 2572 	2526 	2533
f 2470 	2446 	2467
f 2465 	2468 	2446
f 2526 	2572 	2505
f 1772 	1828 	2573
f 2467 	2446 	2468
f 2471 	2446 	2470
f 2693 	2590 	2573
f 2496 	2371 	4554
f 2598 	1556 	1555
f 2575 	2598 	1555
f 2609 	2514 	2593
f 4446 	2219 	2533
f 2616 	2514 	2602
f 2570 	2843 	2575
f 2575 	2843 	2858
f 2541 	2605 	2532
f 2532 	2605 	2535
f 2858 	2598 	2575
f 2598 	2858 	2613
f 2605 	2610 	2535
f 2598 	2613 	2600
f 2611 	2605 	2541
f 2541 	2565 	2611
f 2611 	2615 	2605
f 2611 	2630 	2615
f 2628 	2630 	2611
f 1587 	2613 	2618
f 1628 	1587 	2618
f 2620 	2351 	2586
f 2368 	2586 	2351
f 2618 	2613 	2278
f 2616 	2654 	2514
f 2548 	2623 	2660
f 2605 	2615 	2610
f 2463 	2465 	2446
f 2062 	2095 	2054
f 2611 	2565 	2628
f 2632 	2555 	2552
f 2446 	2395 	2463
f 2630 	3229 	2615
f 2631 	2632 	2552
f 2625 	2633 	2586
f 2586 	2633 	2635
f 2555 	2632 	2658
f 2583 	2555 	2658
f 2446 	2481 	2343
f 2586 	2639 	2619
f 2641 	2642 	2514
f 2642 	2668 	2514
f 2586 	2635 	2639
f 2663 	2632 	2631
f 2625 	2586 	2651
f 2657 	2586 	1944
f 2640 	2514 	2654
f 2623 	2054 	2095
f 2651 	2586 	2657
f 2660 	2631 	2548
f 2660 	2663 	2631
f 2658 	2632 	2664
f 2663 	2664 	2632
f 2669 	2528 	2668
f 2660 	2623 	2677
f 2660 	2684 	2663
f 2677 	2684 	2660
f 2663 	2694 	2664
f 2677 	2623 	2095
f 2740 	2630 	2628
f 2684 	2694 	2663
f 2677 	2709 	2684
f 2573 	1828 	2693
f 2693 	2700 	2590
f 2693 	2706 	2700
f 2590 	2700 	2592
f 1836 	2702 	1828
f 2709 	2712 	2684
f 2684 	2712 	2694
f 1828 	2702 	2693
f 2702 	2706 	2693
f 2104 	2707 	2095
f 2095 	2707 	2677
f 1836 	2708 	2702
f 2707 	2709 	2677
f 2104 	2106 	2718
f 2708 	2719 	2702
f 2718 	2707 	2104
f 2718 	2721 	2707
f 2446 	2699 	2382
f 2709 	2707 	2721
f 2702 	2719 	2706
f 2709 	2727 	2712
f 2721 	2727 	2709
f 2446 	2698 	2699
f 1845 	1853 	2708
f 2749 	2688 	2687
f 2718 	2756 	2721
f 2687 	2691 	2749
f 2691 	2692 	2749
f 2721 	2758 	2727
f 2738 	2592 	2700
f 2592 	2738 	2628
f 2698 	2749 	2692
f 2738 	2740 	2628
f 2583 	2658 	2891
f 2700 	2742 	2738
f 2658 	2664 	2902
f 2706 	2742 	2700
f 2664 	2943 	2902
f 2902 	2891 	2658
f 2446 	2749 	2698
f 2446 	344 	2749
f 2943 	2664 	2694
f 2749 	2678 	2688
f 2646 	2035 	2647
f 2718 	2106 	2245
f 2756 	2718 	2245
f 2756 	2758 	2721
f 2644 	2035 	2646
f 2235 	2246 	2764
f 2680 	2679 	2749
f 2764 	2245 	2235
f 2764 	2766 	2245
f 2245 	2766 	2756
f 2756 	2772 	2758
f 2766 	2772 	2756
f 2643 	2035 	2644
f 2764 	2314 	2766
f 2324 	2772 	2766
f 2682 	2681 	2749
f 2764 	2246 	2311
f 2681 	2680 	2749
f 2678 	2749 	2679
f 2799 	2742 	2706
f 2683 	2682 	2749
f 2719 	2799 	2706
f 2799 	3407 	2742
f 2032 	2762 	2035
f 2650 	2035 	2649
f 3655 	3659 	2802
f 1768 	2998 	2802
f 876 	2799 	2719
f 2802 	2809 	1798
f 2649 	2035 	2643
f 1808 	1807 	2809
f 2673 	2683 	2749
f 3941 	1842 	2809
f 2311 	2314 	2764
f 2314 	2324 	2766
f 2840 	2815 	2812
f 2815 	2840 	2841
f 2762 	2647 	2035
f 2841 	2816 	2815
f 2324 	2416 	2772
f 2816 	2826 	2819
f 2035 	2650 	2749
f 2819 	2826 	1865
f 2826 	2102 	1865
f 2819 	1865 	2822
f 2673 	2749 	2672
f 1875 	2102 	2826
f 2831 	3066 	2836
f 2831 	2836 	2832
f 2836 	2838 	2834
f 2836 	2834 	2832
f 2672 	2749 	2650
f 2834 	2838 	2812
f 2839 	2812 	2838
f 2812 	2839 	2840
f 2574 	2583 	2891
f 2035 	2844 	2075
f 2841 	2826 	2816
f 2035 	2749 	2844
f 4317 	3450 	2075
f 2836 	2883 	2838
f 2075 	2844 	4317
f 2883 	2839 	2838
f 2840 	2839 	1866
f 2343 	3073 	342
f 2840 	1866 	1868
f 2840 	1868 	2841
f 342 	2446 	2343
f 1875 	2826 	2841
f 2749 	344 	347
f 2844 	2749 	347
f 2844 	347 	2029
f 2841 	1868 	1875
f 2843 	2914 	2858
f 2843 	2905 	2914
f 2886 	2613 	2858
f 2883 	2836 	2860
f 2886 	2278 	2613
f 995 	2278 	3409
f 2574 	2890 	2570
f 2890 	2574 	2891
f 2843 	2570 	2890
f 2839 	2883 	2894
f 2894 	1866 	2839
f 3259 	3265 	2860
f 2891 	2900 	2890
f 2860 	3267 	2883
f 2891 	2902 	2900
f 2890 	2900 	2905
f 3267 	1892 	2883
f 2905 	2843 	2890
f 2762 	2915 	2647
f 2883 	1892 	2894
f 2894 	1895 	1866
f 2894 	1892 	1895
f 2945 	2819 	2822
f 3025 	2896 	2927
f 2935 	2945 	2822
f 2895 	2927 	2896
f 1865 	2077 	2822
f 3025 	2927 	3026
f 2077 	2935 	2822
f 2935 	2941 	2937
f 2935 	2077 	2941
f 2905 	3031 	2914
f 2937 	2941 	2938
f 2466 	2938 	2941
f 2887 	2888 	2927
f 2938 	2469 	2459
f 2886 	2858 	2914
f 2927 	2888 	2990
f 3409 	2886 	2914
f 2941 	1740 	2466
f 2902 	2943 	2944
f 2889 	2990 	2888
f 2892 	2990 	2889
f 2895 	2887 	2927
f 2984 	2985 	2945
f 2902 	2944 	2900
f 2819 	2945 	2816
f 2892 	2947 	2990
f 2947 	2950 	2990
f 2949 	2990 	2950
f 2935 	2937 	2945
f 2937 	2938 	2945
f 2938 	2459 	2945
f 2459 	2460 	2945
f 2460 	2521 	2945
f 2069 	2990 	2959
f 2521 	2522 	2945
f 2522 	2524 	2945
f 2524 	2970 	2945
f 2970 	2973 	2945
f 2973 	2975 	2945
f 2921 	2920 	2990
f 2524 	2535 	2970
f 2959 	2990 	2920
f 2905 	2900 	2968
f 2945 	2969 	2981
f 2900 	2944 	2968
f 2068 	2990 	2069
f 3031 	2905 	2968
f 2945 	2975 	2969
f 3016 	3010 	2944
f 3011 	2968 	2944
f 2973 	3096 	2975
f 2762 	2978 	2915
f 2069 	2959 	2026
f 2026 	2959 	2032
f 2945 	2981 	2982
f 2987 	2968 	3011
f 2977 	2976 	2959
f 2032 	2959 	2976
f 2032 	2976 	2978
f 2032 	2978 	2762
f 2982 	2984 	2945
f 2920 	2977 	2959
f 2986 	2968 	2987
f 2986 	2989 	2968
f 329 	2927 	4398
f 2992 	2991 	2802
f 2949 	2921 	2990
f 2987 	2979 	2986
f 4398 	2927 	2990
f 2990 	2068 	2071
f 2992 	2802 	2998
f 2986 	2979 	2989
f 1251 	3005 	1253
f 3002 	3005 	1251
f 3005 	3009 	1253
f 2945 	2985 	2831
f 3011 	2944 	3010
f 2831 	2832 	2945
f 2945 	2832 	2834
f 2987 	3011 	2979
f 2834 	2812 	2945
f 2812 	2815 	2945
f 2945 	2815 	2816
f 3005 	3030 	3009
f 3010 	3294 	3011
f 3030 	3041 	3009
f 3016 	2944 	3020
f 3018 	3024 	3002
f 3016 	3294 	3010
f 3002 	3024 	3005
f 435 	4618 	434
f 433 	3153 	438
f 434 	477 	433
f 3024 	3030 	3005
f 3409 	2914 	3031
f 469 	3148 	3034
f 438 	3148 	469
f 3033 	3148 	3038
f 3007 	322 	3008
f 3013 	322 	3007
f 3008 	322 	254
f 3012 	329 	3013
f 3017 	329 	3012
f 322 	3013 	329
f 3037 	1603 	794
f 794 	3009 	3037
f 3037 	2152 	1603
f 2968 	3071 	3031
f 3041 	3037 	3009
f 2969 	3087 	3088
f 3044 	2152 	3037
f 2981 	2969 	3088
f 3041 	3044 	3037
f 3093 	3094 	3031
f 3069 	3070 	2968
f 3098 	3031 	3072
f 2984 	3059 	2985
f 2985 	3059 	3066
f 3028 	3026 	2927
f 3063 	3042 	3416
f 3040 	3028 	2927
f 3017 	3039 	329
f 3030 	3266 	3041
f 3266 	3269 	3041
f 3071 	2968 	3070
f 3041 	3269 	3044
f 3044 	2181 	2160
f 3039 	3040 	329
f 3072 	3031 	3071
f 2927 	329 	3040
f 2181 	3044 	3269
f 3071 	3042 	3072
f 3070 	3042 	3071
f 3063 	3072 	3042
f 3018 	3077 	3024
f 3073 	358 	361
f 3074 	3077 	3018
f 3073 	361 	342
f 3077 	3079 	3024
f 3030 	3024 	3079
f 2985 	3066 	2831
f 342 	344 	2446
f 3059 	3259 	3066
f 3093 	3031 	3098
f 3093 	3098 	3063
f 3084 	3077 	3074
f 3063 	3098 	3072
f 2860 	2836 	3066
f 2273 	2540 	593
f 3083 	3084 	3074
f 3066 	3259 	2860
f 3085 	2540 	2262
f 3042 	3070 	3048
f 3069 	3048 	3070
f 2402 	2262 	2540
f 3089 	3085 	2262
f 3089 	429 	3090
f 3048 	2989 	2979
f 3075 	3165 	3076
f 3069 	2968 	2989
f 3159 	2982 	2981
f 2989 	3048 	3069
f 3092 	2973 	2970
f 3089 	427 	429
f 3092 	2970 	2535
f 3092 	3096 	2973
f 3094 	3093 	3063
f 3087 	2969 	2975
f 3096 	3087 	2975
f 3087 	3162 	3088
f 2943 	3145 	3146
f 3104 	3162 	3087
f 3146 	3149 	2943
f 2610 	3092 	2535
f 2694 	3160 	2943
f 2610 	3114 	3092
f 3114 	2610 	3208
f 3092 	3114 	3096
f 3084 	3086 	3077
f 3114 	3104 	3096
f 3077 	3086 	3079
f 3109 	4093 	3110
f 3110 	4093 	4036
f 3096 	3104 	3087
f 4093 	3109 	1233
f 3083 	3133 	3152
f 3083 	3152 	3084
f 3106 	1233 	3109
f 3084 	3122 	3086
f 1233 	3106 	3105
f 23 	272 	3117
f 3149 	3151 	2944
f 3183 	3189 	3136
f 3132 	3167 	3117
f 3179 	3183 	3136
f 3136 	3189 	3137
f 2944 	2943 	3149
f 3189 	3193 	3137
f 3140 	2944 	3151
f 3133 	3155 	3152
f 3132 	3125 	3149
f 3146 	3132 	3149
f 3145 	3132 	3146
f 3151 	3149 	3125
f 3122 	3084 	3152
f 3137 	3154 	3131
f 3131 	3154 	3133
f 3165 	3075 	3148
f 3125 	3140 	3151
f 3148 	438 	3153
f 3153 	433 	477
f 3154 	3155 	3133
f 3114 	3207 	3104
f 3152 	3157 	3122
f 3208 	3207 	3114
f 3132 	3182 	3167
f 1814 	1813 	3165
f 3088 	3159 	2981
f 3155 	3157 	3152
f 3088 	3163 	3159
f 3148 	3147 	3165
f 3147 	3158 	3165
f 2982 	3161 	2984
f 3159 	3161 	2982
f 1233 	3105 	3101
f 1233 	3101 	3100
f 1233 	3100 	3103
f 3161 	3059 	2984
f 3156 	1814 	3165
f 3158 	3156 	3165
f 2694 	2712 	3160
f 3088 	3162 	3163
f 3159 	3166 	3161
f 3034 	3148 	3033
f 3212 	3160 	3215
f 3163 	3166 	3159
f 1829 	3217 	1830
f 2943 	3160 	3176
f 3161 	3166 	3302
f 3212 	3213 	3160
f 3161 	3302 	3059
f 3302 	3259 	3059
f 3038 	3148 	3075
f 3145 	2943 	3176
f 3176 	3160 	3180
f 1822 	3214 	1813
f 3193 	3195 	3154
f 3154 	3195 	3155
f 1830 	3214 	1822
f 23 	3117 	3167
f 3155 	3200 	3157
f 3180 	3160 	3209
f 3195 	3200 	3155
f 3168 	3162 	3104
f 78 	23 	3167
f 3215 	3160 	3237
f 3167 	3188 	78
f 593 	3085 	3173
f 3170 	4606 	3171
f 3099 	3080 	3165
f 3132 	3145 	3176
f 3180 	3182 	3176
f 3132 	3176 	3182
f 3163 	3328 	3166
f 3185 	3099 	3165
f 3080 	3076 	3165
f 3179 	3171 	3224
f 3224 	3226 	3179
f 3183 	3179 	3226
f 3211 	1813 	3210
f 3188 	3167 	3182
f 3210 	1813 	3214
f 3154 	3137 	3193
f 3209 	3182 	3180
f 3209 	3160 	3213
f 3197 	3165 	3196
f 3165 	3197 	3198
f 3165 	3198 	3185
f 3214 	1830 	3217
f 3165 	1813 	3211
f 3200 	3323 	3157
f 3203 	3196 	3165
f 3248 	3251 	3200
f 3204 	2528 	2669
f 2528 	2514 	2668
f 3204 	3223 	2528
f 3292 	3157 	3323
f 3207 	3168 	3104
f 3188 	182 	78
f 2610 	2615 	3208
f 3189 	3235 	3193
f 3211 	3203 	3165
f 3213 	3212 	3188
f 3213 	3188 	3182
f 3212 	3215 	3188
f 3248 	3200 	3195
f 3209 	3213 	3182
f 3323 	3200 	3251
f 3217 	1829 	3228
f 3223 	3257 	2528
f 1834 	1847 	1829
f 3228 	1829 	3227
f 3226 	3230 	3183
f 3227 	1847 	3232
f 3275 	3276 	2528
f 2615 	3229 	3208
f 3289 	2528 	3290
f 3208 	3220 	3207
f 3183 	3230 	3189
f 3229 	3220 	3208
f 3230 	3235 	3189
f 3215 	3237 	3188
f 3235 	3241 	3193
f 3241 	3195 	3193
f 3245 	3246 	3247
f 3247 	3237 	3245
f 3241 	3248 	3195
f 2712 	2727 	3245
f 3160 	2712 	3245
f 3245 	3253 	3246
f 3229 	3390 	3236
f 3236 	3220 	3229
f 3276 	3277 	2528
f 3257 	3275 	2528
f 3277 	3290 	2528
f 3160 	3245 	3237
f 493 	1847 	492
f 3245 	3260 	3253
f 1847 	3429 	265
f 3253 	3260 	161
f 3263 	204 	182
f 3259 	3262 	3265
f 182 	3188 	3263
f 3267 	2860 	3265
f 3266 	3030 	3079
f 3188 	3237 	3263
f 161 	3263 	3253
f 3247 	3246 	3263
f 3246 	3253 	3263
f 3263 	161 	204
f 3266 	3079 	3272
f 3237 	3247 	3263
f 3079 	3086 	3272
f 3272 	3274 	3266
f 513 	1847 	493
f 3266 	3274 	3269
f 3775 	3796 	161
f 2107 	161 	3796
f 3274 	2190 	3269
f 3285 	3272 	3086
f 3316 	3325 	1847
f 3285 	3086 	3122
f 3283 	3288 	3278
f 3272 	3287 	3274
f 3287 	3272 	3285
f 3287 	3291 	3274
f 3274 	3291 	2190
f 3278 	3288 	271
f 3262 	3468 	3265
f 3292 	3122 	3157
f 3262 	3465 	3468
f 3292 	3285 	3122
f 3296 	3297 	1847
f 3292 	3293 	3285
f 2198 	1892 	3267
f 3294 	3283 	3391
f 3267 	3469 	2198
f 3285 	3293 	3287
f 3287 	3298 	3291
f 3293 	3298 	3287
f 3298 	3299 	3291
f 3292 	3326 	3293
f 3391 	2979 	3294
f 3294 	3308 	3283
f 2528 	3315 	3330
f 3334 	3335 	2531
f 2190 	3291 	276
f 3283 	3308 	3288
f 3321 	4445 	3322
f 3291 	3299 	276
f 3308 	3117 	3288
f 3317 	3318 	4445
f 3322 	4445 	3318
f 279 	276 	3299
f 3321 	3324 	4445
f 3485 	4445 	3480
f 3296 	1847 	3320
f 3320 	1847 	3341
f 3288 	3117 	272
f 3162 	3168 	3327
f 3011 	3294 	2979
f 3327 	3163 	3162
f 4444 	3369 	4445
f 3329 	594 	3173
f 3327 	3328 	3163
f 3332 	3302 	3166
f 3332 	3166 	3328
f 3323 	3326 	3292
f 3302 	3332 	3262
f 3293 	3326 	3338
f 3294 	3125 	3308
f 3423 	3424 	4444
f 3326 	3401 	3338
f 651 	594 	3329
f 3332 	3465 	3262
f 3293 	3338 	3298
f 3302 	3262 	3259
f 3020 	2944 	3140
f 3338 	3346 	3298
f 3347 	3348 	4444
f 3348 	3354 	4444
f 3369 	4444 	3354
f 3016 	3020 	3294
f 3341 	1847 	513
f 3298 	3346 	3299
f 3392 	3299 	3346
f 3327 	3349 	3328
f 3125 	3294 	3020
f 3352 	3332 	3328
f 3335 	3355 	2531
f 3361 	2531 	3355
f 3328 	3349 	3352
f 3227 	1829 	1847
f 3308 	3125 	3132
f 3465 	3332 	3352
f 3308 	3132 	3117
f 3325 	3357 	1847
f 265 	505 	1847
f 1847 	3297 	3316
f 3231 	3232 	1847
f 3125 	3020 	3140
f 3349 	3501 	3352
f 3357 	3231 	1847
f 3363 	1975 	1977
f 3220 	3365 	3207
f 3364 	439 	3360
f 450 	3368 	403
f 3207 	3365 	3168
f 3370 	3371 	4445
f 3371 	3379 	4445
f 3364 	3368 	450
f 3365 	3372 	3168
f 3368 	296 	403
f 3323 	3399 	3326
f 3251 	3399 	3323
f 3327 	3168 	3372
f 3372 	3349 	3327
f 3399 	3401 	3326
f 3236 	3377 	3220
f 3338 	3402 	3346
f 3375 	3378 	3360
f 3377 	3365 	3220
f 3365 	3380 	3372
f 3375 	3385 	3378
f 3382 	4445 	3379
f 4445 	3382 	3317
f 3377 	3380 	3365
f 3360 	3378 	3364
f 3497 	3349 	3372
f 3364 	3381 	3368
f 3378 	3381 	3364
f 3278 	3368 	3381
f 3368 	3278 	296
f 3384 	3375 	3671
f 3289 	3421 	2528
f 3384 	3385 	3375
f 3390 	2630 	2740
f 3385 	3391 	3378
f 2740 	3397 	3390
f 3402 	3392 	3346
f 3398 	1975 	3363
f 2630 	3390 	3229
f 3363 	1977 	1938
f 3236 	3433 	3377
f 3385 	2979 	3391
f 571 	3392 	3393
f 3378 	3391 	3381
f 2742 	3396 	2738
f 3381 	3283 	3278
f 2738 	3396 	2740
f 3283 	3381 	3391
f 3396 	3397 	2740
f 3397 	3434 	3390
f 3384 	3048 	3385
f 1938 	4255 	3363
f 3042 	3048 	3384
f 3338 	3401 	3402
f 3390 	3434 	3236
f 3411 	4444 	3406
f 3406 	4444 	3405
f 3385 	3048 	2979
f 3413 	4444 	3412
f 3392 	3402 	3404
f 3404 	127 	3392
f 3396 	2742 	3407
f 3392 	127 	3393
f 3407 	3410 	3396
f 3413 	3423 	4444
f 127 	128 	3393
f 3395 	3393 	128
f 3409 	3031 	2291
f 3396 	3410 	3397
f 128 	135 	3395
f 3419 	1956 	1969
f 3675 	3416 	3677
f 577 	571 	3393
f 2799 	3414 	3407
f 851 	2360 	3419
f 3416 	3451 	3422
f 3421 	3313 	2528
f 3313 	3314 	2528
f 3414 	3454 	3407
f 862 	851 	3419
f 3419 	3425 	862
f 3425 	3419 	1969
f 3407 	3454 	3410
f 1975 	3398 	1969
f 3425 	1969 	3398
f 833 	862 	3425
f 3398 	835 	3425
f 833 	3425 	835
f 4444 	3424 	3347
f 3422 	3063 	3416
f 3414 	1089 	3454
f 2291 	3031 	3431
f 3433 	3236 	3434
f 3432 	265 	3429
f 132 	3432 	4406
f 3434 	3437 	3438
f 3422 	3094 	3063
f 3439 	3031 	3094
f 3439 	3431 	3031
f 3432 	3429 	3443
f 3439 	3094 	3422
f 3443 	4464 	3432
f 3434 	3438 	3433
f 3431 	3439 	3422
f 3315 	2528 	3314
f 3443 	3429 	3711
f 3397 	3437 	3434
f 3410 	3437 	3397
f 3510 	3491 	2291
f 3526 	3600 	2298
f 3431 	3509 	2291
f 3429 	1847 	2342
f 3416 	3675 	3451
f 3534 	2360 	3453
f 3410 	3445 	3437
f 3462 	3329 	3461
f 3458 	3461 	3329
f 3410 	3454 	3445
f 851 	3453 	2360
f 3430 	3458 	3329
f 1089 	1087 	3454
f 1087 	3445 	3454
f 572 	3453 	851
f 3459 	3467 	3709
f 3265 	3469 	3267
f 3545 	3546 	2291
f 3265 	3468 	3469
f 3463 	3579 	3627
f 3089 	3173 	3085
f 3471 	3465 	3352
f 3467 	3451 	3709
f 3470 	3594 	3453
f 3465 	3471 	3475
f 3471 	3486 	3475
f 3465 	3475 	3468
f 3468 	3475 	2337
f 3422 	3451 	3467
f 3476 	3470 	588
f 3475 	2349 	2337
f 3324 	3480 	4445
f 3468 	2337 	3469
f 3523 	3526 	2298
f 2198 	3469 	2339
f 588 	596 	3476
f 3486 	3471 	3483
f 572 	588 	3470
f 3453 	572 	3470
f 2349 	3475 	3486
f 3545 	2291 	3499
f 3492 	2291 	3491
f 3499 	2291 	3492
f 3485 	3506 	4445
f 3491 	3467 	3492
f 3459 	3492 	3467
f 3497 	3372 	3380
f 3349 	3497 	3501
f 3513 	3497 	3380
f 3497 	3521 	3501
f 3513 	3521 	3497
f 4386 	3494 	3504
f 3499 	3459 	3484
f 3494 	3495 	3554
f 3524 	3496 	3506
f 3504 	3494 	3554
f 3459 	3499 	3492
f 3501 	3471 	3352
f 3173 	3089 	3090
f 3495 	3507 	3554
f 3508 	3377 	3433
f 3510 	2291 	3509
f 3508 	3380 	3377
f 3173 	3090 	3329
f 3495 	3511 	3507
f 3491 	3510 	3467
f 3508 	3513 	3380
f 3509 	3467 	3510
f 3431 	3422 	3509
f 3467 	3509 	3422
f 3466 	596 	547
f 3476 	596 	3466
f 3525 	3496 	3524
f 3542 	3496 	3525
f 4445 	3506 	3496
f 3501 	3521 	3483
f 3558 	3564 	3496
f 3513 	3544 	3521
f 3501 	3483 	3471
f 3508 	3433 	3622
f 3535 	2391 	3534
f 3523 	3484 	3526
f 3542 	3543 	3496
f 3535 	2393 	2391
f 3557 	3558 	3496
f 3556 	3496 	3543
f 3496 	3556 	3557
f 3334 	2531 	3330
f 2528 	3330 	2531
f 3564 	3601 	3496
f 2298 	2291 	3546
f 3483 	3521 	3547
f 3546 	3523 	2298
f 3547 	3521 	3544
f 3483 	3547 	3550
f 3545 	3484 	3546
f 3523 	3546 	3484
f 3427 	4362 	3504
f 3499 	3484 	3545
f 3550 	3486 	3483
f 3504 	3428 	3427
f 3504 	3554 	3428
f 3554 	3507 	3473
f 3428 	3554 	3473
f 2298 	3630 	3616
f 3601 	3624 	3496
f 3463 	3473 	3507
f 3535 	3559 	4477
f 3486 	3550 	2436
f 2436 	3550 	2441
f 3486 	2436 	2349
f 3586 	3568 	3555
f 3597 	3602 	3544
f 3567 	3568 	3586
f 3555 	3559 	3594
f 3578 	3547 	3544
f 3594 	3586 	3555
f 3547 	3578 	3580
f 3756 	3572 	3581
f 3594 	3559 	3534
f 3534 	3559 	3535
f 3547 	3580 	3550
f 3567 	3476 	3466
f 3550 	3580 	2441
f 2298 	3617 	3618
f 3581 	3572 	3617
f 3618 	3617 	3572
f 3618 	3572 	3626
f 3586 	3476 	3567
f 3672 	3623 	3575
f 3580 	3799 	2441
f 3470 	3476 	3586
f 3581 	3560 	3756
f 3507 	3579 	3463
f 3470 	3586 	3594
f 3630 	2298 	3600
f 3594 	3534 	3453
f 3526 	3484 	3560
f 3508 	3597 	3513
f 3597 	3544 	3513
f 3361 	3366 	2531
f 3581 	3600 	3560
f 3599 	3602 	3597
f 3526 	3560 	3600
f 3602 	3578 	3544
f 3667 	3668 	2531
f 335 	3473 	3463
f 3473 	335 	4516
f 3602 	3983 	3578
f 3627 	293 	3463
f 208 	3609 	3572
f 2298 	3616 	3617
f 2308 	2299 	3638
f 3438 	3622 	3433
f 3597 	3508 	3622
f 3616 	3581 	3617
f 3645 	3496 	3624
f 3631 	3575 	3623
f 3437 	3445 	3625
f 3662 	3625 	3445
f 3638 	4131 	2308
f 3609 	3626 	3572
f 3437 	3625 	3438
f 3438 	3625 	3628
f 3579 	3614 	3627
f 3643 	3646 	2531
f 3383 	2531 	3366
f 3383 	3642 	2531
f 3643 	2531 	3642
f 3627 	3614 	3629
f 1903 	1907 	2531
f 3581 	3616 	3630
f 3630 	3600 	3581
f 3614 	3631 	3629
f 3629 	3631 	3639
f 3623 	3639 	3631
f 3511 	3579 	3507
f 3511 	4307 	3641
f 3623 	3679 	3648
f 3639 	3623 	3648
f 3634 	3641 	4333
f 3579 	3511 	3641
f 3609 	4123 	4131
f 4131 	3638 	3609
f 3667 	2531 	3646
f 3634 	3614 	3641
f 3466 	3648 	3679
f 2384 	2308 	4131
f 3579 	3641 	3614
f 3609 	3638 	3644
f 3634 	3631 	3614
f 3575 	3634 	4346
f 3634 	3575 	3631
f 3496 	3645 	3669
f 3609 	3644 	3626
f 591 	497 	3650
f 3650 	592 	591
f 3466 	547 	3648
f 3652 	592 	3650
f 3612 	3329 	3613
f 592 	3652 	521
f 307 	3627 	3629
f 3360 	521 	3652
f 3622 	3438 	3628
f 293 	3627 	307
f 3622 	3599 	3597
f 3360 	3652 	3375
f 3628 	3599 	3622
f 3659 	3871 	2802
f 521 	3360 	439
f 298 	307 	3639
f 3629 	3639 	307
f 3665 	3628 	3625
f 3648 	539 	3639
f 497 	3686 	3666
f 3668 	1906 	2531
f 1906 	1904 	2531
f 3625 	3662 	3665
f 3650 	497 	3666
f 547 	539 	3648
f 3665 	3604 	3628
f 3650 	3671 	3652
f 3650 	3666 	3671
f 3671 	3375 	3652
f 3628 	3604 	3599
f 3568 	364 	359
f 3666 	3686 	3675
f 3568 	3673 	364
f 3615 	3633 	3619
f 3676 	3665 	3662
f 3666 	3677 	3671
f 1903 	2531 	1904
f 3679 	3672 	3673
f 3623 	3672 	3679
f 3666 	3675 	3677
f 3673 	3567 	3679
f 3677 	3384 	3671
f 3567 	3673 	3568
f 3676 	3662 	1323
f 3466 	3679 	3567
f 3676 	3987 	3665
f 1323 	1333 	3676
f 3677 	3042 	3384
f 3042 	3677 	3416
f 3683 	627 	655
f 3683 	629 	627
f 629 	3683 	3686
f 3749 	3684 	1666
f 629 	3686 	497
f 3683 	655 	3692
f 655 	3690 	3692
f 3683 	3692 	3695
f 3696 	2263 	2227
f 3683 	3695 	3686
f 3696 	2300 	2263
f 3675 	3686 	3695
f 3703 	3711 	3705
f 3707 	3711 	3689
f 3690 	3708 	3692
f 3692 	3709 	3695
f 3864 	3706 	3710
f 3707 	3705 	3711
f 3701 	3711 	3703
f 2342 	3689 	3711
f 3692 	3708 	3709
f 3633 	3613 	3329
f 3706 	3724 	3710
f 3695 	3451 	3675
f 3701 	3765 	3711
f 3695 	3709 	3451
f 3608 	3329 	3611
f 3706 	3722 	3724
f 3606 	3329 	3607
f 3696 	3864 	3710
f 3708 	3717 	3459
f 3611 	3329 	3612
f 2300 	3696 	3710
f 3136 	3718 	3095
f 3136 	3137 	3718
f 3717 	3484 	3459
f 3708 	3459 	3709
f 3717 	3560 	3484
f 3615 	3613 	3633
f 2486 	4418 	3689
f 3733 	3925 	3728
f 3670 	3925 	3669
f 3728 	3925 	3670
f 3731 	709 	708
f 3429 	2342 	3711
f 3583 	3582 	3329
f 3926 	3095 	3496
f 3584 	3329 	3585
f 709 	3732 	3690
f 3732 	709 	3731
f 3732 	3708 	3690
f 3743 	3925 	3733
f 3588 	3587 	3329
f 719 	3735 	3731
f 719 	687 	3735
f 3731 	3741 	3732
f 3592 	3329 	3593
f 3496 	3669 	3925
f 3744 	3925 	3743
f 3735 	3741 	3731
f 3732 	3741 	3717
f 3710 	3724 	3749
f 3732 	3717 	3708
f 3595 	3329 	3606
f 197 	687 	2309
f 3593 	3329 	3595
f 3430 	3329 	3678
f 687 	197 	3755
f 3635 	3329 	3582
f 3755 	3735 	687
f 3735 	3755 	3756
f 208 	3755 	197
f 3607 	3329 	3608
f 3755 	3572 	3756
f 3755 	208 	3572
f 3587 	3585 	3329
f 3735 	3756 	3741
f 3592 	3588 	3329
f 3560 	3717 	3741
f 3584 	3583 	3329
f 3756 	3560 	3741
f 3678 	3329 	3635
f 3762 	2071 	2035
f 3515 	3633 	3529
f 3527 	3529 	3633
f 3765 	2075 	3711
f 156 	3767 	137
f 3765 	3768 	2075
f 3773 	2075 	3768
f 156 	4013 	3767
f 3710 	3749 	2300
f 3775 	3260 	3245
f 3722 	3776 	3724
f 3722 	3771 	3776
f 2075 	3770 	3762
f 3762 	2035 	2075
f 3724 	3684 	3749
f 3775 	161 	3260
f 3773 	3770 	2075
f 3724 	3776 	3684
f 3245 	3781 	3775
f 3711 	2075 	3450
f 3711 	3450 	3443
f 3796 	3775 	3781
f 3771 	3786 	3776
f 3245 	2727 	3781
f 2727 	2758 	3781
f 3965 	3786 	3771
f 3776 	3786 	3687
f 3776 	3687 	3684
f 3796 	3781 	3800
f 3786 	1705 	1635
f 3781 	3805 	3800
f 3853 	3830 	3781
f 3796 	3800 	2107
f 3801 	2443 	2441
f 2441 	3799 	3801
f 3805 	3781 	3809
f 3805 	3809 	2107
f 3800 	3805 	2107
f 2151 	2107 	3809
f 3809 	3781 	3815
f 3530 	3527 	3633
f 3809 	3815 	2151
f 3530 	3633 	3533
f 2758 	2772 	3822
f 2772 	2416 	3822
f 3781 	2758 	3822
f 3533 	3633 	3537
f 3537 	3633 	3538
f 2151 	3815 	3826
f 3538 	3633 	3539
f 3815 	3781 	3828
f 3815 	3828 	3826
f 3522 	3633 	3514
f 3620 	3619 	3633
f 3515 	3514 	3633
f 3828 	3781 	3830
f 3830 	3853 	3848
f 3828 	3830 	3826
f 3620 	3633 	3522
f 3329 	3090 	3633
f 3848 	3826 	3830
f 3834 	3918 	3897
f 3774 	4011 	3778
f 3783 	3778 	4011
f 3853 	3781 	3822
f 3799 	3864 	3801
f 3793 	3787 	3829
f 3787 	3785 	3829
f 3834 	3826 	3861
f 3859 	3798 	3858
f 3858 	3868 	3874
f 3784 	3783 	3829
f 4011 	3829 	3783
f 3858 	3874 	3859
f 3799 	3798 	3859
f 3848 	3853 	3867
f 3848 	3861 	3826
f 3864 	3799 	3859
f 3865 	3925 	3744
f 3877 	3925 	3866
f 3865 	3866 	3925
f 3696 	3801 	3864
f 3861 	3848 	3867
f 3867 	3853 	3872
f 3931 	3872 	3853
f 3872 	3931 	3861
f 3867 	3872 	3861
f 3868 	3889 	3874
f 3938 	3861 	3931
f 3869 	2802 	3871
f 3873 	2802 	3869
f 2417 	3822 	2416
f 3859 	3874 	3706
f 3853 	3822 	2417
f 3874 	3722 	3706
f 3961 	209 	2238
f 3859 	3706 	3864
f 2264 	2258 	3980
f 1495 	1502 	3886
f 1066 	3886 	1439
f 3882 	1439 	3886
f 3785 	3784 	3829
f 3889 	3868 	3887
f 3722 	3874 	3889
f 3951 	3948 	3853
f 2274 	3897 	2258
f 3886 	3895 	3894
f 3886 	3894 	3898
f 3886 	3898 	3882
f 3891 	4011 	3751
f 3899 	2809 	3900
f 3774 	3772 	4011
f 2258 	3897 	3984
f 3900 	2809 	3904
f 3907 	3904 	2809
f 3698 	3697 	4011
f 2258 	3984 	3980
f 3697 	3725 	4011
f 3698 	4011 	3772
f 3725 	3751 	4011
f 3912 	3941 	3899
f 3916 	427 	2262
f 2809 	2802 	3907
f 3918 	3834 	3861
f 2049 	3916 	2262
f 3907 	2802 	3905
f 3873 	3905 	2802
f 3089 	2262 	427
f 3906 	3633 	3854
f 3539 	3633 	3850
f 3850 	3633 	3906
f 275 	277 	3916
f 1531 	4121 	1515
f 3854 	3633 	3852
f 3751 	3915 	3891
f 3861 	3938 	3918
f 3880 	3963 	3925
f 4122 	3920 	3919
f 3923 	4122 	3919
f 3889 	3771 	3722
f 3926 	3496 	3925
f 4122 	3922 	3920
f 3926 	3136 	3095
f 3895 	3886 	3923
f 4122 	3923 	3886
f 3918 	3986 	3897
f 3899 	3941 	2809
f 3925 	3179 	3926
f 3887 	3928 	3935
f 3179 	3136 	3926
f 3932 	3941 	3912
f 3911 	3901 	3633
f 3932 	3922 	3941
f 3928 	3946 	3935
f 3889 	3887 	3935
f 3935 	3771 	3889
f 2412 	2022 	3928
f 3938 	3995 	3918
f 3909 	3910 	3633
f 3931 	3853 	3948
f 3853 	3954 	3951
f 3855 	3852 	3633
f 3931 	3948 	3938
f 3909 	3633 	2117
f 3910 	3911 	3633
f 3941 	3956 	3957
f 3855 	3633 	3903
f 3948 	3951 	4068
f 3954 	4068 	3951
f 3956 	3941 	3955
f 3901 	3903 	3633
f 3955 	3941 	3959
f 2115 	2117 	3633
f 436 	3633 	3090
f 4122 	3958 	3941
f 3946 	3928 	2022
f 3958 	4122 	3952
f 3935 	3965 	3771
f 3935 	3946 	3965
f 3959 	3941 	3958
f 3880 	3925 	3877
f 3880 	3883 	3963
f 3961 	267 	209
f 3961 	3964 	267
f 2343 	3633 	3073
f 3170 	3171 	4025
f 3963 	3968 	3925
f 3969 	3171 	3968
f 3988 	3171 	3969
f 3179 	3925 	3171
f 1827 	3965 	3946
f 1842 	3941 	1861
f 3964 	4002 	268
f 3976 	3971 	3941
f 3971 	1861 	3941
f 3977 	3602 	3599
f 3964 	268 	267
f 3604 	3977 	3599
f 3977 	3983 	3602
f 3975 	3976 	3941
f 3941 	3957 	3975
f 3798 	3580 	3578
f 3578 	3983 	3798
f 3986 	3984 	3897
f 3799 	3580 	3798
f 952 	973 	3170
f 3952 	4179 	3997
f 3952 	3997 	3958
f 4000 	3171 	3988
f 3925 	3968 	3171
f 3997 	4179 	3
f 3665 	3987 	3604
f 3987 	3991 	3604
f 3993 	3956 	3955
f 3914 	3891 	3913
f 3917 	3891 	3914
f 3956 	3993 	3990
f 3956 	3990 	3957
f 3913 	3891 	3915
f 3959 	4004 	3993
f 3959 	3993 	3955
f 3986 	3918 	3995
f 4004 	3959 	3958
f 4004 	3958 	3997
f 3 	4006 	3997
f 3789 	3788 	3891
f 3993 	4237 	3990
f 2286 	4002 	3964
f 3980 	4002 	2286
f 4004 	3997 	4006
f 3788 	4089 	3891
f 4005 	4002 	3980
f 3980 	3984 	4005
f 3977 	3604 	3991
f 3977 	4007 	3983
f 3977 	3991 	4007
f 3791 	3789 	3891
f 3917 	3791 	3891
f 3983 	3858 	3798
f 270 	268 	4002
f 3983 	4007 	3858
f 3971 	4008 	1861
f 1940 	1861 	4008
f 1940 	4008 	1938
f 3829 	4275 	4290
f 3971 	3976 	4008
f 4008 	3976 	3990
f 3987 	4010 	3991
f 3990 	3976 	3975
f 3990 	3975 	3957
f 3829 	4011 	4275
f 4002 	4005 	270
f 1938 	4008 	4233
f 3987 	2225 	4010
f 3984 	3986 	4013
f 3991 	4010 	4014
f 4010 	4018 	4014
f 4013 	4005 	3984
f 3991 	4014 	4007
f 4007 	3868 	3858
f 4007 	4014 	3868
f 4013 	142 	4005
f 4236 	3990 	4237
f 951 	952 	3170
f 2236 	4018 	4010
f 3993 	4239 	4237
f 4055 	137 	4049
f 4014 	4018 	3887
f 3993 	4004 	4239
f 4025 	4026 	3170
f 4004 	4242 	4239
f 4018 	3928 	3887
f 4027 	3170 	4026
f 4033 	951 	3170
f 3887 	3868 	4014
f 3171 	4028 	4025
f 4004 	4006 	4242
f 4028 	3171 	4000
f 50 	4243 	4006
f 270 	4005 	142
f 3986 	3995 	4029
f 4013 	3986 	4029
f 3767 	4049 	137
f 4583 	3170 	973
f 4033 	3170 	4027
f 4029 	3767 	4013
f 4255 	1938 	4233
f 4063 	2492 	4057
f 4094 	4057 	4029
f 3891 	4256 	4319
f 1649 	1660 	338
f 142 	4013 	156
f 1660 	355 	338
f 2018 	1649 	338
f 4049 	3767 	4029
f 4049 	4029 	4055
f 4055 	4029 	4057
f 3582 	4045 	3635
f 4094 	4063 	4057
f 3635 	4045 	3678
f 2433 	4081 	4066
f 3954 	3853 	4066
f 1658 	351 	1660
f 3853 	2417 	2433
f 3853 	2433 	4066
f 3948 	4068 	3938
f 4060 	4124 	4053
f 4053 	4124 	4044
f 3954 	4066 	4068
f 4044 	3678 	4045
f 4068 	4077 	3938
f 1666 	537 	1668
f 2433 	4103 	4081
f 4104 	4068 	4081
f 4066 	4081 	4068
f 1666 	1588 	537
f 4068 	4104 	4077
f 537 	553 	1668
f 3995 	3938 	4077
f 4115 	2433 	4114
f 3678 	4044 	4124
f 4115 	4116 	2433
f 4057 	2492 	4055
f 137 	4055 	2492
f 4094 	4029 	3995
f 4037 	4032 	4093
f 2492 	4118 	2433
f 4114 	2433 	4118
f 4077 	4094 	3995
f 4110 	2492 	4063
f 4034 	4093 	4032
f 4036 	4093 	4034
f 4104 	4081 	4103
f 4103 	2433 	4116
f 4110 	4111 	2492
f 4118 	2492 	4111
f 4037 	4124 	4038
f 4093 	4124 	4037
f 4110 	4094 	4111
f 4077 	4111 	4094
f 4038 	4124 	4041
f 4104 	4103 	4116
f 4041 	4124 	4060
f 4104 	4116 	4115
f 4114 	4077 	4115
f 4104 	4115 	4077
f 3886 	1515 	4121
f 4077 	4114 	4118
f 4077 	4118 	4111
f 4122 	3886 	4121
f 4121 	4147 	4122
f 4110 	4063 	4094
f 205 	211 	4123
f 3461 	883 	3462
f 3458 	3430 	4124
f 3678 	4124 	3430
f 3941 	3922 	4122
f 4139 	2368 	4132
f 4139 	4141 	2368
f 4132 	2368 	4131
f 1668 	553 	351
f 2368 	2398 	4131
f 2073 	379 	4126
f 883 	3461 	4124
f 3458 	4124 	3461
f 208 	4123 	3609
f 211 	4130 	4123
f 4126 	4121 	2073
f 1344 	4124 	4093
f 883 	4124 	1344
f 1344 	4093 	1233
f 25 	2368 	4141
f 4134 	4121 	4133
f 429 	436 	3090
f 4132 	4131 	4123
f 3633 	436 	3073
f 4132 	4123 	4139
f 4130 	4139 	4123
f 436 	358 	3073
f 4135 	4121 	4134
f 28 	26 	236
f 4139 	4130 	4141
f 1703 	639 	725
f 4137 	4133 	4121
f 4130 	25 	4141
f 866 	1707 	2003
f 26 	2368 	25
f 1707 	866 	650
f 26 	28 	2368
f 1703 	725 	4144
f 29 	2368 	28
f 29 	80 	2268
f 211 	236 	4130
f 1849 	1819 	720
f 4150 	2586 	2268
f 4146 	4122 	4147
f 4135 	4147 	4121
f 379 	2586 	4150
f 4128 	4122 	4146
f 4144 	720 	1819
f 4150 	2268 	593
f 2273 	593 	2268
f 4150 	594 	379
f 4150 	593 	594
f 4159 	4157 	4126
f 788 	1633 	4162
f 788 	4162 	784
f 1299 	784 	4162
f 4158 	4121 	4157
f 4166 	4584 	4162
f 4137 	4121 	4164
f 960 	1021 	4166
f 4161 	4164 	4121
f 4161 	4121 	4158
f 4126 	4157 	4121
f 721 	1853 	1849
f 4122 	4128 	4172
f 725 	729 	4144
f 4122 	4172 	4176
f 4144 	729 	720
f 4209 	4172 	4128
f 2018 	868 	866
f 338 	868 	2018
f 2719 	2708 	4180
f 4180 	2708 	1853
f 876 	2719 	4180
f 1853 	887 	4180
f 887 	902 	4180
f 4179 	4122 	4182
f 876 	3414 	2799
f 1853 	721 	887
f 1087 	3662 	3445
f 4183 	4184 	4122
f 4184 	4181 	4122
f 4182 	4122 	4181
f 3952 	4122 	4179
f 4176 	4183 	4122
f 3414 	876 	1088
f 1088 	1089 	3414
f 369 	4126 	365
f 4126 	369 	4159
f 325 	365 	4126
f 4157 	4196 	4158
f 365 	413 	369
f 3684 	3687 	1588
f 3687 	1600 	1588
f 413 	4196 	4157
f 4157 	4159 	413
f 369 	413 	4159
f 1588 	1666 	3684
f 4196 	4161 	4158
f 4196 	4202 	4161
f 3687 	1635 	1600
f 4091 	4090 	4198
f 3687 	3786 	1635
f 4090 	4092 	4198
f 4194 	4198 	4092
f 3786 	3965 	1705
f 4133 	4200 	4134
f 4134 	4200 	4135
f 2802 	4168 	4231
f 4222 	4231 	4168
f 4200 	4133 	4202
f 4133 	4137 	4202
f 4164 	4202 	4137
f 2802 	4203 	4168
f 2991 	4203 	2802
f 4164 	4161 	4202
f 413 	424 	4196
f 4196 	424 	4202
f 4194 	4205 	4198
f 1705 	3965 	1827
f 4204 	4198 	4205
f 4200 	4213 	4135
f 4206 	4200 	4202
f 3928 	4018 	2412
f 4202 	432 	4206
f 2022 	1911 	3946
f 1827 	3946 	1911
f 4204 	4193 	4198
f 3987 	3676 	2225
f 2236 	4010 	2225
f 432 	1154 	4206
f 4190 	4198 	4193
f 1154 	1141 	4206
f 4162 	1633 	4166
f 4146 	4209 	4128
f 4166 	957 	960
f 4168 	4166 	1021
f 4147 	4135 	4213
f 4147 	4213 	4146
f 2412 	4018 	2236
f 4206 	4213 	4200
f 4209 	9 	4172
f 4256 	3891 	4089
f 4209 	4146 	4213
f 4218 	4219 	4215
f 4182 	3 	4179
f 3 	4182 	4181
f 2 	4184 	4183
f 3 	4181 	2
f 4184 	2 	4181
f 4272 	4215 	4219
f 2 	4183 	9
f 4176 	9 	4183
f 4176 	4172 	9
f 9 	4209 	20
f 4088 	4256 	4089
f 4209 	4213 	20
f 4218 	4282 	4219
f 4206 	1141 	4213
f 4213 	1141 	20
f 4220 	4168 	4221
f 4222 	4168 	4220
f 50 	4006 	3
f 4223 	4168 	4228
f 4221 	4168 	4223
f 1021 	1023 	4168
f 4226 	4256 	4227
f 4168 	1023 	4228
f 4230 	3656 	2802
f 4231 	4230 	2802
f 4083 	4086 	4263
f 4084 	4083 	4263
f 3655 	2802 	3656
f 4008 	4236 	4233
f 4236 	4008 	3990
f 4079 	4263 	4080
f 4084 	4263 	4079
f 4080 	4256 	4087
f 4006 	4243 	4242
f 4198 	4267 	4091
f 4071 	4074 	4267
f 4072 	4071 	4267
f 50 	53 	4243
f 4074 	4091 	4267
f 4076 	4073 	4263
f 4073 	4072 	4263
f 4086 	4076 	4263
f 4214 	4211 	4249
f 4249 	66 	4253
f 835 	3398 	4251
f 4253 	4215 	4249
f 4251 	3398 	3363
f 4253 	66 	139
f 4214 	4249 	4215
f 4088 	4227 	4256
f 4258 	4253 	139
f 4251 	3363 	4255
f 4226 	4087 	4256
f 4218 	4215 	4258
f 4253 	4258 	4215
f 4261 	823 	869
f 4263 	4256 	4080
f 990 	823 	4261
f 4211 	4331 	4323
f 4211 	4261 	4331
f 4072 	4267 	4263
f 4261 	4211 	4269
f 4269 	990 	4261
f 4272 	4269 	4214
f 4269 	1020 	990
f 4272 	1020 	4269
f 4214 	4215 	4272
f 4272 	4219 	1027
f 4272 	1027 	1020
f 4219 	1251 	1027
f 4282 	1251 	4219
f 4211 	4214 	4269
f 4011 	3891 	4295
f 4278 	4280 	4258
f 4011 	4295 	4275
f 4280 	4282 	4218
f 4278 	4296 	4280
f 4285 	4288 	4280
f 4280 	4288 	4282
f 4288 	3002 	4282
f 4285 	4308 	4288
f 4291 	4308 	4285
f 154 	184 	4278
f 4258 	154 	4278
f 4280 	4218 	4258
f 184 	4296 	4278
f 184 	200 	4296
f 4285 	4280 	4296
f 200 	4297 	4296
f 4297 	4291 	4296
f 4275 	4295 	4293
f 4285 	4296 	4291
f 4423 	4301 	4297
f 4297 	4301 	4291
f 4293 	4295 	4327
f 4298 	4291 	4301
f 4438 	4303 	4301
f 4298 	4301 	4303
f 4438 	3095 	4303
f 4300 	4312 	4299
f 4275 	4306 	4290
f 4290 	4306 	4300
f 4306 	4275 	4293
f 4282 	3002 	1251
f 4312 	4300 	4306
f 4288 	3018 	3002
f 4308 	3018 	4288
f 4306 	4293 	4307
f 4291 	4310 	4308
f 4310 	4291 	4298
f 4310 	3074 	4308
f 4308 	3074 	3018
f 4298 	4303 	4311
f 4299 	3495 	3494
f 4311 	4310 	4298
f 4311 	3083 	4310
f 4311 	3133 	3083
f 4306 	4307 	4312
f 4310 	3083 	3074
f 4299 	4312 	3495
f 4311 	3131 	3133
f 3511 	4312 	4307
f 4303 	3131 	4311
f 4312 	3511 	3495
f 3131 	4303 	3718
f 3718 	3137 	3131
f 4333 	4307 	4293
f 4494 	4493 	3450
f 4317 	4494 	3450
f 4319 	4295 	3891
f 4256 	4322 	4319
f 2029 	4317 	2844
f 4263 	4322 	4256
f 4263 	4324 	4322
f 4323 	21 	4211
f 4267 	4324 	4263
f 30 	34 	4345
f 4295 	4319 	4327
f 21 	4323 	4326
f 4319 	4322 	4337
f 18 	21 	4326
f 4327 	4319 	4337
f 4322 	4324 	4341
f 4338 	4323 	850
f 4331 	850 	4323
f 4331 	869 	850
f 4324 	4354 	4341
f 4261 	869 	4331
f 4333 	4293 	4327
f 4327 	4346 	4333
f 4334 	4336 	913
f 4337 	4322 	4341
f 4327 	4337 	4346
f 4334 	4345 	34
f 34 	4326 	4334
f 4334 	4326 	4336
f 4326 	4323 	4336
f 4336 	4323 	4338
f 4337 	4341 	4339
f 4342 	1068 	4385
f 4355 	4357 	4341
f 4339 	4341 	4357
f 3641 	4307 	4333
f 1071 	4344 	4345
f 4337 	4339 	4346
f 4342 	4385 	213
f 4333 	4346 	3634
f 3575 	4346 	4339
f 4357 	3575 	4339
f 4198 	4190 	4349
f 4189 	4349 	4190
f 238 	4349 	4189
f 238 	237 	4349
f 4198 	4349 	4267
f 4352 	4267 	4349
f 4352 	4349 	318
f 4349 	322 	318
f 4324 	4267 	4354
f 4352 	4354 	4267
f 4354 	4352 	343
f 4355 	4341 	4354
f 4355 	4354 	341
f 4354 	343 	341
f 4355 	341 	364
f 4357 	4355 	364
f 3575 	4357 	3672
f 3672 	4357 	3673
f 559 	555 	4360
f 4360 	4383 	4361
f 559 	4360 	4361
f 574 	559 	4361
f 4361 	4362 	4364
f 574 	4361 	4364
f 3427 	4364 	4362
f 4366 	4268 	4270
f 4270 	4264 	4366
f 3765 	3701 	4415
f 3701 	3703 	4415
f 4459 	4366 	4452
f 4463 	4366 	4459
f 766 	4366 	765
f 768 	4366 	766
f 726 	4366 	768
f 4366 	4251 	4255
f 4366 	4255 	4233
f 4366 	4233 	4236
f 4366 	4236 	4237
f 4366 	4237 	4239
f 4366 	4239 	4242
f 4366 	4242 	4243
f 4342 	213 	215
f 4245 	4366 	4243
f 4342 	215 	4344
f 4265 	4366 	4245
f 4344 	30 	4345
f 4344 	215 	30
f 4268 	4366 	4265
f 4385 	4392 	235
f 235 	213 	4385
f 305 	239 	4380
f 4381 	4380 	239
f 4381 	239 	245
f 4381 	245 	235
f 1068 	4342 	1069
f 4467 	4366 	4463
f 4344 	1069 	4342
f 4470 	4366 	4467
f 4383 	4362 	4361
f 4345 	1076 	1071
f 4366 	4470 	4485
f 4383 	4386 	4362
f 1076 	4345 	4334
f 1076 	4334 	913
f 4444 	4487 	4399
f 4399 	4400 	4444
f 3504 	4362 	4386
f 1216 	4391 	4392
f 1216 	4392 	1065
f 4392 	4385 	1065
f 1222 	4404 	4391
f 4391 	4381 	4392
f 4391 	4380 	4381
f 4392 	4381 	235
f 4404 	4396 	4380
f 1233 	3103 	4397
f 3103 	1270 	4397
f 4400 	4401 	4444
f 4401 	4409 	4444
f 3405 	4444 	3403
f 4380 	4391 	4404
f 305 	4380 	4396
f 4403 	2990 	2071
f 4366 	728 	755
f 4404 	1222 	1220
f 2990 	4403 	4398
f 755 	833 	4366
f 1205 	4395 	4397
f 1206 	1205 	4397
f 2071 	3762 	4403
f 4407 	329 	4398
f 4405 	4397 	4395
f 329 	4407 	328
f 2533 	4554 	4406
f 4398 	4403 	4415
f 4406 	4465 	2533
f 4464 	4406 	3432
f 4409 	4412 	4444
f 4406 	4464 	4465
f 4403 	3773 	4415
f 3768 	4415 	3773
f 3770 	4403 	3762
f 3773 	4403 	3770
f 4405 	4394 	4393
f 3403 	4444 	4412
f 4395 	4394 	4405
f 4417 	1233 	4397
f 4398 	4415 	4407
f 4437 	4407 	4415
f 4405 	4416 	4417
f 3768 	3765 	4415
f 4366 	4264 	4408
f 4366 	4408 	4410
f 4366 	4410 	4411
f 4419 	4415 	3703
f 4366 	4411 	4414
f 4366 	4414 	4450
f 3705 	4419 	3703
f 4397 	4405 	4417
f 4547 	1371 	4417
f 2341 	4413 	4554
f 1559 	326 	4556
f 4557 	1559 	4556
f 4419 	3705 	3707
f 3707 	3689 	4418
f 196 	4422 	4423
f 3707 	4418 	4419
f 4427 	4428 	4487
f 196 	4423 	200
f 4297 	200 	4423
f 764 	4366 	812
f 4418 	2486 	2489
f 764 	765 	4366
f 2489 	4424 	4418
f 4432 	4487 	4431
f 4421 	4443 	4422
f 4424 	2393 	3535
f 4432 	4427 	4487
f 4428 	4439 	4487
f 4439 	4387 	4487
f 4366 	726 	727
f 4422 	4433 	4423
f 4422 	4443 	4433
f 727 	728 	4366
f 4423 	4433 	4301
f 350 	328 	4442
f 4443 	4436 	4433
f 4301 	4433 	4438
f 4438 	4433 	4436
f 4388 	4487 	4387
f 835 	4366 	833
f 4437 	4415 	4419
f 835 	4251 	4366
f 4436 	3496 	3095
f 3095 	4438 	4436
f 3718 	4303 	3095
f 4442 	328 	4407
f 4443 	4421 	4440
f 4366 	4488 	812
f 4440 	4445 	4443
f 4442 	4407 	4437
f 4444 	4440 	4481
f 4445 	4440 	4444
f 4442 	4437 	4455
f 4443 	4445 	4436
f 3369 	3370 	4445
f 3411 	3412 	4444
f 4437 	4418 	4455
f 4436 	4445 	3496
f 4418 	4437 	4419
f 349 	4447 	359
f 2191 	4446 	4449
f 1797 	2013 	4449
f 4544 	4545 	4414
f 4442 	4455 	4448
f 4451 	1797 	4449
f 4448 	4447 	349
f 1684 	4451 	4421
f 4421 	4451 	4440
f 1684 	4421 	193
f 4453 	4498 	4459
f 4449 	4481 	4451
f 4424 	4455 	4418
f 4452 	4453 	4459
f 4440 	4451 	4481
f 4474 	4475 	4487
f 4424 	4477 	4455
f 2533 	4465 	4446
f 4465 	4473 	4446
f 4447 	3555 	359
f 3568 	359 	3555
f 4465 	4472 	4473
f 4447 	3559 	3555
f 4475 	4476 	4487
f 4476 	4483 	4487
f 4448 	4477 	4447
f 4477 	4448 	4455
f 4366 	4450 	4452
f 4446 	4479 	4449
f 4473 	4479 	4446
f 4449 	4479 	4481
f 3559 	4447 	4477
f 4479 	4486 	4487
f 4479 	4487 	4481
f 4477 	4424 	3535
f 4483 	4434 	4487
f 4493 	4482 	4472
f 4472 	4482 	4484
f 4472 	4484 	4473
f 4434 	4431 	4487
f 4479 	4473 	4486
f 4473 	4484 	4486
f 4485 	340 	4488
f 4487 	4444 	4481
f 807 	812 	4488
f 4366 	4485 	4488
f 4486 	4500 	4487
f 4495 	4496 	4486
f 4500 	4506 	4487
f 4388 	4389 	4487
f 4389 	4399 	4487
f 3443 	3450 	4464
f 4493 	4464 	3450
f 4465 	4464 	4472
f 4472 	4464 	4493
f 4505 	4492 	3427
f 4499 	4486 	4497
f 4500 	4486 	4499
f 4497 	4486 	4496
f 4494 	4482 	4493
f 4506 	4507 	4487
f 4501 	4492 	4504
f 4498 	4501 	4504
f 4492 	4512 	4504
f 4507 	4508 	4487
f 4508 	4513 	4487
f 4492 	4505 	4512
f 4498 	4504 	4463
f 4459 	4498 	4463
f 4463 	4504 	4467
f 4505 	4518 	4512
f 4512 	4467 	4504
f 4513 	4514 	4487
f 4514 	4515 	4487
f 4487 	4515 	4474
f 4512 	4470 	4467
f 4469 	4468 	4405
f 4393 	4469 	4405
f 4526 	4405 	4468
f 4505 	4516 	4518
f 4518 	4516 	340
f 4516 	335 	340
f 4470 	4512 	4518
f 4485 	4470 	4518
f 4520 	4416 	4405
f 4518 	340 	4485
f 4364 	3427 	4492
f 3427 	3428 	4505
f 4486 	4530 	4531
f 4516 	4505 	3428
f 3428 	3473 	4516
f 39 	4527 	4486
f 4527 	4530 	4486
f 4534 	4486 	4531
f 9 	20 	4529
f 4523 	4520 	4522
f 4405 	4526 	4520
f 53 	9 	4529
f 1140 	4529 	20
f 4522 	4520 	4525
f 4245 	4243 	53
f 4525 	4520 	4526
f 4265 	4245 	53
f 4534 	4535 	4486
f 4265 	53 	4529
f 1140 	4268 	4529
f 4268 	4265 	4529
f 4460 	4528 	4520
f 4461 	4460 	4520
f 4408 	1264 	1157
f 4535 	4541 	4486
f 4495 	4486 	4541
f 4462 	4461 	4520
f 4523 	4462 	4520
f 1264 	4408 	4264
f 4410 	4408 	1157
f 4460 	4538 	4528
f 1157 	1286 	4410
f 4537 	4528 	4538
f 4539 	4528 	4537
f 1286 	4411 	4410
f 3793 	3829 	3794
f 4458 	4454 	3829
f 4454 	3794 	3829
f 4270 	1140 	1171
f 1140 	4270 	4268
f 4270 	1171 	4264
f 1264 	4264 	1171
f 1287 	1308 	4546
f 3829 	4528 	4458
f 4546 	1308 	4544
f 1308 	1111 	4544
f 4458 	4528 	4456
f 1111 	4545 	4544
f 4528 	4457 	4456
f 4539 	4457 	4528
f 4416 	4520 	4560
f 1287 	4546 	1286
f 67 	4486 	73
f 4546 	4411 	1286
f 4528 	3829 	4290
f 4546 	4544 	4414
f 4565 	4528 	4290
f 4411 	4546 	4414
f 11 	12 	4486
f 4450 	4414 	4545
f 4450 	4545 	4452
f 13 	38 	4486
f 4452 	4545 	4453
f 11 	4486 	35
f 39 	4486 	38
f 574 	4364 	4501
f 4484 	88 	4486
f 4548 	574 	4501
f 4547 	4550 	1491
f 4364 	4492 	4501
f 1491 	4550 	1534
f 4550 	4547 	4555
f 4548 	4453 	1113
f 4453 	4545 	1113
f 4549 	4550 	4551
f 4555 	4551 	4550
f 4548 	4498 	4453
f 35 	4486 	4552
f 76 	4552 	4486
f 4498 	4548 	4501
f 4557 	4642 	1559
f 4549 	4551 	551
f 4360 	551 	4551
f 4360 	4551 	4383
f 4629 	4413 	4627
f 4553 	4547 	4416
f 4417 	4416 	4547
f 4413 	4630 	4554
f 132 	4406 	4554
f 4553 	4555 	4547
f 4396 	4556 	305
f 326 	305 	4556
f 4568 	4551 	4555
f 4416 	4560 	4553
f 4520 	4528 	4565
f 4565 	4560 	4520
f 4558 	1268 	4570
f 4553 	4559 	4555
f 4559 	4553 	4560
f 1268 	4563 	4561
f 4562 	4561 	4563
f 1268 	4558 	4563
f 4560 	4564 	4559
f 4560 	4565 	4564
f 4566 	4561 	4567
f 4562 	4567 	4561
f 4565 	4300 	4564
f 4565 	4290 	4300
f 4555 	4559 	4568
f 4559 	4564 	4569
f 4568 	4559 	4569
f 4564 	4299 	4569
f 4299 	4564 	4300
f 4582 	4581 	4162
f 4551 	4568 	4383
f 4568 	4569 	4386
f 4383 	4568 	4386
f 4569 	4299 	3494
f 4571 	1299 	4572
f 4386 	4569 	3494
f 4572 	1299 	4573
f 1268 	1299 	4570
f 4571 	4570 	1299
f 1031 	1032 	4575
f 1046 	4575 	4579
f 4580 	987 	4579
f 1092 	4579 	987
f 4583 	971 	4580
f 970 	971 	4583
f 1299 	4162 	4581
f 4582 	4162 	4584
f 4166 	4585 	4584
f 970 	4583 	973
f 4573 	1299 	4581
f 8 	4575 	4574
f 4168 	4588 	4166
f 4591 	4589 	4168
f 4589 	4588 	4168
f 4590 	4166 	4588
f 4607 	4592 	4168
f 4579 	4598 	4580
f 4590 	4587 	4166
f 4586 	4585 	4166
f 4587 	4586 	4166
f 4583 	4605 	3170
f 4605 	4606 	3170
f 4593 	4575 	8
f 4579 	4575 	4593
f 4598 	4579 	4593
f 4596 	4602 	4595
f 4597 	4602 	4596
f 4595 	4602 	4599
f 4600 	4599 	4602
f 4601 	4600 	4602
f 4580 	4603 	4583
f 4580 	4598 	4603
f 4604 	4611 	4602
f 4604 	4602 	4597
f 4583 	4603 	4605
f 4594 	4561 	4566
f 3224 	3171 	4606
f 4561 	4601 	4602
f 4594 	4601 	4561
f 4561 	4602 	4556
f 4556 	4396 	4561
f 4607 	4168 	4203
f 4591 	4168 	4592
f 4610 	4609 	4613
f 4608 	4613 	4609
f 4611 	4610 	4613
f 4613 	4602 	4611
f 4602 	4557 	4556
f 4608 	4612 	4613
f 4612 	4614 	4613
f 4557 	4602 	4613
f 4614 	4616 	4613
f 4618 	386 	4617
f 4617 	386 	4615
f 4615 	4613 	4616
f 477 	434 	478
f 4622 	1559 	4620
f 4620 	1559 	4619
f 4413 	1559 	4622
f 4624 	4413 	4623
f 4413 	4622 	4623
f 4626 	4413 	4624
f 4627 	4413 	4626
f 4413 	4629 	4630
f 4631 	4554 	4630
f 4634 	4554 	4632
f 4632 	4554 	4631
f 4636 	4637 	4554
f 4639 	4635 	4554
f 4637 	4638 	4554
f 4635 	4636 	4554
f 4639 	4554 	4634
f 4638 	171 	4554
f 132 	4554 	172
f 172 	166 	132
f 4641 	4642 	4557
f 4643 	1559 	4642
f 4619 	1559 	4643
f 4656 	3402 	3401
f 3404 	3402 	4656
f 33 	46 	4613
f 33 	4613 	32
f 4613 	4657 	4557
f 4650 	4613 	51
f 4658 	6 	4557
f 4650 	4651 	4613
f 4651 	4652 	4613
f 4613 	4652 	4654
f 4654 	4655 	4613
f 4657 	4613 	4655
f 4657 	4658 	4557
f 6 	5 	4557
f 4641 	4557 	5
f 4656 	62 	44
f 4656 	4598 	4593
f 4656 	4603 	4598
f 4656 	4605 	4603
f 4656 	4606 	4605
f 4656 	3224 	4606
f 4656 	3226 	3224
f 4656 	3230 	3226
f 4656 	3235 	3230
f 4656 	3241 	3235
f 4656 	3248 	3241
f 4656 	3251 	3248
f 4656 	3399 	3251
f 4656 	3401 	3399
f 4656 	123 	124
f 218 	4656 	224
f 135 	4656 	124
f 4656 	251 	249
f 4656 	4659 	27
f 4659 	4656 	4660
f 4656 	8 	4660
f 4593 	8 	4656
f 4656 	127 	3404
f 128 	127 	4656
f 4656 	135 	128
f 4656 	216 	123
f 216 	4656 	218
f 4656 	226 	224
f 4656 	249 	226
f 4656 	36 	251
f 40 	36 	4656
f 40 	4656 	44
f 24 	62 	4656
f 4656 	27 	24
f 103 	62 	24
f 105 	24 	27
f 92 	90 	4659
f 4659 	4660 	92
f 4660 	4574 	92
f 8 	4574 	4660
# 4696 faces

g group_0_16448250

usemtl color_16448250
s 0

f 1376 	1319 	1255
f 1281 	1372 	1255
f 1374 	1375 	1255
f 1261 	1319 	2917
f 1372 	1373 	1255
f 1279 	1295 	1280
f 1336 	1338 	1281
f 1294 	1279 	1293
f 1365 	1364 	1430
f 1320 	1280 	1295
f 1294 	1295 	1279
f 1281 	1280 	1335
f 1320 	1335 	1280
f 1372 	1281 	1338
f 1376 	1255 	1375
f 1261 	1255 	1319
f 1336 	1281 	1335
f 1374 	1255 	1373
f 1293 	1279 	1364
f 1427 	1428 	1394
f 1394 	1392 	1427
f 2731 	2732 	1394
f 1394 	2746 	2745
f 2747 	2731 	1394
f 2745 	2747 	1394
f 2746 	1394 	2715
f 1280 	1394 	1279
f 1281 	1255 	1394
f 1255 	1261 	1394
f 1280 	1281 	1394
f 1279 	1394 	1430
f 1419 	1392 	1394
f 1431 	1430 	1394
f 1394 	1428 	1431
f 2972 	1497 	1419
f 1394 	2939 	1419
f 2952 	2953 	1419
f 1506 	1428 	1427
f 1506 	1440 	1428
f 1392 	1500 	1427
f 1503 	1427 	1500
f 1428 	1440 	1431
f 1465 	1431 	1441
f 1465 	1467 	1431
f 1467 	1514 	1431
f 1430 	1463 	1464
f 1490 	1430 	1464
f 1430 	1431 	1514
f 1516 	1535 	1430
f 1490 	1365 	1430
f 1279 	1430 	1364
f 1496 	1392 	1497
f 1392 	1419 	1497
f 1500 	1392 	1499
f 1496 	1499 	1392
f 1503 	1504 	1427
f 1504 	1506 	1427
f 1441 	1431 	1440
f 1516 	1430 	1514
f 1535 	1463 	1430
f 2793 	2797 	2731
f 2731 	2797 	2732
f 2800 	2732 	2798
f 2800 	2801 	2732
f 2790 	2795 	2747
f 2798 	2732 	2797
f 2745 	2787 	2747
f 2790 	2747 	2788
f 2795 	2792 	2731
f 2795 	2731 	2747
f 2713 	2732 	2801
f 2715 	2770 	2771
f 2773 	2715 	2771
f 2868 	2746 	2781
f 2746 	2715 	2781
f 2773 	2781 	2715
f 2874 	2871 	2745
f 2874 	2745 	2876
f 2868 	2876 	2746
f 2746 	2876 	2745
f 2872 	2787 	2745
f 2788 	2747 	2787
f 2793 	2731 	2792
f 2806 	2713 	2801
f 2825 	2875 	2813
f 2906 	2908 	2813
f 2863 	2867 	2823
f 2823 	2867 	2825
f 2873 	2825 	2869
f 2864 	2862 	2823
f 2859 	2864 	2835
f 2869 	2825 	2867
f 2873 	2875 	2825
f 2830 	2856 	2835
f 2859 	2835 	2857
f 2823 	2835 	2864
f 2906 	2813 	2875
f 2852 	2820 	2851
f 3019 	2833 	2854
f 2833 	2820 	2854
f 2852 	2854 	2820
f 3023 	3021 	2830
f 2833 	3029 	2830
f 3019 	3029 	2833
f 3023 	2830 	3029
f 3022 	2856 	2830
f 2857 	2835 	2856
f 2863 	2823 	2862
f 2872 	2745 	2871
f 1394 	2885 	2715
f 2715 	2885 	2770
f 1261 	2885 	1394
f 2919 	1261 	2918
f 2919 	2922 	1261
f 2885 	1261 	2922
f 2928 	2885 	2922
f 2918 	1261 	2917
f 2928 	2929 	2885
f 2885 	2930 	2770
f 2930 	2885 	2929
f 1394 	2732 	2713
f 2713 	2939 	1394
f 2807 	2939 	2713
f 2962 	2952 	2939
f 2806 	2807 	2713
f 1419 	2953 	2954
f 2961 	2962 	2939
f 2939 	2807 	2961
f 1419 	2939 	2952
f 2971 	2972 	1419
f 1419 	2954 	2971
f 3022 	2830 	3021
f 2813 	3050 	3081
f 3052 	3050 	3053
f 2813 	2908 	3050
f 3053 	3050 	2908
f 3062 	3051 	3061
f 3052 	3056 	3050
f 3051 	3050 	3056
f 3051 	3056 	3061
f 3062 	3064 	3051
f 2813 	3081 	2825
f 3124 	3218 	3081
f 3081 	3190 	3175
f 3175 	2820 	3081
f 2823 	2825 	3081
f 2833 	2830 	3081
f 2835 	2823 	3081
f 2830 	2835 	3081
f 2820 	2833 	3081
f 3386 	3387 	3081
f 3388 	3373 	3081
f 3081 	3373 	3190
f 3387 	3388 	3081
f 3081 	3239 	3386
f 3242 	3239 	3081
f 3081 	3218 	3242
f 3127 	3124 	3126
f 3127 	3129 	3124
f 3124 	3134 	3144
f 3134 	3081 	3051
f 3134 	3124 	3081
f 3051 	3064 	3134
f 3142 	3134 	3064
f 3050 	3051 	3081
f 3141 	3134 	3142
f 3144 	3134 	3143
f 3141 	3143 	3134
f 3126 	3124 	3128
f 3128 	3124 	3144
f 3190 	3305 	3175
f 3190 	3373 	3487
f 3301 	3190 	3300
f 3303 	3190 	3301
f 3310 	3175 	3305
f 3124 	3129 	3218
f 3331 	3249 	3218
f 3242 	3336 	3239
f 3331 	3218 	3129
f 3242 	3218 	3249
f 3281 	3242 	3250
f 3281 	3282 	3242
f 3282 	3336 	3242
f 3304 	3190 	3303
f 3304 	3305 	3190
f 3310 	3311 	3175
f 3312 	2851 	3175
f 3312 	3175 	3311
f 2820 	3175 	2851
f 3249 	3250 	3242
f 3337 	3239 	3336
f 3353 	3239 	3350
f 3350 	3239 	3337
f 3388 	3569 	3373
f 3574 	3512 	3373
f 3571 	3573 	3373
f 3512 	3487 	3373
f 3517 	3519 	3388
f 3387 	3490 	3388
f 3446 	3447 	3239
f 3387 	3386 	3415
f 3490 	3516 	3388
f 3449 	3386 	3448
f 3447 	3502 	3239
f 3239 	3561 	3386
f 3449 	3415 	3386
f 3300 	3190 	3487
f 3415 	3488 	3387
f 3517 	3388 	3516
f 3488 	3490 	3387
f 3502 	3561 	3239
f 3448 	3386 	3503
f 3519 	3569 	3388
f 3503 	3386 	3561
f 3571 	3373 	3570
f 3574 	3373 	3573
f 3570 	3373 	3569
f 3446 	3239 	3353
# 218 faces

 #end of obj_0

