# Object Export From Tinkercad Server 2015

mtllib obj.mtl

o obj_0
v 16 		-29.0836 		39.6334
v 16 		-29.4923 		38.9665
v 16 		-27.1826 		38.0098
v 16 		-28.4889 		40.1414
v 16 		-27.7662 		40.4407
v 16 		-26.9865 		40.502
v 16 		-26.2259 		40.3195
v 16 		-25.559 		39.9108
v 16 		-25.051 		39.316
v 16 		-24.7517 		38.5934
v 16 		-24.6903 		37.8136
v 16 		-24.8729 		37.053
v 16 		-25.2816 		36.3861
v 16 		-25.8764 		35.8782
v 16 		-26.599 		35.5788
v 16 		-27.3788 		35.5175
v 16 		-28.1393 		35.7001
v 16 		-28.8063 		36.1087
v 16 		-29.3142 		36.7035
v 16 		-29.6136 		37.4261
v 16 		-29.6749 		38.2059
v -48 		-29.4923 		38.9665
v -48 		-29.0836 		39.6334
v -48 		-27.1826 		38.0098
v -48 		-28.4889 		40.1414
v -48 		-27.7662 		40.4407
v -48 		-26.9865 		40.502
v -48 		-26.2259 		40.3195
v -48 		-25.559 		39.9108
v -48 		-25.051 		39.316
v -48 		-24.7517 		38.5934
v -48 		-24.6903 		37.8136
v -48 		-24.8729 		37.053
v -48 		-25.2816 		36.3861
v -48 		-25.8764 		35.8782
v -48 		-26.599 		35.5788
v -48 		-27.3788 		35.5175
v -48 		-28.1393 		35.7001
v -48 		-28.8063 		36.1087
v -48 		-29.3142 		36.7035
v -48 		-29.6136 		37.4261
v -48 		-29.6749 		38.2059
# 42 vertices

g group_0_14541540

usemtl color_14541540
s 0

f 1 	2 	3
f 4 	1 	3
f 5 	4 	3
f 6 	5 	3
f 7 	6 	3
f 8 	7 	3
f 9 	8 	3
f 10 	9 	3
f 11 	10 	3
f 12 	11 	3
f 13 	12 	3
f 14 	13 	3
f 15 	14 	3
f 16 	15 	3
f 17 	16 	3
f 18 	17 	3
f 19 	18 	3
f 20 	19 	3
f 21 	20 	3
f 2 	21 	3
f 22 	23 	24
f 23 	25 	24
f 25 	26 	24
f 26 	27 	24
f 27 	28 	24
f 28 	29 	24
f 29 	30 	24
f 30 	31 	24
f 31 	32 	24
f 32 	33 	24
f 33 	34 	24
f 34 	35 	24
f 35 	36 	24
f 36 	37 	24
f 37 	38 	24
f 38 	39 	24
f 39 	40 	24
f 40 	41 	24
f 41 	42 	24
f 42 	22 	24
f 2 	1 	1
f 1 	4 	4
f 4 	5 	5
f 5 	6 	6
f 6 	7 	7
f 7 	8 	8
f 8 	9 	9
f 9 	10 	10
f 10 	11 	11
f 11 	12 	12
f 12 	13 	13
f 13 	14 	14
f 14 	15 	15
f 15 	16 	16
f 16 	17 	17
f 17 	18 	18
f 18 	19 	19
f 19 	20 	20
f 20 	21 	21
f 21 	2 	2
f 2 	1 	23
f 2 	23 	22
f 1 	4 	25
f 1 	25 	23
f 4 	5 	26
f 4 	26 	25
f 5 	6 	27
f 5 	27 	26
f 6 	7 	28
f 6 	28 	27
f 7 	8 	29
f 7 	29 	28
f 8 	9 	30
f 8 	30 	29
f 9 	10 	31
f 9 	31 	30
f 10 	11 	32
f 10 	32 	31
f 11 	12 	33
f 11 	33 	32
f 12 	13 	34
f 12 	34 	33
f 13 	14 	35
f 13 	35 	34
f 14 	15 	36
f 14 	36 	35
f 15 	16 	37
f 15 	37 	36
f 16 	17 	38
f 16 	38 	37
f 17 	18 	39
f 17 	39 	38
f 18 	19 	40
f 18 	40 	39
f 19 	20 	41
f 19 	41 	40
f 20 	21 	42
f 20 	42 	41
f 21 	2 	22
f 21 	22 	42
f 22 	23 	23
f 23 	25 	25
f 25 	26 	26
f 26 	27 	27
f 27 	28 	28
f 28 	29 	29
f 29 	30 	30
f 30 	31 	31
f 31 	32 	32
f 32 	33 	33
f 33 	34 	34
f 34 	35 	35
f 35 	36 	36
f 36 	37 	37
f 37 	38 	38
f 38 	39 	39
f 39 	40 	40
f 40 	41 	41
f 41 	42 	42
f 42 	22 	22
# 120 faces

 #end of obj_0

o obj_1
v 14.996 		-37.2 		3
v 14.996 		-17.2 		3
v 14.996 		-37.2 		0
v 14.996 		-17.2 		0
v -3.004 		-17.2 		3
v -3.004 		-37.2 		3
v -3.004 		-17.2 		0
v -3.004 		-37.2 		0
# 8 vertices

g group_1_14541540

usemtl color_14541540
s 0

f 43 	45 	44
f 45 	46 	44
f 47 	49 	48
f 49 	50 	48
f 47 	48 	44
f 48 	43 	44
f 50 	49 	45
f 49 	46 	45
f 48 	50 	43
f 50 	45 	43
f 44 	46 	47
f 46 	49 	47
# 12 faces

 #end of obj_1

o obj_2
v 14.994 		-32.1991 		16.998
v 14.994 		-22.1991 		16.998
v 14.994 		-32.1991 		7.998
v 14.994 		-22.1991 		7.998
v 5.994 		-22.1991 		16.998
v 5.994 		-32.1991 		16.998
v 5.994 		-22.1991 		7.998
v 5.994 		-32.1991 		7.998
# 8 vertices

g group_2_16448250

usemtl color_16448250
s 0

f 51 	53 	52
f 53 	54 	52
f 55 	57 	56
f 57 	58 	56
f 55 	56 	52
f 56 	51 	52
f 58 	57 	53
f 57 	54 	53
f 56 	58 	51
f 58 	53 	51
f 52 	54 	55
f 54 	57 	55
# 12 faces

 #end of obj_2

o obj_3
v 12.996 		-31.1991 		32
v 12.996 		-23.2 		32
v 12.996 		-31.1991 		17
v 12.996 		-23.2 		17
v 6.994 		-23.2 		32
v 6.994 		-31.1991 		32
v 6.994 		-23.2 		17
v 6.994 		-31.1991 		17
# 8 vertices

g group_3_3888547

usemtl color_3888547
s 0

f 59 	61 	60
f 61 	62 	60
f 63 	65 	64
f 65 	66 	64
f 63 	64 	60
f 64 	59 	60
f 66 	65 	61
f 65 	62 	61
f 64 	66 	59
f 66 	61 	59
f 60 	62 	63
f 62 	65 	63
# 12 faces

 #end of obj_3

o obj_4
v -47.002 		-17.196 		3
v -47.002 		-37.196 		3
v -47.002 		-17.196 		0
v -47.002 		-37.196 		0
v -29.002 		-37.196 		3
v -29.002 		-17.196 		3
v -29.002 		-37.196 		0
v -29.002 		-17.196 		0
# 8 vertices

g group_4_14541540

usemtl color_14541540
s 0

f 67 	69 	68
f 69 	70 	68
f 71 	73 	72
f 73 	74 	72
f 71 	72 	68
f 72 	67 	68
f 74 	73 	69
f 73 	70 	69
f 72 	74 	67
f 74 	69 	67
f 68 	70 	71
f 70 	73 	71
# 12 faces

 #end of obj_4

o obj_5
v -47 		-22.1969 		16.998
v -47 		-32.1969 		16.998
v -47 		-22.1969 		7.998
v -47 		-32.1969 		7.998
v -38 		-32.1969 		16.998
v -38 		-22.1969 		16.998
v -38 		-32.1969 		7.998
v -38 		-22.1969 		7.998
# 8 vertices

g group_5_16448250

usemtl color_16448250
s 0

f 75 	77 	76
f 77 	78 	76
f 79 	81 	80
f 81 	82 	80
f 79 	80 	76
f 80 	75 	76
f 82 	81 	77
f 81 	78 	77
f 80 	82 	75
f 82 	77 	75
f 76 	78 	79
f 78 	81 	79
# 12 faces

 #end of obj_5

o obj_6
v -45.002 		-23.1969 		32
v -45.002 		-31.196 		32
v -45.002 		-23.1969 		17
v -45.002 		-31.196 		17
v -39 		-31.196 		32
v -39 		-23.1969 		32
v -39 		-31.196 		17
v -39 		-23.1969 		17
# 8 vertices

g group_6_3888547

usemtl color_3888547
s 0

f 83 	85 	84
f 85 	86 	84
f 87 	89 	88
f 89 	90 	88
f 87 	88 	84
f 88 	83 	84
f 90 	89 	85
f 89 	86 	85
f 88 	90 	83
f 90 	85 	83
f 84 	86 	87
f 86 	89 	87
# 12 faces

 #end of obj_6

o obj_7
v -31.004 		-22.2 		12
v -37.004 		-22.2 		12
v -31.004 		-22.2003 		12.001
v -31.004 		-32.1997 		12.001
v -37.004 		-32.1997 		12.001
v -37.004 		-22.2003 		12.001
v -31.004 		-32.2 		12
v -37.004 		-22.2 		0
v -31.004 		-24.7 		15.997
v -31.004 		-29.7 		15.997
v -37.004 		-29.7 		15.997
v -31.004 		-22.2 		0
v -31.004 		-32.2 		0
v -37.004 		-32.2 		0
v -37.004 		-32.2 		12
v -37.004 		-24.7 		15.997
# 16 vertices

g group_7_16448250

usemtl color_16448250
s 0

f 93 	94 	95
f 93 	95 	96
f 94 	93 	99
f 94 	99 	100
f 100 	101 	95
f 100 	95 	94
f 92 	91 	102
f 92 	102 	98
f 92 	98 	104
f 97 	105 	103
f 91 	92 	105
f 91 	105 	97
f 104 	103 	105
f 91 	103 	102
f 97 	103 	91
f 99 	106 	101
f 99 	101 	100
f 93 	96 	106
f 93 	106 	99
f 103 	104 	98
f 103 	98 	102
f 92 	104 	105
f 96 	95 	101
f 96 	101 	106
# 24 faces

 #end of obj_7

o obj_8
v -38.002 		-28.667 		35.975
v -38.002 		-27.969 		35.62
v -38.002 		-24.816 		38.773
v -38.002 		-24.693 		38
v -47.002 		-22.196 		38
v -38.002 		-27.196 		35.498
v -47.002 		-22.196 		28
v -38.002 		-25.171 		39.471
v -47.002 		-24.693 		38
v -38.002 		-26.423 		35.62
v -38.002 		-32.196 		38
v -47.002 		-32.196 		38
v -38.002 		-25.725 		40.025
v -38.002 		-25.725 		35.975
v -47.002 		-32.196 		28
v -38.002 		-32.196 		28
v -38.002 		-24.839 		41.528
v -47.002 		-25.171 		39.471
v -38.002 		-25.171 		36.529
v -47.002 		-27.196 		40.503
v -38.002 		-26.423 		40.38
v -47.002 		-25.725 		40.025
v -47.002 		-27.969 		40.38
v -38.002 		-24.816 		37.227
v -47.002 		-26.423 		40.38
v -38.002 		-29.576 		37.227
v -38.002 		-29.698 		38
v -47.002 		-28.667 		35.975
v -38.002 		-29.221 		36.529
v -47.002 		-27.969 		35.62
v -38.002 		-28.647 		41.828
v -38.002 		-28.171 		41.923
v -38.002 		-25.283 		41.696
v -38.002 		-25.745 		41.828
v -38.002 		-26.221 		41.923
v -38.002 		-26.706 		41.981
v -47.002 		-27.196 		35.498
v -47.002 		-26.706 		41.981
v -47.002 		-26.221 		41.923
v -47.002 		-25.745 		41.828
v -38.002 		-29.109 		41.696
v -47.002 		-25.283 		41.696
v -47.002 		-24.839 		41.528
v -38.002 		-23.331 		40.538
v -38.002 		-29.553 		41.528
v -38.002 		-23.66 		40.828
v -38.002 		-24.024 		41.092
v -38.002 		-24.418 		41.326
v -47.002 		-26.423 		35.62
v -38.002 		-22.196 		38
v -38.002 		-22.22 		38.392
v -38.002 		-22.292 		38.78
v -38.002 		-22.411 		39.161
v -38.002 		-22.577 		39.531
v -38.002 		-22.786 		39.886
v -38.002 		-23.039 		40.222
v -47.002 		-25.725 		35.975
v -38.002 		-29.974 		41.326
v -47.002 		-24.418 		41.326
v -38.002 		-22.196 		28
v -47.002 		-24.024 		41.092
v -47.002 		-23.66 		40.828
v -47.002 		-23.331 		40.538
v -38.002 		-30.368 		41.092
v -47.002 		-25.171 		36.529
v -47.002 		-23.039 		40.222
v -38.002 		-31.353 		40.222
v -47.002 		-22.786 		39.886
v -38.002 		-31.606 		39.886
v -47.002 		-22.577 		39.531
v -47.002 		-24.816 		37.227
v -47.002 		-22.411 		39.161
v -38.002 		-31.815 		39.531
v -47.002 		-22.292 		38.78
v -38.002 		-31.981 		39.161
v -38.002 		-30.732 		40.828
v -38.002 		-32.1 		38.78
v -47.002 		-22.22 		38.392
v -38.002 		-32.172 		38.392
v -38.002 		-31.061 		40.538
v -38.002 		-27.196 		40.503
v -47.002 		-31.353 		40.222
v -47.002 		-29.576 		37.227
v -38.002 		-27.969 		40.38
v -47.002 		-29.698 		38
v -47.002 		-29.221 		36.529
v -38.002 		-28.667 		40.025
v -47.002 		-31.606 		39.886
v -38.002 		-29.221 		39.471
v -47.002 		-31.815 		39.531
v -47.002 		-31.981 		39.161
v -38.002 		-29.576 		38.773
v -47.002 		-32.1 		38.78
v -47.002 		-32.172 		38.392
v -47.002 		-28.667 		40.025
v -47.002 		-29.221 		39.471
v -47.002 		-27.196 		42
v -47.002 		-29.576 		38.773
v -47.002 		-27.686 		41.981
v -38.002 		-27.196 		42
v -38.002 		-27.686 		41.981
v -47.002 		-28.171 		41.923
v -47.002 		-28.647 		41.828
v -47.002 		-29.109 		41.696
v -47.002 		-29.553 		41.528
v -47.002 		-29.974 		41.326
v -47.002 		-30.368 		41.092
v -47.002 		-31.061 		40.538
v -47.002 		-30.732 		40.828
v -47.002 		-24.816 		38.773
# 110 vertices

g group_8_16448250

usemtl color_16448250
s 0

f 108 	107 	122
f 121 	122 	117
f 121 	117 	118
f 128 	131 	146
f 145 	146 	131
f 125 	156 	130
f 114 	154 	119
f 123 	139 	119
f 135 	107 	134
f 116 	155 	112
f 133 	117 	132
f 120 	163 	116
f 135 	122 	107
f 139 	140 	119
f 141 	142 	127
f 187 	127 	142
f 165 	128 	149
f 148 	149 	128
f 210 	147 	137
f 132 	117 	135
f 122 	135 	117
f 179 	181 	198
f 130 	177 	125
f 151 	147 	210
f 112 	108 	122
f 122 	166 	112
f 116 	112 	166
f 152 	114 	150
f 153 	114 	152
f 154 	114 	153
f 123 	119 	154
f 109 	150 	114
f 110 	159 	109
f 110 	115 	130
f 177 	130 	115
f 158 	110 	157
f 159 	110 	158
f 160 	109 	159
f 161 	109 	160
f 162 	109 	161
f 150 	109 	162
f 156 	157 	110
f 132 	191 	133
f 125 	120 	166
f 120 	116 	166
f 166 	156 	125
f 110 	130 	156
f 113 	111 	156
f 113 	156 	166
f 167 	168 	124
f 146 	148 	128
f 168 	169 	124
f 216 	124 	169
f 169 	172 	216
f 172 	174 	216
f 113 	122 	121
f 213 	170 	164
f 122 	113 	166
f 174 	176 	216
f 176 	178 	216
f 115 	216 	178
f 115 	178 	180
f 115 	180 	184
f 115 	184 	111
f 182 	170 	213
f 175 	179 	198
f 183 	133 	181
f 133 	198 	181
f 185 	133 	183
f 117 	133 	185
f 127 	119 	140
f 108 	136 	107
f 134 	107 	136
f 113 	121 	143
f 136 	108 	112
f 136 	112 	143
f 189 	132 	135
f 189 	135 	192
f 163 	113 	155
f 143 	112 	155
f 188 	194 	175
f 188 	175 	173
f 192 	135 	134
f 171 	113 	163
f 194 	196 	179
f 194 	179 	175
f 138 	137 	190
f 155 	116 	163
f 196 	197 	181
f 196 	181 	179
f 113 	171 	111
f 125 	163 	120
f 197 	199 	183
f 197 	183 	181
f 115 	111 	177
f 177 	111 	171
f 193 	164 	195
f 199 	200 	185
f 199 	185 	183
f 199 	191 	200
f 197 	191 	199
f 196 	204 	197
f 194 	204 	196
f 188 	204 	194
f 200 	118 	117
f 200 	117 	185
f 170 	182 	195
f 126 	144 	131
f 121 	118 	192
f 136 	121 	134
f 192 	134 	121
f 189 	192 	118
f 118 	200 	191
f 191 	189 	118
f 155 	113 	143
f 136 	143 	121
f 214 	215 	202
f 138 	205 	208
f 163 	125 	171
f 191 	204 	133
f 202 	204 	214
f 206 	207 	187
f 190 	187 	207
f 140 	141 	127
f 142 	206 	187
f 207 	138 	190
f 193 	190 	137
f 137 	147 	193
f 147 	151 	193
f 151 	164 	193
f 137 	138 	209
f 208 	209 	138
f 171 	125 	177
f 191 	197 	204
f 188 	214 	204
f 209 	210 	137
f 170 	195 	164
f 182 	186 	195
f 198 	195 	186
f 186 	173 	198
f 173 	175 	198
f 151 	210 	211
f 126 	187 	129
f 190 	129 	187
f 132 	189 	191
f 167 	165 	154
f 210 	209 	201
f 211 	210 	201
f 129 	201 	209
f 209 	208 	129
f 208 	205 	129
f 126 	129 	205
f 205 	203 	126
f 203 	144 	126
f 145 	131 	144
f 190 	193 	129
f 201 	129 	193
f 212 	164 	211
f 151 	211 	164
f 154 	149 	123
f 212 	213 	164
f 165 	149 	154
f 195 	202 	193
f 201 	193 	202
f 215 	213 	202
f 213 	212 	202
f 201 	202 	212
f 211 	201 	212
f 182 	213 	215
f 198 	204 	195
f 202 	195 	204
f 215 	214 	186
f 215 	186 	182
f 124 	128 	165
f 165 	167 	124
f 186 	214 	173
f 188 	173 	214
f 198 	133 	204
f 123 	149 	139
f 148 	139 	149
f 146 	140 	139
f 146 	139 	148
f 168 	152 	150
f 168 	150 	169
f 203 	206 	144
f 140 	146 	141
f 145 	141 	146
f 152 	168 	153
f 167 	153 	168
f 144 	142 	141
f 144 	141 	145
f 154 	153 	167
f 206 	142 	144
f 109 	216 	110
f 205 	207 	206
f 205 	206 	203
f 138 	207 	205
f 119 	128 	114
f 127 	128 	119
f 115 	110 	216
f 114 	124 	216
f 114 	216 	109
f 124 	114 	128
f 131 	128 	127
f 126 	131 	187
f 187 	131 	127
f 184 	157 	156
f 184 	156 	111
f 180 	158 	157
f 180 	157 	184
f 178 	159 	158
f 178 	158 	180
f 176 	160 	159
f 176 	159 	178
f 174 	161 	160
f 174 	160 	176
f 172 	162 	161
f 172 	161 	174
f 169 	150 	172
f 162 	172 	150
# 220 faces

 #end of obj_8

o obj_9
v -38.002 		-17.2 		3
v -38.002 		-22.198 		7.998
v -38.002 		-32.202 		7.998
v -38.002 		-37.2 		3
v -47.006 		-32.202 		7.998
v -47.006 		-22.198 		7.998
v -47.006 		-17.2 		3
v -47.006 		-37.2 		3
# 8 vertices

g group_9_16448250

usemtl color_16448250
s 0

f 217 	218 	219
f 217 	219 	220
f 221 	222 	223
f 221 	223 	224
f 223 	217 	220
f 223 	220 	224
f 219 	221 	224
f 219 	224 	220
f 222 	221 	219
f 222 	219 	218
f 222 	218 	217
f 222 	217 	223
# 12 faces

 #end of obj_9

o obj_10
v 4.998 		-32.196 		0
v 4.998 		-22.196 		0
v -1.002 		-32.196 		0
v -1.002 		-22.196 		0
v -1.002 		-22.196 		12
v -1.002 		-32.196 		12
v -1.002 		-22.1963 		12.001
v -1.002 		-32.1957 		12.001
v -1.002 		-29.696 		15.997
v -1.002 		-24.696 		15.997
v 4.998 		-24.696 		15.997
v 4.998 		-22.1963 		12.001
v 4.998 		-29.696 		15.997
v 4.998 		-32.1957 		12.001
v 4.998 		-22.196 		12
v 4.998 		-32.196 		12
# 16 vertices

g group_10_16448250

usemtl color_16448250
s 0

f 227 	230 	229
f 231 	232 	233
f 231 	233 	234
f 228 	227 	229
f 234 	235 	236
f 234 	236 	231
f 233 	237 	235
f 233 	235 	234
f 232 	238 	237
f 232 	237 	233
f 227 	226 	225
f 240 	227 	225
f 239 	240 	226
f 225 	226 	240
f 228 	226 	227
f 229 	226 	228
f 238 	236 	235
f 238 	235 	237
f 230 	240 	239
f 230 	239 	229
f 230 	227 	240
f 239 	226 	229
f 232 	231 	236
f 232 	236 	238
# 24 faces

 #end of obj_10

o obj_11
v 5.996 		-29.58 		38.773
v 5.996 		-29.703 		38
v 5.996 		-25.729 		35.975
v 14.996 		-32.2 		38
v 14.996 		-32.2 		28
v 14.996 		-29.703 		38
v 5.996 		-26.427 		35.62
v 5.996 		-29.225 		39.471
v 5.996 		-22.2 		38
v 14.996 		-22.2 		38
v 14.996 		-27.2 		40.503
v 5.996 		-27.2 		35.498
v 14.996 		-22.2 		28
v 14.996 		-29.225 		39.471
v 5.996 		-28.671 		40.025
v 5.996 		-22.2 		28
v 14.996 		-28.671 		40.025
v 5.996 		-27.973 		35.62
v 5.996 		-29.557 		41.528
v 14.996 		-26.427 		40.38
v 14.996 		-27.973 		40.38
v 14.996 		-25.729 		35.975
v 5.996 		-25.749 		41.828
v 5.996 		-26.225 		41.923
v 14.996 		-25.729 		40.025
v 5.996 		-27.973 		40.38
v 5.996 		-28.671 		35.975
v 14.996 		-26.427 		35.62
v 5.996 		-25.287 		41.696
v 5.996 		-29.978 		41.326
v 14.996 		-27.2 		35.498
v 5.996 		-29.225 		36.529
v 5.996 		-24.843 		41.528
v 5.996 		-29.113 		41.696
v 14.996 		-27.973 		35.62
v 14.996 		-27.69 		41.981
v 5.996 		-29.58 		37.227
v 14.996 		-28.175 		41.923
v 14.996 		-28.651 		41.828
v 14.996 		-29.113 		41.696
v 14.996 		-29.557 		41.528
v 5.996 		-24.82 		37.227
v 14.996 		-28.671 		35.975
v 5.996 		-24.698 		38
v 5.996 		-28.651 		41.828
v 5.996 		-25.175 		36.529
v 5.996 		-24.422 		41.326
v 14.996 		-25.175 		39.471
v 5.996 		-28.175 		41.923
v 5.996 		-27.69 		41.981
v 14.996 		-29.225 		36.529
v 5.996 		-24.028 		41.092
v 14.996 		-29.978 		41.326
v 14.996 		-30.372 		41.092
v 14.996 		-30.736 		40.828
v 5.996 		-23.664 		40.828
v 14.996 		-31.065 		40.538
v 5.996 		-31.065 		40.538
v 14.996 		-24.82 		38.773
v 5.996 		-30.736 		40.828
v 5.996 		-30.372 		41.092
v 14.996 		-29.58 		37.227
v 14.996 		-24.698 		38
v 5.996 		-23.335 		40.538
v 14.996 		-31.357 		40.222
v 14.996 		-31.61 		39.886
v 14.996 		-31.819 		39.531
v 14.996 		-31.985 		39.161
v 5.996 		-32.2 		38
v 5.996 		-32.176 		38.392
v 5.996 		-32.104 		38.78
v 14.996 		-32.104 		38.78
v 5.996 		-31.985 		39.161
v 14.996 		-32.176 		38.392
v 5.996 		-31.819 		39.531
v 5.996 		-31.61 		39.886
v 5.996 		-31.357 		40.222
v 14.996 		-24.82 		37.227
v 14.996 		-23.043 		40.222
v 5.996 		-32.2 		28
v 5.996 		-23.043 		40.222
v 5.996 		-27.2 		40.503
v 5.996 		-26.427 		40.38
v 14.996 		-22.79 		39.886
v 5.996 		-22.79 		39.886
v 14.996 		-22.581 		39.531
v 5.996 		-22.581 		39.531
v 14.996 		-25.175 		36.529
v 14.996 		-22.415 		39.161
v 5.996 		-22.415 		39.161
v 5.996 		-25.729 		40.025
v 5.996 		-22.296 		38.78
v 5.996 		-22.224 		38.392
v 5.996 		-25.175 		39.471
v 14.996 		-22.296 		38.78
v 14.996 		-22.224 		38.392
v 5.996 		-24.82 		38.773
v 14.996 		-27.2 		42
v 14.996 		-26.71 		41.981
v 14.996 		-26.225 		41.923
v 14.996 		-25.749 		41.828
v 14.996 		-25.287 		41.696
v 14.996 		-24.843 		41.528
v 5.996 		-27.2 		42
v 5.996 		-26.71 		41.981
v 14.996 		-29.58 		38.773
v 14.996 		-24.422 		41.326
v 14.996 		-24.028 		41.092
v 14.996 		-23.335 		40.538
v 14.996 		-23.664 		40.828
# 110 vertices

g group_11_16448250

usemtl color_16448250
s 0

f 250 	256 	249
f 247 	243 	256
f 253 	256 	250
f 257 	261 	279
f 262 	243 	247
f 278 	279 	261
f 342 	269 	263
f 280 	274 	259
f 273 	269 	342
f 248 	270 	255
f 259 	274 	255
f 293 	257 	281
f 280 	281 	257
f 272 	309 	277
f 285 	274 	280
f 284 	249 	282
f 274 	285 	255
f 266 	255 	285
f 289 	266 	285
f 290 	266 	289
f 286 	256 	243
f 348 	292 	287
f 296 	292 	348
f 294 	295 	254
f 279 	280 	257
f 295 	297 	254
f 346 	254 	297
f 297 	305 	346
f 305 	306 	346
f 282 	249 	286
f 256 	286 	249
f 327 	330 	337
f 300 	248 	298
f 301 	248 	300
f 270 	248 	301
f 259 	255 	270
f 241 	298 	248
f 242 	313 	241
f 306 	307 	346
f 307 	308 	346
f 246 	346 	308
f 246 	308 	312
f 246 	312 	314
f 246 	314 	244
f 256 	320 	252
f 252 	247 	256
f 258 	252 	320
f 267 	258 	320
f 311 	242 	310
f 313 	242 	311
f 315 	241 	313
f 316 	241 	315
f 317 	241 	316
f 298 	241 	317
f 309 	310 	242
f 297 	295 	300
f 245 	244 	309
f 245 	309 	320
f 245 	320 	253
f 256 	253 	320
f 320 	309 	272
f 272 	267 	320
f 242 	277 	309
f 319 	324 	325
f 319 	325 	321
f 241 	246 	242
f 324 	326 	327
f 324 	327 	325
f 318 	286 	328
f 246 	277 	242
f 301 	300 	294
f 295 	294 	300
f 325 	327 	337
f 332 	284 	330
f 284 	337 	330
f 333 	284 	332
f 249 	284 	333
f 326 	329 	330
f 326 	330 	327
f 248 	254 	241
f 328 	286 	262
f 270 	301 	293
f 294 	293 	301
f 268 	271 	253
f 329 	335 	332
f 329 	332 	330
f 335 	336 	333
f 335 	333 	332
f 255 	254 	248
f 322 	266 	290
f 245 	253 	271
f 336 	250 	249
f 336 	249 	333
f 335 	303 	336
f 329 	303 	335
f 326 	299 	329
f 324 	299 	326
f 319 	299 	324
f 259 	270 	281
f 293 	281 	270
f 344 	345 	322
f 251 	276 	261
f 291 	245 	283
f 275 	283 	245
f 281 	280 	259
f 245 	291 	244
f 251 	261 	322
f 285 	280 	279
f 343 	342 	265
f 331 	287 	334
f 246 	244 	302
f 302 	244 	291
f 264 	339 	340
f 279 	278 	289
f 279 	289 	285
f 251 	322 	260
f 323 	260 	322
f 292 	296 	334
f 328 	250 	318
f 263 	264 	341
f 340 	341 	264
f 278 	276 	290
f 278 	290 	289
f 260 	323 	265
f 331 	265 	323
f 319 	349 	299
f 262 	253 	328
f 341 	342 	263
f 303 	329 	299
f 338 	344 	276
f 265 	331 	334
f 265 	334 	288
f 262 	268 	253
f 250 	328 	253
f 303 	318 	250
f 250 	336 	303
f 273 	342 	343
f 255 	257 	254
f 264 	263 	323
f 323 	322 	345
f 290 	344 	322
f 345 	264 	323
f 331 	323 	263
f 263 	269 	331
f 269 	273 	331
f 273 	287 	331
f 299 	288 	337
f 334 	337 	288
f 245 	271 	275
f 241 	346 	246
f 266 	261 	255
f 299 	337 	284
f 299 	284 	303
f 288 	347 	265
f 342 	341 	265
f 260 	265 	341
f 341 	340 	260
f 340 	339 	260
f 251 	260 	339
f 339 	338 	251
f 338 	276 	251
f 278 	261 	276
f 241 	254 	346
f 322 	261 	266
f 282 	318 	284
f 292 	334 	287
f 296 	304 	334
f 337 	334 	304
f 304 	321 	337
f 321 	325 	337
f 347 	287 	343
f 273 	343 	287
f 314 	310 	309
f 314 	309 	244
f 318 	282 	286
f 312 	311 	310
f 312 	310 	314
f 300 	298 	297
f 243 	262 	286
f 347 	348 	287
f 308 	313 	311
f 308 	311 	312
f 261 	257 	255
f 350 	288 	349
f 348 	288 	350
f 347 	288 	348
f 343 	265 	347
f 288 	299 	349
f 307 	315 	313
f 307 	313 	308
f 247 	268 	262
f 296 	348 	350
f 306 	316 	315
f 306 	315 	307
f 268 	247 	252
f 268 	252 	271
f 305 	317 	316
f 305 	316 	306
f 275 	271 	258
f 252 	258 	271
f 350 	349 	304
f 350 	304 	296
f 254 	257 	293
f 293 	294 	254
f 267 	283 	258
f 275 	258 	283
f 297 	298 	305
f 317 	305 	298
f 267 	272 	283
f 291 	283 	272
f 304 	349 	321
f 319 	321 	349
f 290 	276 	344
f 339 	345 	344
f 339 	344 	338
f 291 	272 	302
f 277 	302 	272
f 264 	345 	339
f 277 	246 	302
f 284 	318 	303
# 220 faces

 #end of obj_11

o obj_12
v 5.996 		-37.196 		3
v 5.996 		-32.198 		7.998
v 5.996 		-22.194 		7.998
v 5.996 		-17.196 		3
v 15 		-22.194 		7.998
v 15 		-32.198 		7.998
v 15 		-37.196 		3
v 15 		-17.196 		3
# 8 vertices

g group_12_16448250

usemtl color_16448250
s 0

f 351 	352 	353
f 351 	353 	354
f 355 	356 	357
f 355 	357 	358
f 357 	351 	354
f 357 	354 	358
f 353 	355 	358
f 353 	358 	354
f 356 	355 	353
f 356 	353 	352
f 356 	352 	351
f 356 	351 	357
# 12 faces

 #end of obj_12

o obj_13
v -16.1 		-15.6699 		66.2984
v -17.4073 		-15.6917 		66.2457
v -17.3875 		-15.9015 		66.3326
v -17.3285 		-16.1048 		66.4168
v -17.2322 		-16.2956 		66.4959
v -17.1015 		-16.4681 		66.5673
v -16.9403 		-16.617 		66.629
v -16.7537 		-16.7377 		66.679
v -16.5471 		-16.8267 		66.7158
v -16.327 		-16.8812 		66.7384
v -16.1 		-16.8995 		66.746
v -15.873 		-16.8812 		66.7384
v -15.6529 		-16.8267 		66.7158
v -15.4463 		-16.7377 		66.679
v -15.2597 		-16.617 		66.629
v -15.0985 		-16.4681 		66.5673
v -14.9678 		-16.2956 		66.4959
v -14.8715 		-16.1048 		66.4168
v -14.8125 		-15.9015 		66.3326
v -14.7927 		-15.6917 		66.2457
v -14.8125 		-15.482 		66.1588
v -14.8715 		-15.2786 		66.0746
v -14.9678 		-15.0878 		65.9956
v -15.0985 		-14.9153 		65.9241
v -15.2597 		-14.7665 		65.8625
v -15.4463 		-14.6457 		65.8124
v -15.6529 		-14.5567 		65.7756
v -15.873 		-14.5022 		65.753
v -16.1 		-14.4839 		65.7454
v -16.327 		-14.5022 		65.753
v -16.5471 		-14.5567 		65.7756
v -16.7537 		-14.6457 		65.8124
v -16.9403 		-14.7665 		65.8625
v -17.1015 		-14.9153 		65.9241
v -17.2322 		-15.0878 		65.9956
v -17.3285 		-15.2786 		66.0746
v -17.3875 		-15.482 		66.1588
v -18.7047 		-15.7571 		66.0879
v -18.6652 		-16.175 		66.261
v -18.5476 		-16.5801 		66.4288
v -18.3558 		-16.9603 		66.5863
v -18.0953 		-17.3039 		66.7286
v -17.7743 		-17.6005 		66.8515
v -17.4024 		-17.8411 		66.9511
v -16.9909 		-18.0184 		67.0246
v -16.5523 		-18.127 		67.0695
v -16.1 		-18.1635 		67.0847
v -15.6477 		-18.127 		67.0695
v -15.2091 		-18.0184 		67.0246
v -14.7976 		-17.8411 		66.9511
v -14.4257 		-17.6005 		66.8515
v -14.1047 		-17.3039 		66.7286
v -13.8442 		-16.9603 		66.5863
v -13.6524 		-16.5801 		66.4288
v -13.5348 		-16.175 		66.261
v -13.4953 		-15.7571 		66.0879
v -13.5348 		-15.3392 		65.9148
v -13.6524 		-14.934 		65.747
v -13.8442 		-14.5539 		65.5895
v -14.1047 		-14.2102 		65.4472
v -14.4257 		-13.9136 		65.3243
v -14.7976 		-13.673 		65.2247
v -15.2091 		-13.4958 		65.1512
v -15.6477 		-13.3872 		65.1063
v -16.1 		-13.3506 		65.0911
v -16.5523 		-13.3872 		65.1063
v -16.9909 		-13.4958 		65.1512
v -17.4024 		-13.673 		65.2247
v -17.7743 		-13.9136 		65.3243
v -18.0953 		-14.2102 		65.4472
v -18.3558 		-14.5539 		65.5895
v -18.5476 		-14.934 		65.747
v -18.6652 		-15.3392 		65.9148
v -19.9823 		-15.8655 		65.8262
v -19.9233 		-16.4883 		66.0842
v -19.7482 		-17.0922 		66.3344
v -19.4622 		-17.6589 		66.5691
v -19.074 		-18.171 		66.7812
v -18.5955 		-18.6131 		66.9643
v -18.0411 		-18.9717 		67.1129
v -17.4278 		-19.2359 		67.2223
v -16.7742 		-19.3977 		67.2894
v -16.1 		-19.4522 		67.3119
v -15.4258 		-19.3977 		67.2894
v -14.7722 		-19.2359 		67.2223
v -14.1589 		-18.9717 		67.1129
v -13.6045 		-18.6131 		66.9643
v -13.126 		-18.171 		66.7812
v -12.7378 		-17.6589 		66.5691
v -12.4518 		-17.0922 		66.3344
v -12.2767 		-16.4883 		66.0842
v -12.2177 		-15.8655 		65.8262
v -12.2767 		-15.2426 		65.5683
v -12.4518 		-14.6387 		65.3181
v -12.7378 		-14.0721 		65.0834
v -13.126 		-13.5599 		64.8713
v -13.6045 		-13.1178 		64.6881
v -14.1589 		-12.7592 		64.5396
v -14.7722 		-12.495 		64.4301
v -15.4258 		-12.3332 		64.3631
v -16.1 		-12.2787 		64.3406
v -16.7742 		-12.3332 		64.3631
v -17.4278 		-12.495 		64.4301
v -18.0411 		-12.7592 		64.5396
v -18.5955 		-13.1178 		64.6881
v -19.074 		-13.5599 		64.8713
v -19.4622 		-14.0721 		65.0834
v -19.7482 		-14.6387 		65.3181
v -19.9233 		-15.2426 		65.5683
v -21.2303 		-16.0161 		65.4627
v -21.1524 		-16.8391 		65.8036
v -20.9209 		-17.6372 		66.1342
v -20.543 		-18.3859 		66.4443
v -20.03 		-19.0627 		66.7247
v -19.3977 		-19.6469 		66.9667
v -18.6652 		-20.1208 		67.1629
v -17.8547 		-20.47 		67.3076
v -16.9909 		-20.6838 		67.3961
v -16.1 		-20.7558 		67.426
v -15.2091 		-20.6838 		67.3961
v -14.3453 		-20.47 		67.3076
v -13.5348 		-20.1208 		67.1629
v -12.8023 		-19.6469 		66.9667
v -12.17 		-19.0627 		66.7247
v -11.657 		-18.3859 		66.4443
v -11.2791 		-17.6372 		66.1342
v -11.0476 		-16.8391 		65.8036
v -10.9697 		-16.0161 		65.4627
v -11.0476 		-15.193 		65.1218
v -11.2791 		-14.395 		64.7912
v -11.657 		-13.6462 		64.4811
v -12.17 		-12.9694 		64.2007
v -12.8023 		-12.3852 		63.9587
v -13.5348 		-11.9113 		63.7624
v -14.3453 		-11.5621 		63.6178
v -15.2091 		-11.3483 		63.5292
v -16.1 		-11.2763 		63.4994
v -16.9909 		-11.3483 		63.5292
v -17.8547 		-11.5621 		63.6178
v -18.6652 		-11.9113 		63.7624
v -19.3977 		-12.3852 		63.9587
v -20.03 		-12.9694 		64.2007
v -20.543 		-13.6462 		64.4811
v -20.9209 		-14.395 		64.7912
v -21.1524 		-15.193 		65.1218
v -22.4393 		-16.2077 		65
v -22.343 		-17.2247 		65.4213
v -22.057 		-18.2108 		65.8298
v -21.59 		-19.1361 		66.213
v -20.9562 		-19.9723 		66.5594
v -20.1748 		-20.6942 		66.8584
v -19.2696 		-21.2798 		67.101
v -18.2682 		-21.7112 		67.2797
v -17.2008 		-21.9754 		67.3891
v -16.1 		-22.0644 		67.426
v -14.9992 		-21.9754 		67.3891
v -13.9318 		-21.7112 		67.2797
v -12.9304 		-21.2798 		67.101
v -12.0252 		-20.6942 		66.8584
v -11.2438 		-19.9723 		66.5594
v -10.61 		-19.1361 		66.213
v -10.143 		-18.2108 		65.8298
v -9.857 		-17.2247 		65.4213
v -9.7607 		-16.2077 		65
v -9.857 		-15.1907 		64.5788
v -10.143 		-14.2046 		64.1703
v -10.61 		-13.2793 		63.7871
v -11.2438 		-12.4431 		63.4407
v -12.0252 		-11.7212 		63.1417
v -12.9304 		-11.1356 		62.8991
v -13.9318 		-10.7042 		62.7204
v -14.9992 		-10.4399 		62.611
v -16.1 		-10.351 		62.5741
v -17.2008 		-10.4399 		62.611
v -18.2682 		-10.7042 		62.7204
v -19.2696 		-11.1356 		62.8991
v -20.1748 		-11.7212 		63.1417
v -20.9562 		-12.4431 		63.4407
v -21.59 		-13.2793 		63.7871
v -22.057 		-14.2046 		64.1703
v -22.343 		-15.1907 		64.5788
v -23.6 		-16.4389 		64.4418
v -23.4861 		-17.6421 		64.9402
v -23.1477 		-18.8088 		65.4234
v -22.5952 		-19.9035 		65.8769
v -21.8453 		-20.8929 		66.2867
v -20.9209 		-21.7469 		66.6404
v -19.85 		-22.4397 		66.9274
v -18.6652 		-22.9501 		67.1388
v -17.4024 		-23.2627 		67.2683
v -16.1 		-23.368 		67.3119
v -14.7976 		-23.2627 		67.2683
v -13.5348 		-22.9501 		67.1388
v -12.35 		-22.4397 		66.9274
v -11.2791 		-21.7469 		66.6404
v -10.3547 		-20.8929 		66.2867
v -9.6048 		-19.9035 		65.8769
v -9.0523 		-18.8088 		65.4234
v -8.7139 		-17.6421 		64.9402
v -8.6 		-16.4389 		64.4418
v -8.7139 		-15.2357 		63.9434
v -9.0523 		-14.069 		63.4602
v -9.6048 		-12.9744 		63.0067
v -10.3547 		-11.985 		62.5969
v -11.2791 		-11.1309 		62.2432
v -12.35 		-10.4381 		61.9562
v -13.5348 		-9.9277 		61.7448
v -14.7976 		-9.6151 		61.6153
v -16.1 		-9.5098 		61.5717
v -17.4024 		-9.6151 		61.6153
v -18.6652 		-9.9277 		61.7448
v -19.85 		-10.4381 		61.9562
v -20.9209 		-11.1309 		62.2432
v -21.8453 		-11.985 		62.5969
v -22.5952 		-12.9744 		63.0067
v -23.1477 		-14.069 		63.4602
v -23.4861 		-15.2357 		63.9434
v -24.7036 		-16.708 		63.7922
v -24.5729 		-18.0883 		64.364
v -24.1848 		-19.4266 		64.9183
v -23.551 		-20.6824 		65.4385
v -22.6908 		-21.8173 		65.9086
v -21.6303 		-22.7971 		66.3144
v -20.4018 		-23.5918 		66.6436
v -19.0426 		-24.1774 		66.8861
v -17.594 		-24.536 		67.0347
v -16.1 		-24.6567 		67.0847
v -14.606 		-24.536 		67.0347
v -13.1574 		-24.1774 		66.8861
v -11.7982 		-23.5918 		66.6436
v -10.5697 		-22.7971 		66.3144
v -9.5092 		-21.8173 		65.9086
v -8.649 		-20.6824 		65.4385
v -8.0152 		-19.4266 		64.9183
v -7.6271 		-18.0883 		64.364
v -7.4964 		-16.708 		63.7922
v -7.6271 		-15.3277 		63.2205
v -8.0152 		-13.9894 		62.6661
v -8.649 		-12.7336 		62.146
v -9.5092 		-11.5986 		61.6759
v -10.5697 		-10.6189 		61.27
v -11.7982 		-9.8242 		60.9409
v -13.1574 		-9.2386 		60.6983
v -14.606 		-8.88 		60.5498
v -16.1 		-8.7593 		60.4997
v -17.594 		-8.88 		60.5498
v -19.0426 		-9.2386 		60.6983
v -20.4018 		-9.8242 		60.9409
v -21.6303 		-10.6189 		61.27
v -22.6908 		-11.5986 		61.6759
v -23.551 		-12.7336 		62.146
v -24.1848 		-13.9894 		62.6661
v -24.5729 		-15.3277 		63.2205
v -25.7418 		-17.0128 		63.0562
v -25.5953 		-18.5597 		63.697
v -25.1603 		-20.0595 		64.3182
v -24.4501 		-21.4668 		64.9011
v -23.4861 		-22.7387 		65.428
v -22.2976 		-23.8367 		65.8828
v -20.9209 		-24.7273 		66.2517
v -19.3977 		-25.3835 		66.5235
v -17.7743 		-25.7854 		66.6899
v -16.1 		-25.9207 		66.746
v -14.4257 		-25.7854 		66.6899
v -12.8023 		-25.3835 		66.5235
v -11.2791 		-24.7273 		66.2517
v -9.9024 		-23.8367 		65.8828
v -8.7139 		-22.7387 		65.428
v -7.7499 		-21.4668 		64.9011
v -7.0397 		-20.0595 		64.3182
v -6.6047 		-18.5597 		63.697
v -6.4582 		-17.0128 		63.0562
v -6.6047 		-15.466 		62.4155
v -7.0397 		-13.9662 		61.7943
v -7.7499 		-12.5589 		61.2114
v -8.7139 		-11.287 		60.6845
v -9.9024 		-10.189 		60.2297
v -11.2791 		-9.2984 		59.8608
v -12.8023 		-8.6422 		59.589
v -14.4257 		-8.2403 		59.4225
v -16.1 		-8.105 		59.3665
v -17.7743 		-8.2403 		59.4225
v -19.3977 		-8.6422 		59.589
v -20.9209 		-9.2984 		59.8608
v -22.2976 		-10.189 		60.2297
v -23.4861 		-11.287 		60.6845
v -24.4501 		-12.5589 		61.2114
v -25.1603 		-13.9662 		61.7943
v -25.5953 		-15.466 		62.4155
v -26.7066 		-17.3512 		62.2395
v -26.5455 		-19.0528 		62.9443
v -26.0669 		-20.7027 		63.6277
v -25.2856 		-22.2508 		64.269
v -24.2251 		-23.65 		64.8485
v -22.9178 		-24.8578 		65.3488
v -21.4033 		-25.8375 		65.7546
v -19.7277 		-26.5594 		66.0537
v -17.9418 		-27.0015 		66.2368
v -16.1 		-27.1504 		66.2984
v -14.2582 		-27.0015 		66.2368
v -12.4723 		-26.5594 		66.0537
v -10.7967 		-25.8375 		65.7546
v -9.2822 		-24.8578 		65.3488
v -7.9749 		-23.65 		64.8485
v -6.9144 		-22.2508 		64.269
v -6.1331 		-20.7027 		63.6277
v -5.6545 		-19.0528 		62.9443
v -5.4934 		-17.3512 		62.2395
v -5.6545 		-15.6495 		61.5346
v -6.1331 		-13.9996 		60.8512
v -6.9144 		-12.4515 		60.21
v -7.9749 		-11.0523 		59.6304
v -9.2822 		-9.8445 		59.1301
v -10.7967 		-8.8648 		58.7243
v -12.4723 		-8.1429 		58.4253
v -14.2582 		-7.7008 		58.2422
v -16.1 		-7.5519 		58.1805
v -17.9418 		-7.7008 		58.2422
v -19.7277 		-8.1429 		58.4253
v -21.4033 		-8.8648 		58.7243
v -22.9178 		-9.8445 		59.1301
v -24.2251 		-11.0523 		59.6304
v -25.2856 		-12.4515 		60.21
v -26.0669 		-13.9996 		60.8512
v -26.5455 		-15.6495 		61.5346
v -27.5907 		-17.7204 		61.3481
v -27.4161 		-19.5638 		62.1117
v -26.8977 		-21.3512 		62.8521
v -26.0512 		-23.0284 		63.5468
v -24.9024 		-24.5442 		64.1746
v -23.4861 		-25.8527 		64.7166
v -21.8453 		-26.9141 		65.1563
v -20.03 		-27.6961 		65.4802
v -18.0953 		-28.1751 		65.6786
v -16.1 		-28.3364 		65.7454
v -14.1047 		-28.1751 		65.6786
v -12.17 		-27.6961 		65.4802
v -10.3547 		-26.9141 		65.1563
v -8.7139 		-25.8527 		64.7166
v -7.2976 		-24.5442 		64.1746
v -6.1488 		-23.0284 		63.5468
v -5.3023 		-21.3512 		62.8521
v -4.7839 		-19.5638 		62.1117
v -4.6093 		-17.7204 		61.3481
v -4.7839 		-15.8769 		60.5845
v -5.3023 		-14.0895 		59.8442
v -6.1488 		-12.4124 		59.1495
v -7.2976 		-10.8965 		58.5216
v -8.7139 		-9.588 		57.9796
v -10.3547 		-8.5266 		57.54
v -12.17 		-7.7446 		57.216
v -14.1047 		-7.2657 		57.0176
v -16.1 		-7.1044 		56.9508
v -18.0953 		-7.2657 		57.0176
v -20.03 		-7.7446 		57.216
v -21.8453 		-8.5266 		57.54
v -23.4861 		-9.588 		57.9796
v -24.9024 		-10.8965 		58.5216
v -26.0512 		-12.4124 		59.1495
v -26.8977 		-14.0895 		59.8442
v -27.4161 		-15.8769 		60.5845
v -28.3873 		-18.1177 		60.389
v -28.2006 		-20.0889 		61.2055
v -27.6463 		-22.0003 		61.9972
v -26.7411 		-23.7936 		62.7401
v -25.5126 		-25.4146 		63.4115
v -23.9981 		-26.8138 		63.991
v -22.2436 		-27.9487 		64.4612
v -20.3025 		-28.785 		64.8075
v -18.2337 		-29.2972 		65.0197
v -16.1 		-29.4696 		65.0911
v -13.9663 		-29.2972 		65.0197
v -11.8975 		-28.785 		64.8075
v -9.9564 		-27.9487 		64.4612
v -8.2019 		-26.8138 		63.991
v -6.6874 		-25.4146 		63.4115
v -5.4589 		-23.7936 		62.7401
v -4.5537 		-22.0003 		61.9972
v -3.9994 		-20.0889 		61.2055
v -3.8127 		-18.1177 		60.389
v -3.9994 		-16.1464 		59.5725
v -4.5537 		-14.2351 		58.7808
v -5.4589 		-12.4417 		58.0379
v -6.6874 		-10.8207 		57.3665
v -8.2019 		-9.4215 		56.7869
v -9.9564 		-8.2866 		56.3168
v -11.8975 		-7.4503 		55.9704
v -13.9663 		-6.9381 		55.7583
v -16.1 		-6.7657 		55.6868
v -18.2337 		-6.9381 		55.7583
v -20.3025 		-7.4503 		55.9704
v -22.2436 		-8.2866 		56.3168
v -23.9981 		-9.4215 		56.7869
v -25.5126 		-10.8207 		57.3665
v -26.7411 		-12.4417 		58.0379
v -27.6463 		-14.2351 		58.7808
v -28.2006 		-16.1464 		59.5725
v -29.0904 		-18.54 		59.3693
v -28.893 		-20.624 		60.2326
v -28.307 		-22.6448 		61.0696
v -27.35 		-24.5408 		61.8549
v -26.0512 		-26.2544 		62.5648
v -24.4501 		-27.7337 		63.1775
v -22.5952 		-28.9336 		63.6745
v -20.543 		-29.8178 		64.0408
v -18.3558 		-30.3592 		64.265
v -16.1 		-30.5415 		64.3406
v -13.8442 		-30.3592 		64.265
v -11.657 		-29.8178 		64.0408
v -9.6048 		-28.9336 		63.6745
v -7.7499 		-27.7337 		63.1775
v -6.1488 		-26.2544 		62.5648
v -4.85 		-24.5408 		61.8549
v -3.893 		-22.6448 		61.0696
v -3.307 		-20.624 		60.2326
v -3.1096 		-18.54 		59.3693
v -3.307 		-16.456 		58.5061
v -3.893 		-14.4352 		57.6691
v -4.85 		-12.5392 		56.8837
v -6.1488 		-10.8256 		56.1739
v -7.7499 		-9.3463 		55.5612
v -9.6048 		-8.1464 		55.0642
v -11.657 		-7.2622 		54.6979
v -13.8442 		-6.7208 		54.4737
v -16.1 		-6.5385 		54.3981
v -18.3558 		-6.7208 		54.4737
v -20.543 		-7.2622 		54.6979
v -22.5952 		-8.1464 		55.0642
v -24.4501 		-9.3463 		55.5612
v -26.0512 		-10.8256 		56.1739
v -27.35 		-12.5392 		56.8837
v -28.307 		-14.4352 		57.6691
v -28.893 		-16.456 		58.5061
v -29.6946 		-18.9842 		58.297
v -29.4881 		-21.1652 		59.2004
v -28.8748 		-23.2799 		60.0763
v -27.8733 		-25.2641 		60.8982
v -26.5141 		-27.0575 		61.641
v -24.8385 		-28.6055 		62.2823
v -22.8973 		-29.8613 		62.8024
v -20.7496 		-30.7865 		63.1857
v -18.4607 		-31.3532 		63.4204
v -16.1 		-31.544 		63.4994
v -13.7393 		-31.3532 		63.4204
v -11.4504 		-30.7865 		63.1857
v -9.3027 		-29.8613 		62.8024
v -7.3615 		-28.6055 		62.2823
v -5.6859 		-27.0575 		61.641
v -4.3267 		-25.2641 		60.8982
v -3.3252 		-23.2799 		60.0763
v -2.7119 		-21.1652 		59.2004
v -2.5054 		-18.9842 		58.297
v -2.7119 		-16.8032 		57.3936
v -3.3252 		-14.6885 		56.5176
v -4.3267 		-12.7043 		55.6958
v -5.6859 		-10.9109 		54.9529
v -7.3615 		-9.3628 		54.3117
v -9.3027 		-8.1071 		53.7915
v -11.4504 		-7.1819 		53.4083
v -13.7393 		-6.6152 		53.1736
v -16.1 		-6.4244 		53.0945
v -18.4607 		-6.6152 		53.1736
v -20.7496 		-7.1819 		53.4083
v -22.8973 		-8.1071 		53.7915
v -24.8385 		-9.3628 		54.3117
v -26.5141 		-10.9109 		54.9529
v -27.8733 		-12.7043 		55.6958
v -28.8748 		-14.6885 		56.5176
v -29.4881 		-16.8032 		57.3936
v -30.1954 		-19.4468 		57.18
v -29.9812 		-21.7082 		58.1167
v -29.3453 		-23.9008 		59.0249
v -28.307 		-25.9581 		59.8771
v -26.8977 		-27.8175 		60.6473
v -25.1603 		-29.4226 		61.3121
v -23.1477 		-30.7246 		61.8514
v -20.9209 		-31.6839 		62.2488
v -18.5476 		-32.2714 		62.4922
v -16.1 		-32.4693 		62.5741
v -13.6524 		-32.2714 		62.4922
v -11.2791 		-31.6839 		62.2488
v -9.0523 		-30.7246 		61.8514
v -7.0397 		-29.4226 		61.3121
v -5.3023 		-27.8175 		60.6473
v -3.893 		-25.9581 		59.8771
v -2.8547 		-23.9008 		59.0249
v -2.2188 		-21.7082 		58.1167
v -2.0046 		-19.4468 		57.18
v -2.2188 		-17.1855 		56.2434
v -2.8547 		-14.9929 		55.3352
v -3.893 		-12.9356 		54.483
v -5.3023 		-11.0762 		53.7128
v -7.0397 		-9.4711 		53.0479
v -9.0523 		-8.1691 		52.5086
v -11.2791 		-7.2098 		52.1113
v -13.6524 		-6.6222 		51.8679
v -16.1 		-6.4244 		51.786
v -18.5476 		-6.6222 		51.8679
v -20.9209 		-7.2098 		52.1113
v -23.1477 		-8.1691 		52.5086
v -25.1603 		-9.4711 		53.0479
v -26.8977 		-11.0762 		53.7128
v -28.307 		-12.9356 		54.483
v -29.3453 		-14.9929 		55.3352
v -29.9812 		-17.1855 		56.2434
v -30.5889 		-19.9244 		56.027
v -30.3688 		-22.2489 		56.9898
v -29.7151 		-24.5027 		57.9234
v -28.6477 		-26.6174 		58.7993
v -27.1991 		-28.5288 		59.5911
v -25.4133 		-30.1787 		60.2745
v -23.3444 		-31.517 		60.8288
v -21.0555 		-32.5032 		61.2373
v -18.616 		-33.1071 		61.4874
v -16.1 		-33.3104 		61.5717
v -13.584 		-33.1071 		61.4874
v -11.1445 		-32.5032 		61.2373
v -8.8556 		-31.517 		60.8288
v -6.7867 		-30.1787 		60.2745
v -5.0009 		-28.5288 		59.5911
v -3.5523 		-26.6174 		58.7993
v -2.4849 		-24.5027 		57.9234
v -1.8312 		-22.2489 		56.9898
v -1.6111 		-19.9244 		56.027
v -1.8312 		-17.6 		55.0642
v -2.4849 		-15.3462 		54.1306
v -3.5523 		-13.2314 		53.2547
v -5.0009 		-11.3201 		52.463
v -6.7867 		-9.6702 		51.7796
v -8.8556 		-8.3318 		51.2252
v -11.1445 		-7.3457 		50.8167
v -13.584 		-6.7418 		50.5666
v -16.1 		-6.5385 		50.4824
v -18.616 		-6.7418 		50.5666
v -21.0555 		-7.3457 		50.8167
v -23.3444 		-8.3318 		51.2252
v -25.4133 		-9.6702 		51.7796
v -27.1991 		-11.3201 		52.463
v -28.6477 		-13.2314 		53.2547
v -29.7151 		-15.3462 		54.1306
v -30.3688 		-17.6 		55.0642
v -30.8721 		-20.4133 		54.8467
v -30.6477 		-22.7832 		55.8283
v -29.9812 		-25.0811 		56.7802
v -28.893 		-27.2372 		57.6732
v -27.4161 		-29.1859 		58.4804
v -25.5953 		-30.8681 		59.1772
v -23.4861 		-32.2326 		59.7424
v -21.1524 		-33.2379 		60.1588
v -18.6652 		-33.8537 		60.4139
v -16.1 		-34.061 		60.4997
v -13.5348 		-33.8537 		60.4139
v -11.0476 		-33.2379 		60.1588
v -8.7139 		-32.2326 		59.7424
v -6.6047 		-30.8681 		59.1772
v -4.7839 		-29.1859 		58.4804
v -3.307 		-27.2372 		57.6732
v -2.2188 		-25.0811 		56.7802
v -1.5523 		-22.7832 		55.8283
v -1.3279 		-20.4133 		54.8467
v -1.5523 		-18.0435 		53.8651
v -2.2188 		-15.7456 		52.9132
v -3.307 		-13.5895 		52.0202
v -4.7839 		-11.6408 		51.213
v -6.6047 		-9.9586 		50.5162
v -8.7139 		-8.5941 		49.951
v -11.0476 		-7.5887 		49.5346
v -13.5348 		-6.973 		49.2795
v -16.1 		-6.7657 		49.1937
v -18.6652 		-6.973 		49.2795
v -21.1524 		-7.5887 		49.5346
v -23.4861 		-8.5941 		49.951
v -25.5953 		-9.9586 		50.5162
v -27.4161 		-11.6408 		51.213
v -28.893 		-13.5895 		52.0202
v -29.9812 		-15.7456 		52.9132
v -30.6477 		-18.0435 		53.8651
v -31.0429 		-20.9098 		53.6481
v -30.8159 		-23.3071 		54.6411
v -30.1418 		-25.6316 		55.6039
v -29.0409 		-27.8126 		56.5073
v -27.5469 		-29.7838 		57.3238
v -25.7051 		-31.4854 		58.0286
v -23.5715 		-32.8657 		58.6004
v -21.2108 		-33.8827 		59.0216
v -18.6948 		-34.5056 		59.2796
v -16.1 		-34.7153 		59.3665
v -13.5052 		-34.5056 		59.2796
v -10.9892 		-33.8827 		59.0216
v -8.6285 		-32.8657 		58.6004
v -6.4949 		-31.4854 		58.0286
v -4.6531 		-29.7838 		57.3238
v -3.1591 		-27.8126 		56.5073
v -2.0582 		-25.6316 		55.6039
v -1.3841 		-23.3071 		54.6411
v -1.1571 		-20.9098 		53.6481
v -1.3841 		-18.5125 		52.6551
v -2.0582 		-16.1881 		51.6923
v -3.1591 		-14.0071 		50.7889
v -4.6531 		-12.0359 		49.9724
v -6.4949 		-10.3342 		49.2675
v -8.6285 		-8.954 		48.6958
v -10.9892 		-7.9369 		48.2745
v -13.5052 		-7.3141 		48.0165
v -16.1 		-7.1044 		47.9297
v -18.6948 		-7.3141 		48.0165
v -21.2108 		-7.9369 		48.2745
v -23.5715 		-8.954 		48.6958
v -25.7051 		-10.3342 		49.2675
v -27.5469 		-12.0359 		49.9724
v -29.0409 		-14.0071 		50.7889
v -30.1418 		-16.1881 		51.6923
v -30.8159 		-18.5125 		52.6551
v -31.1 		-21.4101 		52.4403
v -30.8721 		-23.8166 		53.437
v -30.1954 		-26.1499 		54.4035
v -29.0904 		-28.3392 		55.3104
v -27.5907 		-30.318 		56.13
v -25.7418 		-32.0261 		56.8375
v -23.6 		-33.4117 		57.4115
v -21.2303 		-34.4326 		57.8343
v -18.7047 		-35.0578 		58.0933
v -16.1 		-35.2683 		58.1805
v -13.4953 		-35.0578 		58.0933
v -10.9697 		-34.4326 		57.8343
v -8.6 		-33.4117 		57.4115
v -6.4582 		-32.0261 		56.8375
v -4.6093 		-30.318 		56.13
v -3.1096 		-28.3392 		55.3104
v -2.0046 		-26.1499 		54.4035
v -1.3279 		-23.8166 		53.437
v -1.1 		-21.4101 		52.4403
v -1.3279 		-19.0037 		51.4435
v -2.0046 		-16.6703 		50.477
v -3.1096 		-14.481 		49.5701
v -4.6093 		-12.5023 		48.7505
v -6.4582 		-10.7941 		48.043
v -8.6 		-9.4086 		47.469
v -10.9697 		-8.3877 		47.0462
v -13.4953 		-7.7625 		46.7872
v -16.1 		-7.5519 		46.7
v -18.7047 		-7.7625 		46.7872
v -21.2303 		-8.3877 		47.0462
v -23.6 		-9.4086 		47.469
v -25.7418 		-10.7941 		48.043
v -27.5907 		-12.5023 		48.7505
v -29.0904 		-14.481 		49.5701
v -30.1954 		-16.6703 		50.477
v -30.8721 		-19.0037 		51.4435
v -16.1 		-21.4101 		52.4403
# 650 vertices

g group_13_12568524

usemtl color_12568524
s 0

f 359 	360 	361
f 359 	361 	362
f 359 	362 	363
f 359 	363 	364
f 359 	364 	365
f 359 	365 	366
f 359 	366 	367
f 359 	367 	368
f 359 	368 	369
f 359 	369 	370
f 359 	370 	371
f 359 	371 	372
f 359 	372 	373
f 359 	373 	374
f 359 	374 	375
f 359 	375 	376
f 359 	376 	377
f 359 	377 	378
f 359 	378 	379
f 359 	379 	380
f 359 	380 	381
f 359 	381 	382
f 359 	382 	383
f 359 	383 	384
f 359 	384 	385
f 359 	385 	386
f 359 	386 	387
f 359 	387 	388
f 359 	388 	389
f 359 	389 	390
f 359 	390 	391
f 359 	391 	392
f 359 	392 	393
f 359 	393 	394
f 359 	394 	395
f 359 	395 	360
f 361 	360 	397
f 360 	396 	397
f 362 	361 	398
f 361 	397 	398
f 363 	362 	399
f 362 	398 	399
f 364 	363 	400
f 363 	399 	400
f 365 	364 	401
f 364 	400 	401
f 366 	365 	402
f 365 	401 	402
f 367 	366 	403
f 366 	402 	403
f 368 	367 	404
f 367 	403 	404
f 369 	368 	405
f 368 	404 	405
f 370 	369 	406
f 369 	405 	406
f 371 	370 	407
f 370 	406 	407
f 372 	371 	408
f 371 	407 	408
f 373 	372 	409
f 372 	408 	409
f 374 	373 	410
f 373 	409 	410
f 375 	374 	411
f 374 	410 	411
f 376 	375 	412
f 375 	411 	412
f 377 	376 	413
f 376 	412 	413
f 378 	377 	414
f 377 	413 	414
f 379 	378 	415
f 378 	414 	415
f 380 	379 	416
f 379 	415 	416
f 381 	380 	417
f 380 	416 	417
f 382 	381 	418
f 381 	417 	418
f 383 	382 	419
f 382 	418 	419
f 384 	383 	420
f 383 	419 	420
f 385 	384 	421
f 384 	420 	421
f 386 	385 	422
f 385 	421 	422
f 387 	386 	423
f 386 	422 	423
f 388 	387 	424
f 387 	423 	424
f 389 	388 	425
f 388 	424 	425
f 390 	389 	426
f 389 	425 	426
f 391 	390 	427
f 390 	426 	427
f 392 	391 	428
f 391 	427 	428
f 393 	392 	429
f 392 	428 	429
f 394 	393 	430
f 393 	429 	430
f 395 	394 	431
f 394 	430 	431
f 360 	395 	396
f 395 	431 	396
f 397 	396 	433
f 396 	432 	433
f 398 	397 	434
f 397 	433 	434
f 399 	398 	435
f 398 	434 	435
f 400 	399 	436
f 399 	435 	436
f 401 	400 	437
f 400 	436 	437
f 402 	401 	438
f 401 	437 	438
f 403 	402 	439
f 402 	438 	439
f 404 	403 	440
f 403 	439 	440
f 405 	404 	441
f 404 	440 	441
f 406 	405 	442
f 405 	441 	442
f 407 	406 	443
f 406 	442 	443
f 408 	407 	444
f 407 	443 	444
f 409 	408 	445
f 408 	444 	445
f 410 	409 	446
f 409 	445 	446
f 411 	410 	447
f 410 	446 	447
f 412 	411 	448
f 411 	447 	448
f 413 	412 	449
f 412 	448 	449
f 414 	413 	450
f 413 	449 	450
f 415 	414 	451
f 414 	450 	451
f 416 	415 	452
f 415 	451 	452
f 417 	416 	453
f 416 	452 	453
f 418 	417 	454
f 417 	453 	454
f 419 	418 	455
f 418 	454 	455
f 420 	419 	456
f 419 	455 	456
f 421 	420 	457
f 420 	456 	457
f 422 	421 	458
f 421 	457 	458
f 423 	422 	459
f 422 	458 	459
f 424 	423 	460
f 423 	459 	460
f 425 	424 	461
f 424 	460 	461
f 426 	425 	462
f 425 	461 	462
f 427 	426 	463
f 426 	462 	463
f 428 	427 	464
f 427 	463 	464
f 429 	428 	465
f 428 	464 	465
f 430 	429 	466
f 429 	465 	466
f 431 	430 	467
f 430 	466 	467
f 396 	431 	432
f 431 	467 	432
f 433 	432 	469
f 432 	468 	469
f 434 	433 	470
f 433 	469 	470
f 435 	434 	471
f 434 	470 	471
f 436 	435 	472
f 435 	471 	472
f 437 	436 	473
f 436 	472 	473
f 438 	437 	474
f 437 	473 	474
f 439 	438 	475
f 438 	474 	475
f 440 	439 	476
f 439 	475 	476
f 441 	440 	477
f 440 	476 	477
f 442 	441 	478
f 441 	477 	478
f 443 	442 	479
f 442 	478 	479
f 444 	443 	480
f 443 	479 	480
f 445 	444 	481
f 444 	480 	481
f 446 	445 	482
f 445 	481 	482
f 447 	446 	483
f 446 	482 	483
f 448 	447 	484
f 447 	483 	484
f 449 	448 	485
f 448 	484 	485
f 450 	449 	486
f 449 	485 	486
f 451 	450 	487
f 450 	486 	487
f 452 	451 	488
f 451 	487 	488
f 453 	452 	489
f 452 	488 	489
f 454 	453 	490
f 453 	489 	490
f 455 	454 	491
f 454 	490 	491
f 456 	455 	492
f 455 	491 	492
f 457 	456 	493
f 456 	492 	493
f 458 	457 	494
f 457 	493 	494
f 459 	458 	495
f 458 	494 	495
f 460 	459 	496
f 459 	495 	496
f 461 	460 	497
f 460 	496 	497
f 462 	461 	498
f 461 	497 	498
f 463 	462 	499
f 462 	498 	499
f 464 	463 	500
f 463 	499 	500
f 465 	464 	501
f 464 	500 	501
f 466 	465 	502
f 465 	501 	502
f 467 	466 	503
f 466 	502 	503
f 432 	467 	468
f 467 	503 	468
f 469 	468 	505
f 468 	504 	505
f 470 	469 	506
f 469 	505 	506
f 471 	470 	507
f 470 	506 	507
f 472 	471 	508
f 471 	507 	508
f 473 	472 	509
f 472 	508 	509
f 474 	473 	510
f 473 	509 	510
f 475 	474 	511
f 474 	510 	511
f 476 	475 	512
f 475 	511 	512
f 477 	476 	513
f 476 	512 	513
f 478 	477 	514
f 477 	513 	514
f 479 	478 	515
f 478 	514 	515
f 480 	479 	516
f 479 	515 	516
f 481 	480 	517
f 480 	516 	517
f 482 	481 	518
f 481 	517 	518
f 483 	482 	519
f 482 	518 	519
f 484 	483 	520
f 483 	519 	520
f 485 	484 	521
f 484 	520 	521
f 486 	485 	522
f 485 	521 	522
f 487 	486 	523
f 486 	522 	523
f 488 	487 	524
f 487 	523 	524
f 489 	488 	525
f 488 	524 	525
f 490 	489 	526
f 489 	525 	526
f 491 	490 	527
f 490 	526 	527
f 492 	491 	528
f 491 	527 	528
f 493 	492 	529
f 492 	528 	529
f 494 	493 	530
f 493 	529 	530
f 495 	494 	531
f 494 	530 	531
f 496 	495 	532
f 495 	531 	532
f 497 	496 	533
f 496 	532 	533
f 498 	497 	534
f 497 	533 	534
f 499 	498 	535
f 498 	534 	535
f 500 	499 	536
f 499 	535 	536
f 501 	500 	537
f 500 	536 	537
f 502 	501 	538
f 501 	537 	538
f 503 	502 	539
f 502 	538 	539
f 468 	503 	504
f 503 	539 	504
f 505 	504 	541
f 504 	540 	541
f 506 	505 	542
f 505 	541 	542
f 507 	506 	543
f 506 	542 	543
f 508 	507 	544
f 507 	543 	544
f 509 	508 	545
f 508 	544 	545
f 510 	509 	546
f 509 	545 	546
f 511 	510 	547
f 510 	546 	547
f 512 	511 	548
f 511 	547 	548
f 513 	512 	549
f 512 	548 	549
f 514 	513 	550
f 513 	549 	550
f 515 	514 	551
f 514 	550 	551
f 516 	515 	552
f 515 	551 	552
f 517 	516 	553
f 516 	552 	553
f 518 	517 	554
f 517 	553 	554
f 519 	518 	555
f 518 	554 	555
f 520 	519 	556
f 519 	555 	556
f 521 	520 	557
f 520 	556 	557
f 522 	521 	558
f 521 	557 	558
f 523 	522 	559
f 522 	558 	559
f 524 	523 	560
f 523 	559 	560
f 525 	524 	561
f 524 	560 	561
f 526 	525 	562
f 525 	561 	562
f 527 	526 	563
f 526 	562 	563
f 528 	527 	564
f 527 	563 	564
f 529 	528 	565
f 528 	564 	565
f 530 	529 	566
f 529 	565 	566
f 531 	530 	567
f 530 	566 	567
f 532 	531 	568
f 531 	567 	568
f 533 	532 	569
f 532 	568 	569
f 534 	533 	570
f 533 	569 	570
f 535 	534 	571
f 534 	570 	571
f 536 	535 	572
f 535 	571 	572
f 537 	536 	573
f 536 	572 	573
f 538 	537 	574
f 537 	573 	574
f 539 	538 	575
f 538 	574 	575
f 504 	539 	540
f 539 	575 	540
f 541 	540 	577
f 540 	576 	577
f 542 	541 	578
f 541 	577 	578
f 543 	542 	579
f 542 	578 	579
f 544 	543 	580
f 543 	579 	580
f 545 	544 	581
f 544 	580 	581
f 546 	545 	582
f 545 	581 	582
f 547 	546 	583
f 546 	582 	583
f 548 	547 	584
f 547 	583 	584
f 549 	548 	585
f 548 	584 	585
f 550 	549 	586
f 549 	585 	586
f 551 	550 	587
f 550 	586 	587
f 552 	551 	588
f 551 	587 	588
f 553 	552 	589
f 552 	588 	589
f 554 	553 	590
f 553 	589 	590
f 555 	554 	591
f 554 	590 	591
f 556 	555 	592
f 555 	591 	592
f 557 	556 	593
f 556 	592 	593
f 558 	557 	594
f 557 	593 	594
f 559 	558 	595
f 558 	594 	595
f 560 	559 	596
f 559 	595 	596
f 561 	560 	597
f 560 	596 	597
f 562 	561 	598
f 561 	597 	598
f 563 	562 	599
f 562 	598 	599
f 564 	563 	600
f 563 	599 	600
f 565 	564 	601
f 564 	600 	601
f 566 	565 	602
f 565 	601 	602
f 567 	566 	603
f 566 	602 	603
f 568 	567 	604
f 567 	603 	604
f 569 	568 	605
f 568 	604 	605
f 570 	569 	606
f 569 	605 	606
f 571 	570 	607
f 570 	606 	607
f 572 	571 	608
f 571 	607 	608
f 573 	572 	609
f 572 	608 	609
f 574 	573 	610
f 573 	609 	610
f 575 	574 	611
f 574 	610 	611
f 540 	575 	576
f 575 	611 	576
f 577 	576 	613
f 576 	612 	613
f 578 	577 	614
f 577 	613 	614
f 579 	578 	615
f 578 	614 	615
f 580 	579 	616
f 579 	615 	616
f 581 	580 	617
f 580 	616 	617
f 582 	581 	618
f 581 	617 	618
f 583 	582 	619
f 582 	618 	619
f 584 	583 	620
f 583 	619 	620
f 585 	584 	621
f 584 	620 	621
f 586 	585 	622
f 585 	621 	622
f 587 	586 	623
f 586 	622 	623
f 588 	587 	624
f 587 	623 	624
f 589 	588 	625
f 588 	624 	625
f 590 	589 	626
f 589 	625 	626
f 591 	590 	627
f 590 	626 	627
f 592 	591 	628
f 591 	627 	628
f 593 	592 	629
f 592 	628 	629
f 594 	593 	630
f 593 	629 	630
f 595 	594 	631
f 594 	630 	631
f 596 	595 	632
f 595 	631 	632
f 597 	596 	633
f 596 	632 	633
f 598 	597 	634
f 597 	633 	634
f 599 	598 	635
f 598 	634 	635
f 600 	599 	636
f 599 	635 	636
f 601 	600 	637
f 600 	636 	637
f 602 	601 	638
f 601 	637 	638
f 603 	602 	639
f 602 	638 	639
f 604 	603 	640
f 603 	639 	640
f 605 	604 	641
f 604 	640 	641
f 606 	605 	642
f 605 	641 	642
f 607 	606 	643
f 606 	642 	643
f 608 	607 	644
f 607 	643 	644
f 609 	608 	645
f 608 	644 	645
f 610 	609 	646
f 609 	645 	646
f 611 	610 	647
f 610 	646 	647
f 576 	611 	612
f 611 	647 	612
f 613 	612 	649
f 612 	648 	649
f 614 	613 	650
f 613 	649 	650
f 615 	614 	651
f 614 	650 	651
f 616 	615 	652
f 615 	651 	652
f 617 	616 	653
f 616 	652 	653
f 618 	617 	654
f 617 	653 	654
f 619 	618 	655
f 618 	654 	655
f 620 	619 	656
f 619 	655 	656
f 621 	620 	657
f 620 	656 	657
f 622 	621 	658
f 621 	657 	658
f 623 	622 	659
f 622 	658 	659
f 624 	623 	660
f 623 	659 	660
f 625 	624 	661
f 624 	660 	661
f 626 	625 	662
f 625 	661 	662
f 627 	626 	663
f 626 	662 	663
f 628 	627 	664
f 627 	663 	664
f 629 	628 	665
f 628 	664 	665
f 630 	629 	666
f 629 	665 	666
f 631 	630 	667
f 630 	666 	667
f 632 	631 	668
f 631 	667 	668
f 633 	632 	669
f 632 	668 	669
f 634 	633 	670
f 633 	669 	670
f 635 	634 	671
f 634 	670 	671
f 636 	635 	672
f 635 	671 	672
f 637 	636 	673
f 636 	672 	673
f 638 	637 	674
f 637 	673 	674
f 639 	638 	675
f 638 	674 	675
f 640 	639 	676
f 639 	675 	676
f 641 	640 	677
f 640 	676 	677
f 642 	641 	678
f 641 	677 	678
f 643 	642 	679
f 642 	678 	679
f 644 	643 	680
f 643 	679 	680
f 645 	644 	681
f 644 	680 	681
f 646 	645 	682
f 645 	681 	682
f 647 	646 	683
f 646 	682 	683
f 612 	647 	648
f 647 	683 	648
f 649 	648 	685
f 648 	684 	685
f 650 	649 	686
f 649 	685 	686
f 651 	650 	687
f 650 	686 	687
f 652 	651 	688
f 651 	687 	688
f 653 	652 	689
f 652 	688 	689
f 654 	653 	690
f 653 	689 	690
f 655 	654 	691
f 654 	690 	691
f 656 	655 	692
f 655 	691 	692
f 657 	656 	693
f 656 	692 	693
f 658 	657 	694
f 657 	693 	694
f 659 	658 	695
f 658 	694 	695
f 660 	659 	696
f 659 	695 	696
f 661 	660 	697
f 660 	696 	697
f 662 	661 	698
f 661 	697 	698
f 663 	662 	699
f 662 	698 	699
f 664 	663 	700
f 663 	699 	700
f 665 	664 	701
f 664 	700 	701
f 666 	665 	702
f 665 	701 	702
f 667 	666 	703
f 666 	702 	703
f 668 	667 	704
f 667 	703 	704
f 669 	668 	705
f 668 	704 	705
f 670 	669 	706
f 669 	705 	706
f 671 	670 	707
f 670 	706 	707
f 672 	671 	708
f 671 	707 	708
f 673 	672 	709
f 672 	708 	709
f 674 	673 	710
f 673 	709 	710
f 675 	674 	711
f 674 	710 	711
f 676 	675 	712
f 675 	711 	712
f 677 	676 	713
f 676 	712 	713
f 678 	677 	714
f 677 	713 	714
f 679 	678 	715
f 678 	714 	715
f 680 	679 	716
f 679 	715 	716
f 681 	680 	717
f 680 	716 	717
f 682 	681 	718
f 681 	717 	718
f 683 	682 	719
f 682 	718 	719
f 648 	683 	684
f 683 	719 	684
f 685 	684 	721
f 684 	720 	721
f 686 	685 	722
f 685 	721 	722
f 687 	686 	723
f 686 	722 	723
f 688 	687 	724
f 687 	723 	724
f 689 	688 	725
f 688 	724 	725
f 690 	689 	726
f 689 	725 	726
f 691 	690 	727
f 690 	726 	727
f 692 	691 	728
f 691 	727 	728
f 693 	692 	729
f 692 	728 	729
f 694 	693 	730
f 693 	729 	730
f 695 	694 	731
f 694 	730 	731
f 696 	695 	732
f 695 	731 	732
f 697 	696 	733
f 696 	732 	733
f 698 	697 	734
f 697 	733 	734
f 699 	698 	735
f 698 	734 	735
f 700 	699 	736
f 699 	735 	736
f 701 	700 	737
f 700 	736 	737
f 702 	701 	738
f 701 	737 	738
f 703 	702 	739
f 702 	738 	739
f 704 	703 	740
f 703 	739 	740
f 705 	704 	741
f 704 	740 	741
f 706 	705 	742
f 705 	741 	742
f 707 	706 	743
f 706 	742 	743
f 708 	707 	744
f 707 	743 	744
f 709 	708 	745
f 708 	744 	745
f 710 	709 	746
f 709 	745 	746
f 711 	710 	747
f 710 	746 	747
f 712 	711 	748
f 711 	747 	748
f 713 	712 	749
f 712 	748 	749
f 714 	713 	750
f 713 	749 	750
f 715 	714 	751
f 714 	750 	751
f 716 	715 	752
f 715 	751 	752
f 717 	716 	753
f 716 	752 	753
f 718 	717 	754
f 717 	753 	754
f 719 	718 	755
f 718 	754 	755
f 684 	719 	720
f 719 	755 	720
f 721 	720 	757
f 720 	756 	757
f 722 	721 	758
f 721 	757 	758
f 723 	722 	759
f 722 	758 	759
f 724 	723 	760
f 723 	759 	760
f 725 	724 	761
f 724 	760 	761
f 726 	725 	762
f 725 	761 	762
f 727 	726 	763
f 726 	762 	763
f 728 	727 	764
f 727 	763 	764
f 729 	728 	765
f 728 	764 	765
f 730 	729 	766
f 729 	765 	766
f 731 	730 	767
f 730 	766 	767
f 732 	731 	768
f 731 	767 	768
f 733 	732 	769
f 732 	768 	769
f 734 	733 	770
f 733 	769 	770
f 735 	734 	771
f 734 	770 	771
f 736 	735 	772
f 735 	771 	772
f 737 	736 	773
f 736 	772 	773
f 738 	737 	774
f 737 	773 	774
f 739 	738 	775
f 738 	774 	775
f 740 	739 	776
f 739 	775 	776
f 741 	740 	777
f 740 	776 	777
f 742 	741 	778
f 741 	777 	778
f 743 	742 	779
f 742 	778 	779
f 744 	743 	780
f 743 	779 	780
f 745 	744 	781
f 744 	780 	781
f 746 	745 	782
f 745 	781 	782
f 747 	746 	783
f 746 	782 	783
f 748 	747 	784
f 747 	783 	784
f 749 	748 	785
f 748 	784 	785
f 750 	749 	786
f 749 	785 	786
f 751 	750 	787
f 750 	786 	787
f 752 	751 	788
f 751 	787 	788
f 753 	752 	789
f 752 	788 	789
f 754 	753 	790
f 753 	789 	790
f 755 	754 	791
f 754 	790 	791
f 720 	755 	756
f 755 	791 	756
f 757 	756 	793
f 756 	792 	793
f 758 	757 	794
f 757 	793 	794
f 759 	758 	795
f 758 	794 	795
f 760 	759 	796
f 759 	795 	796
f 761 	760 	797
f 760 	796 	797
f 762 	761 	798
f 761 	797 	798
f 763 	762 	799
f 762 	798 	799
f 764 	763 	800
f 763 	799 	800
f 765 	764 	801
f 764 	800 	801
f 766 	765 	802
f 765 	801 	802
f 767 	766 	803
f 766 	802 	803
f 768 	767 	804
f 767 	803 	804
f 769 	768 	805
f 768 	804 	805
f 770 	769 	806
f 769 	805 	806
f 771 	770 	807
f 770 	806 	807
f 772 	771 	808
f 771 	807 	808
f 773 	772 	809
f 772 	808 	809
f 774 	773 	810
f 773 	809 	810
f 775 	774 	811
f 774 	810 	811
f 776 	775 	812
f 775 	811 	812
f 777 	776 	813
f 776 	812 	813
f 778 	777 	814
f 777 	813 	814
f 779 	778 	815
f 778 	814 	815
f 780 	779 	816
f 779 	815 	816
f 781 	780 	817
f 780 	816 	817
f 782 	781 	818
f 781 	817 	818
f 783 	782 	819
f 782 	818 	819
f 784 	783 	820
f 783 	819 	820
f 785 	784 	821
f 784 	820 	821
f 786 	785 	822
f 785 	821 	822
f 787 	786 	823
f 786 	822 	823
f 788 	787 	824
f 787 	823 	824
f 789 	788 	825
f 788 	824 	825
f 790 	789 	826
f 789 	825 	826
f 791 	790 	827
f 790 	826 	827
f 756 	791 	792
f 791 	827 	792
f 793 	792 	829
f 792 	828 	829
f 794 	793 	830
f 793 	829 	830
f 795 	794 	831
f 794 	830 	831
f 796 	795 	832
f 795 	831 	832
f 797 	796 	833
f 796 	832 	833
f 798 	797 	834
f 797 	833 	834
f 799 	798 	835
f 798 	834 	835
f 800 	799 	836
f 799 	835 	836
f 801 	800 	837
f 800 	836 	837
f 802 	801 	838
f 801 	837 	838
f 803 	802 	839
f 802 	838 	839
f 804 	803 	840
f 803 	839 	840
f 805 	804 	841
f 804 	840 	841
f 806 	805 	842
f 805 	841 	842
f 807 	806 	843
f 806 	842 	843
f 808 	807 	844
f 807 	843 	844
f 809 	808 	845
f 808 	844 	845
f 810 	809 	846
f 809 	845 	846
f 811 	810 	847
f 810 	846 	847
f 812 	811 	848
f 811 	847 	848
f 813 	812 	849
f 812 	848 	849
f 814 	813 	850
f 813 	849 	850
f 815 	814 	851
f 814 	850 	851
f 816 	815 	852
f 815 	851 	852
f 817 	816 	853
f 816 	852 	853
f 818 	817 	854
f 817 	853 	854
f 819 	818 	855
f 818 	854 	855
f 820 	819 	856
f 819 	855 	856
f 821 	820 	857
f 820 	856 	857
f 822 	821 	858
f 821 	857 	858
f 823 	822 	859
f 822 	858 	859
f 824 	823 	860
f 823 	859 	860
f 825 	824 	861
f 824 	860 	861
f 826 	825 	862
f 825 	861 	862
f 827 	826 	863
f 826 	862 	863
f 792 	827 	828
f 827 	863 	828
f 829 	828 	865
f 828 	864 	865
f 830 	829 	866
f 829 	865 	866
f 831 	830 	867
f 830 	866 	867
f 832 	831 	868
f 831 	867 	868
f 833 	832 	869
f 832 	868 	869
f 834 	833 	870
f 833 	869 	870
f 835 	834 	871
f 834 	870 	871
f 836 	835 	872
f 835 	871 	872
f 837 	836 	873
f 836 	872 	873
f 838 	837 	874
f 837 	873 	874
f 839 	838 	875
f 838 	874 	875
f 840 	839 	876
f 839 	875 	876
f 841 	840 	877
f 840 	876 	877
f 842 	841 	878
f 841 	877 	878
f 843 	842 	879
f 842 	878 	879
f 844 	843 	880
f 843 	879 	880
f 845 	844 	881
f 844 	880 	881
f 846 	845 	882
f 845 	881 	882
f 847 	846 	883
f 846 	882 	883
f 848 	847 	884
f 847 	883 	884
f 849 	848 	885
f 848 	884 	885
f 850 	849 	886
f 849 	885 	886
f 851 	850 	887
f 850 	886 	887
f 852 	851 	888
f 851 	887 	888
f 853 	852 	889
f 852 	888 	889
f 854 	853 	890
f 853 	889 	890
f 855 	854 	891
f 854 	890 	891
f 856 	855 	892
f 855 	891 	892
f 857 	856 	893
f 856 	892 	893
f 858 	857 	894
f 857 	893 	894
f 859 	858 	895
f 858 	894 	895
f 860 	859 	896
f 859 	895 	896
f 861 	860 	897
f 860 	896 	897
f 862 	861 	898
f 861 	897 	898
f 863 	862 	899
f 862 	898 	899
f 828 	863 	864
f 863 	899 	864
f 865 	864 	901
f 864 	900 	901
f 866 	865 	902
f 865 	901 	902
f 867 	866 	903
f 866 	902 	903
f 868 	867 	904
f 867 	903 	904
f 869 	868 	905
f 868 	904 	905
f 870 	869 	906
f 869 	905 	906
f 871 	870 	907
f 870 	906 	907
f 872 	871 	908
f 871 	907 	908
f 873 	872 	909
f 872 	908 	909
f 874 	873 	910
f 873 	909 	910
f 875 	874 	911
f 874 	910 	911
f 876 	875 	912
f 875 	911 	912
f 877 	876 	913
f 876 	912 	913
f 878 	877 	914
f 877 	913 	914
f 879 	878 	915
f 878 	914 	915
f 880 	879 	916
f 879 	915 	916
f 881 	880 	917
f 880 	916 	917
f 882 	881 	918
f 881 	917 	918
f 883 	882 	919
f 882 	918 	919
f 884 	883 	920
f 883 	919 	920
f 885 	884 	921
f 884 	920 	921
f 886 	885 	922
f 885 	921 	922
f 887 	886 	923
f 886 	922 	923
f 888 	887 	924
f 887 	923 	924
f 889 	888 	925
f 888 	924 	925
f 890 	889 	926
f 889 	925 	926
f 891 	890 	927
f 890 	926 	927
f 892 	891 	928
f 891 	927 	928
f 893 	892 	929
f 892 	928 	929
f 894 	893 	930
f 893 	929 	930
f 895 	894 	931
f 894 	930 	931
f 896 	895 	932
f 895 	931 	932
f 897 	896 	933
f 896 	932 	933
f 898 	897 	934
f 897 	933 	934
f 899 	898 	935
f 898 	934 	935
f 864 	899 	900
f 899 	935 	900
f 901 	900 	937
f 900 	936 	937
f 902 	901 	938
f 901 	937 	938
f 903 	902 	939
f 902 	938 	939
f 904 	903 	940
f 903 	939 	940
f 905 	904 	941
f 904 	940 	941
f 906 	905 	942
f 905 	941 	942
f 907 	906 	943
f 906 	942 	943
f 908 	907 	944
f 907 	943 	944
f 909 	908 	945
f 908 	944 	945
f 910 	909 	946
f 909 	945 	946
f 911 	910 	947
f 910 	946 	947
f 912 	911 	948
f 911 	947 	948
f 913 	912 	949
f 912 	948 	949
f 914 	913 	950
f 913 	949 	950
f 915 	914 	951
f 914 	950 	951
f 916 	915 	952
f 915 	951 	952
f 917 	916 	953
f 916 	952 	953
f 918 	917 	954
f 917 	953 	954
f 919 	918 	955
f 918 	954 	955
f 920 	919 	956
f 919 	955 	956
f 921 	920 	957
f 920 	956 	957
f 922 	921 	958
f 921 	957 	958
f 923 	922 	959
f 922 	958 	959
f 924 	923 	960
f 923 	959 	960
f 925 	924 	961
f 924 	960 	961
f 926 	925 	962
f 925 	961 	962
f 927 	926 	963
f 926 	962 	963
f 928 	927 	964
f 927 	963 	964
f 929 	928 	965
f 928 	964 	965
f 930 	929 	966
f 929 	965 	966
f 931 	930 	967
f 930 	966 	967
f 932 	931 	968
f 931 	967 	968
f 933 	932 	969
f 932 	968 	969
f 934 	933 	970
f 933 	969 	970
f 935 	934 	971
f 934 	970 	971
f 900 	935 	936
f 935 	971 	936
f 937 	936 	973
f 936 	972 	973
f 938 	937 	974
f 937 	973 	974
f 939 	938 	975
f 938 	974 	975
f 940 	939 	976
f 939 	975 	976
f 941 	940 	977
f 940 	976 	977
f 942 	941 	978
f 941 	977 	978
f 943 	942 	979
f 942 	978 	979
f 944 	943 	980
f 943 	979 	980
f 945 	944 	981
f 944 	980 	981
f 946 	945 	982
f 945 	981 	982
f 947 	946 	983
f 946 	982 	983
f 948 	947 	984
f 947 	983 	984
f 949 	948 	985
f 948 	984 	985
f 950 	949 	986
f 949 	985 	986
f 951 	950 	987
f 950 	986 	987
f 952 	951 	988
f 951 	987 	988
f 953 	952 	989
f 952 	988 	989
f 954 	953 	990
f 953 	989 	990
f 955 	954 	991
f 954 	990 	991
f 956 	955 	992
f 955 	991 	992
f 957 	956 	993
f 956 	992 	993
f 958 	957 	994
f 957 	993 	994
f 959 	958 	995
f 958 	994 	995
f 960 	959 	996
f 959 	995 	996
f 961 	960 	997
f 960 	996 	997
f 962 	961 	998
f 961 	997 	998
f 963 	962 	999
f 962 	998 	999
f 964 	963 	1000
f 963 	999 	1000
f 965 	964 	1001
f 964 	1000 	1001
f 966 	965 	1002
f 965 	1001 	1002
f 967 	966 	1003
f 966 	1002 	1003
f 968 	967 	1004
f 967 	1003 	1004
f 969 	968 	1005
f 968 	1004 	1005
f 970 	969 	1006
f 969 	1005 	1006
f 971 	970 	1007
f 970 	1006 	1007
f 936 	971 	972
f 971 	1007 	972
f 973 	972 	1008
f 974 	973 	1008
f 975 	974 	1008
f 976 	975 	1008
f 977 	976 	1008
f 978 	977 	1008
f 979 	978 	1008
f 980 	979 	1008
f 981 	980 	1008
f 982 	981 	1008
f 983 	982 	1008
f 984 	983 	1008
f 985 	984 	1008
f 986 	985 	1008
f 987 	986 	1008
f 988 	987 	1008
f 989 	988 	1008
f 990 	989 	1008
f 991 	990 	1008
f 992 	991 	1008
f 993 	992 	1008
f 994 	993 	1008
f 995 	994 	1008
f 996 	995 	1008
f 997 	996 	1008
f 998 	997 	1008
f 999 	998 	1008
f 1000 	999 	1008
f 1001 	1000 	1008
f 1002 	1001 	1008
f 1003 	1002 	1008
f 1004 	1003 	1008
f 1005 	1004 	1008
f 1006 	1005 	1008
f 1007 	1006 	1008
f 972 	1007 	1008
# 1296 faces

 #end of obj_13

o obj_14
v -16 		-28.574 		67.9197
v -16.2615 		-28.5697 		67.9091
v -16.2575 		-28.6116 		67.8918
v -16.2457 		-28.6523 		67.8749
v -16.2264 		-28.6904 		67.8591
v -16.2003 		-28.7249 		67.8448
v -16.1681 		-28.7547 		67.8325
v -16.1307 		-28.7789 		67.8225
v -16.0894 		-28.7967 		67.8151
v -16.0454 		-28.8076 		67.8106
v -16 		-28.8112 		67.8091
v -15.9546 		-28.8076 		67.8106
v -15.9106 		-28.7967 		67.8151
v -15.8693 		-28.7789 		67.8225
v -15.8319 		-28.7547 		67.8325
v -15.7997 		-28.7249 		67.8448
v -15.7736 		-28.6904 		67.8591
v -15.7543 		-28.6523 		67.8749
v -15.7425 		-28.6116 		67.8918
v -15.7385 		-28.5697 		67.9091
v -15.7425 		-28.5277 		67.9265
v -15.7543 		-28.487 		67.9434
v -15.7736 		-28.4489 		67.9592
v -15.7997 		-28.4144 		67.9735
v -15.8319 		-28.3846 		67.9858
v -15.8693 		-28.3605 		67.9958
v -15.9106 		-28.3427 		68.0032
v -15.9546 		-28.3318 		68.0077
v -16 		-28.3281 		68.0092
v -16.0454 		-28.3318 		68.0077
v -16.0894 		-28.3427 		68.0032
v -16.1307 		-28.3605 		67.9958
v -16.1681 		-28.3846 		67.9858
v -16.2003 		-28.4144 		67.9735
v -16.2264 		-28.4489 		67.9592
v -16.2457 		-28.487 		67.9434
v -16.2575 		-28.5277 		67.9265
v -16.5209 		-28.5566 		67.8776
v -16.513 		-28.6402 		67.843
v -16.4895 		-28.7212 		67.8094
v -16.4512 		-28.7972 		67.7779
v -16.3991 		-28.866 		67.7494
v -16.3349 		-28.9253 		67.7249
v -16.2605 		-28.9734 		67.7049
v -16.1782 		-29.0088 		67.6902
v -16.0905 		-29.0306 		67.6813
v -16 		-29.0379 		67.6782
v -15.9095 		-29.0306 		67.6813
v -15.8218 		-29.0088 		67.6902
v -15.7395 		-28.9734 		67.7049
v -15.6651 		-28.9253 		67.7249
v -15.6009 		-28.866 		67.7494
v -15.5488 		-28.7972 		67.7779
v -15.5105 		-28.7212 		67.8094
v -15.487 		-28.6402 		67.843
v -15.4791 		-28.5566 		67.8776
v -15.487 		-28.473 		67.9122
v -15.5105 		-28.392 		67.9458
v -15.5488 		-28.3159 		67.9773
v -15.6009 		-28.2472 		68.0057
v -15.6651 		-28.1879 		68.0303
v -15.7395 		-28.1398 		68.0502
v -15.8218 		-28.1043 		68.0649
v -15.9095 		-28.0826 		68.0739
v -16 		-28.0753 		68.0769
v -16.0905 		-28.0826 		68.0739
v -16.1782 		-28.1043 		68.0649
v -16.2605 		-28.1398 		68.0502
v -16.3349 		-28.1879 		68.0303
v -16.3991 		-28.2472 		68.0057
v -16.4512 		-28.3159 		67.9773
v -16.4895 		-28.392 		67.9458
v -16.513 		-28.473 		67.9122
v -16.7765 		-28.5349 		67.8252
v -16.7647 		-28.6595 		67.7737
v -16.7296 		-28.7803 		67.7236
v -16.6724 		-28.8936 		67.6767
v -16.5948 		-28.996 		67.6343
v -16.4991 		-29.0844 		67.5976
v -16.3882 		-29.1562 		67.5679
v -16.2656 		-29.209 		67.546
v -16.1348 		-29.2414 		67.5326
v -16 		-29.2523 		67.5281
v -15.8652 		-29.2414 		67.5326
v -15.7344 		-29.209 		67.546
v -15.6118 		-29.1562 		67.5679
v -15.5009 		-29.0844 		67.5976
v -15.4052 		-28.996 		67.6343
v -15.3276 		-28.8936 		67.6767
v -15.2704 		-28.7803 		67.7236
v -15.2353 		-28.6595 		67.7737
v -15.2235 		-28.5349 		67.8252
v -15.2353 		-28.4103 		67.8768
v -15.2704 		-28.2896 		67.9269
v -15.3276 		-28.1762 		67.9738
v -15.4052 		-28.0738 		68.0162
v -15.5009 		-27.9854 		68.0529
v -15.6118 		-27.9137 		68.0826
v -15.7344 		-27.8608 		68.1045
v -15.8652 		-27.8285 		68.1179
v -16 		-27.8176 		68.1224
v -16.1348 		-27.8285 		68.1179
v -16.2656 		-27.8608 		68.1045
v -16.3882 		-27.9137 		68.0826
v -16.4991 		-27.9854 		68.0529
v -16.5948 		-28.0738 		68.0162
v -16.6724 		-28.1762 		67.9738
v -16.7296 		-28.2896 		67.9269
v -16.7647 		-28.4103 		67.8768
v -17.0261 		-28.5048 		67.7525
v -17.0105 		-28.6694 		67.6844
v -16.9642 		-28.829 		67.6182
v -16.8886 		-28.9788 		67.5562
v -16.786 		-29.1141 		67.5001
v -16.6595 		-29.231 		67.4517
v -16.513 		-29.3257 		67.4125
v -16.3509 		-29.3956 		67.3836
v -16.1782 		-29.4383 		67.3658
v -16 		-29.4527 		67.3599
v -15.8218 		-29.4383 		67.3658
v -15.6491 		-29.3956 		67.3836
v -15.487 		-29.3257 		67.4125
v -15.3405 		-29.231 		67.4517
v -15.214 		-29.1141 		67.5001
v -15.1114 		-28.9788 		67.5562
v -15.0358 		-28.829 		67.6182
v -14.9895 		-28.6694 		67.6844
v -14.9739 		-28.5048 		67.7525
v -14.9895 		-28.3402 		67.8207
v -15.0358 		-28.1806 		67.8868
v -15.1114 		-28.0308 		67.9489
v -15.214 		-27.8955 		68.0049
v -15.3405 		-27.7786 		68.0533
v -15.487 		-27.6838 		68.0926
v -15.6491 		-27.614 		68.1215
v -15.8218 		-27.5712 		68.1392
v -16 		-27.5568 		68.1452
v -16.1782 		-27.5712 		68.1392
v -16.3509 		-27.614 		68.1215
v -16.513 		-27.6838 		68.0926
v -16.6595 		-27.7786 		68.0533
v -16.786 		-27.8955 		68.0049
v -16.8886 		-28.0308 		67.9489
v -16.9642 		-28.1806 		67.8868
v -17.0105 		-28.3402 		67.8207
v -17.2679 		-28.4665 		67.66
v -17.2486 		-28.6699 		67.5758
v -17.1914 		-28.8671 		67.4941
v -17.098 		-29.0521 		67.4174
v -16.9712 		-29.2194 		67.3481
v -16.815 		-29.3638 		67.2883
v -16.6339 		-29.4809 		67.2398
v -16.4336 		-29.5672 		67.2041
v -16.2202 		-29.62 		67.1822
v -16 		-29.6378 		67.1748
v -15.7798 		-29.62 		67.1822
v -15.5664 		-29.5672 		67.2041
v -15.3661 		-29.4809 		67.2398
v -15.185 		-29.3638 		67.2883
v -15.0288 		-29.2194 		67.3481
v -14.902 		-29.0521 		67.4174
v -14.8086 		-28.8671 		67.4941
v -14.7514 		-28.6699 		67.5758
v -14.7321 		-28.4665 		67.66
v -14.7514 		-28.2631 		67.7443
v -14.8086 		-28.0658 		67.826
v -14.902 		-27.8808 		67.9026
v -15.0288 		-27.7135 		67.9719
v -15.185 		-27.5692 		68.0317
v -15.3661 		-27.452 		68.0802
v -15.5664 		-27.3658 		68.1159
v -15.7798 		-27.3129 		68.1378
v -16 		-27.2951 		68.1452
v -16.2202 		-27.3129 		68.1378
v -16.4336 		-27.3658 		68.1159
v -16.6339 		-27.452 		68.0802
v -16.815 		-27.5692 		68.0317
v -16.9712 		-27.7135 		67.9719
v -17.098 		-27.8808 		67.9026
v -17.1914 		-28.0658 		67.826
v -17.2486 		-28.2631 		67.7443
v -17.5 		-28.4202 		67.5484
v -17.4772 		-28.6609 		67.4487
v -17.4095 		-28.8942 		67.352
v -17.299 		-29.1131 		67.2613
v -17.1491 		-29.311 		67.1794
v -16.9642 		-29.4818 		67.1086
v -16.75 		-29.6204 		67.0512
v -16.513 		-29.7225 		67.009
v -16.2605 		-29.785 		66.9831
v -16 		-29.806 		66.9743
v -15.7395 		-29.785 		66.9831
v -15.487 		-29.7225 		67.009
v -15.25 		-29.6204 		67.0512
v -15.0358 		-29.4818 		67.1086
v -14.8509 		-29.311 		67.1794
v -14.701 		-29.1131 		67.2613
v -14.5905 		-28.8942 		67.352
v -14.5228 		-28.6609 		67.4487
v -14.5 		-28.4202 		67.5484
v -14.5228 		-28.1796 		67.648
v -14.5905 		-27.9462 		67.7447
v -14.701 		-27.7273 		67.8354
v -14.8509 		-27.5294 		67.9173
v -15.0358 		-27.3586 		67.9881
v -15.25 		-27.2201 		68.0455
v -15.487 		-27.118 		68.0878
v -15.7395 		-27.0555 		68.1137
v -16 		-27.0344 		68.1224
v -16.2605 		-27.0555 		68.1137
v -16.513 		-27.118 		68.0878
v -16.75 		-27.2201 		68.0455
v -16.9642 		-27.3586 		67.9881
v -17.1491 		-27.5294 		67.9173
v -17.299 		-27.7273 		67.8354
v -17.4095 		-27.9462 		67.7447
v -17.4772 		-28.1796 		67.648
v -17.7207 		-28.3664 		67.4184
v -17.6946 		-28.6425 		67.3041
v -17.617 		-28.9101 		67.1932
v -17.4902 		-29.1613 		67.0892
v -17.3182 		-29.3883 		66.9952
v -17.1061 		-29.5842 		66.914
v -16.8604 		-29.7432 		66.8482
v -16.5885 		-29.8603 		66.7997
v -16.2988 		-29.932 		66.77
v -16 		-29.9561 		66.7599
v -15.7012 		-29.932 		66.77
v -15.4115 		-29.8603 		66.7997
v -15.1396 		-29.7432 		66.8482
v -14.8939 		-29.5842 		66.914
v -14.6818 		-29.3883 		66.9952
v -14.5098 		-29.1613 		67.0892
v -14.383 		-28.9101 		67.1932
v -14.3054 		-28.6425 		67.3041
v -14.2793 		-28.3664 		67.4184
v -14.3054 		-28.0903 		67.5328
v -14.383 		-27.8227 		67.6437
v -14.5098 		-27.5715 		67.7477
v -14.6818 		-27.3445 		67.8417
v -14.8939 		-27.1486 		67.9229
v -15.1396 		-26.9896 		67.9887
v -15.4115 		-26.8725 		68.0372
v -15.7012 		-26.8008 		68.0669
v -16 		-26.7767 		68.0769
v -16.2988 		-26.8008 		68.0669
v -16.5885 		-26.8725 		68.0372
v -16.8604 		-26.9896 		67.9887
v -17.1061 		-27.1486 		67.9229
v -17.3182 		-27.3445 		67.8417
v -17.4902 		-27.5715 		67.7477
v -17.617 		-27.8227 		67.6437
v -17.6946 		-28.0903 		67.5328
v -17.9284 		-28.3054 		67.2712
v -17.8991 		-28.6148 		67.1431
v -17.8121 		-28.9148 		67.0189
v -17.67 		-29.1962 		66.9023
v -17.4772 		-29.4506 		66.7969
v -17.2395 		-29.6702 		66.7059
v -16.9642 		-29.8483 		66.6322
v -16.6595 		-29.9796 		66.5778
v -16.3349 		-30.0599 		66.5445
v -16 		-30.087 		66.5333
v -15.6651 		-30.0599 		66.5445
v -15.3405 		-29.9796 		66.5778
v -15.0358 		-29.8483 		66.6322
v -14.7605 		-29.6702 		66.7059
v -14.5228 		-29.4506 		66.7969
v -14.33 		-29.1962 		66.9023
v -14.1879 		-28.9148 		67.0189
v -14.1009 		-28.6148 		67.1431
v -14.0716 		-28.3054 		67.2712
v -14.1009 		-27.9961 		67.3994
v -14.1879 		-27.6961 		67.5236
v -14.33 		-27.4146 		67.6402
v -14.5228 		-27.1603 		67.7456
v -14.7605 		-26.9407 		67.8366
v -15.0358 		-26.7625 		67.9103
v -15.3405 		-26.6313 		67.9647
v -15.6651 		-26.5509 		67.998
v -16 		-26.5239 		68.0092
v -16.3349 		-26.5509 		67.998
v -16.6595 		-26.6313 		67.9647
v -16.9642 		-26.7625 		67.9103
v -17.2395 		-26.9407 		67.8366
v -17.4772 		-27.1603 		67.7456
v -17.67 		-27.4146 		67.6402
v -17.8121 		-27.6961 		67.5236
v -17.8991 		-27.9961 		67.3994
v -18.1213 		-28.2378 		67.1079
v -18.0891 		-28.5781 		66.9669
v -17.9934 		-28.9081 		66.8302
v -17.8371 		-29.2177 		66.702
v -17.625 		-29.4975 		66.5861
v -17.3636 		-29.7391 		66.486
v -17.0607 		-29.935 		66.4049
v -16.7255 		-30.0794 		66.3451
v -16.3684 		-30.1678 		66.3084
v -16 		-30.1976 		66.2961
v -15.6316 		-30.1678 		66.3084
v -15.2745 		-30.0794 		66.3451
v -14.9393 		-29.935 		66.4049
v -14.6364 		-29.7391 		66.486
v -14.375 		-29.4975 		66.5861
v -14.1629 		-29.2177 		66.702
v -14.0066 		-28.9081 		66.8302
v -13.9109 		-28.5781 		66.9669
v -13.8787 		-28.2378 		67.1079
v -13.9109 		-27.8974 		67.2489
v -14.0066 		-27.5675 		67.3855
v -14.1629 		-27.2578 		67.5138
v -14.375 		-26.978 		67.6297
v -14.6364 		-26.7364 		67.7298
v -14.9393 		-26.5405 		67.8109
v -15.2745 		-26.3961 		67.8707
v -15.6316 		-26.3077 		67.9074
v -16 		-26.2779 		67.9197
v -16.3684 		-26.3077 		67.9074
v -16.7255 		-26.3961 		67.8707
v -17.0607 		-26.5405 		67.8109
v -17.3636 		-26.7364 		67.7298
v -17.625 		-26.978 		67.6297
v -17.8371 		-27.2578 		67.5138
v -17.9934 		-27.5675 		67.3855
v -18.0891 		-27.8974 		67.2489
v -18.2981 		-28.1639 		66.9296
v -18.2632 		-28.5326 		66.7769
v -18.1595 		-28.8901 		66.6288
v -17.9902 		-29.2255 		66.4899
v -17.7605 		-29.5287 		66.3643
v -17.4772 		-29.7904 		66.2559
v -17.1491 		-30.0027 		66.168
v -16.786 		-30.1591 		66.1032
v -16.3991 		-30.2549 		66.0635
v -16 		-30.2871 		66.0502
v -15.6009 		-30.2549 		66.0635
v -15.214 		-30.1591 		66.1032
v -14.8509 		-30.0027 		66.168
v -14.5228 		-29.7904 		66.2559
v -14.2395 		-29.5287 		66.3643
v -14.0098 		-29.2255 		66.4899
v -13.8405 		-28.8901 		66.6288
v -13.7368 		-28.5326 		66.7769
v -13.7019 		-28.1639 		66.9296
v -13.7368 		-27.7952 		67.0823
v -13.8405 		-27.4378 		67.2304
v -14.0098 		-27.1023 		67.3694
v -14.2395 		-26.7992 		67.4949
v -14.5228 		-26.5375 		67.6033
v -14.8509 		-26.3252 		67.6913
v -15.214 		-26.1688 		67.756
v -15.6009 		-26.073 		67.7957
v -16 		-26.0407 		67.8091
v -16.3991 		-26.073 		67.7957
v -16.786 		-26.1688 		67.756
v -17.1491 		-26.3252 		67.6913
v -17.4772 		-26.5375 		67.6033
v -17.7605 		-26.7992 		67.4949
v -17.9902 		-27.1023 		67.3694
v -18.1595 		-27.4378 		67.2304
v -18.2632 		-27.7952 		67.0823
v -18.4575 		-28.0845 		66.7378
v -18.4201 		-28.4787 		66.5745
v -18.3093 		-28.861 		66.4162
v -18.1282 		-29.2197 		66.2676
v -17.8825 		-29.5439 		66.1333
v -17.5796 		-29.8237 		66.0174
v -17.2287 		-30.0507 		65.9234
v -16.8405 		-30.2179 		65.8541
v -16.4267 		-30.3204 		65.8117
v -16 		-30.3549 		65.7974
v -15.5733 		-30.3204 		65.8117
v -15.1595 		-30.2179 		65.8541
v -14.7713 		-30.0507 		65.9234
v -14.4204 		-29.8237 		66.0174
v -14.1175 		-29.5439 		66.1333
v -13.8718 		-29.2197 		66.2676
v -13.6907 		-28.861 		66.4162
v -13.5799 		-28.4787 		66.5745
v -13.5425 		-28.0845 		66.7378
v -13.5799 		-27.6902 		66.9011
v -13.6907 		-27.3079 		67.0594
v -13.8718 		-26.9493 		67.208
v -14.1175 		-26.6251 		67.3423
v -14.4204 		-26.3452 		67.4582
v -14.7713 		-26.1183 		67.5522
v -15.1595 		-25.951 		67.6215
v -15.5733 		-25.8486 		67.6639
v -16 		-25.8141 		67.6782
v -16.4267 		-25.8486 		67.6639
v -16.8405 		-25.951 		67.6215
v -17.2287 		-26.1183 		67.5522
v -17.5796 		-26.3452 		67.4582
v -17.8825 		-26.6251 		67.3423
v -18.1282 		-26.9493 		67.208
v -18.3093 		-27.3079 		67.0594
v -18.4201 		-27.6902 		66.9011
v -18.5981 		-28 		66.5339
v -18.5586 		-28.4168 		66.3612
v -18.4414 		-28.821 		66.1938
v -18.25 		-29.2002 		66.0367
v -17.9902 		-29.5429 		65.8948
v -17.67 		-29.8387 		65.7722
v -17.299 		-30.0787 		65.6728
v -16.8886 		-30.2556 		65.5996
v -16.4512 		-30.3638 		65.5547
v -16 		-30.4003 		65.5396
v -15.5488 		-30.3638 		65.5547
v -15.1114 		-30.2556 		65.5996
v -14.701 		-30.0787 		65.6728
v -14.33 		-29.8387 		65.7722
v -14.0098 		-29.5429 		65.8948
v -13.75 		-29.2002 		66.0367
v -13.5586 		-28.821 		66.1938
v -13.4414 		-28.4168 		66.3612
v -13.4019 		-28 		66.5339
v -13.4414 		-27.5832 		66.7065
v -13.5586 		-27.179 		66.8739
v -13.75 		-26.7998 		67.031
v -14.0098 		-26.4571 		67.173
v -14.33 		-26.1613 		67.2955
v -14.701 		-25.9213 		67.3949
v -15.1114 		-25.7444 		67.4682
v -15.5488 		-25.6362 		67.513
v -16 		-25.5997 		67.5281
v -16.4512 		-25.6362 		67.513
v -16.8886 		-25.7444 		67.4682
v -17.299 		-25.9213 		67.3949
v -17.67 		-26.1613 		67.2955
v -17.9902 		-26.4571 		67.173
v -18.25 		-26.7998 		67.031
v -18.4414 		-27.179 		66.8739
v -18.5586 		-27.5832 		66.7065
v -18.7189 		-27.9112 		66.3194
v -18.6776 		-28.3474 		66.1387
v -18.555 		-28.7703 		65.9635
v -18.3547 		-29.1671 		65.7992
v -18.0828 		-29.5258 		65.6506
v -17.7477 		-29.8354 		65.5223
v -17.3595 		-30.0866 		65.4183
v -16.9299 		-30.2716 		65.3417
v -16.4721 		-30.385 		65.2947
v -16 		-30.4231 		65.2789
v -15.5279 		-30.385 		65.2947
v -15.0701 		-30.2716 		65.3417
v -14.6405 		-30.0866 		65.4183
v -14.2523 		-29.8354 		65.5223
v -13.9172 		-29.5258 		65.6506
v -13.6453 		-29.1671 		65.7992
v -13.445 		-28.7703 		65.9635
v -13.3224 		-28.3474 		66.1387
v -13.2811 		-27.9112 		66.3194
v -13.3224 		-27.475 		66.5001
v -13.445 		-27.052 		66.6753
v -13.6453 		-26.6552 		66.8396
v -13.9172 		-26.2965 		66.9882
v -14.2523 		-25.9869 		67.1165
v -14.6405 		-25.7357 		67.2205
v -15.0701 		-25.5507 		67.2971
v -15.5279 		-25.4374 		67.3441
v -16 		-25.3992 		67.3599
v -16.4721 		-25.4374 		67.3441
v -16.9299 		-25.5507 		67.2971
v -17.3595 		-25.7357 		67.2205
v -17.7477 		-25.9869 		67.1165
v -18.0828 		-26.2965 		66.9882
v -18.3547 		-26.6552 		66.8396
v -18.555 		-27.052 		66.6753
v -18.6776 		-27.475 		66.5001
v -18.8191 		-27.8186 		66.096
v -18.7762 		-28.2709 		65.9087
v -18.6491 		-28.7094 		65.727
v -18.4414 		-29.1209 		65.5566
v -18.1595 		-29.4928 		65.4026
v -17.8121 		-29.8138 		65.2696
v -17.4095 		-30.0742 		65.1617
v -16.9642 		-30.266 		65.0823
v -16.4895 		-30.3836 		65.0336
v -16 		-30.4231 		65.0172
v -15.5105 		-30.3836 		65.0336
v -15.0358 		-30.266 		65.0823
v -14.5905 		-30.0742 		65.1617
v -14.1879 		-29.8138 		65.2696
v -13.8405 		-29.4928 		65.4026
v -13.5586 		-29.1209 		65.5566
v -13.3509 		-28.7094 		65.727
v -13.2238 		-28.2709 		65.9087
v -13.1809 		-27.8186 		66.096
v -13.2238 		-27.3664 		66.2833
v -13.3509 		-26.9278 		66.465
v -13.5586 		-26.5164 		66.6354
v -13.8405 		-26.1445 		66.7895
v -14.1879 		-25.8235 		66.9224
v -14.5905 		-25.5631 		67.0303
v -15.0358 		-25.3712 		67.1098
v -15.5105 		-25.2537 		67.1584
v -16 		-25.2141 		67.1748
v -16.4895 		-25.2537 		67.1584
v -16.9642 		-25.3712 		67.1098
v -17.4095 		-25.5631 		67.0303
v -17.8121 		-25.8235 		66.9224
v -18.1595 		-26.1445 		66.7895
v -18.4414 		-26.5164 		66.6354
v -18.6491 		-26.9278 		66.465
v -18.7762 		-27.3664 		66.2833
v -18.8978 		-27.7231 		65.8654
v -18.8538 		-28.188 		65.6728
v -18.723 		-28.6388 		65.4861
v -18.5095 		-29.0617 		65.3109
v -18.2198 		-29.444 		65.1526
v -17.8627 		-29.774 		65.0159
v -17.4489 		-30.0416 		64.905
v -16.9911 		-30.2389 		64.8233
v -16.5032 		-30.3596 		64.7733
v -16 		-30.4003 		64.7565
v -15.4968 		-30.3596 		64.7733
v -15.0089 		-30.2389 		64.8233
v -14.5511 		-30.0416 		64.905
v -14.1373 		-29.774 		65.0159
v -13.7802 		-29.444 		65.1526
v -13.4905 		-29.0617 		65.3109
v -13.277 		-28.6388 		65.4861
v -13.1462 		-28.188 		65.6728
v -13.1022 		-27.7231 		65.8654
v -13.1462 		-27.2582 		66.058
v -13.277 		-26.8075 		66.2447
v -13.4905 		-26.3845 		66.4199
v -13.7802 		-26.0022 		66.5782
v -14.1373 		-25.6723 		66.7149
v -14.5511 		-25.4046 		66.8258
v -15.0089 		-25.2074 		66.9075
v -15.4968 		-25.0866 		66.9575
v -16 		-25.0459 		66.9743
v -16.5032 		-25.0866 		66.9575
v -16.9911 		-25.2074 		66.9075
v -17.4489 		-25.4046 		66.8258
v -17.8627 		-25.6723 		66.7149
v -18.2198 		-26.0022 		66.5782
v -18.5095 		-26.3845 		66.4199
v -18.723 		-26.8075 		66.2447
v -18.8538 		-27.2582 		66.058
v -18.9544 		-27.6253 		65.6293
v -18.9095 		-28.0993 		65.433
v -18.7762 		-28.5589 		65.2426
v -18.5586 		-28.9901 		65.064
v -18.2632 		-29.3798 		64.9026
v -17.8991 		-29.7163 		64.7632
v -17.4772 		-29.9892 		64.6502
v -17.0105 		-30.1903 		64.5669
v -16.513 		-30.3134 		64.5159
v -16 		-30.3549 		64.4987
v -15.487 		-30.3134 		64.5159
v -14.9895 		-30.1903 		64.5669
v -14.5228 		-29.9892 		64.6502
v -14.1009 		-29.7163 		64.7632
v -13.7368 		-29.3798 		64.9026
v -13.4414 		-28.9901 		65.064
v -13.2238 		-28.5589 		65.2426
v -13.0905 		-28.0993 		65.433
v -13.0456 		-27.6253 		65.6293
v -13.0905 		-27.1514 		65.8257
v -13.2238 		-26.6918 		66.016
v -13.4414 		-26.2606 		66.1946
v -13.7368 		-25.8708 		66.3561
v -14.1009 		-25.5344 		66.4954
v -14.5228 		-25.2615 		66.6085
v -14.9895 		-25.0604 		66.6918
v -15.487 		-24.9373 		66.7428
v -16 		-24.8958 		66.7599
v -16.513 		-24.9373 		66.7428
v -17.0105 		-25.0604 		66.6918
v -17.4772 		-25.2615 		66.6085
v -17.8991 		-25.5344 		66.4954
v -18.2632 		-25.8708 		66.3561
v -18.5586 		-26.2606 		66.1946
v -18.7762 		-26.6918 		66.016
v -18.9095 		-27.1514 		65.8257
v -18.9886 		-27.526 		65.3896
v -18.9432 		-28.0055 		65.191
v -18.8084 		-28.4704 		64.9985
v -18.5882 		-28.9066 		64.8178
v -18.2894 		-29.3008 		64.6545
v -17.921 		-29.6412 		64.5135
v -17.4943 		-29.9172 		64.3992
v -17.0222 		-30.1206 		64.3149
v -16.519 		-30.2452 		64.2633
v -16 		-30.2871 		64.2459
v -15.481 		-30.2452 		64.2633
v -14.9778 		-30.1206 		64.3149
v -14.5057 		-29.9172 		64.3992
v -14.079 		-29.6412 		64.5135
v -13.7106 		-29.3008 		64.6545
v -13.4118 		-28.9066 		64.8178
v -13.1916 		-28.4704 		64.9985
v -13.0568 		-28.0055 		65.191
v -13.0114 		-27.526 		65.3896
v -13.0568 		-27.0466 		65.5882
v -13.1916 		-26.5817 		65.7808
v -13.4118 		-26.1455 		65.9615
v -13.7106 		-25.7512 		66.1248
v -14.079 		-25.4109 		66.2657
v -14.5057 		-25.1349 		66.3801
v -14.9778 		-24.9315 		66.4643
v -15.481 		-24.8069 		66.5159
v -16 		-24.7649 		66.5333
v -16.519 		-24.8069 		66.5159
v -17.0222 		-24.9315 		66.4643
v -17.4943 		-25.1349 		66.3801
v -17.921 		-25.4109 		66.2657
v -18.2894 		-25.7512 		66.1248
v -18.5882 		-26.1455 		65.9615
v -18.8084 		-26.5817 		65.7808
v -18.9432 		-27.0466 		65.5882
v -19 		-27.426 		65.1481
v -18.9544 		-27.9073 		64.9487
v -18.8191 		-28.3739 		64.7554
v -18.5981 		-28.8118 		64.574
v -18.2981 		-29.2075 		64.4101
v -17.9284 		-29.5492 		64.2686
v -17.5 		-29.8263 		64.1538
v -17.0261 		-30.0305 		64.0692
v -16.5209 		-30.1555 		64.0174
v -16 		-30.1976 		64
v -15.4791 		-30.1555 		64.0174
v -14.9739 		-30.0305 		64.0692
v -14.5 		-29.8263 		64.1538
v -14.0716 		-29.5492 		64.2686
v -13.7019 		-29.2075 		64.4101
v -13.4019 		-28.8118 		64.574
v -13.1809 		-28.3739 		64.7554
v -13.0456 		-27.9073 		64.9487
v -13 		-27.426 		65.1481
v -13.0456 		-26.9447 		65.3474
v -13.1809 		-26.478 		65.5407
v -13.4019 		-26.0402 		65.7221
v -13.7019 		-25.6444 		65.886
v -14.0716 		-25.3028 		66.0275
v -14.5 		-25.0257 		66.1423
v -14.9739 		-24.8215 		66.2269
v -15.4791 		-24.6964 		66.2787
v -16 		-24.6543 		66.2961
v -16.5209 		-24.6964 		66.2787
v -17.0261 		-24.8215 		66.2269
v -17.5 		-25.0257 		66.1423
v -17.9284 		-25.3028 		66.0275
v -18.2981 		-25.6444 		65.886
v -18.5981 		-26.0402 		65.7221
v -18.8191 		-26.478 		65.5407
v -18.9544 		-26.9447 		65.3474
v -16 		-27.426 		65.1481
# 650 vertices

g group_14_2829873

usemtl color_2829873
s 0

f 1009 	1010 	1011
f 1009 	1011 	1012
f 1009 	1012 	1013
f 1009 	1013 	1014
f 1009 	1014 	1015
f 1009 	1015 	1016
f 1009 	1016 	1017
f 1009 	1017 	1018
f 1009 	1018 	1019
f 1009 	1019 	1020
f 1009 	1020 	1021
f 1009 	1021 	1022
f 1009 	1022 	1023
f 1009 	1023 	1024
f 1009 	1024 	1025
f 1009 	1025 	1026
f 1009 	1026 	1027
f 1009 	1027 	1028
f 1009 	1028 	1029
f 1009 	1029 	1030
f 1009 	1030 	1031
f 1009 	1031 	1032
f 1009 	1032 	1033
f 1009 	1033 	1034
f 1009 	1034 	1035
f 1009 	1035 	1036
f 1009 	1036 	1037
f 1009 	1037 	1038
f 1009 	1038 	1039
f 1009 	1039 	1040
f 1009 	1040 	1041
f 1009 	1041 	1042
f 1009 	1042 	1043
f 1009 	1043 	1044
f 1009 	1044 	1045
f 1009 	1045 	1010
f 1011 	1010 	1047
f 1010 	1046 	1047
f 1012 	1011 	1048
f 1011 	1047 	1048
f 1013 	1012 	1049
f 1012 	1048 	1049
f 1014 	1013 	1050
f 1013 	1049 	1050
f 1015 	1014 	1051
f 1014 	1050 	1051
f 1016 	1015 	1052
f 1015 	1051 	1052
f 1017 	1016 	1053
f 1016 	1052 	1053
f 1018 	1017 	1054
f 1017 	1053 	1054
f 1019 	1018 	1055
f 1018 	1054 	1055
f 1020 	1019 	1056
f 1019 	1055 	1056
f 1021 	1020 	1057
f 1020 	1056 	1057
f 1022 	1021 	1058
f 1021 	1057 	1058
f 1023 	1022 	1059
f 1022 	1058 	1059
f 1024 	1023 	1060
f 1023 	1059 	1060
f 1025 	1024 	1061
f 1024 	1060 	1061
f 1026 	1025 	1062
f 1025 	1061 	1062
f 1027 	1026 	1063
f 1026 	1062 	1063
f 1028 	1027 	1064
f 1027 	1063 	1064
f 1029 	1028 	1065
f 1028 	1064 	1065
f 1030 	1029 	1066
f 1029 	1065 	1066
f 1031 	1030 	1067
f 1030 	1066 	1067
f 1032 	1031 	1068
f 1031 	1067 	1068
f 1033 	1032 	1069
f 1032 	1068 	1069
f 1034 	1033 	1070
f 1033 	1069 	1070
f 1035 	1034 	1071
f 1034 	1070 	1071
f 1036 	1035 	1072
f 1035 	1071 	1072
f 1037 	1036 	1073
f 1036 	1072 	1073
f 1038 	1037 	1074
f 1037 	1073 	1074
f 1039 	1038 	1075
f 1038 	1074 	1075
f 1040 	1039 	1076
f 1039 	1075 	1076
f 1041 	1040 	1077
f 1040 	1076 	1077
f 1042 	1041 	1078
f 1041 	1077 	1078
f 1043 	1042 	1079
f 1042 	1078 	1079
f 1044 	1043 	1080
f 1043 	1079 	1080
f 1045 	1044 	1081
f 1044 	1080 	1081
f 1010 	1045 	1046
f 1045 	1081 	1046
f 1047 	1046 	1083
f 1046 	1082 	1083
f 1048 	1047 	1084
f 1047 	1083 	1084
f 1049 	1048 	1085
f 1048 	1084 	1085
f 1050 	1049 	1086
f 1049 	1085 	1086
f 1051 	1050 	1087
f 1050 	1086 	1087
f 1052 	1051 	1088
f 1051 	1087 	1088
f 1053 	1052 	1089
f 1052 	1088 	1089
f 1054 	1053 	1090
f 1053 	1089 	1090
f 1055 	1054 	1091
f 1054 	1090 	1091
f 1056 	1055 	1092
f 1055 	1091 	1092
f 1057 	1056 	1093
f 1056 	1092 	1093
f 1058 	1057 	1094
f 1057 	1093 	1094
f 1059 	1058 	1095
f 1058 	1094 	1095
f 1060 	1059 	1096
f 1059 	1095 	1096
f 1061 	1060 	1097
f 1060 	1096 	1097
f 1062 	1061 	1098
f 1061 	1097 	1098
f 1063 	1062 	1099
f 1062 	1098 	1099
f 1064 	1063 	1100
f 1063 	1099 	1100
f 1065 	1064 	1101
f 1064 	1100 	1101
f 1066 	1065 	1102
f 1065 	1101 	1102
f 1067 	1066 	1103
f 1066 	1102 	1103
f 1068 	1067 	1104
f 1067 	1103 	1104
f 1069 	1068 	1105
f 1068 	1104 	1105
f 1070 	1069 	1106
f 1069 	1105 	1106
f 1071 	1070 	1107
f 1070 	1106 	1107
f 1072 	1071 	1108
f 1071 	1107 	1108
f 1073 	1072 	1109
f 1072 	1108 	1109
f 1074 	1073 	1110
f 1073 	1109 	1110
f 1075 	1074 	1111
f 1074 	1110 	1111
f 1076 	1075 	1112
f 1075 	1111 	1112
f 1077 	1076 	1113
f 1076 	1112 	1113
f 1078 	1077 	1114
f 1077 	1113 	1114
f 1079 	1078 	1115
f 1078 	1114 	1115
f 1080 	1079 	1116
f 1079 	1115 	1116
f 1081 	1080 	1117
f 1080 	1116 	1117
f 1046 	1081 	1082
f 1081 	1117 	1082
f 1083 	1082 	1119
f 1082 	1118 	1119
f 1084 	1083 	1120
f 1083 	1119 	1120
f 1085 	1084 	1121
f 1084 	1120 	1121
f 1086 	1085 	1122
f 1085 	1121 	1122
f 1087 	1086 	1123
f 1086 	1122 	1123
f 1088 	1087 	1124
f 1087 	1123 	1124
f 1089 	1088 	1125
f 1088 	1124 	1125
f 1090 	1089 	1126
f 1089 	1125 	1126
f 1091 	1090 	1127
f 1090 	1126 	1127
f 1092 	1091 	1128
f 1091 	1127 	1128
f 1093 	1092 	1129
f 1092 	1128 	1129
f 1094 	1093 	1130
f 1093 	1129 	1130
f 1095 	1094 	1131
f 1094 	1130 	1131
f 1096 	1095 	1132
f 1095 	1131 	1132
f 1097 	1096 	1133
f 1096 	1132 	1133
f 1098 	1097 	1134
f 1097 	1133 	1134
f 1099 	1098 	1135
f 1098 	1134 	1135
f 1100 	1099 	1136
f 1099 	1135 	1136
f 1101 	1100 	1137
f 1100 	1136 	1137
f 1102 	1101 	1138
f 1101 	1137 	1138
f 1103 	1102 	1139
f 1102 	1138 	1139
f 1104 	1103 	1140
f 1103 	1139 	1140
f 1105 	1104 	1141
f 1104 	1140 	1141
f 1106 	1105 	1142
f 1105 	1141 	1142
f 1107 	1106 	1143
f 1106 	1142 	1143
f 1108 	1107 	1144
f 1107 	1143 	1144
f 1109 	1108 	1145
f 1108 	1144 	1145
f 1110 	1109 	1146
f 1109 	1145 	1146
f 1111 	1110 	1147
f 1110 	1146 	1147
f 1112 	1111 	1148
f 1111 	1147 	1148
f 1113 	1112 	1149
f 1112 	1148 	1149
f 1114 	1113 	1150
f 1113 	1149 	1150
f 1115 	1114 	1151
f 1114 	1150 	1151
f 1116 	1115 	1152
f 1115 	1151 	1152
f 1117 	1116 	1153
f 1116 	1152 	1153
f 1082 	1117 	1118
f 1117 	1153 	1118
f 1119 	1118 	1155
f 1118 	1154 	1155
f 1120 	1119 	1156
f 1119 	1155 	1156
f 1121 	1120 	1157
f 1120 	1156 	1157
f 1122 	1121 	1158
f 1121 	1157 	1158
f 1123 	1122 	1159
f 1122 	1158 	1159
f 1124 	1123 	1160
f 1123 	1159 	1160
f 1125 	1124 	1161
f 1124 	1160 	1161
f 1126 	1125 	1162
f 1125 	1161 	1162
f 1127 	1126 	1163
f 1126 	1162 	1163
f 1128 	1127 	1164
f 1127 	1163 	1164
f 1129 	1128 	1165
f 1128 	1164 	1165
f 1130 	1129 	1166
f 1129 	1165 	1166
f 1131 	1130 	1167
f 1130 	1166 	1167
f 1132 	1131 	1168
f 1131 	1167 	1168
f 1133 	1132 	1169
f 1132 	1168 	1169
f 1134 	1133 	1170
f 1133 	1169 	1170
f 1135 	1134 	1171
f 1134 	1170 	1171
f 1136 	1135 	1172
f 1135 	1171 	1172
f 1137 	1136 	1173
f 1136 	1172 	1173
f 1138 	1137 	1174
f 1137 	1173 	1174
f 1139 	1138 	1175
f 1138 	1174 	1175
f 1140 	1139 	1176
f 1139 	1175 	1176
f 1141 	1140 	1177
f 1140 	1176 	1177
f 1142 	1141 	1178
f 1141 	1177 	1178
f 1143 	1142 	1179
f 1142 	1178 	1179
f 1144 	1143 	1180
f 1143 	1179 	1180
f 1145 	1144 	1181
f 1144 	1180 	1181
f 1146 	1145 	1182
f 1145 	1181 	1182
f 1147 	1146 	1183
f 1146 	1182 	1183
f 1148 	1147 	1184
f 1147 	1183 	1184
f 1149 	1148 	1185
f 1148 	1184 	1185
f 1150 	1149 	1186
f 1149 	1185 	1186
f 1151 	1150 	1187
f 1150 	1186 	1187
f 1152 	1151 	1188
f 1151 	1187 	1188
f 1153 	1152 	1189
f 1152 	1188 	1189
f 1118 	1153 	1154
f 1153 	1189 	1154
f 1155 	1154 	1191
f 1154 	1190 	1191
f 1156 	1155 	1192
f 1155 	1191 	1192
f 1157 	1156 	1193
f 1156 	1192 	1193
f 1158 	1157 	1194
f 1157 	1193 	1194
f 1159 	1158 	1195
f 1158 	1194 	1195
f 1160 	1159 	1196
f 1159 	1195 	1196
f 1161 	1160 	1197
f 1160 	1196 	1197
f 1162 	1161 	1198
f 1161 	1197 	1198
f 1163 	1162 	1199
f 1162 	1198 	1199
f 1164 	1163 	1200
f 1163 	1199 	1200
f 1165 	1164 	1201
f 1164 	1200 	1201
f 1166 	1165 	1202
f 1165 	1201 	1202
f 1167 	1166 	1203
f 1166 	1202 	1203
f 1168 	1167 	1204
f 1167 	1203 	1204
f 1169 	1168 	1205
f 1168 	1204 	1205
f 1170 	1169 	1206
f 1169 	1205 	1206
f 1171 	1170 	1207
f 1170 	1206 	1207
f 1172 	1171 	1208
f 1171 	1207 	1208
f 1173 	1172 	1209
f 1172 	1208 	1209
f 1174 	1173 	1210
f 1173 	1209 	1210
f 1175 	1174 	1211
f 1174 	1210 	1211
f 1176 	1175 	1212
f 1175 	1211 	1212
f 1177 	1176 	1213
f 1176 	1212 	1213
f 1178 	1177 	1214
f 1177 	1213 	1214
f 1179 	1178 	1215
f 1178 	1214 	1215
f 1180 	1179 	1216
f 1179 	1215 	1216
f 1181 	1180 	1217
f 1180 	1216 	1217
f 1182 	1181 	1218
f 1181 	1217 	1218
f 1183 	1182 	1219
f 1182 	1218 	1219
f 1184 	1183 	1220
f 1183 	1219 	1220
f 1185 	1184 	1221
f 1184 	1220 	1221
f 1186 	1185 	1222
f 1185 	1221 	1222
f 1187 	1186 	1223
f 1186 	1222 	1223
f 1188 	1187 	1224
f 1187 	1223 	1224
f 1189 	1188 	1225
f 1188 	1224 	1225
f 1154 	1189 	1190
f 1189 	1225 	1190
f 1191 	1190 	1227
f 1190 	1226 	1227
f 1192 	1191 	1228
f 1191 	1227 	1228
f 1193 	1192 	1229
f 1192 	1228 	1229
f 1194 	1193 	1230
f 1193 	1229 	1230
f 1195 	1194 	1231
f 1194 	1230 	1231
f 1196 	1195 	1232
f 1195 	1231 	1232
f 1197 	1196 	1233
f 1196 	1232 	1233
f 1198 	1197 	1234
f 1197 	1233 	1234
f 1199 	1198 	1235
f 1198 	1234 	1235
f 1200 	1199 	1236
f 1199 	1235 	1236
f 1201 	1200 	1237
f 1200 	1236 	1237
f 1202 	1201 	1238
f 1201 	1237 	1238
f 1203 	1202 	1239
f 1202 	1238 	1239
f 1204 	1203 	1240
f 1203 	1239 	1240
f 1205 	1204 	1241
f 1204 	1240 	1241
f 1206 	1205 	1242
f 1205 	1241 	1242
f 1207 	1206 	1243
f 1206 	1242 	1243
f 1208 	1207 	1244
f 1207 	1243 	1244
f 1209 	1208 	1245
f 1208 	1244 	1245
f 1210 	1209 	1246
f 1209 	1245 	1246
f 1211 	1210 	1247
f 1210 	1246 	1247
f 1212 	1211 	1248
f 1211 	1247 	1248
f 1213 	1212 	1249
f 1212 	1248 	1249
f 1214 	1213 	1250
f 1213 	1249 	1250
f 1215 	1214 	1251
f 1214 	1250 	1251
f 1216 	1215 	1252
f 1215 	1251 	1252
f 1217 	1216 	1253
f 1216 	1252 	1253
f 1218 	1217 	1254
f 1217 	1253 	1254
f 1219 	1218 	1255
f 1218 	1254 	1255
f 1220 	1219 	1256
f 1219 	1255 	1256
f 1221 	1220 	1257
f 1220 	1256 	1257
f 1222 	1221 	1258
f 1221 	1257 	1258
f 1223 	1222 	1259
f 1222 	1258 	1259
f 1224 	1223 	1260
f 1223 	1259 	1260
f 1225 	1224 	1261
f 1224 	1260 	1261
f 1190 	1225 	1226
f 1225 	1261 	1226
f 1227 	1226 	1263
f 1226 	1262 	1263
f 1228 	1227 	1264
f 1227 	1263 	1264
f 1229 	1228 	1265
f 1228 	1264 	1265
f 1230 	1229 	1266
f 1229 	1265 	1266
f 1231 	1230 	1267
f 1230 	1266 	1267
f 1232 	1231 	1268
f 1231 	1267 	1268
f 1233 	1232 	1269
f 1232 	1268 	1269
f 1234 	1233 	1270
f 1233 	1269 	1270
f 1235 	1234 	1271
f 1234 	1270 	1271
f 1236 	1235 	1272
f 1235 	1271 	1272
f 1237 	1236 	1273
f 1236 	1272 	1273
f 1238 	1237 	1274
f 1237 	1273 	1274
f 1239 	1238 	1275
f 1238 	1274 	1275
f 1240 	1239 	1276
f 1239 	1275 	1276
f 1241 	1240 	1277
f 1240 	1276 	1277
f 1242 	1241 	1278
f 1241 	1277 	1278
f 1243 	1242 	1279
f 1242 	1278 	1279
f 1244 	1243 	1280
f 1243 	1279 	1280
f 1245 	1244 	1281
f 1244 	1280 	1281
f 1246 	1245 	1282
f 1245 	1281 	1282
f 1247 	1246 	1283
f 1246 	1282 	1283
f 1248 	1247 	1284
f 1247 	1283 	1284
f 1249 	1248 	1285
f 1248 	1284 	1285
f 1250 	1249 	1286
f 1249 	1285 	1286
f 1251 	1250 	1287
f 1250 	1286 	1287
f 1252 	1251 	1288
f 1251 	1287 	1288
f 1253 	1252 	1289
f 1252 	1288 	1289
f 1254 	1253 	1290
f 1253 	1289 	1290
f 1255 	1254 	1291
f 1254 	1290 	1291
f 1256 	1255 	1292
f 1255 	1291 	1292
f 1257 	1256 	1293
f 1256 	1292 	1293
f 1258 	1257 	1294
f 1257 	1293 	1294
f 1259 	1258 	1295
f 1258 	1294 	1295
f 1260 	1259 	1296
f 1259 	1295 	1296
f 1261 	1260 	1297
f 1260 	1296 	1297
f 1226 	1261 	1262
f 1261 	1297 	1262
f 1263 	1262 	1299
f 1262 	1298 	1299
f 1264 	1263 	1300
f 1263 	1299 	1300
f 1265 	1264 	1301
f 1264 	1300 	1301
f 1266 	1265 	1302
f 1265 	1301 	1302
f 1267 	1266 	1303
f 1266 	1302 	1303
f 1268 	1267 	1304
f 1267 	1303 	1304
f 1269 	1268 	1305
f 1268 	1304 	1305
f 1270 	1269 	1306
f 1269 	1305 	1306
f 1271 	1270 	1307
f 1270 	1306 	1307
f 1272 	1271 	1308
f 1271 	1307 	1308
f 1273 	1272 	1309
f 1272 	1308 	1309
f 1274 	1273 	1310
f 1273 	1309 	1310
f 1275 	1274 	1311
f 1274 	1310 	1311
f 1276 	1275 	1312
f 1275 	1311 	1312
f 1277 	1276 	1313
f 1276 	1312 	1313
f 1278 	1277 	1314
f 1277 	1313 	1314
f 1279 	1278 	1315
f 1278 	1314 	1315
f 1280 	1279 	1316
f 1279 	1315 	1316
f 1281 	1280 	1317
f 1280 	1316 	1317
f 1282 	1281 	1318
f 1281 	1317 	1318
f 1283 	1282 	1319
f 1282 	1318 	1319
f 1284 	1283 	1320
f 1283 	1319 	1320
f 1285 	1284 	1321
f 1284 	1320 	1321
f 1286 	1285 	1322
f 1285 	1321 	1322
f 1287 	1286 	1323
f 1286 	1322 	1323
f 1288 	1287 	1324
f 1287 	1323 	1324
f 1289 	1288 	1325
f 1288 	1324 	1325
f 1290 	1289 	1326
f 1289 	1325 	1326
f 1291 	1290 	1327
f 1290 	1326 	1327
f 1292 	1291 	1328
f 1291 	1327 	1328
f 1293 	1292 	1329
f 1292 	1328 	1329
f 1294 	1293 	1330
f 1293 	1329 	1330
f 1295 	1294 	1331
f 1294 	1330 	1331
f 1296 	1295 	1332
f 1295 	1331 	1332
f 1297 	1296 	1333
f 1296 	1332 	1333
f 1262 	1297 	1298
f 1297 	1333 	1298
f 1299 	1298 	1335
f 1298 	1334 	1335
f 1300 	1299 	1336
f 1299 	1335 	1336
f 1301 	1300 	1337
f 1300 	1336 	1337
f 1302 	1301 	1338
f 1301 	1337 	1338
f 1303 	1302 	1339
f 1302 	1338 	1339
f 1304 	1303 	1340
f 1303 	1339 	1340
f 1305 	1304 	1341
f 1304 	1340 	1341
f 1306 	1305 	1342
f 1305 	1341 	1342
f 1307 	1306 	1343
f 1306 	1342 	1343
f 1308 	1307 	1344
f 1307 	1343 	1344
f 1309 	1308 	1345
f 1308 	1344 	1345
f 1310 	1309 	1346
f 1309 	1345 	1346
f 1311 	1310 	1347
f 1310 	1346 	1347
f 1312 	1311 	1348
f 1311 	1347 	1348
f 1313 	1312 	1349
f 1312 	1348 	1349
f 1314 	1313 	1350
f 1313 	1349 	1350
f 1315 	1314 	1351
f 1314 	1350 	1351
f 1316 	1315 	1352
f 1315 	1351 	1352
f 1317 	1316 	1353
f 1316 	1352 	1353
f 1318 	1317 	1354
f 1317 	1353 	1354
f 1319 	1318 	1355
f 1318 	1354 	1355
f 1320 	1319 	1356
f 1319 	1355 	1356
f 1321 	1320 	1357
f 1320 	1356 	1357
f 1322 	1321 	1358
f 1321 	1357 	1358
f 1323 	1322 	1359
f 1322 	1358 	1359
f 1324 	1323 	1360
f 1323 	1359 	1360
f 1325 	1324 	1361
f 1324 	1360 	1361
f 1326 	1325 	1362
f 1325 	1361 	1362
f 1327 	1326 	1363
f 1326 	1362 	1363
f 1328 	1327 	1364
f 1327 	1363 	1364
f 1329 	1328 	1365
f 1328 	1364 	1365
f 1330 	1329 	1366
f 1329 	1365 	1366
f 1331 	1330 	1367
f 1330 	1366 	1367
f 1332 	1331 	1368
f 1331 	1367 	1368
f 1333 	1332 	1369
f 1332 	1368 	1369
f 1298 	1333 	1334
f 1333 	1369 	1334
f 1335 	1334 	1371
f 1334 	1370 	1371
f 1336 	1335 	1372
f 1335 	1371 	1372
f 1337 	1336 	1373
f 1336 	1372 	1373
f 1338 	1337 	1374
f 1337 	1373 	1374
f 1339 	1338 	1375
f 1338 	1374 	1375
f 1340 	1339 	1376
f 1339 	1375 	1376
f 1341 	1340 	1377
f 1340 	1376 	1377
f 1342 	1341 	1378
f 1341 	1377 	1378
f 1343 	1342 	1379
f 1342 	1378 	1379
f 1344 	1343 	1380
f 1343 	1379 	1380
f 1345 	1344 	1381
f 1344 	1380 	1381
f 1346 	1345 	1382
f 1345 	1381 	1382
f 1347 	1346 	1383
f 1346 	1382 	1383
f 1348 	1347 	1384
f 1347 	1383 	1384
f 1349 	1348 	1385
f 1348 	1384 	1385
f 1350 	1349 	1386
f 1349 	1385 	1386
f 1351 	1350 	1387
f 1350 	1386 	1387
f 1352 	1351 	1388
f 1351 	1387 	1388
f 1353 	1352 	1389
f 1352 	1388 	1389
f 1354 	1353 	1390
f 1353 	1389 	1390
f 1355 	1354 	1391
f 1354 	1390 	1391
f 1356 	1355 	1392
f 1355 	1391 	1392
f 1357 	1356 	1393
f 1356 	1392 	1393
f 1358 	1357 	1394
f 1357 	1393 	1394
f 1359 	1358 	1395
f 1358 	1394 	1395
f 1360 	1359 	1396
f 1359 	1395 	1396
f 1361 	1360 	1397
f 1360 	1396 	1397
f 1362 	1361 	1398
f 1361 	1397 	1398
f 1363 	1362 	1399
f 1362 	1398 	1399
f 1364 	1363 	1400
f 1363 	1399 	1400
f 1365 	1364 	1401
f 1364 	1400 	1401
f 1366 	1365 	1402
f 1365 	1401 	1402
f 1367 	1366 	1403
f 1366 	1402 	1403
f 1368 	1367 	1404
f 1367 	1403 	1404
f 1369 	1368 	1405
f 1368 	1404 	1405
f 1334 	1369 	1370
f 1369 	1405 	1370
f 1371 	1370 	1407
f 1370 	1406 	1407
f 1372 	1371 	1408
f 1371 	1407 	1408
f 1373 	1372 	1409
f 1372 	1408 	1409
f 1374 	1373 	1410
f 1373 	1409 	1410
f 1375 	1374 	1411
f 1374 	1410 	1411
f 1376 	1375 	1412
f 1375 	1411 	1412
f 1377 	1376 	1413
f 1376 	1412 	1413
f 1378 	1377 	1414
f 1377 	1413 	1414
f 1379 	1378 	1415
f 1378 	1414 	1415
f 1380 	1379 	1416
f 1379 	1415 	1416
f 1381 	1380 	1417
f 1380 	1416 	1417
f 1382 	1381 	1418
f 1381 	1417 	1418
f 1383 	1382 	1419
f 1382 	1418 	1419
f 1384 	1383 	1420
f 1383 	1419 	1420
f 1385 	1384 	1421
f 1384 	1420 	1421
f 1386 	1385 	1422
f 1385 	1421 	1422
f 1387 	1386 	1423
f 1386 	1422 	1423
f 1388 	1387 	1424
f 1387 	1423 	1424
f 1389 	1388 	1425
f 1388 	1424 	1425
f 1390 	1389 	1426
f 1389 	1425 	1426
f 1391 	1390 	1427
f 1390 	1426 	1427
f 1392 	1391 	1428
f 1391 	1427 	1428
f 1393 	1392 	1429
f 1392 	1428 	1429
f 1394 	1393 	1430
f 1393 	1429 	1430
f 1395 	1394 	1431
f 1394 	1430 	1431
f 1396 	1395 	1432
f 1395 	1431 	1432
f 1397 	1396 	1433
f 1396 	1432 	1433
f 1398 	1397 	1434
f 1397 	1433 	1434
f 1399 	1398 	1435
f 1398 	1434 	1435
f 1400 	1399 	1436
f 1399 	1435 	1436
f 1401 	1400 	1437
f 1400 	1436 	1437
f 1402 	1401 	1438
f 1401 	1437 	1438
f 1403 	1402 	1439
f 1402 	1438 	1439
f 1404 	1403 	1440
f 1403 	1439 	1440
f 1405 	1404 	1441
f 1404 	1440 	1441
f 1370 	1405 	1406
f 1405 	1441 	1406
f 1407 	1406 	1443
f 1406 	1442 	1443
f 1408 	1407 	1444
f 1407 	1443 	1444
f 1409 	1408 	1445
f 1408 	1444 	1445
f 1410 	1409 	1446
f 1409 	1445 	1446
f 1411 	1410 	1447
f 1410 	1446 	1447
f 1412 	1411 	1448
f 1411 	1447 	1448
f 1413 	1412 	1449
f 1412 	1448 	1449
f 1414 	1413 	1450
f 1413 	1449 	1450
f 1415 	1414 	1451
f 1414 	1450 	1451
f 1416 	1415 	1452
f 1415 	1451 	1452
f 1417 	1416 	1453
f 1416 	1452 	1453
f 1418 	1417 	1454
f 1417 	1453 	1454
f 1419 	1418 	1455
f 1418 	1454 	1455
f 1420 	1419 	1456
f 1419 	1455 	1456
f 1421 	1420 	1457
f 1420 	1456 	1457
f 1422 	1421 	1458
f 1421 	1457 	1458
f 1423 	1422 	1459
f 1422 	1458 	1459
f 1424 	1423 	1460
f 1423 	1459 	1460
f 1425 	1424 	1461
f 1424 	1460 	1461
f 1426 	1425 	1462
f 1425 	1461 	1462
f 1427 	1426 	1463
f 1426 	1462 	1463
f 1428 	1427 	1464
f 1427 	1463 	1464
f 1429 	1428 	1465
f 1428 	1464 	1465
f 1430 	1429 	1466
f 1429 	1465 	1466
f 1431 	1430 	1467
f 1430 	1466 	1467
f 1432 	1431 	1468
f 1431 	1467 	1468
f 1433 	1432 	1469
f 1432 	1468 	1469
f 1434 	1433 	1470
f 1433 	1469 	1470
f 1435 	1434 	1471
f 1434 	1470 	1471
f 1436 	1435 	1472
f 1435 	1471 	1472
f 1437 	1436 	1473
f 1436 	1472 	1473
f 1438 	1437 	1474
f 1437 	1473 	1474
f 1439 	1438 	1475
f 1438 	1474 	1475
f 1440 	1439 	1476
f 1439 	1475 	1476
f 1441 	1440 	1477
f 1440 	1476 	1477
f 1406 	1441 	1442
f 1441 	1477 	1442
f 1443 	1442 	1479
f 1442 	1478 	1479
f 1444 	1443 	1480
f 1443 	1479 	1480
f 1445 	1444 	1481
f 1444 	1480 	1481
f 1446 	1445 	1482
f 1445 	1481 	1482
f 1447 	1446 	1483
f 1446 	1482 	1483
f 1448 	1447 	1484
f 1447 	1483 	1484
f 1449 	1448 	1485
f 1448 	1484 	1485
f 1450 	1449 	1486
f 1449 	1485 	1486
f 1451 	1450 	1487
f 1450 	1486 	1487
f 1452 	1451 	1488
f 1451 	1487 	1488
f 1453 	1452 	1489
f 1452 	1488 	1489
f 1454 	1453 	1490
f 1453 	1489 	1490
f 1455 	1454 	1491
f 1454 	1490 	1491
f 1456 	1455 	1492
f 1455 	1491 	1492
f 1457 	1456 	1493
f 1456 	1492 	1493
f 1458 	1457 	1494
f 1457 	1493 	1494
f 1459 	1458 	1495
f 1458 	1494 	1495
f 1460 	1459 	1496
f 1459 	1495 	1496
f 1461 	1460 	1497
f 1460 	1496 	1497
f 1462 	1461 	1498
f 1461 	1497 	1498
f 1463 	1462 	1499
f 1462 	1498 	1499
f 1464 	1463 	1500
f 1463 	1499 	1500
f 1465 	1464 	1501
f 1464 	1500 	1501
f 1466 	1465 	1502
f 1465 	1501 	1502
f 1467 	1466 	1503
f 1466 	1502 	1503
f 1468 	1467 	1504
f 1467 	1503 	1504
f 1469 	1468 	1505
f 1468 	1504 	1505
f 1470 	1469 	1506
f 1469 	1505 	1506
f 1471 	1470 	1507
f 1470 	1506 	1507
f 1472 	1471 	1508
f 1471 	1507 	1508
f 1473 	1472 	1509
f 1472 	1508 	1509
f 1474 	1473 	1510
f 1473 	1509 	1510
f 1475 	1474 	1511
f 1474 	1510 	1511
f 1476 	1475 	1512
f 1475 	1511 	1512
f 1477 	1476 	1513
f 1476 	1512 	1513
f 1442 	1477 	1478
f 1477 	1513 	1478
f 1479 	1478 	1515
f 1478 	1514 	1515
f 1480 	1479 	1516
f 1479 	1515 	1516
f 1481 	1480 	1517
f 1480 	1516 	1517
f 1482 	1481 	1518
f 1481 	1517 	1518
f 1483 	1482 	1519
f 1482 	1518 	1519
f 1484 	1483 	1520
f 1483 	1519 	1520
f 1485 	1484 	1521
f 1484 	1520 	1521
f 1486 	1485 	1522
f 1485 	1521 	1522
f 1487 	1486 	1523
f 1486 	1522 	1523
f 1488 	1487 	1524
f 1487 	1523 	1524
f 1489 	1488 	1525
f 1488 	1524 	1525
f 1490 	1489 	1526
f 1489 	1525 	1526
f 1491 	1490 	1527
f 1490 	1526 	1527
f 1492 	1491 	1528
f 1491 	1527 	1528
f 1493 	1492 	1529
f 1492 	1528 	1529
f 1494 	1493 	1530
f 1493 	1529 	1530
f 1495 	1494 	1531
f 1494 	1530 	1531
f 1496 	1495 	1532
f 1495 	1531 	1532
f 1497 	1496 	1533
f 1496 	1532 	1533
f 1498 	1497 	1534
f 1497 	1533 	1534
f 1499 	1498 	1535
f 1498 	1534 	1535
f 1500 	1499 	1536
f 1499 	1535 	1536
f 1501 	1500 	1537
f 1500 	1536 	1537
f 1502 	1501 	1538
f 1501 	1537 	1538
f 1503 	1502 	1539
f 1502 	1538 	1539
f 1504 	1503 	1540
f 1503 	1539 	1540
f 1505 	1504 	1541
f 1504 	1540 	1541
f 1506 	1505 	1542
f 1505 	1541 	1542
f 1507 	1506 	1543
f 1506 	1542 	1543
f 1508 	1507 	1544
f 1507 	1543 	1544
f 1509 	1508 	1545
f 1508 	1544 	1545
f 1510 	1509 	1546
f 1509 	1545 	1546
f 1511 	1510 	1547
f 1510 	1546 	1547
f 1512 	1511 	1548
f 1511 	1547 	1548
f 1513 	1512 	1549
f 1512 	1548 	1549
f 1478 	1513 	1514
f 1513 	1549 	1514
f 1515 	1514 	1551
f 1514 	1550 	1551
f 1516 	1515 	1552
f 1515 	1551 	1552
f 1517 	1516 	1553
f 1516 	1552 	1553
f 1518 	1517 	1554
f 1517 	1553 	1554
f 1519 	1518 	1555
f 1518 	1554 	1555
f 1520 	1519 	1556
f 1519 	1555 	1556
f 1521 	1520 	1557
f 1520 	1556 	1557
f 1522 	1521 	1558
f 1521 	1557 	1558
f 1523 	1522 	1559
f 1522 	1558 	1559
f 1524 	1523 	1560
f 1523 	1559 	1560
f 1525 	1524 	1561
f 1524 	1560 	1561
f 1526 	1525 	1562
f 1525 	1561 	1562
f 1527 	1526 	1563
f 1526 	1562 	1563
f 1528 	1527 	1564
f 1527 	1563 	1564
f 1529 	1528 	1565
f 1528 	1564 	1565
f 1530 	1529 	1566
f 1529 	1565 	1566
f 1531 	1530 	1567
f 1530 	1566 	1567
f 1532 	1531 	1568
f 1531 	1567 	1568
f 1533 	1532 	1569
f 1532 	1568 	1569
f 1534 	1533 	1570
f 1533 	1569 	1570
f 1535 	1534 	1571
f 1534 	1570 	1571
f 1536 	1535 	1572
f 1535 	1571 	1572
f 1537 	1536 	1573
f 1536 	1572 	1573
f 1538 	1537 	1574
f 1537 	1573 	1574
f 1539 	1538 	1575
f 1538 	1574 	1575
f 1540 	1539 	1576
f 1539 	1575 	1576
f 1541 	1540 	1577
f 1540 	1576 	1577
f 1542 	1541 	1578
f 1541 	1577 	1578
f 1543 	1542 	1579
f 1542 	1578 	1579
f 1544 	1543 	1580
f 1543 	1579 	1580
f 1545 	1544 	1581
f 1544 	1580 	1581
f 1546 	1545 	1582
f 1545 	1581 	1582
f 1547 	1546 	1583
f 1546 	1582 	1583
f 1548 	1547 	1584
f 1547 	1583 	1584
f 1549 	1548 	1585
f 1548 	1584 	1585
f 1514 	1549 	1550
f 1549 	1585 	1550
f 1551 	1550 	1587
f 1550 	1586 	1587
f 1552 	1551 	1588
f 1551 	1587 	1588
f 1553 	1552 	1589
f 1552 	1588 	1589
f 1554 	1553 	1590
f 1553 	1589 	1590
f 1555 	1554 	1591
f 1554 	1590 	1591
f 1556 	1555 	1592
f 1555 	1591 	1592
f 1557 	1556 	1593
f 1556 	1592 	1593
f 1558 	1557 	1594
f 1557 	1593 	1594
f 1559 	1558 	1595
f 1558 	1594 	1595
f 1560 	1559 	1596
f 1559 	1595 	1596
f 1561 	1560 	1597
f 1560 	1596 	1597
f 1562 	1561 	1598
f 1561 	1597 	1598
f 1563 	1562 	1599
f 1562 	1598 	1599
f 1564 	1563 	1600
f 1563 	1599 	1600
f 1565 	1564 	1601
f 1564 	1600 	1601
f 1566 	1565 	1602
f 1565 	1601 	1602
f 1567 	1566 	1603
f 1566 	1602 	1603
f 1568 	1567 	1604
f 1567 	1603 	1604
f 1569 	1568 	1605
f 1568 	1604 	1605
f 1570 	1569 	1606
f 1569 	1605 	1606
f 1571 	1570 	1607
f 1570 	1606 	1607
f 1572 	1571 	1608
f 1571 	1607 	1608
f 1573 	1572 	1609
f 1572 	1608 	1609
f 1574 	1573 	1610
f 1573 	1609 	1610
f 1575 	1574 	1611
f 1574 	1610 	1611
f 1576 	1575 	1612
f 1575 	1611 	1612
f 1577 	1576 	1613
f 1576 	1612 	1613
f 1578 	1577 	1614
f 1577 	1613 	1614
f 1579 	1578 	1615
f 1578 	1614 	1615
f 1580 	1579 	1616
f 1579 	1615 	1616
f 1581 	1580 	1617
f 1580 	1616 	1617
f 1582 	1581 	1618
f 1581 	1617 	1618
f 1583 	1582 	1619
f 1582 	1618 	1619
f 1584 	1583 	1620
f 1583 	1619 	1620
f 1585 	1584 	1621
f 1584 	1620 	1621
f 1550 	1585 	1586
f 1585 	1621 	1586
f 1587 	1586 	1623
f 1586 	1622 	1623
f 1588 	1587 	1624
f 1587 	1623 	1624
f 1589 	1588 	1625
f 1588 	1624 	1625
f 1590 	1589 	1626
f 1589 	1625 	1626
f 1591 	1590 	1627
f 1590 	1626 	1627
f 1592 	1591 	1628
f 1591 	1627 	1628
f 1593 	1592 	1629
f 1592 	1628 	1629
f 1594 	1593 	1630
f 1593 	1629 	1630
f 1595 	1594 	1631
f 1594 	1630 	1631
f 1596 	1595 	1632
f 1595 	1631 	1632
f 1597 	1596 	1633
f 1596 	1632 	1633
f 1598 	1597 	1634
f 1597 	1633 	1634
f 1599 	1598 	1635
f 1598 	1634 	1635
f 1600 	1599 	1636
f 1599 	1635 	1636
f 1601 	1600 	1637
f 1600 	1636 	1637
f 1602 	1601 	1638
f 1601 	1637 	1638
f 1603 	1602 	1639
f 1602 	1638 	1639
f 1604 	1603 	1640
f 1603 	1639 	1640
f 1605 	1604 	1641
f 1604 	1640 	1641
f 1606 	1605 	1642
f 1605 	1641 	1642
f 1607 	1606 	1643
f 1606 	1642 	1643
f 1608 	1607 	1644
f 1607 	1643 	1644
f 1609 	1608 	1645
f 1608 	1644 	1645
f 1610 	1609 	1646
f 1609 	1645 	1646
f 1611 	1610 	1647
f 1610 	1646 	1647
f 1612 	1611 	1648
f 1611 	1647 	1648
f 1613 	1612 	1649
f 1612 	1648 	1649
f 1614 	1613 	1650
f 1613 	1649 	1650
f 1615 	1614 	1651
f 1614 	1650 	1651
f 1616 	1615 	1652
f 1615 	1651 	1652
f 1617 	1616 	1653
f 1616 	1652 	1653
f 1618 	1617 	1654
f 1617 	1653 	1654
f 1619 	1618 	1655
f 1618 	1654 	1655
f 1620 	1619 	1656
f 1619 	1655 	1656
f 1621 	1620 	1657
f 1620 	1656 	1657
f 1586 	1621 	1622
f 1621 	1657 	1622
f 1623 	1622 	1658
f 1624 	1623 	1658
f 1625 	1624 	1658
f 1626 	1625 	1658
f 1627 	1626 	1658
f 1628 	1627 	1658
f 1629 	1628 	1658
f 1630 	1629 	1658
f 1631 	1630 	1658
f 1632 	1631 	1658
f 1633 	1632 	1658
f 1634 	1633 	1658
f 1635 	1634 	1658
f 1636 	1635 	1658
f 1637 	1636 	1658
f 1638 	1637 	1658
f 1639 	1638 	1658
f 1640 	1639 	1658
f 1641 	1640 	1658
f 1642 	1641 	1658
f 1643 	1642 	1658
f 1644 	1643 	1658
f 1645 	1644 	1658
f 1646 	1645 	1658
f 1647 	1646 	1658
f 1648 	1647 	1658
f 1649 	1648 	1658
f 1650 	1649 	1658
f 1651 	1650 	1658
f 1652 	1651 	1658
f 1653 	1652 	1658
f 1654 	1653 	1658
f 1655 	1654 	1658
f 1656 	1655 	1658
f 1657 	1656 	1658
f 1622 	1657 	1658
# 1296 faces

 #end of obj_14

o obj_15
v -10.94 		-22.3066 		65.8268
v -10.94 		-23.4546 		68.5985
v -10.94 		-32.6934 		64.7716
v -10.94 		-31.5454 		62
v -20.94 		-23.4546 		68.5985
v -12.937 		-28.074 		66.6851
v -20.94 		-22.3066 		65.8268
v -15.012 		-25.4354 		67.778
v -13.084 		-28.9314 		66.3299
v -13.511 		-29.7047 		66.0096
v -14.175 		-25.8299 		67.6146
v -16.868 		-25.4354 		67.778
v -16.868 		-24.2874 		65.0064
v -15.94 		-24.1516 		65.0626
v -15.94 		-25.2996 		67.8343
v -20.94 		-31.5454 		62
v -14.175 		-30.3181 		65.7555
v -20.94 		-32.6934 		64.7716
v -15.012 		-24.2874 		65.0064
v -18.796 		-27.7833 		63.5583
v -18.369 		-28.5566 		63.238
v -18.942 		-26.926 		63.9134
v -17.705 		-24.6819 		64.843
v -14.175 		-24.6819 		64.843
v -18.369 		-25.2953 		64.5889
v -15.94 		-30.8475 		65.5362
v -16.868 		-30.7126 		65.5921
v -15.012 		-30.7126 		65.5921
v -18.942 		-28.074 		66.6851
v -12.937 		-26.926 		63.9134
v -13.511 		-25.2953 		64.5889
v -17.705 		-30.3181 		65.7555
v -13.511 		-26.4434 		67.3605
v -13.084 		-26.0686 		64.2685
v -13.084 		-27.2167 		67.0402
v -13.084 		-27.7833 		63.5583
v -18.796 		-27.2167 		67.0402
v -15.94 		-29.6995 		62.7646
v -16.868 		-29.5646 		62.8205
v -18.369 		-26.4434 		67.3605
v -13.511 		-28.5566 		63.238
v -18.369 		-29.7047 		66.0096
v -17.705 		-29.1701 		62.9839
v -14.175 		-29.1701 		62.9839
v -17.705 		-25.8299 		67.6146
v -18.796 		-28.9314 		66.3299
v -15.012 		-29.5646 		62.8205
v -18.796 		-26.0686 		64.2685
# 48 vertices

g group_15_1650274

usemtl color_1650274
s 0

f 1661 	1659 	1660
f 1659 	1661 	1662
f 1670 	1671 	1672
f 1670 	1672 	1673
f 1663 	1665 	1674
f 1663 	1674 	1676
f 1674 	1678 	1679
f 1679 	1701 	1674
f 1677 	1666 	1673
f 1677 	1673 	1672
f 1680 	1678 	1674
f 1682 	1669 	1666
f 1682 	1666 	1677
f 1680 	1695 	1687
f 1669 	1682 	1689
f 1669 	1689 	1691
f 1691 	1689 	1692
f 1691 	1692 	1693
f 1676 	1662 	1661
f 1662 	1676 	1674
f 1660 	1659 	1665
f 1660 	1665 	1663
f 1675 	1661 	1668
f 1684 	1661 	1686
f 1688 	1693 	1692
f 1693 	1688 	1664
f 1681 	1683 	1665
f 1659 	1672 	1665
f 1671 	1681 	1665
f 1696 	1697 	1685
f 1696 	1685 	1684
f 1664 	1688 	1694
f 1664 	1694 	1667
f 1666 	1660 	1673
f 1669 	1660 	1666
f 1663 	1673 	1660
f 1685 	1697 	1701
f 1685 	1701 	1690
f 1667 	1694 	1699
f 1667 	1699 	1668
f 1670 	1663 	1703
f 1668 	1699 	1702
f 1668 	1702 	1675
f 1679 	1700 	1690
f 1679 	1690 	1701
f 1677 	1659 	1682
f 1669 	1691 	1660
f 1691 	1693 	1660
f 1667 	1661 	1664
f 1668 	1661 	1667
f 1660 	1664 	1661
f 1675 	1702 	1705
f 1675 	1705 	1686
f 1702 	1662 	1705
f 1673 	1663 	1670
f 1698 	1703 	1663
f 1678 	1704 	1700
f 1678 	1700 	1679
f 1675 	1686 	1661
f 1685 	1676 	1684
f 1690 	1676 	1685
f 1704 	1676 	1700
f 1690 	1700 	1676
f 1661 	1684 	1676
f 1686 	1705 	1696
f 1686 	1696 	1684
f 1674 	1665 	1680
f 1689 	1659 	1692
f 1693 	1664 	1660
f 1704 	1678 	1680
f 1704 	1680 	1687
f 1665 	1683 	1706
f 1706 	1680 	1665
f 1676 	1704 	1687
f 1695 	1663 	1687
f 1698 	1663 	1695
f 1676 	1687 	1663
f 1706 	1695 	1680
f 1689 	1682 	1659
f 1659 	1677 	1672
f 1671 	1665 	1672
f 1683 	1698 	1695
f 1683 	1695 	1706
f 1699 	1694 	1662
f 1694 	1688 	1662
f 1659 	1662 	1688
f 1659 	1688 	1692
f 1681 	1703 	1698
f 1681 	1698 	1683
f 1697 	1696 	1674
f 1662 	1674 	1696
f 1696 	1705 	1662
f 1702 	1699 	1662
f 1697 	1674 	1701
f 1671 	1670 	1703
f 1671 	1703 	1681
# 96 faces

 #end of obj_15

o obj_16
v -13.2853 		-18.0094 		56.1358
v -13.9812 		-18.6244 		56
v -14.7463 		-19.1508 		56.1358
v -2.3757 		-32.4733 		64.6662
v -2.8404 		-32.884 		64.5757
v -13.6887 		-16.3674 		59.859
v -3.3512 		-33.2355 		64.6662
v -3.8578 		-33.4934 		64.9286
v -13.3334 		-16.3608 		59.3435
v -4.3113 		-33.6326 		65.3379
v -13.1096 		-16.4866 		58.7716
v -13.0418 		-16.7342 		58.1998
v -4.6666 		-33.6392 		65.8534
v -13.1341 		-17.0773 		57.6842
v -4.8896 		-33.5128 		66.4253
v -15.5054 		-19.537 		56.5294
v -16.1851 		-19.7456 		57.1428
v -4.1295 		-34.0976 		64.1831
v -5.6399 		-33.2428 		68.0541
v -13.1908 		-15.6939 		60.4004
v -4.8092 		-34.3061 		64.7965
v -12.6582 		-15.6837 		59.6281
v -12.3239 		-15.8727 		58.7716
v -12.2214 		-16.2428 		57.9152
v -12.3601 		-16.7572 		57.1428
v -5.6761 		-34.1273 		66.4253
v -5.3418 		-34.3163 		65.5689
v -3.7839 		-31.6762 		68.2758
v -14.6297 		-16.2887 		61.4075
v -12.7269 		-17.3662 		56.5294
v -3.2537 		-30.8492 		69.0611
v -4.0188 		-31.3756 		69.1969
v -4.7147 		-31.9906 		69.0611
v -5.2731 		-32.6338 		68.6676
v -5.7786 		-33.7572 		67.2817
v -13.8705 		-15.9024 		61.0139
v -15.3948 		-16.8151 		61.5433
v -15.9971 		-17.9558 		60.2683
v -3.3703 		-33.7113 		63.7895
v -15.6243 		-17.5267 		60.5307
v -2.6052 		-33.1849 		63.6537
v -16.0906 		-17.4301 		61.4075
v -1.9094 		-32.5699 		63.7895
v -15.1599 		-17.1157 		60.6222
v -16.649 		-18.0733 		61.0139
v -14.6488 		-16.7645 		60.5307
v -17.0158 		-18.6823 		60.4004
v -14.1422 		-16.5066 		60.2683
v -1.351 		-31.9267 		64.1831
v -0.9842 		-31.3177 		64.7965
v -16.3342 		-18.7053 		59.3435
v -16.2656 		-18.9523 		58.7716
v -16.2419 		-18.3622 		59.859
v -0.8454 		-30.8033 		65.5689
v -0.948 		-30.4333 		66.4253
v -13.3788 		-17.4836 		57.275
v -13.7516 		-17.9128 		57.0126
v -14.2163 		-18.3235 		56.922
v -14.7272 		-18.675 		57.0126
v -15.2338 		-18.9329 		57.275
v -1.2822 		-30.2442 		67.2817
v -15.6872 		-19.072 		57.6842
v -1.8149 		-30.2544 		68.0541
v -16.0425 		-19.0786 		58.1998
v -2.4946 		-30.463 		68.6676
v -2.3128 		-30.928 		67.5127
v -1.9575 		-30.9214 		66.9972
v -1.7336 		-31.0471 		66.4253
v -17.052 		-19.5667 		58.7716
v -17.1546 		-19.1967 		59.6281
v -16.7178 		-19.7558 		57.9152
v -1.6658 		-31.2947 		65.8534
v -1.7581 		-31.6378 		65.3379
v -4.6212 		-32.5164 		67.922
v -4.2484 		-32.0872 		68.1844
v -3.2728 		-31.325 		68.1844
v -2.7662 		-31.0671 		67.922
v -4.9582 		-33.2658 		66.9972
v -4.8659 		-32.9227 		67.5127
v -2.0029 		-32.0442 		64.9286
# 80 vertices

g group_16_10988977

usemtl color_10988977
s 0

f 1709 	1764 	1708
f 1726 	1728 	1712
f 1728 	1729 	1717
f 1718 	1717 	1730
f 1719 	1733 	1716
f 1711 	1749 	1710
f 1713 	1745 	1711
f 1714 	1745 	1713
f 1727 	1724 	1716
f 1714 	1716 	1724
f 1724 	1745 	1714
f 1721 	1733 	1719
f 1721 	1784 	1741
f 1741 	1732 	1721
f 1715 	1712 	1728
f 1717 	1715 	1728
f 1729 	1730 	1717
f 1720 	1718 	1730
f 1730 	1731 	1720
f 1736 	1720 	1731
f 1738 	1739 	1734
f 1780 	1781 	1739
f 1739 	1740 	1780
f 1725 	1785 	1740
f 1726 	1712 	1742
f 1733 	1721 	1732
f 1727 	1716 	1733
f 1751 	1748 	1744
f 1752 	1735 	1754
f 1735 	1742 	1754
f 1712 	1754 	1742
f 1709 	1745 	1722
f 1707 	1736 	1749
f 1757 	1776 	1759
f 1736 	1762 	1720
f 1763 	1762 	1707
f 1736 	1707 	1762
f 1765 	1709 	1766
f 1722 	1723 	1768
f 1768 	1766 	1722
f 1764 	1763 	1707
f 1764 	1709 	1765
f 1707 	1708 	1764
f 1722 	1766 	1709
f 1753 	1751 	1759
f 1758 	1776 	1757
f 1770 	1777 	1758
f 1723 	1777 	1768
f 1770 	1768 	1777
f 1777 	1775 	1758
f 1750 	1746 	1748
f 1746 	1744 	1748
f 1744 	1759 	1751
f 1752 	1750 	1735
f 1748 	1743 	1750
f 1735 	1750 	1743
f 1753 	1759 	1776
f 1776 	1758 	1775
f 1745 	1747 	1711
f 1749 	1711 	1747
f 1773 	1767 	1772
f 1774 	1767 	1773
f 1786 	1755 	1779
f 1710 	1749 	1786
f 1722 	1745 	1724
f 1767 	1769 	1772
f 1769 	1771 	1772
f 1761 	1767 	1774
f 1778 	1760 	1774
f 1756 	1760 	1779
f 1778 	1779 	1760
f 1761 	1774 	1760
f 1749 	1755 	1786
f 1756 	1779 	1755
f 1783 	1772 	1771
f 1737 	1783 	1771
f 1781 	1734 	1739
f 1725 	1741 	1785
f 1732 	1775 	1733
f 1737 	1738 	1734
f 1780 	1740 	1785
f 1723 	1727 	1733
f 1783 	1737 	1782
f 1734 	1782 	1737
f 1727 	1723 	1722
f 1722 	1724 	1727
f 1784 	1785 	1741
f 1755 	1749 	1736
f 1738 	1737 	1743
f 1735 	1743 	1737
f 1748 	1739 	1743
f 1738 	1743 	1739
f 1740 	1748 	1751
f 1748 	1740 	1739
f 1740 	1753 	1725
f 1740 	1751 	1753
f 1771 	1726 	1742
f 1753 	1776 	1725
f 1742 	1735 	1771
f 1780 	1744 	1746
f 1781 	1780 	1746
f 1714 	1765 	1766
f 1781 	1746 	1734
f 1734 	1750 	1782
f 1714 	1766 	1768
f 1779 	1718 	1720
f 1754 	1783 	1752
f 1765 	1713 	1711
f 1785 	1757 	1759
f 1759 	1744 	1785
f 1713 	1765 	1714
f 1777 	1733 	1775
f 1714 	1768 	1716
f 1780 	1785 	1744
f 1734 	1746 	1750
f 1716 	1768 	1719
f 1752 	1782 	1750
f 1782 	1752 	1783
f 1732 	1776 	1775
f 1754 	1712 	1783
f 1741 	1725 	1776
f 1732 	1741 	1776
f 1721 	1758 	1784
f 1757 	1784 	1758
f 1779 	1720 	1762
f 1784 	1757 	1785
f 1709 	1708 	1745
f 1747 	1745 	1708
f 1723 	1733 	1777
f 1707 	1749 	1747
f 1707 	1747 	1708
f 1786 	1779 	1762
f 1786 	1762 	1710
f 1763 	1710 	1762
f 1755 	1736 	1756
f 1731 	1756 	1736
f 1756 	1731 	1760
f 1730 	1760 	1731
f 1764 	1711 	1763
f 1710 	1763 	1711
f 1730 	1729 	1761
f 1730 	1761 	1760
f 1711 	1764 	1765
f 1761 	1729 	1728
f 1761 	1728 	1767
f 1728 	1726 	1767
f 1769 	1767 	1726
f 1769 	1726 	1771
f 1735 	1737 	1771
f 1770 	1719 	1768
f 1772 	1783 	1712
f 1758 	1721 	1770
f 1719 	1770 	1721
f 1715 	1773 	1712
f 1772 	1712 	1773
f 1717 	1774 	1715
f 1773 	1715 	1774
f 1717 	1718 	1774
f 1778 	1774 	1718
f 1778 	1718 	1779
# 160 faces

 #end of obj_16

o obj_17
v -6 		-38.1976 		52.0339
v -6 		-32.6543 		49.7378
v -6 		-39.3457 		49.2622
v -6 		-33.8024 		46.9661
v -26 		-32.6543 		49.7378
v -26 		-38.1976 		52.0339
v -26 		-33.8024 		46.9661
v -26 		-39.3457 		49.2622
# 8 vertices

g group_17_3888547

usemtl color_3888547
s 0

f 1787 	1789 	1788
f 1789 	1790 	1788
f 1791 	1793 	1792
f 1793 	1794 	1792
f 1791 	1792 	1788
f 1792 	1787 	1788
f 1794 	1793 	1789
f 1793 	1790 	1789
f 1792 	1794 	1787
f 1794 	1789 	1787
f 1788 	1790 	1791
f 1790 	1793 	1791
# 12 faces

 #end of obj_17

o obj_18
v -6 		-40.1976 		48.0339
v -6 		-34.6543 		45.7378
v -6 		-41.3457 		45.2622
v -6 		-35.8024 		42.9661
v -26 		-34.6543 		45.7378
v -26 		-40.1976 		48.0339
v -26 		-35.8024 		42.9661
v -26 		-41.3457 		45.2622
# 8 vertices

g group_18_3888547

usemtl color_3888547
s 0

f 1795 	1797 	1796
f 1797 	1798 	1796
f 1799 	1801 	1800
f 1801 	1802 	1800
f 1799 	1800 	1796
f 1800 	1795 	1796
f 1802 	1801 	1797
f 1801 	1798 	1797
f 1800 	1802 	1795
f 1802 	1797 	1795
f 1796 	1798 	1799
f 1798 	1801 	1799
# 12 faces

 #end of obj_18

o obj_19
v -11 		-47.7157 		29.1481
v -11 		-44.9441 		28
v -11 		-39.2038 		41.8582
v -11 		-41.9754 		43.0062
v -21 		-41.9754 		43.0062
v -21 		-39.2038 		41.8582
v -21 		-44.9441 		28
v -21 		-47.7157 		29.1481
v -18.5 		-45.7433 		34.9001
v -13.6 		-46.8798 		32.945
v -18.127 		-47.3406 		31.9195
v -13.6 		-46.9158 		32.8582
v -13.585 		-47.2089 		32.0987
v -13.6252 		-46.9158 		32.945
v -18.5 		-45.3932 		34.7551
v -18.127 		-47.0904 		31.9197
v -14.232 		-45.0384 		35.6115
v -18.5 		-47.3269 		31.0771
v -14.168 		-43.0117 		42.2318
v -18.127 		-46.9155 		31.9447
v -17.8698 		-45.309 		37.2941
v -17.894 		-43.2306 		42.1136
v -14.276 		-45.0369 		35.6152
v -17.931 		-45.2984 		37.2897
v -17.9293 		-45.2988 		37.2899
v -18.5 		-46.9767 		30.9321
v -17.8552 		-45.3115 		37.2952
v -17.865 		-45.3109 		37.2559
v -17.822 		-43.1171 		42.1943
v -18.5 		-43.0646 		41.3673
v -13.872 		-46.9158 		32.945
v -13.872 		-46.6656 		32.9453
v -18.5 		-42.7144 		41.2222
v -13.585 		-44.9086 		37.6522
v -18.0171 		-45.2706 		37.2782
v -13.872 		-46.6654 		31.945
v -18.047 		-45.2577 		37.2198
v -18.047 		-45.2584 		37.2732
v -17.918 		-43.1278 		42.1684
v -18.5 		-44.6481 		37.5443
v -18.127 		-47.8147 		31.2792
v -18.18 		-47.7907 		31.2692
v -13.872 		-45.1628 		37.6742
v -13.872 		-47.1243 		32.9447
v -13.656 		-43.3566 		41.616
v -18.5 		-44.2979 		37.3992
v -18.273 		-47.7325 		31.2451
v -17.9866 		-45.2805 		37.2823
v -14.276 		-47.6832 		30.217
v -17.973 		-45.2783 		37.1699
v -13.679 		-43.3126 		41.7222
v -18.009 		-43.145 		42.1269
v -13.872 		-46.2064 		32.7918
v -14.276 		-47.333 		30.0719
v -13.825 		-45.1448 		37.6569
v -13.717 		-43.2709 		41.8229
v -13.872 		-45.1709 		37.648
v -13.6 		-47.3406 		31.9195
v -17.724 		-47.6832 		30.217
v -13.872 		-45.1467 		37.7164
v -13.648 		-47.3731 		31.9194
v -13.82 		-45.1119 		37.7364
v -17.894 		-45.2932 		37.1339
v -17.724 		-47.333 		30.0719
v -13.6 		-47.3046 		31.9195
v -13.5 		-45.7433 		34.9001
v -13.6 		-47.3405 		31.8327
v -13.6252 		-47.3406 		31.9195
v -13.593 		-43.2753 		41.5953
v -13.618 		-43.2271 		41.7117
v -13.872 		-45.1354 		37.7461
v -17.832 		-43.0117 		42.2318
v -13.66 		-43.1808 		41.8235
v -13.734 		-45.0931 		37.6171
v -17.938 		-43.0232 		42.2041
v -13.872 		-46.9155 		31.9447
v -13.717 		-43.1383 		41.926
v -13.727 		-45.0537 		37.7123
v -13.872 		-47.3406 		31.9195
v -13.872 		-47.0904 		31.9197
v -18.038 		-43.0423 		42.1579
v -18.168 		-45.2018 		37.3547
v -13.648 		-47.6641 		31.2168
v -13.872 		-45.2076 		37.5076
v -13.872 		-45.2083 		37.5035
v -13.87 		-45.2068 		37.5072
v -18.127 		-45.2236 		37.302
v -13.5 		-45.3932 		34.7551
v -13.585 		-47.5874 		31.185
v -17.724 		-45.9978 		35.5976
v -17.724 		-46.0466 		35.5485
v -13.872 		-45.2074 		37.5088
v -17.795 		-47.9973 		30.7703
v -17.7877 		-47.9973 		30.8309
v -17.7876 		-46.0441 		35.5475
v -13.872 		-45.1864 		37.5968
v -17.795 		-46.0005 		35.5911
v -17.8104 		-47.995 		30.83
v -13.872 		-45.1905 		37.5798
v -13.842 		-45.1766 		37.5802
v -17.7604 		-46.0452 		35.548
v -17.7507 		-47.9987 		30.8315
v -17.724 		-48 		30.7638
v -18.0938 		-45.2389 		37.2651
v -13.872 		-45.2196 		37.3996
v -18.232 		-45.1548 		37.2747
v -13.787 		-45.1681 		37.436
v -13.872 		-47.8255 		31.2492
v -13.82 		-47.7907 		31.2692
v -18.168 		-45.1893 		37.1915
v -13.872 		-45.2156 		37.438
v -18.127 		-45.2203 		37.2582
v -17.724 		-47.9998 		30.832
v -18.093 		-43.1687 		42.0696
v -17.724 		-45.8971 		35.676
v -17.81 		-45.9002 		35.6686
v -13.872 		-47.8142 		31.279
v -13.832 		-43.322 		41.8928
v -18.13 		-43.0683 		42.0951
v -13.754 		-45.1314 		37.5247
v -13.727 		-47.7325 		31.2451
v -17.724 		-45.7924 		35.7355
v -18.1095 		-45.2299 		37.2614
v -18.127 		-45.2202 		37.2573
v -18.093 		-45.2184 		37.1213
v -13.872 		-43.3663 		41.8736
v -13.872 		-43.3007 		41.9443
v -17.81 		-47.9812 		30.6446
v -17.724 		-45.6862 		35.7748
v -13.953 		-43.3052 		41.9898
v -17.724 		-47.9843 		30.6372
v -13.953 		-43.2662 		42.0277
v -13.538 		-47.5043 		31.1506
v -13.9052 		-43.2853 		41.9815
v -17.8341 		-43.3604 		42.0126
v -17.865 		-43.3293 		42.0398
v -13.768 		-43.2322 		41.9162
v -17.855 		-43.3583 		42.0117
v -13.51 		-47.4165 		31.1142
v -17.9289 		-43.3456 		42.0065
v -17.9253 		-43.3462 		42.0067
v -17.931 		-43.3416 		42.0102
v -18.283 		-45.0954 		37.2013
v -13.8732 		-43.2672 		41.974
v -13.872 		-43.2664 		41.9737
v -17.9378 		-43.3435 		42.0056
v -13.832 		-43.1978 		41.9994
v -13.5 		-47.3269 		31.0771
v -17.724 		-47.9523 		30.5211
v -18.213 		-45.1333 		37.1099
v -17.973 		-43.2455 		42.0776
v -17.724 		-47.905 		30.4182
v -18.047 		-43.2662 		42.0277
v -18.0164 		-43.3176 		41.9949
v -17.724 		-45.5821 		35.7912
v -13.8904 		-43.2768 		41.978
v -13.5024 		-46.9901 		30.8997
v -13.5 		-46.9767 		30.9321
v -14.276 		-45.3871 		35.7602
v -13.574 		-44.9303 		37.3646
v -13.717 		-47.795 		30.9008
v -17.724 		-47.8429 		30.3329
v -13.679 		-47.7533 		31.0015
v -17.724 		-47.7686 		30.2643
v -17.724 		-45.4809 		35.7872
v -13.547 		-44.8783 		37.4902
v -13.656 		-47.7093 		31.1078
v -13.538 		-44.8255 		37.6177
v -13.787 		-43.1005 		42.0175
v -17.724 		-45.3871 		35.7602
v -13.547 		-44.8464 		37.319
v -18.0948 		-43.2853 		41.9815
v -13.519 		-44.7928 		37.4483
v -17.724 		-45.0369 		35.6152
v -13.717 		-47.7742 		30.7342
v -13.717 		-45.8171 		35.4589
v -18.127 		-43.3675 		41.8732
v -18.127 		-43.3418 		41.901
v -18.168 		-43.322 		41.8928
v -18.175 		-47.8236 		31.1898
v -18.127 		-47.842 		31.2075
v -18.127 		-43.3002 		41.9456
v -13.66 		-47.7317 		30.8367
v -18.127 		-47.8305 		31.2377
v -18.1268 		-43.2672 		41.974
v -13.51 		-44.7377 		37.5814
v -17.822 		-45.7958 		35.7272
v -18.009 		-45.2421 		37.064
v -18.168 		-43.1978 		41.9994
v -18.158 		-47.8553 		31.1131
v -18.127 		-47.8581 		31.1544
v -13.618 		-47.6854 		30.9485
v -17.918 		-45.2593 		37.0224
v -17.918 		-45.8066 		35.7013
v -13.538 		-44.7583 		37.2782
v -18.127 		-47.8655 		31.1302
v -17.822 		-45.27 		36.9966
v -18.13 		-47.8856 		31.0401
v -18.127 		-47.8857 		31.0455
v -13.593 		-47.6372 		31.0649
v -18.127 		-43.2671 		41.974
v -13.51 		-44.704 		37.4094
v -18.13 		-45.1654 		37.0322
v -18.232 		-43.2322 		41.9162
v -18.127 		-43.2847 		41.9588
v -17.832 		-45.6905 		35.7647
v -18.127 		-47.8864 		31.0424
v -18.127 		-47.8879 		31.0345
v -13.5 		-44.6481 		37.5443
v -17.938 		-45.7019 		35.737
v -18.038 		-45.1914 		36.9694
v -18.266 		-47.7719 		31.1499
v -13.872 		-45.9795 		35.4771
v -17.938 		-45.2106 		36.9232
v -18.038 		-45.7211 		35.6908
v -18.246 		-47.8102 		31.0575
v -13.953 		-45.984 		35.5226
v -13.953 		-45.945 		35.5605
v -13.9052 		-45.9641 		35.5143
v -17.832 		-45.2221 		36.8955
v -13.872 		-44.4114 		37.3867
v -13.872 		-44.6615 		37.3864
v -13.768 		-45.911 		35.4491
v -13.8732 		-45.946 		35.5068
v -13.872 		-45.9452 		35.5065
v -13.832 		-45.8766 		35.5322
v -14.069 		-43.3451 		42.0063
v -14.0622 		-43.3435 		42.0056
v -14.069 		-43.3416 		42.0102
v -13.907 		-45.8475 		35.6024
v -13.8904 		-45.9555 		35.5108
v -13.717 		-45.0954 		37.2013
v -18.321 		-47.7533 		31.0015
v -14.0711 		-43.3456 		42.0065
v -13.872 		-47.8864 		31.0404
v -13.872 		-47.8871 		31.0364
v -14.135 		-43.3293 		42.0398
v -13.87 		-47.8856 		31.0401
v -14.1301 		-43.3557 		42.0107
v -13.872 		-47.8861 		31.0416
v -17.8341 		-46.0392 		35.5455
v -17.865 		-46.0081 		35.5726
v -13.872 		-47.8652 		31.1296
v -13.872 		-47.8693 		31.1126
v -13.842 		-47.8553 		31.1131
v -14.145 		-43.3583 		42.0117
v -14.205 		-43.3217 		42.0583
v -14.2124 		-43.3653 		42.0147
v -13.825 		-47.8236 		31.1898
v -17.855 		-46.0371 		35.5446
v -13.872 		-47.8416 		31.2071
v -17.9289 		-46.0244 		35.5393
v -18.213 		-43.1005 		42.0175
v -17.9253 		-46.025 		35.5396
v -17.931 		-46.0204 		35.5431
v -14.1893 		-43.363 		42.0137
v -13.872 		-47.8497 		31.1808
v -13.953 		-45.2577 		37.2198
v -17.9378 		-46.0223 		35.5385
v -17.894 		-45.9094 		35.6465
v -13.787 		-45.7792 		35.5503
v -17.973 		-45.9243 		35.6104
v -13.9062 		-45.2389 		37.2651
v -18.321 		-45.0245 		37.1373
v -18.283 		-43.1383 		41.926
v -13.9836 		-43.3176 		41.9949
v -13.87 		-45.7471 		35.628
v -18.246 		-45.065 		37.0394
v -18.047 		-45.945 		35.5605
v -18.0164 		-45.9964 		35.5277
v -14.027 		-43.2455 		42.0776
v -13.872 		-45.221 		37.3627
v -14.0133 		-43.3273 		41.9989
v -13.832 		-45.2018 		37.3547
v -13.754 		-47.8102 		31.0575
v -13.872 		-45.2231 		37.3032
v -13.907 		-45.2184 		37.1213
v -13.962 		-45.7211 		35.6908
v -13.734 		-47.7719 		31.1499
v -13.8724 		-45.2198 		37.2572
v -13.832 		-45.1893 		37.1915
v -18.009 		-45.8238 		35.6597
v -13.872 		-45.2196 		37.2571
v -13.872 		-45.2214 		37.2816
v -13.768 		-45.1548 		37.2747
v -13.872 		-43.4939 		41.6891
v -13.842 		-43.4637 		41.7155
v -18.127 		-43.4346 		41.789
v -18.127 		-43.4311 		41.794
v -18.13 		-43.4334 		41.7885
v -13.872 		-43.4824 		41.7108
v -18.127 		-43.4357 		41.7874
v -13.87 		-43.4334 		41.7885
v -13.872 		-43.436 		41.786
v -13.953 		-47.9364 		30.7527
v -18.127 		-43.483 		41.7106
v -18.127 		-43.4736 		41.726
v -18.158 		-43.4637 		41.7155
v -17.931 		-47.9772 		30.8226
v -17.9364 		-47.9759 		30.822
v -18.127 		-43.5078 		41.6641
v -17.931 		-47.9774 		30.8184
v -14.082 		-45.8066 		35.7013
v -13.872 		-43.4349 		41.7878
v -13.9062 		-47.9177 		30.7979
v -18.213 		-43.3557 		41.8115
v -17.9293 		-47.9776 		30.8228
v -13.872 		-43.4319 		41.7922
v -17.8698 		-47.9878 		30.827
v -18.127 		-43.3911 		41.844
v -13.734 		-43.4307 		41.6304
v -17.865 		-47.9897 		30.7888
v -18.059 		-45.1274 		36.8888
v -13.787 		-45.1333 		37.1099
v -18.246 		-43.3925 		41.7228
v -13.872 		-47.8983 		30.9324
v -13.754 		-43.3925 		41.7228
v -13.872 		-47.8998 		30.8955
v -13.832 		-47.8806 		30.8876
v -13.872 		-47.9019 		30.8361
v -17.8552 		-47.9903 		30.828
v -17.952 		-45.1477 		36.8398
v -13.787 		-43.3557 		41.8115
v -18.0948 		-45.9641 		35.5143
v -13.872 		-47.8944 		30.9709
v -13.787 		-47.8469 		30.9689
v -18.0171 		-47.9494 		30.8111
v -17.84 		-45.1603 		36.8093
v -18.266 		-43.4307 		41.6304
v -18.127 		-45.979 		35.4784
v -17.9866 		-47.9593 		30.8152
v -18.093 		-45.8475 		35.6024
v -13.8724 		-47.8986 		30.79
v -13.832 		-47.8681 		30.7243
v -18.072 		-45.0511 		36.8247
v -18.1268 		-45.946 		35.5068
v -17.961 		-45.0726 		36.773
v -18.168 		-45.8766 		35.5322
v -18.283 		-43.2709 		41.8229
v -18.321 		-43.3126 		41.7222
v -13.872 		-47.8984 		30.7899
v -18.047 		-47.9364 		30.7527
v -13.872 		-47.9002 		30.8144
v -18.127 		-45.9459 		35.5068
v -13.768 		-47.8336 		30.8075
v -18.047 		-47.9372 		30.806
v -18.232 		-45.911 		35.4491
v -18.127 		-45.9635 		35.4916
v -17.964 		-44.9868 		36.7266
v -14.205 		-45.3185 		37.2375
v -14.2123 		-45.3186 		37.2981
v -18.158 		-45.0995 		36.9562
v -18.13 		-45.7471 		35.628
v -14.1651 		-45.3136 		37.296
v -18.266 		-44.9865 		36.9809
v -14.135 		-45.3109 		37.2559
v -18.213 		-47.8469 		30.9689
v -18.175 		-45.0224 		36.894
v -18.213 		-45.7792 		35.5503
v -13.754 		-43.0024 		42.0191
v -14.1448 		-45.3115 		37.2952
v -18.168 		-47.8806 		30.8876
v -14.0707 		-45.2988 		37.2899
v -14.0736 		-45.2993 		37.2901
v -14.069 		-45.2986 		37.2855
v -17.84 		-42.9071 		42.2491
v -13.842 		-42.9679 		42.1022
v -14.0636 		-45.2971 		37.2892
v -18.127 		-47.8988 		30.9336
v -14.178 		-45.7958 		35.7272
v -18.283 		-45.8171 		35.4589
v -13.941 		-42.94 		42.1697
v -17.952 		-42.9197 		42.2187
v -18.127 		-47.9024 		30.8348
v -14.106 		-45.2932 		37.1339
v -14.027 		-45.2783 		37.1699
v -18.0938 		-47.9177 		30.7979
v -18.059 		-42.94 		42.1697
v -18.283 		-47.795 		30.9008
v -13.734 		-42.9054 		42.0049
v -14.062 		-45.7019 		35.737
v -17.844 		-42.8067 		42.2433
v -13.825 		-42.8695 		42.0918
v -18.232 		-47.8336 		30.8075
v -13.9829 		-45.2706 		37.2782
v -17.961 		-42.8193 		42.2128
v -18.168 		-47.8681 		30.7243
v -18.127 		-47.8991 		30.7911
v -14.168 		-45.6905 		35.7647
v -13.928 		-42.8408 		42.161
v -18.072 		-42.8408 		42.161
v -14.2123 		-47.9973 		30.8309
v -14.205 		-47.9973 		30.7703
v -18.1095 		-47.9087 		30.7942
v -18.127 		-47.8989 		30.7902
v -18.273 		-44.8999 		36.9363
v -13.727 		-42.8127 		41.9752
v -14.1651 		-47.9924 		30.8289
v -14.135 		-47.9897 		30.7888
v -17.846 		-42.7125 		42.2172
v -18.18 		-44.9363 		36.8486
v -14.1448 		-47.9903 		30.828
v -13.82 		-42.7764 		42.0629
v -14.0707 		-47.9776 		30.8228
v -14.0736 		-47.9781 		30.823
v -14.069 		-47.9774 		30.8184
v -14.0636 		-47.9759 		30.822
v -18.076 		-44.9657 		36.7774
v -17.964 		-42.7259 		42.1849
v -13.924 		-42.7469 		42.1341
v -14.069 		-46.0239 		35.5391
v -14.0622 		-46.0223 		35.5385
v -14.069 		-46.0204 		35.5431
v -17.84 		-45.5859 		35.782
v -14.0711 		-46.0244 		35.5393
v -18.283 		-47.7742 		30.7342
v -14.135 		-46.0081 		35.5726
v -14.1301 		-46.0345 		35.5435
v -17.952 		-45.5985 		35.7515
v -13.9829 		-47.9494 		30.8111
v -14.145 		-46.0371 		35.5446
v -14.2124 		-46.0441 		35.5475
v -14.205 		-46.0005 		35.5911
v -18.059 		-45.6188 		35.7025
v -14.1893 		-46.0418 		35.5465
v -18.158 		-42.9679 		42.1022
v -14.048 		-42.9197 		42.2187
v -17.844 		-45.4855 		35.7761
v -18.246 		-43.0024 		42.0191
v -14.16 		-42.9071 		42.2491
v -18.328 		-44.5202 		36.8627
v -18.273 		-44.5498 		36.7913
v -17.961 		-45.4981 		35.7456
v -18.18 		-44.5861 		36.7035
v -13.9836 		-45.9964 		35.5277
v -18.127 		-44.6011 		36.6673
v -18.076 		-44.6156 		36.6324
v -17.964 		-44.6366 		36.5816
v -14.027 		-45.9243 		35.6104
v -14.0133 		-46.0061 		35.5318
v -13.907 		-47.8972 		30.6541
v -17.9438 		-44.6389 		36.576
v -18.072 		-45.5195 		35.6939
v -18.127 		-44.4832 		36.9521
v -18.175 		-42.8695 		42.0918
v -17.973 		-47.9571 		30.7028
v -18.4 		-43.774 		40.53
v -18.4 		-44.237 		39.4121
v -14.106 		-45.9094 		35.6465
v -13.962 		-47.8702 		30.5023
v -17.894 		-47.972 		30.6667
v -14.19 		-45.9002 		35.6686
v -18.266 		-42.9054 		42.0049
v -17.846 		-45.3913 		35.7501
v -18.352 		-44.2695 		39.4121
v -13.87 		-47.8442 		30.5651
v -18.4 		-43.738 		40.5301
v -18.4 		-43.7739 		40.4432
v -18.4 		-44.201 		39.4122
v -18.4 		-44.237 		39.3253
v -14.039 		-42.8193 		42.2128
v -18.3748 		-43.774 		40.53
v -18.009 		-47.9209 		30.5969
v -17.964 		-45.4047 		35.7177
v -14.19 		-45.3024 		37.1117
v -18.3748 		-44.237 		39.4121
v -18.076 		-42.7469 		42.1341
v -18.415 		-44.4659 		38.7211
v -17.918 		-47.9381 		30.5553
v -14.156 		-42.8067 		42.2433
v -13.991 		-45.8238 		35.6597
v -18.18 		-42.7764 		42.0629
v -14.178 		-45.27 		36.9966
v -13.787 		-47.8121 		30.6427
v -18.273 		-42.8127 		41.9752
v -14.082 		-45.2593 		37.0224
v -18.4 		-44.6618 		38.3866
v -14.036 		-42.7259 		42.1849
v -14.154 		-42.7125 		42.2172
v -18.4 		-44.6258 		38.3867
v -18.4 		-44.6618 		38.2998
v -18.3748 		-44.6618 		38.3866
v -18.158 		-45.6467 		35.6351
v -13.991 		-45.2421 		37.064
v -18.246 		-45.6812 		35.5519
v -18.344 		-45.0305 		37.5749
v -14.19 		-47.9812 		30.6446
v -18.352 		-44.9853 		37.6839
v -13.679 		-45.7217 		35.454
v -14.168 		-45.2221 		36.8955
v -17.822 		-47.9488 		30.5294
v -14.106 		-47.972 		30.6667
v -18.321 		-43.0429 		41.9212
v -14.027 		-47.9571 		30.7028
v -18.407 		-44.9584 		37.5321
v -13.656 		-45.6263 		35.4361
v -18.038 		-47.8702 		30.5023
v -18.321 		-45.7217 		35.454
v -18.415 		-44.9086 		37.6522
v -14.062 		-45.2106 		36.9232
v -18.382 		-45.0066 		37.4157
v -17.938 		-47.8894 		30.4561
v -18.34 		-45.0529 		37.3039
v -18.175 		-45.5482 		35.6246
v -13.962 		-45.1914 		36.9694
v -17.832 		-47.9008 		30.4284
v -13.648 		-45.534 		35.4055
v -14.178 		-47.9488 		30.5294
v -13.87 		-45.1654 		37.0322
v -18.266 		-45.5842 		35.5378
v -18.127 		-43.0994 		41.5549
v -13.618 		-43.0881 		41.8121
v -13.754 		-45.6812 		35.5519
v -13.679 		-43.0429 		41.9212
v -13.842 		-45.6467 		35.6351
v -18.076 		-45.4257 		35.6669
v -18.462 		-44.8255 		37.6177
v -18.453 		-44.8783 		37.4902
v -18.18 		-45.4552 		35.5958
v -13.593 		-42.9946 		41.7896
v -18.127 		-43.521 		41.6393
v -18.175 		-43.4954 		41.6388
v -13.941 		-45.6188 		35.7025
v -13.656 		-42.9475 		41.9033
v -18.093 		-47.8972 		30.6541
v -18.18 		-43.5283 		41.5594
v -18.127 		-43.5391 		41.5989
v -18.426 		-44.9303 		37.3646
v -18.273 		-45.4915 		35.508
v -18.213 		-47.8121 		30.6427
v -13.734 		-45.5842 		35.5378
v -18.127 		-43.5524 		41.5693
v -13.825 		-45.5482 		35.6246
v -13.679 		-45.0245 		37.1373
v -18.13 		-47.8442 		30.5651
v -18.273 		-43.4701 		41.5353
v -13.585 		-42.9027 		41.7581
v -13.618 		-44.9793 		37.2463
v -18.481 		-44.7928 		37.4483
v -13.928 		-45.5195 		35.6939
v -13.648 		-42.8552 		41.8726
v -13.656 		-44.9444 		37.0825
v -18.49 		-44.7377 		37.5814
v -18.453 		-44.8464 		37.319
v -18.127 		-43.3492 		41.5555
v -13.593 		-44.8973 		37.1961
v -14.082 		-47.9381 		30.5553
v -13.727 		-45.4915 		35.508
v -13.991 		-47.9209 		30.5969
v -13.648 		-44.8574 		37.0389
v -18.321 		-47.7033 		30.6702
v -13.547 		-43.1891 		41.5682
v -13.82 		-45.4552 		35.5958
v -18.49 		-44.704 		37.4094
v -13.574 		-43.1371 		41.6939
v -13.585 		-44.81 		37.1535
v -13.924 		-45.4257 		35.6669
v -18.462 		-44.7583 		37.2782
v -18.127 		-46.1134 		35.3218
v -18.127 		-46.1099 		35.3269
v -18.13 		-46.1122 		35.3213
v -18.127 		-47.3403 		30.9192
v -18.127 		-47.0902 		30.9195
v -18.127 		-46.1145 		35.3203
v -13.519 		-43.0991 		41.5374
v -18.127 		-46.0462 		35.406
v -18.127 		-46.0205 		35.4338
v -18.168 		-46.0008 		35.4257
v -14.168 		-47.9008 		30.4284
v -18.213 		-46.0345 		35.3444
v -13.547 		-43.0455 		41.6668
v -13.754 		-45.065 		37.0394
v -18.127 		-46.0699 		35.3769
v -14.062 		-47.8894 		30.4561
v -18.059 		-47.8062 		30.4216
v -18.246 		-46.0712 		35.2557
v -18.382 		-44.9793 		37.2463
v -17.952 		-47.8265 		30.3727
v -13.51 		-43.0087 		41.5022
v -14.048 		-45.5985 		35.7515
v -17.84 		-47.8391 		30.3422
v -13.941 		-45.1274 		36.8888
v -13.538 		-42.9543 		41.6333
v -18.283 		-45.9497 		35.3558
v -14.16 		-45.5859 		35.782
v -18.407 		-44.8973 		37.1961
v -13.842 		-45.0995 		36.9562
v -18.072 		-47.7299 		30.3576
v -18.321 		-45.9914 		35.2551
v -17.961 		-47.7513 		30.3058
v -14.039 		-45.4981 		35.7456
v -13.928 		-45.0511 		36.8247
v -14.156 		-45.4855 		35.7761
v -17.844 		-47.764 		30.2753
v -13.574 		-47.6091 		30.8974
v -18.344 		-44.9444 		37.0825
v -14.036 		-45.4047 		35.7177
v -13.547 		-47.5571 		31.0231
v -18.415 		-44.81 		37.1535
v -17.964 		-47.6656 		30.2595
v -13.825 		-45.0224 		36.894
v -18.352 		-44.8574 		37.0389
v -14.154 		-45.3913 		35.7501
v -18.127 		-43.3489 		40.5553
v -18.127 		-43.0992 		40.5547
v -13.547 		-47.5252 		30.8518
v -13.734 		-44.9865 		36.9809
v -13.519 		-47.4716 		30.9812
v -13.872 		-43.0994 		41.5549
v -18.127 		-46.1618 		35.2435
v -18.127 		-46.1524 		35.2589
v -17.724 		-42.3581 		42.0824
v -17.846 		-42.3623 		42.0722
v -18.158 		-46.1425 		35.2484
v -13.924 		-44.9657 		36.7774
v -17.964 		-42.3757 		42.0399
v -18.076 		-42.3968 		41.9891
v -13.6 		-43.3492 		41.5555
v -18.127 		-46.1997 		35.1722
v -18.175 		-46.1742 		35.1717
v -18.127 		-42.4112 		41.9542
v -13.538 		-47.4371 		30.811
v -18.127 		-46.1866 		35.197
v -18.49 		-44.3538 		37.2643
v -18.18 		-42.4262 		41.9179
v -18.462 		-44.4082 		37.1331
v -18.273 		-42.4626 		41.8301
v -13.648 		-43.4018 		41.5069
v -18.415 		-44.4598 		37.0084
v -18.328 		-42.4922 		41.7588
v -13.82 		-44.9363 		36.8486
v -18.352 		-44.5073 		36.8939
v -18.127 		-42.5296 		41.6685
v -18.18 		-46.2071 		35.0922
v -18.127 		-46.2179 		35.1317
v -13.51 		-47.3828 		30.9422
v -14.156 		-45.0852 		36.7425
v -18.127 		-43.0714 		40.3603
v -17.846 		-47.679 		30.2271
v -18.344 		-43.3566 		41.616
v -14.154 		-45.0002 		36.6943
v -18.127 		-46.2311 		35.1022
v -18.34 		-43.1808 		41.8235
v -13.727 		-44.8999 		36.9363
v -13.6 		-43.3492 		41.4687
v -13.6 		-43.3433 		41.4827
v -13.6 		-46.028 		35.0884
v -18.266 		-46.1095 		35.1633
v -18.382 		-43.2271 		41.7117
v -13.6048 		-43.3492 		41.4852
v -13.679 		-47.7033 		30.6702
v -13.585 		-43.4862 		41.0862
v -13.648 		-46.0806 		35.0398
v -13.585 		-43.3251 		41.4752
v -18.273 		-46.1489 		35.0681
v -13.618 		-47.6581 		30.7792
v -14.232 		-44.6527 		36.5428
v -14.154 		-44.65 		36.5493
v -13.6178 		-43.3323 		41.5555
v -13.6293 		-43.3492 		41.5555
v -14.0562 		-44.6389 		36.576
v -13.6251 		-43.3492 		41.5437
v -13.656 		-46.0354 		35.1488
v -14.276 		-45.0898 		36.7314
v -13.656 		-47.6232 		30.6153
v -18.407 		-43.2753 		41.5953
v -18.246 		-47.7438 		30.5722
v -13.6 		-43.3061 		41.5554
v -18.158 		-47.7783 		30.4891
v -13.593 		-47.5761 		30.729
v -14.276 		-45.0044 		36.6841
v -13.679 		-45.9914 		35.2551
v -18.127 		-46.028 		35.0884
v -18.266 		-47.6652 		30.5137
v -14.276 		-44.6542 		36.5391
v -13.717 		-45.9497 		35.3558
v -17.844 		-45.0852 		36.7425
v -18.175 		-47.7012 		30.4269
v -17.724 		-45.0898 		36.7314
v -13.82 		-43.5283 		41.5594
v -13.872 		-43.5519 		41.5691
v -13.825 		-43.4954 		41.6388
v -13.872 		-43.5204 		41.6393
v -13.648 		-47.5362 		30.5717
v -18.127 		-45.7782 		35.0877
v -13.872 		-43.5334 		41.6104
v -13.6 		-46.0279 		35.0016
v -13.6 		-46.0221 		35.0156
v -13.585 		-47.4888 		30.6863
v -13.6048 		-46.0279 		35.018
v -13.585 		-46.0039 		35.008
v -17.846 		-45.0411 		35.605
v -17.964 		-45.0545 		35.5727
v -17.846 		-45.0002 		36.6943
v -18.076 		-45.0756 		35.5219
v -14.16 		-45.1603 		36.8093
v -18.273 		-47.5787 		30.4692
v -18.127 		-45.09 		35.487
v -13.6178 		-46.0111 		35.0883
v -13.6293 		-46.028 		35.0884
v -13.727 		-43.4701 		41.5353
v -18.18 		-45.105 		35.4508
v -13.6251 		-46.028 		35.0765
v -18.382 		-43.0881 		41.8121
v -18.273 		-45.1414 		35.363
v -13.593 		-45.9541 		35.1281
v -17.724 		-45.0044 		36.6841
v -18.328 		-45.171 		35.2916
v -18.127 		-45.2084 		35.2013
v -18.18 		-47.615 		30.3814
v -18.344 		-42.9475 		41.9033
v -13.6 		-45.9849 		35.0883
v -17.846 		-44.65 		36.5493
v -17.724 		-44.6542 		36.5391
v -18.076 		-47.6445 		30.3103
v -18.5 		-45.0369 		35.6152
v -18.407 		-42.9946 		41.7896
v -18.127 		-45.7779 		34.0875
v -18.127 		-46.0277 		34.0881
v -13.872 		-47.0902 		30.9195
v -13.872 		-47.3403 		30.9192
v -14.048 		-45.1477 		36.8398
v -13.618 		-45.9059 		35.2445
v -13.66 		-45.8596 		35.3563
v -18.127 		-46.4527 		34.0629
v -18.127 		-46.2026 		34.0631
v -18.127 		-46.2023 		33.0629
v -18.127 		-46.4525 		33.0626
v -13.7619 		-45.0369 		35.6152
v -14.039 		-45.0726 		36.773
v -13.51 		-45.3373 		34.89
v -18.352 		-42.8552 		41.8726
v -13.538 		-45.283 		35.0212
v -13.585 		-45.2313 		35.1459
v -13.648 		-45.1839 		35.2604
v -13.727 		-45.1414 		35.363
v -13.82 		-45.105 		35.4508
v -13.924 		-45.0756 		35.5219
v -13.872 		-45.0903 		35.4863
v -14.036 		-45.0545 		35.5727
v -18.415 		-42.9027 		41.7581
v -14.154 		-45.0411 		35.605
v -13.872 		-45.2084 		35.2013
v -14.036 		-44.9868 		36.7266
v -13.941 		-47.8062 		30.4216
v -18.328 		-47.199 		30.3955
v -18.273 		-47.2285 		30.3241
v -18.18 		-47.2649 		30.2364
v -13.872 		-46.0941 		33.063
v -18.127 		-47.2799 		30.2001
v -18.076 		-47.2944 		30.1652
v -13.842 		-47.7783 		30.4891
v -17.964 		-47.3154 		30.1144
v -17.846 		-47.3288 		30.0821
v -18.426 		-43.1371 		41.6939
v -18.127 		-47.162 		30.4849
v -13.754 		-47.7438 		30.5722
v -18.453 		-43.1891 		41.5682
v -13.872 		-43.3492 		41.5555
v -18.352 		-47.6641 		31.2168
v -18.4 		-46.9158 		32.945
v -13.87 		-46.1122 		35.3213
v -13.872 		-46.1148 		35.3188
v -18.4 		-47.3406 		31.9195
v -18.453 		-43.0455 		41.6668
v -13.872 		-46.1137 		35.3206
v -18.344 		-45.6263 		35.4361
v -18.481 		-43.0991 		41.5374
v -13.872 		-46.1107 		35.325
v -13.754 		-46.0712 		35.2557
v -13.787 		-46.0345 		35.3444
v -14.036 		-44.6366 		36.5816
v -13.928 		-47.7299 		30.3576
v -13.832 		-46.0008 		35.4257
v -18.352 		-45.534 		35.4055
v -13.538 		-43.2419 		41.4407
v -13.825 		-47.7012 		30.4269
v -18.415 		-47.5874 		31.185
v -18.462 		-42.9543 		41.6333
v -18.352 		-45.1839 		35.2604
v -18.4 		-46.8798 		32.945
v -18.4 		-46.9158 		32.8582
v -18.415 		-45.2313 		35.1459
v -18.4 		-47.3046 		31.9195
v -18.4 		-47.3405 		31.8327
v -13.51 		-43.1542 		41.4044
v -13.872 		-46.0451 		35.4065
v -18.462 		-45.283 		35.0212
v -18.3748 		-46.9158 		32.945
v -18.49 		-45.3373 		34.89
v -18.49 		-43.0087 		41.5022
v -18.3748 		-47.3406 		31.9195
v -13.5 		-43.0646 		41.3673
v -13.734 		-47.6652 		30.5137
v -13.924 		-44.6156 		36.6324
v -13.872 		-44.6008 		36.668
v -13.82 		-44.5861 		36.7035
v -13.727 		-44.5498 		36.7913
v -14.154 		-47.3288 		30.0821
v -14.232 		-47.3315 		30.0756
v -13.648 		-44.5073 		36.8939
v -14.036 		-47.3154 		30.1144
v -13.585 		-44.4598 		37.0084
v -13.924 		-47.2944 		30.1652
v -13.538 		-44.4082 		37.1331
v -13.924 		-47.6445 		30.3103
v -13.51 		-44.3538 		37.2643
v -18.462 		-47.5043 		31.1506
v -13.5 		-44.2979 		37.3992
v -13.82 		-47.2649 		30.2364
v -13.872 		-47.2796 		30.2008
v -13.872 		-44.4832 		36.9521
v -13.727 		-47.2285 		30.3241
v -13.648 		-47.1861 		30.4267
v -18.4 		-46.028 		35.0884
v -13.82 		-47.615 		30.3814
v -13.585 		-47.1386 		30.5413
v -13.538 		-47.0869 		30.666
v -13.51 		-47.0326 		30.7972
v -18.344 		-46.0354 		35.1488
v -13.872 		-47.162 		30.4849
v -13.727 		-47.5787 		30.4692
v -18.127 		-43.774 		40.53
v -18.49 		-47.4165 		31.1142
v -18.127 		-43.5238 		40.5303
v -18.127 		-43.5236 		39.5301
v -18.127 		-43.7737 		39.5298
v -13.872 		-43.0992 		40.5547
v -13.872 		-43.3489 		40.5553
v -18.352 		-46.0806 		35.0398
v -18.127 		-44.237 		39.4121
v -18.127 		-43.9869 		39.4124
v -13.872 		-46.2307 		35.102
v -13.82 		-46.2071 		35.0922
v -13.825 		-46.1742 		35.1717
v -13.872 		-46.1992 		35.1721
v -18.127 		-46.5571 		31.9451
v -13.872 		-46.2122 		35.1432
v -13.5 		-42.7144 		41.2222
v -13.51 		-42.6585 		41.3571
v -14.16 		-47.8391 		30.3422
v -13.538 		-42.6042 		41.4883
v -18.4976 		-46.9901 		30.8997
v -13.585 		-42.5525 		41.613
v -13.842 		-46.1425 		35.2484
v -18.344 		-47.7093 		31.1078
v -13.872 		-46.1726 		35.222
v -13.648 		-42.5051 		41.7276
v -18.34 		-45.8596 		35.3563
v -13.727 		-42.4626 		41.8301
v -13.82 		-42.4262 		41.9179
v -18.407 		-47.6372 		31.0649
v -14.048 		-47.8265 		30.3727
v -13.872 		-42.4115 		41.9535
v -13.924 		-42.3968 		41.9891
v -13.872 		-46.1611 		35.2436
v -18.382 		-47.6854 		30.9485
v -14.036 		-42.3757 		42.0399
v -18.382 		-45.9059 		35.2445
v -14.154 		-42.3623 		42.0722
v -18.49 		-47.0326 		30.7972
v -14.232 		-42.3596 		42.0787
v -18.462 		-47.0869 		30.666
v -18.34 		-47.7317 		30.8367
v -13.872 		-42.5296 		41.6685
v -18.415 		-47.1386 		30.5413
v -18.352 		-47.1861 		30.4267
v -14.156 		-47.764 		30.2753
v -18.4 		-43.3492 		41.5555
v -13.727 		-46.1489 		35.0681
v -14.276 		-45.321 		37.2991
v -14.276 		-45.3212 		37.231
v -14.039 		-47.7513 		30.3058
v -14.276 		-43.2183 		42.1432
v -14.239 		-45.3197 		37.2985
v -13.734 		-46.1095 		35.1633
v -18.352 		-43.4018 		41.5069
v -14.276 		-45.3055 		37.1043
v -14.276 		-43.1136 		42.2026
v -14.276 		-42.3581 		42.0824
v -14.276 		-45.2735 		36.9883
v -14.276 		-43.0075 		42.242
v -18.4 		-43.3059 		41.5554
v -18.4 		-43.3318 		41.5049
v -18.4 		-43.3433 		41.4827
v -18.3704 		-43.3492 		41.5555
v -18.3745 		-43.3431 		41.5555
v -18.453 		-47.5571 		31.0231
v -18.407 		-45.9541 		35.1281
v -14.276 		-45.2263 		36.8854
v -18.3952 		-43.3492 		41.4852
v -18.415 		-43.3251 		41.4752
v -18.426 		-47.6091 		30.8974
v -14.2489 		-43.3667 		42.0152
v -14.276 		-43.319 		42.0647
v -14.154 		-47.679 		30.2271
v -18.4 		-43.3492 		41.4687
v -13.872 		-46.028 		35.0884
v -14.276 		-45.1642 		36.8001
v -14.036 		-47.6656 		30.2595
v -18.481 		-47.4716 		30.9812
v -18.462 		-43.2419 		41.4407
v -18.4 		-45.9847 		35.0883
v -18.4 		-46.0105 		35.0378
v -18.4 		-46.0221 		35.0156
v -18.3704 		-46.028 		35.0884
v -18.3745 		-46.0219 		35.0883
v -18.3952 		-46.0279 		35.018
v -18.49 		-43.1542 		41.4044
v -18.415 		-46.0039 		35.008
v -18.453 		-47.5252 		30.8518
v -18.352 		-42.5051 		41.7276
v -13.574 		-45.8159 		35.2267
v -14.276 		-43.3678 		42.0157
v -18.415 		-42.5525 		41.613
v -18.462 		-42.6042 		41.4883
v -18.49 		-42.6585 		41.3571
v -13.618 		-45.7669 		35.345
v -13.872 		-43.4638 		39.413
v -18.4 		-46.0279 		35.0016
v -13.547 		-45.7243 		35.1996
v -18.415 		-46.0333 		34.9369
v -13.593 		-45.6734 		35.3225
v -13.6 		-43.774 		40.53
v -14.276 		-42.9033 		42.2584
v -13.6 		-44.237 		39.4121
v -13.648 		-44.2695 		39.4121
v -13.538 		-45.6331 		35.1662
v -18.49 		-47.3828 		30.9422
v -14.276 		-42.8021 		42.2544
v -18.127 		-43.9866 		38.4122
v -18.127 		-44.2368 		38.4119
v -13.6 		-43.7739 		40.4432
v -13.6 		-43.738 		40.5301
v -13.6 		-44.237 		39.3253
v -13.6 		-44.201 		39.4122
v -13.6252 		-43.774 		40.53
v -18.462 		-47.4371 		30.811
v -14.276 		-42.7083 		42.2274
v -13.585 		-45.5815 		35.2909
v -18.127 		-44.6618 		38.3866
v -18.127 		-44.4116 		38.3869
v -13.6252 		-44.237 		39.4121
v -13.585 		-44.4659 		38.7211
v -18.127 		-43.8783 		38.4123
v -13.538 		-45.9207 		34.9736
v -18.382 		-45.7669 		35.345
v -13.547 		-45.8679 		35.1011
v -18.382 		-47.6581 		30.7792
v -13.872 		-43.774 		40.53
v -13.872 		-43.5238 		40.5303
v -18.426 		-45.8159 		35.2267
v -13.872 		-43.5236 		39.5301
v -13.872 		-43.7737 		39.5298
v -18.407 		-47.5761 		30.729
v -13.872 		-44.237 		39.4121
v -13.872 		-43.9869 		39.4124
v -13.51 		-45.833 		34.9372
v -13.519 		-45.7778 		35.0703
v -18.407 		-45.6734 		35.3225
v -14.276 		-47.9998 		30.832
v -14.276 		-48 		30.7638
v -18.344 		-47.6232 		30.6153
v -14.239 		-47.9984 		30.8314
v -18.453 		-45.7243 		35.1996
v -18.415 		-47.4888 		30.6863
v -18.415 		-45.5815 		35.2909
v -13.51 		-45.6875 		35.035
v -14.276 		-47.9843 		30.6372
v -18.462 		-45.6331 		35.1662
v -13.6 		-44.6618 		38.3866
v -13.648 		-44.6943 		38.3866
v -18.352 		-47.5362 		30.5717
v -14.276 		-47.9523 		30.5211
v -13.6 		-44.6618 		38.2998
v -13.6 		-44.6258 		38.3867
v -13.6252 		-44.6618 		38.3866
v -14.276 		-47.905 		30.4182
v -13.872 		-45.7782 		35.0877
v -18.453 		-45.8679 		35.1011
v -18.175 		-45.1448 		37.6569
v -18.127 		-45.1632 		37.6746
v -18.127 		-45.1517 		37.7049
v -18.462 		-45.9207 		34.9736
v -13.872 		-43.9866 		38.4122
v -13.872 		-44.2368 		38.4119
v -18.127 		-45.1359 		37.7463
v -18.18 		-45.1119 		37.7364
v -18.481 		-45.7778 		35.0703
v -13.872 		-44.6618 		38.3866
v -13.872 		-44.4116 		38.3869
v -14.276 		-47.8429 		30.3329
v -14.276 		-47.7686 		30.2643
v -18.49 		-45.833 		34.9372
v -18.273 		-45.0537 		37.7123
v -18.266 		-45.0931 		37.6171
v -18.49 		-45.6875 		35.035
v -13.717 		-45.1162 		37.368
v -13.679 		-45.0745 		37.4687
v -13.6 		-46.4527 		34.0629
v -17.724 		-43.2183 		42.1432
v -13.648 		-46.4852 		34.0628
v -13.656 		-45.0305 		37.5749
v -17.81 		-43.2214 		42.1358
v -13.6 		-46.4527 		33.9761
v -13.6 		-46.4167 		34.0629
v -13.648 		-44.9853 		37.6839
v -13.6252 		-46.4527 		34.0629
v -17.724 		-43.1136 		42.2026
v -17.724 		-42.7083 		42.2274
v -13.66 		-45.0529 		37.3039
v -18.158 		-45.1766 		37.5802
v -13.907 		-43.1687 		42.0696
v -18.127 		-45.1793 		37.6216
v -18.4 		-46.4527 		34.0629
v -17.724 		-43.0075 		42.242
v -18.127 		-45.1868 		37.5973
v -18.352 		-46.4852 		34.0628
v -13.618 		-45.0066 		37.4157
v -13.872 		-45.7779 		34.0875
v -13.872 		-46.0277 		34.0881
v -18.13 		-45.2068 		37.5072
v -13.87 		-43.0683 		42.0951
v -18.4 		-46.4167 		34.0629
v -18.127 		-45.2069 		37.5126
v -18.4 		-46.4527 		33.9761
v -18.3748 		-46.4527 		34.0629
v -13.872 		-46.4527 		34.0629
v -13.872 		-46.2026 		34.0631
v -13.872 		-46.2023 		33.0629
v -13.872 		-46.4525 		33.0626
v -13.962 		-43.0423 		42.1579
v -13.593 		-44.9584 		37.5321
v -18.127 		-45.2076 		37.5096
v -18.127 		-45.2091 		37.5017
v -18.246 		-45.1314 		37.5247
v -17.724 		-43.3678 		42.0157
v -17.724 		-43.319 		42.0647
v -17.795 		-43.3217 		42.0583
v -17.7876 		-43.3653 		42.0147
v -18.213 		-45.1681 		37.436
v -17.7604 		-43.3665 		42.0151
v -14.2489 		-46.0455 		35.5481
v -14.276 		-45.9978 		35.5976
v -13.6 		-46.9158 		32.945
v -14.276 		-46.0466 		35.5485
v -18.127 		-47.1248 		32.9447
v -14.276 		-45.8971 		35.676
v -14.106 		-43.2306 		42.1136
v -18.127 		-46.9158 		32.945
v -18.127 		-46.6656 		32.9453
v -18.127 		-45.22 		37.4007
v -18.127 		-46.6654 		31.945
v -14.19 		-43.2214 		42.1358
v -14.276 		-45.7924 		35.7355
v -13.991 		-43.145 		42.1269
v -18.321 		-45.0745 		37.4687
v -17.724 		-42.9033 		42.2584
v -14.082 		-43.1278 		42.1684
v -14.276 		-45.6862 		35.7748
v -18.283 		-45.1162 		37.368
v -17.724 		-42.8021 		42.2544
v -14.178 		-43.1171 		42.1943
v -14.276 		-45.5821 		35.7912
v -14.276 		-45.4809 		35.7872
v -14.062 		-43.0232 		42.2041
v -18.127 		-44.6615 		37.3864
v -18.127 		-44.4114 		37.3867
v -17.795 		-45.3185 		37.2375
v -17.7877 		-45.3186 		37.2981
v -17.8104 		-45.3162 		37.2971
v -17.7507 		-45.3199 		37.2987
v -17.724 		-45.3212 		37.231
v -17.724 		-45.321 		37.2991
v -17.81 		-45.3024 		37.1117
v -17.724 		-45.3055 		37.1043
v -17.724 		-45.2735 		36.9883
v -17.724 		-45.2263 		36.8854
v -17.724 		-45.1642 		36.8001
v -17.9364 		-45.2971 		37.2892
v -17.931 		-45.2986 		37.2855
# 1081 vertices

g group_19_2829873

usemtl color_2829873
s 0

f 1803 	1804 	1805
f 1806 	1803 	1805
f 1807 	1808 	1809
f 1807 	1809 	1810
f 1804 	1809 	1808
f 1804 	1808 	1805
f 1828 	1817 	1810
f 1807 	1810 	1817
f 1807 	1817 	2592
f 2590 	2518 	2592
f 1807 	2592 	2518
f 1807 	2518 	2426
f 1807 	1848 	1835
f 1835 	2719 	1807
f 1803 	2602 	1856
f 1866 	1810 	1856
f 2556 	1810 	1866
f 1803 	1856 	1810
f 1960 	1803 	1890
f 1959 	1803 	1960
f 2621 	1803 	1959
f 1803 	2616 	2615
f 2612 	2613 	1803
f 1806 	1890 	1803
f 1976 	1825 	2477
f 2459 	2477 	1825
f 2477 	2516 	1976
f 2494 	1976 	2516
f 2495 	2494 	2244
f 2244 	2240 	2495
f 2240 	2239 	2518
f 2518 	2497 	2240
f 1890 	1806 	2533
f 2533 	1806 	2535
f 2539 	2538 	2531
f 2531 	2460 	2542
f 2538 	2537 	2531
f 2541 	2531 	2540
f 2539 	2531 	2541
f 2540 	2531 	2542
f 2542 	2460 	2544
f 2544 	2459 	1819
f 1825 	1819 	2459
f 2516 	2515 	2494
f 2515 	2244 	2494
f 2500 	2518 	2504
f 2497 	2518 	2500
f 1855 	2551 	2639
f 2507 	2518 	2510
f 2582 	2510 	2518
f 2504 	2518 	2507
f 2590 	2585 	2518
f 2582 	2518 	2585
f 2545 	2511 	2551
f 2606 	2604 	1803
f 1803 	2601 	2602
f 2601 	1803 	2604
f 2606 	1803 	2613
f 2612 	1803 	2615
f 1803 	2619 	2616
f 2621 	2620 	1803
f 2619 	1803 	2620
f 2511 	2639 	2551
f 2558 	2623 	2639
f 2548 	1810 	2549
f 2549 	1810 	2550
f 2552 	1810 	2553
f 2550 	1810 	2552
f 2556 	2555 	1810
f 2553 	1810 	2555
f 1855 	2639 	2623
f 1828 	1810 	2645
f 2663 	2645 	1810
f 2663 	1810 	2665
f 2665 	1810 	2668
f 2669 	1810 	2548
f 2668 	1810 	2669
f 1806 	2641 	2611
f 1806 	2611 	2609
f 2536 	1806 	2607
f 2609 	2607 	1806
f 1806 	2536 	2535
f 2414 	2682 	1807
f 1806 	1807 	2682
f 1806 	2682 	2664
f 2664 	2662 	1806
f 2641 	1806 	2642
f 2642 	1806 	2644
f 2644 	1806 	2646
f 2650 	1806 	2652
f 2646 	1806 	2650
f 2657 	2656 	1806
f 2652 	1806 	2653
f 2653 	1806 	2656
f 2657 	1806 	2660
f 2660 	1806 	2662
f 2414 	1807 	2415
f 2415 	1807 	2418
f 2418 	1807 	2419
f 2423 	1807 	2427
f 2419 	1807 	2423
f 2432 	2429 	1807
f 2429 	2427 	1807
f 2714 	2432 	1807
f 2714 	1807 	2717
f 2718 	2717 	1807
f 2718 	1807 	2719
f 2574 	2531 	2597
f 2537 	2603 	2531
f 2597 	2531 	2598
f 2600 	2531 	2603
f 2599 	2531 	2600
f 2607 	2605 	2536
f 2603 	2536 	2605
f 2435 	2440 	2667
f 2747 	2721 	2440
f 2721 	2667 	2440
f 2246 	2614 	2747
f 2233 	2518 	2234
f 2234 	2518 	2236
f 2238 	2518 	2239
f 2236 	2518 	2238
f 2721 	2747 	2614
f 1848 	1807 	2426
f 2233 	2434 	2518
f 2434 	2431 	2518
f 2536 	2603 	2537
f 2598 	2531 	2599
f 2459 	2544 	2460
f 2460 	2531 	2463
f 2463 	2531 	2574
f 2497 	2495 	2240
f 2518 	2431 	2428
f 2428 	2426 	2518
f 1808 	1806 	1805
f 1807 	1806 	1808
f 1804 	1810 	1809
f 1803 	1810 	1804
# 138 faces

g group_19_10988977

usemtl color_10988977
s 0

f 1812 	1814 	1815
f 1828 	1820 	1817
f 1814 	1863 	1815
f 1816 	1863 	1814
f 1822 	2849 	1818
f 1813 	1818 	2849
f 1823 	2246 	1827
f 1829 	1823 	1830
f 1811 	1817 	1820
f 1837 	1840 	1839
f 1842 	1832 	1835
f 1848 	1842 	1835
f 1846 	2830 	1833
f 1839 	1840 	1906
f 1839 	1852 	1837
f 1850 	1837 	1852
f 1841 	1854 	1824
f 1838 	1834 	1855
f 1846 	1919 	1911
f 1845 	1859 	1857
f 1850 	2882 	2246
f 1851 	1861 	1856
f 1859 	1898 	1857
f 2883 	2882 	1852
f 1862 	1845 	1857
f 1862 	1857 	1864
f 1856 	1861 	1866
f 1865 	2883 	1852
f 1867 	1860 	1869
f 1870 	1860 	1867
f 1883 	1854 	1841
f 1870 	1869 	1860
f 1883 	1921 	1854
f 2461 	1871 	1847
f 1891 	1815 	1869
f 1867 	1869 	1815
f 1867 	1815 	1870
f 1863 	1870 	1815
f 1872 	1853 	1847
f 1873 	1862 	1864
f 1839 	1990 	1852
f 1863 	1885 	1869
f 1870 	1863 	1869
f 1847 	1871 	1872
f 2832 	2530 	2529
f 1891 	1935 	1815
f 1853 	1875 	1858
f 1874 	1831 	2811
f 2529 	2528 	2832
f 1841 	1831 	1877
f 1843 	1986 	2364
f 1852 	1995 	1865
f 1853 	1872 	1875
f 1876 	1857 	1902
f 1822 	1818 	2365
f 1852 	1990 	1995
f 1858 	1875 	1879
f 1857 	1880 	1864
f 1857 	1876 	1880
f 1874 	1877 	1831
f 1865 	1995 	1999
f 1877 	1883 	1841
f 1855 	2623 	1838
f 1838 	2522 	1878
f 1882 	1881 	1846
f 1919 	1846 	1881
f 2805 	2809 	1876
f 1882 	1846 	1878
f 1833 	1878 	1846
f 1876 	2809 	1880
f 1840 	1837 	2246
f 1837 	1850 	2246
f 1829 	2246 	1823
f 1851 	2795 	1861
f 1883 	2228 	1921
f 1862 	2024 	1845
f 2180 	2228 	1883
f 1886 	1887 	1888
f 1894 	1886 	1888
f 1897 	1903 	1899
f 1896 	1900 	1895
f 1898 	1901 	1902
f 2168 	2175 	1874
f 1891 	1869 	1885
f 1900 	2123 	1895
f 1874 	2175 	1877
f 1888 	1902 	1894
f 1901 	1894 	1902
f 2314 	1875 	1872
f 1892 	1899 	1903
f 1892 	1903 	1893
f 1904 	1896 	1895
f 1904 	1895 	1905
f 2180 	1883 	1877
f 1902 	1857 	1898
f 1872 	2357 	2314
f 1895 	1933 	1905
f 1887 	1913 	1909
f 1888 	1887 	1909
f 1915 	1904 	1905
f 1884 	1912 	1914
f 1884 	1914 	1889
f 1892 	1918 	1899
f 1919 	1910 	1911
f 1917 	1918 	1892
f 1907 	1909 	1913
f 1884 	1908 	1912
f 1888 	1909 	1922
f 1925 	1926 	1927
f 1916 	1854 	1921
f 1917 	1989 	1918
f 1914 	1912 	1926
f 1927 	1926 	1912
f 1921 	2055 	1916
f 1928 	2110 	1920
f 1920 	1929 	1928
f 1888 	1922 	1902
f 1885 	1863 	1923
f 1900 	1896 	2558
f 1904 	2558 	1896
f 1915 	2558 	1904
f 1902 	1922 	1876
f 2228 	2231 	1921
f 2231 	2055 	1921
f 1895 	1930 	1933
f 1881 	2523 	1919
f 1932 	1936 	1934
f 1931 	2008 	1924
f 1937 	2841 	1938
f 1839 	1906 	1927
f 1925 	1927 	1906
f 1938 	2841 	1824
f 1927 	1990 	1839
f 1940 	1937 	1938
f 1942 	1943 	1944
f 1938 	1944 	1943
f 1938 	1943 	1940
f 1944 	1948 	1942
f 1949 	1946 	1947
f 1920 	1949 	1947
f 2293 	1951 	1930
f 1920 	1947 	1929
f 1953 	1938 	1824
f 1930 	1951 	1933
f 1908 	1952 	1912
f 1949 	1920 	1939
f 1938 	1953 	1944
f 2043 	2511 	1897
f 1903 	1897 	2511
f 1945 	1952 	1908
f 1956 	1948 	1955
f 1950 	1890 	1868
f 1949 	2815 	1946
f 1944 	1955 	1948
f 2042 	2046 	2523
f 1950 	1960 	1890
f 1953 	1955 	1944
f 1901 	2024 	1894
f 1886 	2024 	1887
f 1894 	2024 	1886
f 1913 	1887 	2024
f 1898 	2024 	1901
f 1859 	2024 	1898
f 1882 	1878 	2522
f 1974 	1956 	1955
f 2667 	1947 	1946
f 1958 	2667 	1946
f 1927 	2013 	1990
f 1854 	1953 	1824
f 2383 	1966 	1964
f 1976 	1961 	1825
f 1854 	1916 	1953
f 1958 	2815 	1936
f 1953 	1916 	1955
f 1858 	1879 	1939
f 2441 	2556 	1861
f 1945 	2070 	1952
f 1969 	2002 	1891
f 1967 	2867 	1972
f 1949 	1939 	1971
f 2340 	1973 	1962
f 1969 	1891 	1885
f 1943 	2435 	1940
f 1956 	2435 	1948
f 1942 	1948 	2435
f 1976 	1972 	1961
f 2154 	1952 	2070
f 1979 	1980 	1981
f 1840 	2246 	1906
f 1939 	1879 	1971
f 1980 	1984 	1981
f 2043 	2052 	2511
f 1983 	1986 	1982
f 1962 	1975 	1968
f 1971 	2825 	1949
f 2836 	2837 	2869
f 1926 	2869 	1914
f 1973 	1975 	1962
f 1986 	1843 	1844
f 1844 	1982 	1986
f 1987 	1955 	1991
f 1968 	1975 	1988
f 1982 	1992 	1993
f 1982 	1993 	1983
f 1963 	1985 	1994
f 1974 	1955 	1987
f 1968 	1988 	1970
f 1989 	1917 	1924
f 1998 	1993 	1992
f 1963 	1994 	1965
f 1879 	2162 	1971
f 1992 	2000 	2001
f 1992 	2001 	1998
f 1965 	1994 	2002
f 1991 	1955 	1916
f 1992 	1982 	2018
f 1991 	2003 	1987
f 1973 	1997 	2004
f 1952 	2005 	1912
f 2007 	2003 	2006
f 2003 	1991 	2006
f 2009 	2001 	2000
f 1927 	1912 	2005
f 1969 	1965 	2002
f 1973 	2004 	1975
f 2000 	2010 	2009
f 1989 	1924 	2008
f 1975 	2011 	1988
f 1844 	1849 	2014
f 1975 	2004 	2011
f 1989 	2012 	1996
f 2002 	1994 	2400
f 2005 	2013 	1927
f 2002 	1935 	1891
f 1981 	1984 	2006
f 2400 	1935 	2002
f 2014 	1982 	1844
f 2008 	2012 	1989
f 2607 	1997 	2358
f 1990 	2016 	1995
f 2012 	2017 	1996
f 2007 	2006 	1984
f 2607 	2609 	1997
f 2004 	1997 	2609
f 2014 	2018 	1982
f 2019 	2021 	2020
f 2609 	2011 	2004
f 1990 	2013 	2016
f 1995 	2016 	2022
f 1995 	2022 	1999
f 2028 	2026 	2027
f 2015 	2576 	2027
f 2023 	2614 	2024
f 2085 	2086 	2024
f 2458 	2397 	1985
f 1932 	2667 	1936
f 1958 	1936 	2667
f 1907 	1913 	2024
f 1994 	1985 	2397
f 1947 	2411 	1929
f 2029 	2030 	2031
f 1849 	2648 	2014
f 2005 	1952 	2154
f 2026 	2032 	2033
f 2008 	2221 	2012
f 1994 	2397 	2400
f 2028 	2032 	2026
f 2017 	2012 	2226
f 2018 	2648 	2035
f 2012 	2221 	2226
f 2036 	2029 	2031
f 2648 	2018 	2014
f 2037 	2038 	2040
f 2041 	2036 	2039
f 2031 	2039 	2036
f 2035 	2181 	2018
f 2031 	2030 	2073
f 2042 	2037 	2040
f 2043 	1897 	1899
f 2043 	1899 	2044
f 2045 	2046 	2047
f 2041 	2667 	2036
f 2048 	2041 	2039
f 2021 	2033 	2032
f 2021 	2032 	2020
f 2040 	2047 	2042
f 2046 	2042 	2047
f 2044 	2052 	2043
f 2054 	2056 	2057
f 2050 	2058 	2049
f 2053 	2059 	2051
f 2044 	2057 	2056
f 2044 	2056 	2052
f 2032 	2273 	2020
f 2058 	2048 	2049
f 2039 	2049 	2048
f 2057 	2061 	2054
f 2047 	2051 	2045
f 2059 	2045 	2051
f 2697 	2696 	2049
f 1991 	1916 	2055
f 1911 	1910 	2051
f 2053 	2051 	1910
f 2062 	1899 	1918
f 2044 	1899 	2062
f 2025 	2063 	2028
f 2062 	2064 	2044
f 2051 	1923 	1911
f 2696 	2667 	2050
f 2055 	2067 	1991
f 2053 	1910 	2523
f 2025 	1978 	2063
f 1934 	2068 	1932
f 2062 	2084 	2064
f 2063 	2069 	2028
f 2044 	2064 	2057
f 2066 	2070 	1945
f 2072 	2061 	2071
f 1907 	2074 	2076
f 1934 	2073 	2068
f 2075 	2068 	2073
f 2006 	1991 	2067
f 2057 	2071 	2061
f 2074 	2078 	2076
f 2029 	2667 	2030
f 2076 	1909 	1907
f 2064 	2071 	2057
f 2028 	2069 	2032
f 2077 	2047 	2040
f 2030 	2075 	2073
f 2126 	2072 	2071
f 2032 	2080 	2273
f 2067 	2445 	2006
f 2047 	2077 	2081
f 1965 	1969 	2077
f 2069 	2080 	2032
f 2051 	2047 	2081
f 2398 	2157 	2066
f 1918 	1989 	1996
f 2065 	2060 	2082
f 2083 	2082 	2060
f 1923 	2051 	2081
f 2066 	2157 	2070
f 1978 	2315 	2063
f 2157 	2160 	2070
f 1996 	2062 	1918
f 2128 	1965 	2077
f 2073 	2861 	2851
f 2060 	2079 	2083
f 2128 	1963 	1965
f 1996 	2084 	2062
f 2081 	2077 	1969
f 1987 	2435 	1974
f 1956 	1974 	2435
f 2003 	2435 	1987
f 1996 	2017 	2084
f 2082 	2083 	2085
f 2083 	2087 	2085
f 2086 	2085 	2087
f 1969 	1885 	2081
f 2075 	2030 	2667
f 2036 	2667 	2029
f 2058 	2667 	2048
f 2048 	2667 	2041
f 2007 	2313 	2003
f 1984 	1980 	2313
f 1980 	1979 	2313
f 1979 	2112 	2313
f 2112 	2091 	2313
f 2134 	2064 	2084
f 2081 	1885 	1923
f 2090 	2091 	2092
f 2093 	2088 	2089
f 2046 	2045 	2523
f 2059 	2053 	2523
f 2045 	2059 	2523
f 1910 	1919 	2523
f 1907 	2024 	2074
f 2094 	2090 	2092
f 2089 	2095 	2096
f 2089 	2096 	2093
f 2076 	2078 	2087
f 2098 	2099 	2100
f 2019 	2545 	2021
f 2086 	2087 	2078
f 2099 	2094 	2100
f 2092 	2100 	2094
f 2096 	2106 	2411
f 1986 	1983 	2364
f 1993 	1998 	2364
f 1993 	2364 	1983
f 2001 	2364 	1998
f 2010 	2171 	2364
f 2101 	2102 	2104
f 2106 	2096 	2095
f 2107 	2222 	2097
f 2109 	2101 	2104
f 2095 	2110 	2106
f 2091 	2112 	2108
f 2092 	2091 	2108
f 2104 	2114 	2109
f 2111 	2109 	2114
f 2112 	1979 	2108
f 1981 	2108 	1979
f 2108 	2117 	2092
f 2115 	2013 	2005
f 2118 	2120 	2121
f 2111 	2558 	2109
f 2120 	2122 	2121
f 2013 	2115 	2124
f 2123 	2111 	2114
f 2056 	2054 	2511
f 2072 	2511 	2061
f 2054 	2061 	2511
f 2052 	2056 	2511
f 2116 	2083 	2079
f 2108 	2142 	2117
f 2114 	1895 	2123
f 2040 	2038 	2128
f 2127 	2128 	2038
f 2089 	2125 	2095
f 2121 	2128 	2118
f 2127 	2118 	2128
f 2013 	2124 	2016
f 2138 	2511 	2126
f 2092 	2117 	2100
f 2077 	2040 	2128
f 2016 	2130 	2022
f 2117 	2131 	2100
f 2119 	2125 	2089
f 2144 	2248 	2129
f 2124 	2130 	2016
f 2125 	1920 	2095
f 2083 	2116 	2034
f 2064 	2134 	2071
f 2125 	1939 	1920
f 2336 	2034 	2116
f 2104 	2102 	2248
f 2133 	2248 	2102
f 2138 	2071 	2140
f 2115 	2139 	2124
f 2006 	2141 	1981
f 2136 	2135 	2097
f 2097 	2135 	2107
f 2104 	2253 	2114
f 2095 	1920 	2110
f 2006 	2445 	2141
f 2083 	2034 	2087
f 2137 	2139 	2115
f 2071 	2138 	2126
f 2141 	2108 	1981
f 2124 	2139 	2479
f 2114 	2253 	1895
f 2087 	2034 	2813
f 2113 	1847 	2119
f 1853 	2119 	1847
f 1853 	1858 	2119
f 2141 	2142 	2108
f 2133 	2102 	2558
f 2101 	2558 	2102
f 2109 	2558 	2101
f 2123 	2558 	2111
f 1900 	2558 	2123
f 2143 	2135 	2136
f 2140 	2071 	2134
f 2119 	1858 	2125
f 2140 	2146 	2138
f 2143 	2136 	2147
f 2145 	2143 	2147
f 2131 	2117 	2442
f 2142 	2442 	2117
f 2144 	2129 	2148
f 2150 	2146 	2149
f 2146 	2140 	2149
f 2148 	2179 	2144
f 1858 	1939 	2125
f 2151 	2139 	2137
f 2133 	2129 	2248
f 2085 	2614 	2082
f 2088 	2093 	2561
f 2093 	2096 	2561
f 2106 	2110 	2411
f 2110 	1928 	2411
f 1928 	1929 	2411
f 2074 	2024 	2078
f 2150 	2149 	2132
f 2122 	2145 	2147
f 2122 	2147 	2121
f 2121 	2147 	1963
f 2677 	2152 	2153
f 2155 	2084 	2017
f 2017 	2285 	2155
f 2115 	2005 	2154
f 2179 	2148 	2558
f 2129 	2133 	2558
f 2156 	2153 	2152
f 2156 	2152 	2158
f 2134 	2084 	2155
f 1992 	2159 	2000
f 2018 	2159 	1992
f 2121 	1963 	2128
f 2160 	2154 	2070
f 2163 	2156 	2158
f 2347 	2313 	2094
f 2090 	2313 	2091
f 2094 	2313 	2090
f 2099 	2347 	2094
f 2098 	2347 	2099
f 2103 	2347 	2098
f 2159 	2164 	2000
f 2165 	2166 	2167
f 2140 	2134 	2161
f 2166 	2163 	2158
f 2166 	2158 	2167
f 2159 	2186 	2164
f 2155 	2161 	2134
f 2170 	2165 	2167
f 2161 	2173 	2140
f 2171 	2010 	2164
f 2000 	2164 	2010
f 2136 	2276 	1977
f 2164 	2176 	2171
f 2161 	2300 	2173
f 2287 	2300 	2161
f 2152 	2177 	2158
f 2140 	2173 	2149
f 2190 	2197 	2364
f 2158 	2177 	2178
f 2147 	2136 	1977
f 2147 	1985 	1963
f 2175 	2180 	1877
f 2147 	1977 	1985
f 2181 	2159 	2018
f 2158 	2178 	2167
f 2167 	2060 	2170
f 2162 	2185 	2169
f 2186 	2159 	2181
f 2187 	2170 	2060
f 2162 	2182 	2185
f 2183 	2191 	2105
f 2168 	2188 	2175
f 2060 	2167 	2178
f 2185 	2192 	2169
f 2176 	2164 	2190
f 2189 	2190 	2164
f 2154 	2160 	2137
f 2145 	2122 	2523
f 2120 	2118 	2523
f 2120 	2523 	2122
f 2038 	2523 	2127
f 2127 	2523 	2118
f 2184 	2188 	2168
f 2164 	2186 	2189
f 2172 	2105 	2191
f 2160 	2210 	2137
f 2155 	2287 	2161
f 2188 	2193 	2175
f 2169 	2192 	2174
f 2154 	2137 	2115
f 2190 	2189 	2197
f 2189 	2327 	2197
f 2175 	2193 	2180
f 2434 	2233 	2404
f 2200 	2194 	2195
f 2200 	2195 	2201
f 2080 	2382 	2183
f 2204 	2207 	2623
f 2198 	2203 	2157
f 2204 	2200 	2201
f 2182 	2199 	2205
f 2206 	2207 	2208
f 2126 	2511 	2072
f 2146 	2511 	2138
f 2207 	2204 	2201
f 2207 	2201 	2208
f 2652 	2205 	2199
f 2203 	2160 	2157
f 2209 	2206 	2208
f 2182 	2205 	2185
f 2150 	2487 	2146
f 2202 	2211 	2184
f 2213 	2214 	2215
f 2210 	2160 	2203
f 2185 	2212 	2192
f 2241 	2215 	2214
f 2210 	2151 	2137
f 2216 	2008 	1931
f 2201 	2195 	2294
f 2289 	2294 	2195
f 2184 	2211 	2188
f 2205 	2212 	2185
f 2666 	2218 	2181
f 2215 	2217 	2213
f 2212 	2280 	2192
f 1957 	2216 	1931
f 2220 	2217 	2219
f 2215 	2219 	2217
f 2181 	2218 	2186
f 2216 	2221 	2008
f 2216 	2235 	2221
f 2151 	2210 	2239
f 2220 	2545 	2217
f 2186 	2332 	2189
f 2219 	2223 	2220
f 2202 	2415 	2211
f 2234 	2236 	2203
f 2234 	2203 	2198
f 2418 	2419 	2211
f 2224 	2227 	2225
f 2239 	2210 	2238
f 2203 	2238 	2210
f 2189 	2332 	2337
f 2236 	2238 	2203
f 2189 	2337 	2327
f 2227 	2223 	2225
f 2219 	2225 	2223
f 2151 	2239 	2240
f 2846 	2845 	2225
f 2207 	2206 	2623
f 2209 	2222 	2623
f 2135 	2623 	2107
f 2222 	2107 	2623
f 1957 	1967 	2230
f 2515 	2496 	2244
f 2097 	2209 	2208
f 2222 	2209 	2097
f 2230 	2216 	1957
f 2220 	2223 	2545
f 2065 	2187 	2060
f 2206 	2209 	2623
f 2143 	2623 	2135
f 2237 	2019 	2020
f 2228 	2255 	2231
f 2082 	2614 	2065
f 2148 	2129 	2558
f 2558 	2197 	2196
f 2230 	2235 	2216
f 2242 	2237 	2241
f 2020 	2241 	2237
f 2235 	2245 	2221
f 1926 	1925 	2246
f 1925 	1906 	2246
f 2242 	2214 	2545
f 2009 	2010 	2364
f 2176 	2190 	2364
f 2171 	2176 	2364
f 2558 	2364 	2197
f 2180 	2247 	2228
f 2286 	2177 	2278
f 2214 	2242 	2241
f 2136 	2097 	2243
f 2215 	2251 	2219
f 2180 	2193 	2247
f 2221 	2245 	2226
f 2241 	2251 	2215
f 2178 	2286 	2079
f 2247 	2255 	2228
f 2248 	2253 	2104
f 2219 	2251 	2225
f 2254 	2225 	2251
f 2178 	2079 	2060
f 1930 	1895 	2253
f 2256 	2230 	1967
f 2260 	2249 	2259
f 2196 	2327 	2179
f 2261 	2262 	2250
f 2166 	2165 	2614
f 2163 	2166 	2614
f 2165 	2170 	2614
f 2170 	2187 	2614
f 2187 	2065 	2614
f 1967 	1972 	2256
f 2249 	2264 	2259
f 2248 	2144 	2265
f 2249 	2260 	2264
f 2256 	2266 	2230
f 2174 	2263 	2229
f 2250 	2268 	2261
f 2327 	2265 	2144
f 2268 	2250 	2262
f 2494 	2266 	2256
f 2188 	2269 	2193
f 2248 	2271 	2253
f 2192 	2263 	2174
f 2262 	2261 	2270
f 2261 	2260 	2270
f 2694 	2260 	2259
f 2264 	2679 	2259
f 2211 	2269 	2188
f 2267 	2177 	2152
f 2230 	2266 	2235
f 2263 	2272 	2229
f 2241 	2020 	2273
f 2269 	2274 	2193
f 2261 	2268 	2260
f 2257 	2260 	2268
f 2235 	2318 	2245
f 2257 	2264 	2260
f 2694 	2270 	2260
f 2211 	2419 	2269
f 2243 	2351 	2258
f 2241 	2105 	2251
f 2257 	2268 	2262
f 2270 	2257 	2262
f 2419 	2423 	2269
f 2266 	2318 	2235
f 2229 	2272 	2232
f 2243 	2276 	2136
f 2694 	2704 	2270
f 2273 	2105 	2241
f 2247 	2193 	2274
f 2243 	2258 	2276
f 1976 	2494 	1972
f 1972 	2494 	2256
f 2247 	2277 	2255
f 1842 	2345 	1832
f 2272 	2732 	2232
f 2267 	2275 	2278
f 2274 	2277 	2247
f 2172 	2254 	2251
f 2497 	2318 	2266
f 2105 	2172 	2251
f 2280 	2263 	2192
f 2172 	2857 	2254
f 2282 	2283 	2279
f 2279 	2284 	2282
f 2252 	2554 	2258
f 2263 	2281 	2272
f 2278 	2177 	2267
f 2284 	2279 	2283
f 2282 	2270 	2283
f 2270 	2301 	2283
f 2280 	2281 	2263
f 2302 	2278 	2275
f 2282 	2284 	2270
f 2257 	2270 	2284
f 2257 	2284 	2290
f 2273 	2183 	2105
f 2559 	2276 	2258
f 2080 	2183 	2273
f 2290 	2284 	2283
f 2285 	2017 	2226
f 2278 	2302 	2307
f 2415 	2202 	2812
f 2278 	2307 	2286
f 2418 	2211 	2415
f 2178 	2177 	2286
f 2285 	2287 	2155
f 2248 	2265 	2271
f 2545 	2033 	2021
f 2019 	2237 	2545
f 2242 	2545 	2237
f 2213 	2545 	2214
f 2227 	2545 	2223
f 2224 	2545 	2227
f 2274 	2269 	2423
f 2427 	2274 	2423
f 2427 	2277 	2274
f 2253 	2293 	1930
f 2306 	2312 	2285
f 2429 	2432 	2277
f 2253 	2271 	2293
f 2285 	2312 	2287
f 2055 	2295 	2067
f 2201 	2294 	2296
f 2231 	2295 	2055
f 2290 	2297 	2288
f 2327 	2299 	2265
f 2290 	2301 	2297
f 2720 	2298 	2291
f 2212 	2660 	2280
f 2297 	2303 	2288
f 2265 	2304 	2271
f 2513 	2295 	2231
f 2281 	2280 	2662
f 2660 	2662 	2280
f 2302 	2275 	2292
f 2255 	2513 	2231
f 2265 	2299 	2304
f 2271 	2304 	2308
f 2294 	2351 	2296
f 2255 	2534 	2513
f 2226 	2306 	2285
f 2283 	2301 	2290
f 2296 	2208 	2201
f 2277 	2534 	2255
f 2725 	2309 	2298
f 2208 	2296 	2097
f 2271 	2308 	2293
f 2277 	2432 	2534
f 2286 	2307 	2311
f 2306 	2226 	2245
f 2293 	1954 	1951
f 2298 	2309 	2350
f 2212 	2657 	2660
f 2293 	2308 	1954
f 2321 	2306 	2245
f 2306 	2331 	2312
f 2321 	2331 	2306
f 2286 	2311 	2079
f 2742 	2537 	2309
f 1937 	1940 	2435
f 1943 	1942 	2435
f 2311 	2116 	2079
f 2435 	2003 	2313
f 2315 	1978 	2291
f 1875 	2314 	2316
f 2299 	2380 	2304
f 2292 	2498 	2524
f 1875 	2316 	1879
f 2317 	2069 	2063
f 2292 	2524 	2302
f 2704 	2319 	2270
f 2316 	2162 	1879
f 2320 	2301 	2319
f 2318 	2321 	2245
f 2384 	2307 	2302
f 2317 	2063 	2315
f 2308 	2383 	1964
f 2069 	2317 	2325
f 2324 	2323 	2103
f 2308 	1964 	1954
f 2357 	2322 	2314
f 2704 	2345 	2319
f 2196 	2197 	2327
f 2335 	2342 	2317
f 2314 	2326 	2316
f 2103 	2098 	2324
f 2100 	2324 	2098
f 2317 	2342 	2325
f 2324 	2328 	2329
f 2324 	2329 	2323
f 2301 	2320 	2297
f 2144 	2179 	2327
f 2069 	2325 	2080
f 2314 	2322 	2326
f 2320 	2330 	2297
f 2182 	2316 	2326
f 2382 	2080 	2325
f 2341 	2320 	2319
f 2291 	2298 	2333
f 2334 	2329 	2328
f 2297 	2330 	2303
f 2333 	2315 	2291
f 2332 	2186 	2218
f 2311 	2374 	2116
f 2324 	2100 	2131
f 2335 	2317 	2315
f 2324 	2338 	2328
f 2116 	2374 	2336
f 2301 	2270 	2319
f 2131 	2338 	2324
f 2315 	2333 	2335
f 2318 	2497 	2500
f 2340 	2034 	2336
f 2318 	2500 	2321
f 2355 	2335 	2333
f 2322 	2343 	2326
f 2345 	2341 	2319
f 2335 	2359 	2342
f 2504 	2331 	2321
f 2327 	2337 	2299
f 2341 	2346 	2320
f 2374 	2344 	2336
f 2322 	2339 	2343
f 2326 	2343 	2199
f 2650 	2343 	2339
f 1893 	1903 	2511
f 2332 	2218 	2469
f 2336 	2344 	2348
f 2289 	2310 	2349
f 2320 	2346 	2330
f 2650 	2199 	2343
f 2132 	2487 	2150
f 2332 	2471 	2337
f 2326 	2199 	2182
f 2346 	2341 	2360
f 2344 	2358 	2348
f 2494 	2495 	2266
f 2336 	2348 	2340
f 2339 	2646 	2650
f 2495 	2497 	2266
f 2294 	2289 	2349
f 2337 	2377 	2299
f 2298 	2350 	2333
f 2340 	2348 	1973
f 2351 	2294 	2349
f 2504 	2321 	2500
f 2333 	2350 	2355
f 2345 	1842 	2356
f 2331 	2504 	2507
f 2218 	2353 	2469
f 1871 	2354 	2357
f 2358 	2344 	2352
f 2341 	2345 	2356
f 2296 	2351 	2243
f 2603 	2358 	2352
f 2353 	2476 	2469
f 2361 	2362 	2363
f 2341 	2356 	2360
f 2357 	1872 	1871
f 2348 	1997 	1973
f 2348 	2358 	1997
f 2366 	2361 	2363
f 2360 	2401 	2346
f 2359 	2335 	2355
f 2446 	2603 	2352
f 2296 	2243 	2097
f 2359 	2399 	2342
f 2196 	2179 	2558
f 2368 	2369 	2370
f 2401 	2388 	2346
f 2365 	2364 	2558
f 1813 	1843 	2364
f 2001 	2009 	2364
f 2369 	2132 	2370
f 2359 	2540 	2399
f 2373 	2354 	2367
f 2776 	2371 	2310
f 1842 	1848 	2356
f 2362 	2375 	2372
f 2363 	2362 	2372
f 2367 	2385 	2373
f 2537 	2538 	2309
f 2350 	2309 	2538
f 2428 	2360 	2356
f 2349 	2310 	2376
f 2350 	2538 	2355
f 2539 	2355 	2538
f 2373 	2357 	2354
f 2360 	2428 	2431
f 2375 	2368 	2372
f 2370 	2372 	2368
f 2389 	2409 	2374
f 1945 	2863 	2305
f 2372 	2378 	2363
f 2540 	2359 	2541
f 2539 	2541 	2355
f 2355 	2541 	2359
f 2310 	2371 	2376
f 2322 	2357 	2373
f 2305 	2303 	2379
f 2349 	2376 	2252
f 2372 	2391 	2378
f 2374 	2409 	2344
f 2380 	2299 	2377
f 2409 	2352 	2344
f 2330 	2379 	2303
f 2033 	2545 	2026
f 2379 	2066 	2305
f 2673 	2677 	2614
f 2149 	2370 	2132
f 2086 	2078 	2024
f 2349 	2252 	2351
f 2304 	2383 	2308
f 2351 	2252 	2258
f 2304 	2380 	2383
f 2149 	2386 	2370
f 1945 	2305 	2066
f 2183 	2387 	2191
f 2346 	2388 	2330
f 2183 	2382 	2387
f 2370 	2386 	2372
f 2389 	2311 	2307
f 2385 	2367 	2381
f 2373 	2385 	2339
f 2307 	2384 	2389
f 2007 	1984 	2313
f 2103 	2323 	2347
f 2329 	2347 	2323
f 2329 	2334 	2347
f 2377 	2392 	2380
f 2386 	2391 	2372
f 2325 	2393 	2382
f 2389 	2374 	2311
f 2385 	2644 	2339
f 2790 	2789 	2328
f 2373 	2339 	2322
f 2377 	2390 	2392
f 2371 	2655 	2376
f 2342 	2393 	2325
f 2393 	2395 	2382
f 2380 	2392 	2396
f 2595 	2641 	2381
f 2385 	2381 	2644
f 2642 	2644 	2381
f 2379 	2330 	2388
f 2382 	2395 	2387
f 2380 	2396 	2383
f 2379 	2398 	2066
f 2388 	2398 	2379
f 2339 	2644 	2646
f 2625 	2627 	2334
f 2383 	2396 	1966
f 2360 	2431 	2401
f 2334 	2328 	2789
f 2384 	2403 	2389
f 2399 	2393 	2342
f 2790 	2328 	2338
f 2404 	2398 	2388
f 2393 	2405 	2395
f 2199 	2650 	2652
f 2388 	2401 	2404
f 2384 	2394 	2403
f 2389 	2403 	2409
f 2399 	2405 	2393
f 2316 	2182 	2162
f 2404 	2198 	2398
f 2411 	2407 	2313
f 2397 	2410 	2400
f 2434 	2404 	2401
f 2406 	2440 	2407
f 2369 	2487 	2132
f 2368 	2487 	2369
f 2368 	2375 	2487
f 2375 	2362 	2487
f 2361 	2487 	2362
f 2366 	2487 	2361
f 2198 	2404 	2233
f 2397 	2408 	2410
f 2347 	2334 	2406
f 2789 	2633 	2334
f 2398 	2198 	2157
f 2400 	2410 	1941
f 2412 	2413 	2416
f 1947 	2667 	2411
f 2561 	2096 	2411
f 1941 	2410 	1950
f 2401 	2431 	2434
f 2413 	2366 	2416
f 2363 	2416 	2366
f 2400 	1941 	1935
f 2234 	2198 	2233
f 2421 	2425 	2422
f 1848 	2426 	2356
f 2426 	2428 	2356
f 2277 	2427 	2429
f 2394 	2417 	2433
f 2425 	2412 	2422
f 2416 	2422 	2412
f 2422 	2436 	2437
f 2422 	2437 	2421
f 2408 	2424 	2438
f 2440 	2435 	2407
f 2313 	2407 	2435
f 2402 	2392 	2390
f 2399 	2540 	2542
f 2438 	2410 	2408
f 2542 	2405 	2399
f 2392 	2441 	2396
f 2470 	2461 	2420
f 2444 	2437 	2436
f 2679 	2131 	2442
f 1825 	1961 	1819
f 1950 	2410 	2438
f 2433 	2403 	2394
f 2392 	2402 	2441
f 2403 	2446 	2409
f 2027 	2026 	2545
f 2396 	2441 	1861
f 2403 	2433 	2446
f 2378 	2416 	2363
f 2420 	2447 	2448
f 2420 	2448 	2470
f 2416 	2378 	2450
f 2445 	2451 	2141
f 2452 	2420 	2464
f 2447 	2420 	2452
f 2391 	2622 	2378
f 2453 	1977 	2276
f 2396 	1861 	1966
f 2439 	2443 	2546
f 2448 	2447 	2456
f 2454 	2456 	2447
f 2416 	2450 	2422
f 2546 	2443 	2463
f 2452 	2430 	2447
f 2506 	2557 	2445
f 2422 	2457 	2436
f 1985 	1977 	2458
f 2445 	2557 	2451
f 2460 	2443 	2459
f 2473 	2459 	2443
f 2441 	2402 	2556
f 2450 	2457 	2422
f 2462 	2420 	2461
f 2458 	1977 	2453
f 2462 	2464 	2420
f 2451 	2142 	2141
f 2461 	1847 	2462
f 2430 	2462 	1847
f 2451 	2468 	2142
f 2462 	2430 	2464
f 2514 	2501 	2449
f 2502 	2505 	2449
f 2443 	2439 	2466
f 2471 	2332 	2469
f 2453 	2467 	2472
f 2448 	2456 	2470
f 1871 	2470 	2456
f 2142 	2468 	2442
f 1871 	2461 	2470
f 2471 	2377 	2337
f 2473 	2466 	2509
f 2430 	2452 	2464
f 2443 	2466 	2473
f 2473 	2477 	2459
f 2454 	2578 	2456
f 2453 	2472 	2458
f 2688 	2679 	2442
f 2458 	2408 	2397
f 2456 	2354 	1871
f 2124 	2479 	2130
f 2469 	2480 	2471
f 2458 	2472 	2408
f 2366 	2413 	2475
f 2413 	2412 	2475
f 2425 	2475 	2412
f 2425 	2421 	2475
f 2437 	2475 	2421
f 2444 	2475 	2437
f 2506 	2445 	2067
f 2475 	2444 	2521
f 2409 	2446 	2352
f 2476 	2480 	2469
f 2485 	2488 	2484
f 2471 	2480 	2390
f 2449 	2489 	2490
f 2449 	2490 	2514
f 2467 	2486 	2491
f 2488 	2483 	2482
f 2482 	2484 	2488
f 2489 	2449 	2492
f 2520 	2511 	2487
f 2511 	2146 	2487
f 2475 	2487 	2366
f 2485 	2484 	2088
f 2089 	2088 	2484
f 2467 	2491 	2472
f 2490 	2489 	2493
f 2489 	2455 	2808
f 2479 	2481 	2130
f 2484 	2119 	2089
f 2701 	2881 	2466
f 2810 	2808 	2455
f 2455 	2489 	2492
f 2471 	2390 	2377
f 2479 	2139 	2496
f 2502 	2449 	2501
f 2472 	2424 	2408
f 2139 	2151 	2496
f 2472 	2491 	2424
f 2479 	2496 	2509
f 2067 	2295 	2506
f 2619 	2491 	2616
f 2508 	2465 	2501
f 2502 	2501 	2465
f 2455 	2502 	2465
f 2515 	2509 	2496
f 2545 	2848 	2511
f 2479 	2509 	2481
f 2499 	2512 	2476
f 2502 	2455 	2505
f 2509 	2466 	2481
f 2486 	2616 	2491
f 2240 	2244 	2151
f 2151 	2244 	2496
f 2503 	2113 	2482
f 2619 	2620 	2491
f 2424 	2491 	2620
f 2436 	2849 	2444
f 2509 	2515 	2516
f 2476 	2512 	2480
f 2505 	2492 	2449
f 2438 	2424 	2620
f 2480 	2517 	2390
f 2490 	2493 	2514
f 2493 	2508 	2514
f 2438 	1959 	1950
f 1960 	1950 	1959
f 2501 	2514 	2508
f 2480 	2512 	2517
f 2513 	2519 	2295
f 2520 	2822 	2521
f 2455 	2492 	2505
f 2517 	2402 	2390
f 2465 	2525 	2474
f 2498 	2532 	2524
f 2534 	2543 	2513
f 2465 	2508 	2525
f 2513 	2543 	2519
f 2487 	2781 	2520
f 2781 	2822 	2520
f 2474 	2526 	2478
f 2506 	2295 	2519
f 2384 	2302 	2524
f 2143 	2145 	2523
f 2522 	2623 	2523
f 2525 	2526 	2474
f 2701 	2439 	2498
f 2553 	2402 	2517
f 2038 	2037 	2523
f 2037 	2042 	2523
f 1978 	2478 	2526
f 2520 	2521 	2529
f 2528 	2529 	2521
f 2521 	2444 	2528
f 2527 	2528 	2444
f 2775 	2548 	2499
f 2849 	2527 	2444
f 2549 	2512 	2499
f 2532 	2498 	2439
f 2512 	2552 	2517
f 2553 	2517 	2552
f 2530 	2853 	2639
f 2529 	2530 	2639
f 2524 	2532 	2394
f 2849 	2852 	2527
f 2530 	2527 	2853
f 2529 	2639 	2520
f 2402 	2555 	2556
f 2596 	2486 	2467
f 2532 	2417 	2394
f 2596 	2624 	2486
f 2524 	2394 	2384
f 2547 	2252 	2376
f 2113 	2484 	2482
f 2549 	2550 	2512
f 2546 	2532 	2439
f 2508 	2750 	2715
f 2484 	2113 	2119
f 2550 	2552 	2512
f 2508 	2715 	2525
f 2714 	2717 	2534
f 2417 	2532 	2546
f 2555 	2402 	2553
f 2443 	2460 	2463
f 2463 	2574 	2546
f 1861 	2556 	1866
f 2503 	1847 	2113
f 2574 	2417 	2546
f 2554 	2252 	2547
f 2430 	1847 	2503
f 2558 	2639 	2365
f 2451 	2560 	2468
f 2559 	2258 	2554
f 2526 	2720 	2291
f 2526 	2291 	1978
f 2557 	2560 	2451
f 2648 	1849 	2562
f 2599 	2433 	2598
f 2598 	2433 	2417
f 2483 	2488 	2561
f 2488 	2485 	2561
f 2088 	2561 	2485
f 2506 	2567 	2557
f 2446 	2433 	2600
f 2599 	2600 	2433
f 2519 	2567 	2506
f 2483 	2561 	2631
f 2568 	2565 	2564
f 2600 	2603 	2446
f 2570 	2560 	2557
f 2564 	2571 	2568
f 2569 	2300 	2287
f 2614 	2085 	2024
f 2287 	2312 	2569
f 2567 	2570 	2557
f 2300 	2569 	2762
f 2559 	2453 	2276
f 2573 	2576 	2564
f 2655 	2575 	2547
f 2354 	2456 	2578
f 2312 	2577 	2569
f 2583 	2584 	2563
f 2547 	2579 	2554
f 2519 	2581 	2567
f 2586 	2587 	2566
f 2589 	2571 	2576
f 2563 	2591 	2583
f 2312 	2331 	2577
f 2354 	2578 	2367
f 2543 	2581 	2519
f 2547 	2575 	2579
f 2591 	2563 	2584
f 2564 	2576 	2571
f 2367 	2578 	2588
f 2577 	2769 	2569
f 2581 	2593 	2567
f 2566 	2594 	2586
f 2554 	2579 	2596
f 2576 	2015 	2589
f 2594 	2566 	2587
f 2417 	2574 	2597
f 2567 	2593 	2570
f 2618 	2579 	2575
f 2588 	1988 	2595
f 2597 	2598 	2417
f 2580 	2587 	2586
f 2584 	2580 	2586
f 2583 	2580 	2584
f 2028 	2027 	2576
f 2588 	2595 	2381
f 2642 	2381 	2641
f 2562 	2820 	2591
f 2554 	2596 	2559
f 2588 	2381 	2367
f 2562 	2591 	2594
f 2559 	2467 	2453
f 2603 	2605 	2358
f 2584 	2594 	2591
f 2586 	2594 	2584
f 2559 	2596 	2467
f 2605 	2607 	2358
f 2562 	2594 	2587
f 2580 	2562 	2587
f 2569 	2769 	2762
f 2474 	2478 	2572
f 2609 	2611 	2011
f 2507 	2510 	2331
f 2582 	2577 	2510
f 2331 	2510 	2577
f 2411 	2667 	2630
f 2572 	2478 	2573
f 2714 	2534 	2432
f 2483 	1873 	2482
f 2023 	2787 	2614
f 2573 	2025 	2576
f 2575 	2608 	2618
f 1864 	2503 	2482
f 2478 	2025 	2573
f 2450 	2378 	2622
f 2580 	2724 	2610
f 2447 	2430 	2454
f 2454 	2746 	2578
f 2579 	2624 	2596
f 2025 	2028 	2576
f 2543 	2534 	2717
f 2588 	2578 	1988
f 1970 	1988 	2578
f 2628 	2755 	2629
f 2579 	2618 	2624
f 2478 	1978 	2025
f 2011 	2595 	1988
f 2717 	2718 	2543
f 2581 	2543 	2718
f 2632 	2450 	2622
f 2718 	2593 	2581
f 2627 	2755 	2628
f 2565 	2568 	2781
f 2568 	2571 	2781
f 2589 	2781 	2571
f 2015 	2781 	2589
f 2786 	2796 	2610
f 2705 	2617 	2709
f 2626 	1820 	2731
f 2721 	2755 	2630
f 2627 	2406 	2334
f 2627 	2628 	2406
f 2645 	2731 	1820
f 2638 	2640 	2637
f 2628 	2629 	2747
f 2634 	2747 	2629
f 2629 	2625 	2634
f 2633 	2634 	2625
f 2626 	1811 	1820
f 2632 	2622 	2708
f 2709 	2708 	2622
f 2625 	2334 	2633
f 2640 	2635 	2636
f 2636 	2637 	2640
f 2450 	2632 	2457
f 1828 	2645 	1820
f 2440 	2406 	2628
f 2637 	2647 	2649
f 2637 	2649 	2638
f 2440 	2628 	2747
f 2651 	2386 	2149
f 2652 	2653 	2205
f 2371 	2643 	2655
f 2648 	2562 	2654
f 2734 	2758 	2633
f 2657 	2212 	2656
f 2562 	2580 	2654
f 2656 	2212 	2205
f 2653 	2656 	2205
f 2651 	2149 	2173
f 2643 	2675 	2655
f 2658 	2649 	2647
f 2035 	2648 	2659
f 2651 	2661 	2386
f 2654 	2659 	2648
f 2658 	2647 	2565
f 2564 	2565 	2647
f 2741 	2281 	2664
f 2035 	2666 	2181
f 2547 	2376 	2655
f 2666 	2035 	2659
f 2721 	2630 	2667
f 2661 	2391 	2386
f 2706 	2617 	2705
f 2672 	2678 	2636
f 2677 	2673 	2674
f 2152 	2677 	2674
f 2686 	2671 	2685
f 2708 	2709 	2617
f 2674 	2267 	2152
f 2636 	2678 	2637
f 2675 	2643 	2670
f 2674 	2680 	2267
f 2131 	2679 	2338
f 2655 	2675 	2575
f 2572 	2647 	2637
f 2751 	2353 	2666
f 2257 	2338 	2679
f 2678 	2572 	2637
f 2680 	2275 	2267
f 2647 	2573 	2564
f 2687 	2671 	2686
f 2666 	2353 	2218
f 2683 	2275 	2680
f 2688 	2689 	2671
f 2685 	2671 	2689
f 2610 	2690 	2580
f 2573 	2647 	2572
f 2693 	2688 	2671
f 2686 	2685 	2694
f 2468 	2694 	2685
f 2391 	2661 	2691
f 2689 	2442 	2685
f 2468 	2685 	2442
f 2692 	2292 	2683
f 2580 	2690 	2654
f 2468 	2704 	2694
f 2694 	2687 	2686
f 2672 	2465 	2678
f 2690 	2695 	2654
f 2050 	2049 	2696
f 2442 	2689 	2688
f 2498 	2292 	2692
f 2455 	2465 	2672
f 2693 	2679 	2688
f 2678 	2465 	2572
f 2474 	2572 	2465
f 2699 	2671 	2687
f 2795 	2698 	2670
f 2683 	2292 	2275
f 2699 	2693 	2671
f 2654 	2695 	2659
f 2257 	2679 	2264
f 2694 	2699 	2687
f 2695 	2751 	2659
f 2670 	2698 	2702
f 2694 	2259 	2699
f 2699 	2259 	2679
f 2693 	2699 	2679
f 2691 	2622 	2391
f 2707 	2617 	2706
f 2722 	2617 	2707
f 2692 	2701 	2498
f 2703 	2690 	2610
f 2704 	2468 	2560
f 2702 	2675 	2670
f 2700 	2823 	2635
f 2635 	2640 	2700
f 2640 	2638 	2700
f 2638 	2649 	2700
f 2700 	2649 	2658
f 2658 	2565 	2700
f 2675 	2608 	2575
f 2722 	2710 	2617
f 2710 	2708 	2617
f 2610 	2626 	2703
f 2570 	2711 	2560
f 2706 	2705 	2712
f 2691 	2712 	2705
f 2691 	2705 	2622
f 2701 	2466 	2439
f 2675 	2702 	2608
f 2622 	2705 	2709
f 2560 	2711 	2704
f 2050 	2667 	2058
f 2711 	2345 	2704
f 2691 	2786 	2712
f 2716 	2696 	2697
f 2570 	1832 	2711
f 2593 	1832 	2570
f 2712 	2707 	2706
f 2156 	2163 	2614
f 2677 	2153 	2614
f 2156 	2614 	2153
f 2606 	2608 	2702
f 1832 	2345 	2711
f 2525 	2720 	2526
f 2593 	1835 	1832
f 2593 	2719 	1835
f 2710 	2632 	2708
f 2525 	2715 	2720
f 2673 	2875 	2674
f 2601 	2604 	2702
f 2601 	2702 	2698
f 2676 	2697 	2049
f 2875 	2878 	2674
f 2604 	2606 	2702
f 2680 	2878 	2683
f 2703 	2713 	2690
f 2593 	2718 	2719
f 2879 	2692 	2683
f 2616 	2486 	2624
f 2715 	2723 	2725
f 2068 	2075 	2667
f 2690 	2713 	2695
f 2727 	1821 	2232
f 2232 	2732 	2727
f 1821 	2727 	2684
f 2618 	2608 	2613
f 2744 	2793 	2023
f 2715 	2725 	2720
f 2612 	2618 	2613
f 2606 	2613 	2608
f 2712 	2724 	2722
f 2712 	2722 	2707
f 2612 	2615 	2624
f 2612 	2624 	2618
f 2724 	2632 	2722
f 2710 	2722 	2632
f 2720 	2725 	2298
f 2615 	2616 	2624
f 2729 	2430 	2503
f 2290 	2797 	2257
f 2503 	1880 	2729
f 2749 	2651 	2173
f 2726 	2735 	2736
f 2626 	2731 	2703
f 2728 	2737 	2738
f 2739 	2726 	2736
f 2759 	2733 	2634
f 2272 	2281 	2741
f 2723 	2730 	2742
f 2703 	2740 	2713
f 2739 	2735 	2726
f 2662 	2664 	2281
f 2754 	2661 	2651
f 2535 	2742 	2730
f 2728 	2738 	2745
f 2741 	2732 	2272
f 2723 	2742 	2725
f 2745 	2737 	2728
f 2731 	2740 	2703
f 2454 	2736 	2735
f 2454 	2735 	2738
f 2737 	2746 	2738
f 2454 	2738 	2746
f 2740 	2768 	2713
f 2733 	2734 	2870
f 2733 	2870 	2747
f 2744 	2870 	2734
f 2734 	2633 	2744
f 2789 	2743 	2633
f 2725 	2742 	2309
f 2430 	2739 	2454
f 2736 	2454 	2739
f 2729 	2739 	2430
f 2665 	2668 	2740
f 2620 	2621 	2438
f 2738 	2735 	2745
f 2691 	2782 	2786
f 2621 	1959 	2438
f 2729 	2745 	2735
f 2739 	2729 	2735
f 2716 	2667 	2696
f 1932 	2068 	2667
f 2737 	2729 	2746
f 2745 	2729 	2737
f 2774 	2746 	2729
f 2839 	2716 	2697
f 2665 	2740 	2731
f 1970 	2578 	2746
f 2143 	2523 	2623
f 2522 	1838 	2623
f 2803 	2697 	2676
f 1834 	2853 	1833
f 2852 	1833 	2853
f 2493 	2748 	2750
f 2681 	2811 	2676
f 2659 	2751 	2666
f 1838 	1878 	1822
f 2749 	2173 	2300
f 2818 	2811 	2684
f 2753 	2627 	2752
f 2625 	2752 	2627
f 2748 	2761 	2750
f 2852 	1822 	1833
f 2749 	2754 	2651
f 2755 	2756 	2629
f 2684 	2727 	2818
f 2853 	1834 	1838
f 2493 	2750 	2508
f 2756 	2752 	2629
f 2625 	2629 	2752
f 2713 	2757 	2695
f 2749 	2767 	2754
f 2753 	2755 	2627
f 2713 	2768 	2757
f 2759 	2634 	2758
f 2633 	2758 	2634
f 2744 	2633 	2743
f 2634 	2733 	2747
f 2695 	2757 	2751
f 2631 	2753 	2483
f 2752 	2483 	2753
f 2761 	2748 	2760
f 2751 	2765 	2353
f 2749 	2300 	2762
f 2194 	2766 	2195
f 2757 	2765 	2751
f 2761 	2723 	2750
f 2755 	2721 	2756
f 2759 	2758 	2752
f 2483 	2752 	2758
f 2756 	2759 	2752
f 2766 	2763 	2764
f 2764 	2195 	2766
f 2762 	2767 	2749
f 2730 	2723 	2761
f 2764 	2289 	2195
f 2753 	2631 	2755
f 2631 	2630 	2755
f 2406 	2631 	2561
f 2767 	2791 	2754
f 2483 	2758 	1873
f 2750 	2723 	2715
f 2721 	2787 	2756
f 2766 	2194 	2623
f 2194 	2200 	2623
f 2200 	2204 	2623
f 2664 	2682 	2741
f 2673 	2876 	2875
f 1864 	2482 	1873
f 2760 	1868 	2770
f 2435 	2667 	2716
f 2680 	2674 	2878
f 1880 	2503 	1864
f 2879 	2683 	2878
f 2762 	2772 	2767
f 2760 	2770 	2761
f 2692 	2879 	2880
f 2764 	2771 	2289
f 2775 	2765 	2757
f 2881 	2701 	2880
f 2769 	2772 	2762
f 2809 	2774 	1880
f 2730 	2761 	2770
f 2757 	2768 	2775
f 2773 	2777 	2778
f 2771 	2310 	2289
f 2773 	2778 	2779
f 2803 	2676 	2811
f 2771 	2776 	2310
f 2779 	2777 	2773
f 1868 	2533 	2770
f 2746 	2778 	2777
f 2774 	2809 	2777
f 2746 	2777 	1836
f 2730 	2533 	2535
f 2533 	2730 	2770
f 2778 	2746 	2779
f 2746 	2774 	2779
f 2582 	2769 	2577
f 2742 	2535 	2536
f 2776 	2780 	2371
f 2873 	2872 	2246
f 2779 	2774 	2777
f 2668 	2775 	2768
f 2870 	2023 	2869
f 2024 	2869 	2023
f 2024 	2792 	2869
f 1836 	1970 	2746
f 2870 	2744 	2023
f 2661 	2782 	2691
f 2406 	2407 	2631
f 2768 	2740 	2668
f 2754 	2782 	2661
f 2784 	2785 	2783
f 2027 	2545 	2781
f 2700 	2565 	2781
f 2015 	2027 	2781
f 2788 	2734 	2787
f 2733 	2787 	2734
f 2765 	2476 	2353
f 2630 	2407 	2411
f 2780 	2643 	2371
f 2788 	2758 	2734
f 1868 	1890 	2533
f 2775 	2499 	2765
f 2785 	2789 	2790
f 2790 	2783 	2785
f 2759 	2787 	2733
f 2743 	2792 	2793
f 2743 	2793 	2744
f 2765 	2499 	2476
f 2791 	2782 	2754
f 2742 	2536 	2537
f 2743 	2869 	2792
f 2780 	2794 	2643
f 2549 	2499 	2548
f 2645 	2663 	2731
f 2663 	2665 	2731
f 2681 	2684 	2811
f 2791 	2796 	2782
f 2787 	2023 	2788
f 2721 	2614 	2787
f 1873 	2758 	2792
f 2792 	2024 	1873
f 2670 	2794 	2795
f 2775 	2668 	2669
f 2818 	2727 	2860
f 2788 	2793 	2758
f 2793 	2792 	2758
f 2669 	2548 	2775
f 2759 	2756 	2787
f 2860 	2727 	2732
f 2542 	2544 	2405
f 2790 	2797 	2798
f 2509 	2477 	2473
f 2782 	2796 	2786
f 2812 	2732 	2741
f 2544 	1819 	2405
f 2477 	2509 	2516
f 1859 	1845 	2024
f 1873 	2024 	1862
f 2794 	2670 	2643
f 2626 	2610 	2796
f 2411 	2313 	2561
f 2793 	2788 	2023
f 2772 	2799 	2767
f 2011 	2641 	2595
f 2781 	2545 	2822
f 2076 	2087 	2800
f 2630 	2631 	2407
f 2790 	2798 	2783
f 2635 	1846 	2636
f 1851 	2698 	2795
f 2561 	2347 	2406
f 2767 	2799 	2791
f 2076 	2800 	1909
f 2791 	1811 	2796
f 2601 	2698 	2602
f 1851 	2602 	2698
f 1909 	2801 	1922
f 2799 	1811 	2791
f 2798 	2838 	2783
f 2435 	2716 	2839
f 2801 	1909 	2800
f 1811 	2626 	2796
f 2790 	2338 	2797
f 2801 	2805 	1922
f 2672 	2804 	2455
f 2772 	2592 	2799
f 2797 	2288 	2798
f 2641 	2011 	2611
f 2672 	1923 	2804
f 2592 	1811 	2799
f 1876 	1922 	2805
f 2802 	2807 	2808
f 2288 	2797 	2290
f 2810 	2802 	2808
f 2585 	2590 	2769
f 2810 	2807 	2802
f 2763 	1905 	2764
f 2838 	2798 	2288
f 2741 	2682 	2414
f 2835 	2805 	2801
f 2772 	2590 	2592
f 2771 	2764 	1933
f 1815 	2493 	2807
f 2807 	1812 	1815
f 2808 	2807 	2493
f 2493 	2489 	2808
f 1811 	2592 	1817
f 2338 	2257 	2797
f 2771 	1933 	2776
f 1951 	2776 	1933
f 2804 	2810 	2455
f 1831 	2806 	2803
f 1812 	2807 	1816
f 1951 	2780 	2776
f 2585 	2769 	2582
f 2741 	2414 	2812
f 1831 	2803 	2811
f 2816 	2869 	2784
f 2772 	2769 	2590
f 2774 	2729 	1880
f 2804 	1816 	2807
f 2810 	2804 	2807
f 1863 	1816 	2804
f 1958 	1946 	2815
f 2783 	2814 	2816
f 2783 	2816 	2784
f 1831 	1841 	2806
f 2800 	2087 	2813
f 2493 	1815 	2748
f 1935 	2748 	1815
f 1949 	2825 	2815
f 2806 	1841 	1824
f 2760 	2748 	1941
f 1935 	1941 	2748
f 1934 	1936 	2815
f 2785 	2784 	2869
f 1941 	1950 	1868
f 1941 	1868 	2760
f 2800 	2813 	2821
f 2820 	2457 	2632
f 2822 	2823 	2521
f 2819 	2816 	2814
f 2818 	1874 	2811
f 2858 	1934 	2815
f 2562 	1849 	2820
f 2814 	2824 	2827
f 2814 	2827 	2819
f 2828 	2817 	2826
f 2817 	2829 	2826
f 2168 	1874 	2818
f 1851 	1856 	2602
f 2817 	2828 	2829
f 2831 	2528 	2830
f 2527 	2830 	2528
f 2838 	2814 	2783
f 2763 	2766 	2623
f 2814 	2843 	2824
f 2832 	2833 	2530
f 2828 	2724 	2583
f 2580 	2583 	2724
f 2724 	2828 	2826
f 2800 	2821 	2801
f 2763 	1915 	1905
f 2527 	2530 	2833
f 2527 	2833 	2830
f 2724 	2826 	2829
f 2632 	2724 	2820
f 2829 	2820 	2724
f 2831 	2832 	2528
f 2764 	1905 	1933
f 2801 	2821 	2835
f 2825 	2834 	2815
f 2836 	2827 	2824
f 2823 	2822 	2551
f 2831 	2830 	2635
f 1846 	2635 	2830
f 1833 	2830 	1834
f 2820 	2829 	2828
f 2820 	2828 	2591
f 2583 	2591 	2828
f 2824 	2837 	2836
f 2821 	1968 	2835
f 2823 	2831 	2635
f 2780 	1951 	1954
f 2860 	2168 	2818
f 2786 	2610 	2724
f 2712 	2786 	2724
f 2821 	1962 	1968
f 2794 	2780 	1964
f 1954 	1964 	2780
f 2545 	2551 	2822
f 2839 	2697 	2840
f 1964 	1966 	2795
f 1964 	2795 	2794
f 2832 	1855 	2833
f 2551 	1855 	2832
f 1855 	1834 	2833
f 2841 	2842 	2844
f 1966 	1861 	2795
f 2833 	1834 	2830
f 2636 	1846 	1911
f 2831 	2823 	2551
f 2832 	2831 	2551
f 2805 	2835 	1836
f 1971 	2169 	2825
f 2523 	2364 	2522
f 2365 	2522 	2364
f 1923 	2672 	1911
f 2636 	1911 	2672
f 2224 	2225 	2845
f 2523 	1881 	2364
f 2840 	2841 	2844
f 2840 	2844 	2839
f 1971 	2162 	2169
f 2835 	1970 	1836
f 2169 	2174 	2825
f 2835 	1968 	1970
f 1937 	2842 	2841
f 2365 	1818 	2522
f 1882 	2522 	1818
f 2845 	2545 	2224
f 2805 	1836 	2809
f 2838 	2843 	2814
f 2848 	2845 	2846
f 2623 	2558 	2763
f 1915 	2763 	2558
f 2806 	1824 	2841
f 1863 	2804 	1923
f 2825 	2174 	2834
f 2843 	1884 	2824
f 1836 	2777 	2809
f 1893 	2848 	2846
f 2436 	1844 	2849
f 2847 	1814 	1812
f 2225 	2254 	2850
f 2847 	1812 	1816
f 2697 	2803 	2840
f 1816 	1814 	2847
f 2254 	2857 	2850
f 2843 	1908 	1884
f 2813 	2034 	2340
f 2031 	2851 	2039
f 2806 	2841 	2840
f 2813 	2340 	1962
f 2850 	2846 	2225
f 2803 	2806 	2840
f 2073 	2851 	2031
f 1962 	2821 	2813
f 1884 	2854 	2837
f 1838 	1822 	2855
f 2039 	2851 	2049
f 2856 	2049 	2851
f 2824 	1884 	2837
f 2853 	1838 	2855
f 1884 	1889 	2854
f 2676 	2049 	2856
f 2844 	2842 	2435
f 1937 	2435 	2842
f 2844 	2435 	2839
f 2853 	2527 	2852
f 2855 	2639 	2853
f 2854 	1889 	2869
f 1914 	2869 	1889
f 2855 	2365 	2639
f 1822 	2365 	2855
f 2073 	1934 	2858
f 2347 	2561 	2313
f 1822 	2852 	2849
f 1843 	1813 	2849
f 2511 	2520 	2639
f 2859 	2838 	2288
f 2862 	2857 	2172
f 2859 	2863 	2838
f 2172 	2191 	2862
f 2858 	2861 	2073
f 1878 	1833 	1822
f 2860 	2732 	2864
f 2865 	2856 	2851
f 1882 	1818 	1881
f 1813 	1881 	1818
f 2864 	2184 	2860
f 2866 	2191 	2387
f 2364 	1881 	1813
f 2838 	2863 	2843
f 2861 	2865 	2851
f 2191 	2866 	2862
f 2860 	2184 	2168
f 1843 	2849 	1844
f 2865 	2681 	2856
f 2436 	2457 	1844
f 1849 	1844 	2457
f 2864 	2732 	2812
f 1908 	2843 	2863
f 2864 	2202 	2184
f 2867 	2866 	2387
f 2457 	2820 	1849
f 2387 	2395 	2867
f 2288 	2303 	2859
f 2812 	2202 	2864
f 2856 	2681 	2676
f 2415 	2812 	2414
f 2395 	2405 	1961
f 2834 	2858 	2815
f 2863 	2859 	2305
f 2858 	2868 	2861
f 1961 	2867 	2395
f 2303 	2305 	2859
f 2868 	2858 	2834
f 1819 	1961 	2405
f 2868 	1821 	2861
f 2863 	1945 	1908
f 2868 	2232 	1821
f 2213 	2217 	2545
f 2845 	2848 	2545
f 1893 	2511 	2848
f 2229 	2232 	2868
f 2487 	2475 	2700
f 2781 	2487 	2700
f 1821 	2865 	2861
f 2827 	2836 	2869
f 2827 	2869 	2819
f 2816 	2819 	2869
f 2837 	2854 	2869
f 2700 	2475 	2823
f 2521 	2823 	2475
f 2684 	2681 	2865
f 1821 	2684 	2865
f 2846 	1892 	1893
f 2834 	2174 	2229
f 1892 	2846 	1917
f 2850 	1917 	2846
f 2870 	2869 	2246
f 1926 	2246 	2869
f 2789 	2785 	2869
f 2850 	2857 	1917
f 1924 	1917 	2857
f 2743 	2789 	2869
f 2834 	2229 	2868
f 1924 	2857 	1931
f 2862 	1931 	2857
f 2246 	2747 	2870
f 2862 	2866 	1931
f 1957 	1931 	2866
f 2866 	2867 	1957
f 1967 	1957 	2867
f 2872 	2873 	2871
f 1961 	1972 	2867
f 1830 	2871 	1829
f 1829 	2871 	2873
f 2874 	2872 	2871
f 2874 	2871 	2875
f 2871 	2878 	2875
f 2876 	2874 	2875
f 2877 	2871 	1865
f 1865 	2871 	1830
f 2878 	2871 	2877
f 2877 	1865 	1999
f 2879 	2877 	1999
f 2877 	2879 	2878
f 2880 	2879 	1999
f 1999 	2022 	2880
f 2881 	2880 	2022
f 2874 	2876 	2246
f 2872 	2874 	2246
f 2876 	2673 	2246
f 2614 	2246 	2673
f 2022 	2130 	2881
f 2481 	2881 	2130
f 2692 	2880 	2701
f 2481 	2466 	2881
f 1829 	2873 	2246
f 1826 	2882 	2883
f 1850 	1852 	2882
f 1827 	2246 	1826
f 1826 	2246 	2882
f 1827 	1826 	2883
f 2883 	1830 	1827
f 1823 	1827 	1830
f 2883 	1865 	1830
# 2052 faces

 #end of obj_19

o obj_20
v -16 		-48.703 		25.644
v -19.9008 		-44.8537 		13.3958
v -21.5168 		-43.7083 		12.9214
v -24.444 		-43.1157 		12.6759
v -25.4186 		-40.9432 		11.776
v -18.019 		-45.5732 		13.6939
v -12.8942 		-24.1353 		15.4676
v -9.9996 		-25.2427 		15.9261
v -12.8942 		-24.1354 		15.4677
v -28.135 		-13.244 		49.013
v -30.266 		-17.107 		50.613
v -16 		-23.7581 		15.311
v -5.4386 		-41.7331 		30.4248
v -16 		-29.6032 		7.0786
v -24.817 		-10.178 		47.743
v -23.5 		-22.843 		14.932
v -9.426 		-37.146 		27.907
v -4.7031 		-41.5822 		28.8667
v -22.8949 		-44.9814 		13.4487
v -16 		-20.987 		14.163
v -4.3631 		-41.5123 		28.1468
v -22.0005 		-25.2427 		15.9261
v -31 		-34.845 		19.904
v -16 		-34.844 		19.906
v -22.0004 		-25.2427 		15.9261
v -4.7785 		-42.4799 		26.8968
v -13.4766 		-29.9102 		7.2058
v -20.8753 		-46.4128 		14.0416
v -24.4863 		-27.0044 		16.6562
v -16 		-21.39 		52.387
v -11.1247 		-30.8097 		7.5784
v -4.9628 		-42.9093 		26.3418
v -24.4867 		-27.0048 		16.6564
v -27.5931 		-31.9751 		18.7151
v -27.593 		-31.9749 		18.715
v -6.6388 		-44.528 		26.8141
v -9.1051 		-32.242 		8.1717
v -20.635 		-8.21 		46.928
v -7.4081 		-44.6214 		28.3108
v -11.831 		-40.014 		26.492
v -7.8583 		-44.584 		29.0006
v -30.489 		-31.258 		18.418
v -7.183 		-44.64 		27.9661
v -3.865 		-29.535 		55.761
v -1.734 		-25.672 		54.161
v -1.734 		-17.107 		50.613
v -11.28 		-38.56 		28.267
v -7.3545 		-43.7837 		30.2618
v -7.1146 		-43.3519 		30.8972
v -1 		-34.844 		19.906
v -22.0007 		-44.4471 		23.8813
v -22.0008 		-44.447 		23.8813
v -7.183 		-43.5112 		30.6914
v -19.1057 		-45.554 		24.3393
v -9.977 		-38.6 		26.132
v -19.1057 		-45.554 		24.3393
v -3.865 		-42.989 		23.28
v -7.183 		-46.055 		24.55
v -23.5 		-46.846 		24.875
v -19.882 		-48.231 		25.448
v -1.734 		-39.126 		21.68
v -24.4866 		-42.6851 		23.1516
v -24.4866 		-42.6851 		23.1516
v -8.124 		-37.186 		25.772
v -26.607 		-44.644 		23.963
v -1 		-21.39 		52.387
v -28.0024 		-34.845 		19.904
v -28.0024 		-34.8445 		19.9038
v -26.393 		-29.3012 		17.607
v -1 		-34.845 		19.904
v -11.365 		-34.57 		57.847
v -16 		-35.248 		58.128
v -28.99 		-27.916 		17.033
v -1.511 		-38.432 		21.389
v -20.635 		-34.57 		57.847
v -7.183 		-32.601 		57.031
v -26.393 		-40.3887 		22.2002
v -7.183 		-23.632 		15.262
v -16 		-20.986 		14.166
v -26.3931 		-29.3014 		17.607
v -28.99 		-41.774 		22.774
v -27.5931 		-37.7146 		21.092
v -27.5929 		-37.715 		21.0922
v -30.489 		-38.432 		21.389
v -3.9986 		-34.8445 		19.9038
v -3.9986 		-34.845 		19.904
v -12.0993 		-32.3695 		8.2245
v -13.981 		-31.6497 		7.9263
v -26.3933 		-40.3884 		22.2001
v -1.734 		-30.561 		18.132
v -16 		-31.4043 		7.8247
v -5.6067 		-40.3884 		22.2001
v -5.607 		-40.3887 		22.2002
v -3.865 		-26.698 		16.532
v -19.1058 		-24.1354 		15.4677
v -4.4071 		-37.715 		21.0922
v -19.882 		-21.459 		14.359
v -11.365 		-21.664 		14.447
v -19.1058 		-24.1353 		15.4676
v -12.118 		-21.459 		14.359
v -8.5 		-22.843 		14.932
v -7.5558 		-34.1073 		8.9443
v -5.393 		-25.046 		15.845
v -6.5816 		-36.2799 		9.8443
v -11.365 		-21.664 		14.447
v -11.365 		-21.664 		14.447
v -6.2495 		-38.6117 		10.8102
v -11.365 		-21.664 		14.447
v -4.4069 		-37.7146 		21.092
v -6.5814 		-40.9432 		11.776
v -3.01 		-27.916 		17.033
v -7.556 		-43.1157 		12.6759
v -9.1051 		-44.9814 		13.4487
v -24.817 		-23.632 		15.262
v -20.635 		-21.664 		14.447
v -11.1247 		-46.4128 		14.0416
v -8.675 		-38.639 		23.998
v -30.266 		-30.561 		18.132
v -28.135 		-26.698 		16.532
v -1.511 		-31.258 		18.418
v -10.529 		-40.053 		24.358
v -13.981 		-45.5732 		13.6939
v -16 		-45.819 		13.7957
v -12.0992 		-44.8537 		13.3958
v -16 		-47.6199 		14.5417
v -10.4832 		-43.7083 		12.9214
v -26.607 		-25.046 		15.845
v -3.01 		-41.774 		22.774
v -9.2437 		-42.2152 		12.3029
v -5.393 		-44.644 		23.963
v -9.9995 		-25.2427 		15.9261
v -18.5235 		-47.3131 		14.4146
v -8.4636 		-40.477 		11.5829
v -7.5137 		-27.0044 		16.6562
v -7.5133 		-27.0048 		16.6564
v -20.635 		-48.024 		25.365
v -8.5 		-46.846 		24.875
v -8.1983 		-38.6114 		10.8101
v -12.118 		-48.231 		25.448
v -5.6069 		-29.3014 		17.607
v -4.407 		-31.9749 		18.715
v -16 		-45.932 		24.4962
v -5.607 		-29.3012 		17.607
v -31 		-34.844 		19.906
v -8.4637 		-36.746 		10.0374
v -4.4069 		-31.9751 		18.7151
v -7.5134 		-42.6851 		23.1516
v -9.2437 		-35.0078 		9.3173
v -13.4765 		-47.3131 		14.4146
v -16 		-48.702 		25.646
v -7.5134 		-42.6851 		23.1516
v -9.9992 		-44.447 		23.8813
v -16 		-7.531 		46.647
v -11.365 		-48.024 		25.365
v -28.135 		-42.989 		23.28
v -30.266 		-39.126 		21.68
v -12.8943 		-45.554 		24.3393
v -3.865 		-13.244 		49.013
v -11.365 		-8.21 		46.928
v -7.183 		-10.178 		47.743
v -12.8943 		-45.554 		24.3393
v -9.9993 		-44.4471 		23.8813
v -24.817 		-46.055 		24.55
v -10.4833 		-33.5149 		8.6989
v -30.266 		-25.672 		54.161
v -24.817 		-32.601 		57.031
v -28.135 		-29.535 		55.761
v -25.7505 		-38.6117 		10.8102
v -25.4184 		-36.2799 		9.8443
v -31 		-21.39 		52.387
v -24.4442 		-34.1073 		8.9443
v -22.8949 		-32.242 		8.1717
v -20.8753 		-30.8097 		7.5784
v -18.5234 		-29.9102 		7.2058
v -18.019 		-31.6497 		7.9263
v -19.9007 		-32.3695 		8.2245
v -21.5167 		-33.5149 		8.6989
v -22.7563 		-35.0078 		9.3173
v -23.5363 		-36.746 		10.0374
v -23.8023 		-38.6114 		10.8101
v -23.5364 		-40.477 		11.5829
v -22.7563 		-42.2152 		12.3029
# 182 vertices

g group_20_12568524

usemtl color_12568524
s 0

f 2888 	3064 	2887
f 3051 	3064 	2888
f 2885 	2911 	2886
f 2889 	3015 	2885
f 2890 	2971 	2892
f 2887 	2886 	2902
f 2902 	2886 	2911
f 2918 	2925 	2917
f 2935 	2942 	2934
f 2942 	2943 	2934
f 2937 	2934 	2943
f 2939 	2937 	2943
f 2946 	2948 	2945
f 2948 	2942 	2945
f 2963 	2956 	2918
f 2935 	2945 	2942
f 3062 	2963 	2918
f 2917 	3062 	2918
f 2891 	2892 	2970
f 2974 	2971 	2895
f 2950 	2951 	2906
f 2917 	2925 	2951
f 2951 	2925 	2906
f 3010 	2956 	2916
f 3058 	2978 	3059
f 2948 	2946 	2964
f 2960 	2964 	2946
f 2963 	3061 	2952
f 3061 	3060 	2952
f 2906 	2967 	2950
f 2965 	2950 	2967
f 2966 	2965 	2967
f 2963 	2952 	2956
f 2925 	2918 	2956
f 2969 	2953 	2968
f 2951 	2950 	3063
f 2970 	2892 	2971
f 2920 	3047 	2914
f 2971 	2910 	2970
f 2951 	3063 	2917
f 2967 	2964 	2966
f 2968 	2953 	3029
f 2890 	2895 	2971
f 2974 	2897 	2971
f 2972 	2966 	2964
f 2960 	2972 	2964
f 2976 	3011 	2975
f 2957 	2979 	3011
f 2895 	3058 	2974
f 2975 	3011 	2979
f 2980 	2982 	2903
f 2895 	2903 	2982
f 2903 	2983 	2897
f 2978 	2982 	2980
f 2897 	2983 	2910
f 2965 	3064 	2950
f 2910 	2971 	2897
f 2914 	2970 	2910
f 3058 	2897 	2974
f 2972 	3064 	2966
f 2984 	2914 	2983
f 2910 	2983 	2914
f 2982 	3058 	2895
f 2960 	2946 	2886
f 2945 	2886 	2946
f 2920 	2914 	2986
f 2934 	2885 	2935
f 2978 	2908 	3059
f 2982 	2978 	3058
f 2905 	3059 	2908
f 2992 	3016 	2979
f 2912 	3060 	2905
f 3059 	2905 	3060
f 2984 	2986 	2914
f 2916 	2952 	3060
f 2979 	2957 	2992
f 2969 	2992 	2953
f 2957 	2953 	2992
f 2912 	2916 	3060
f 2968 	3021 	2969
f 2975 	3012 	2976
f 2986 	2985 	2920
f 3012 	2975 	3016
f 2986 	2994 	2985
f 2886 	2935 	2885
f 3016 	2969 	3021
f 2934 	2937 	2885
f 2979 	3016 	2975
f 3061 	2963 	3062
f 2925 	3052 	2906
f 2992 	2969 	3016
f 2994 	3003 	2987
f 3029 	3028 	2968
f 3063 	2950 	3064
f 2965 	2966 	3064
f 2994 	2987 	2985
f 2886 	3065 	2960
f 2990 	2987 	2953
f 3007 	3032 	3005
f 3054 	3052 	2956
f 2945 	2935 	2886
f 2892 	2983 	2890
f 2895 	2890 	2903
f 2983 	2903 	2890
f 2889 	2885 	2937
f 2995 	2993 	3011
f 3003 	2953 	2987
f 2937 	2939 	2889
f 3012 	2995 	3009
f 2911 	2885 	3015
f 2891 	3014 	2984
f 3014 	3017 	2984
f 2990 	2953 	2993
f 2996 	2999 	3009
f 3016 	2995 	3012
f 2943 	3015 	2884
f 2957 	2993 	2953
f 3018 	2986 	3017
f 2986 	2984 	3017
f 2957 	3011 	2993
f 3003 	2994 	3024
f 2996 	3009 	2995
f 3021 	2990 	3016
f 2939 	2943 	3025
f 3026 	3023 	2994
f 3008 	3032 	2884
f 2995 	3011 	2996
f 3023 	3024 	2994
f 3013 	2996 	3011
f 2884 	3025 	2943
f 2995 	3016 	2993
f 3028 	2990 	3021
f 3003 	3029 	2953
f 3013 	3020 	2996
f 3024 	3029 	3003
f 2996 	3020 	2999
f 3013 	3011 	3030
f 2976 	3030 	3011
f 3035 	3045 	3020
f 2999 	3020 	3032
f 3022 	3032 	3020
f 3022 	2884 	3032
f 3024 	3023 	3028
f 3031 	3028 	3023
f 3035 	3020 	3034
f 3030 	3034 	3013
f 3006 	3040 	3005
f 3031 	3023 	3026
f 3013 	3034 	3020
f 3029 	3024 	3028
f 3044 	3007 	3005
f 2993 	3016 	2990
f 3031 	2985 	3028
f 3026 	2994 	3018
f 2986 	3018 	2994
f 3056 	3010 	2899
f 2884 	3022 	3025
f 3040 	3025 	3022
f 2970 	3014 	2891
f 2889 	2939 	3006
f 3025 	3006 	2939
f 3018 	3047 	3026
f 3031 	3026 	3047
f 3017 	3047 	3018
f 3057 	3056 	2980
f 3021 	2968 	3028
f 3040 	3022 	3044
f 3045 	3044 	3022
f 3017 	3014 	3047
f 2970 	3047 	3014
f 2892 	2891 	2983
f 2984 	2983 	2891
f 3022 	3020 	3045
f 2899 	2980 	3056
f 3008 	3015 	3006
f 3005 	3032 	3006
f 2903 	2897 	2980
f 3025 	3040 	3006
f 3044 	3005 	3040
f 3045 	3007 	3044
f 3008 	2884 	3015
f 3045 	3035 	3007
f 3034 	3009 	3035
f 3007 	3035 	3009
f 2911 	3015 	2942
f 2943 	2942 	3015
f 2952 	2916 	2956
f 3012 	3009 	2976
f 3034 	3030 	3009
f 3030 	2976 	3009
f 2899 	2908 	2980
f 2978 	2980 	2908
f 2990 	3028 	2987
f 3047 	2985 	3031
f 2948 	2902 	2942
f 2920 	2985 	3047
f 2970 	2914 	3047
f 2987 	3028 	2985
f 2899 	2905 	2908
f 3006 	3015 	2889
f 3008 	3006 	3032
f 2948 	2964 	2902
f 2905 	2899 	2912
f 2916 	2912 	3010
f 3007 	3009 	2999
f 3032 	3007 	2999
f 3010 	2912 	2899
f 2911 	2942 	2902
f 2887 	2964 	2888
f 2967 	2888 	2964
f 2887 	2902 	2964
f 3051 	2888 	2906
f 2967 	2906 	2888
f 3051 	2906 	3052
f 2925 	2956 	3052
f 3055 	3054 	3010
f 2956 	3010 	3054
f 3055 	3010 	3056
f 3057 	2980 	2897
f 3059 	3057 	3058
f 3060 	3056 	3059
f 2897 	3058 	3057
f 3061 	3054 	3060
f 3056 	3060 	3055
f 3057 	3059 	3056
f 3062 	3054 	3061
f 3062 	2917 	3063
f 3055 	3060 	3054
f 3051 	3052 	3063
f 3054 	3062 	3052
f 3064 	3051 	3063
f 2972 	3065 	3064
f 3062 	3063 	3052
f 3065 	2887 	3064
f 2972 	2960 	3065
f 2886 	2887 	3065
# 236 faces

g group_20_16448250

usemtl color_16448250
s 0

f 2896 	2900 	2901
f 2898 	2893 	2913
f 2893 	2894 	2913
f 2922 	2923 	2924
f 2921 	2898 	2913
f 2923 	2922 	2926
f 2923 	2926 	2919
f 2927 	2928 	2913
f 2924 	2923 	2930
f 2924 	2930 	2931
f 2929 	3041 	2913
f 2907 	2973 	2933
f 2932 	2936 	2930
f 2931 	2930 	2936
f 2938 	2900 	2930
f 2938 	2930 	2923
f 2907 	2940 	2941
f 3041 	3043 	2913
f 2933 	2944 	2907
f 2923 	3004 	2938
f 2900 	2947 	2901
f 2901 	2947 	2904
f 2893 	3002 	2894
f 2907 	2981 	2961
f 3001 	3053 	2894
f 2949 	2929 	2913
f 2904 	2947 	2909
f 2961 	2977 	2907
f 2947 	2938 	3000
f 2928 	2949 	2913
f 2907 	2977 	2973
f 2947 	2900 	2938
f 2907 	2944 	2940
f 2907 	2962 	2981
f 2954 	2913 	2955
f 2959 	2927 	2913
f 2932 	2896 	2959
f 2959 	2913 	2954
f 2913 	3053 	3048
f 3049 	2958 	2913
f 2913 	2958 	2955
f 2954 	3037 	2959
f 3050 	3049 	2913
f 3048 	3050 	2913
f 2894 	3053 	2913
f 2988 	2981 	2989
f 2981 	2988 	2961
f 2981 	2991 	2989
f 2988 	2989 	2991
f 2949 	2973 	2929
f 2933 	2973 	2949
f 2909 	3000 	2915
f 3000 	3004 	2915
f 2981 	2962 	2991
f 2907 	2997 	2998
f 2909 	2947 	3000
f 2919 	2915 	3004
f 3004 	2923 	2919
f 2893 	2898 	3002
f 2936 	2932 	2959
f 3000 	2938 	3004
f 3037 	2924 	2959
f 2962 	2907 	2998
f 2921 	2962 	2998
f 2998 	2997 	2898
f 2998 	2898 	2921
f 2997 	3002 	2898
f 3001 	2894 	3002
f 3038 	3039 	2907
f 3036 	2921 	2913
f 2958 	3046 	3019
f 3033 	2907 	3037
f 3036 	2913 	3042
f 2941 	3037 	2907
f 2913 	3043 	3042
f 2955 	3033 	2954
f 3037 	2954 	3033
f 2991 	3036 	3042
f 2955 	2958 	3033
f 2922 	3037 	2926
f 2924 	3037 	2922
f 2927 	2959 	2896
f 3053 	3001 	3027
f 3027 	3039 	3053
f 2931 	2959 	2924
f 2936 	2959 	2931
f 2941 	2926 	3037
f 2901 	2927 	2896
f 2904 	2927 	2901
f 2909 	2940 	2904
f 2915 	2940 	2909
f 2927 	2904 	2940
f 3041 	2929 	2977
f 2973 	2977 	2929
f 2919 	2941 	2915
f 3041 	2977 	3043
f 2961 	3043 	2977
f 2926 	2941 	2919
f 2940 	2915 	2941
f 2961 	2988 	3043
f 3042 	3043 	2988
f 2940 	2944 	2927
f 2928 	2927 	2944
f 2907 	3001 	3002
f 2907 	3019 	3046
f 2928 	2944 	2949
f 3033 	3019 	2907
f 2933 	2949 	2944
f 2907 	3027 	3001
f 3019 	3033 	2958
f 2907 	3039 	3027
f 2932 	2930 	2896
f 2900 	2896 	2930
f 2907 	3002 	2997
f 2991 	2962 	3036
f 2988 	2991 	3042
f 2962 	2921 	3036
f 3046 	3038 	2907
f 3038 	3046 	3050
f 3053 	3039 	3048
f 3039 	3038 	3050
f 3039 	3050 	3048
f 3049 	3050 	3046
f 3046 	2958 	3049
# 124 faces

 #end of obj_20

o obj_21
v -8.6969 		-39.448 		25.0538
v -9.0283 		-39.7733 		24.986
v -9.4047 		-39.3402 		26.3719
v -8.4347 		-39.1122 		25.2506
v -8.2676 		-38.7987 		25.5572
v -8.2117 		-38.5382 		25.9436
v -8.2726 		-38.3562 		26.3719
v -8.4444 		-38.2705 		26.8001
v -8.7101 		-38.2895 		27.1865
v -9.0438 		-38.4114 		27.4931
v -9.4129 		-38.6242 		27.6899
v -9.7812 		-38.9071 		27.7578
v -10.1126 		-39.2324 		27.6899
v -10.3747 		-39.5682 		27.4931
v -10.5419 		-39.8817 		27.1865
v -10.5978 		-40.1422 		26.8001
v -10.5368 		-40.3242 		26.3719
v -10.3651 		-40.4099 		25.9436
v -10.0994 		-40.3909 		25.5572
v -9.7656 		-40.269 		25.2506
v -9.3966 		-40.0562 		25.0538
v -7.816 		-41.168 		25.7511
v -7.4846 		-40.8427 		25.8189
v -8.1925 		-40.7349 		27.137
v -7.2225 		-40.5068 		26.0157
v -7.0553 		-40.1933 		26.3224
v -6.9995 		-39.9328 		26.7087
v -7.0604 		-39.7508 		27.137
v -7.2321 		-39.6652 		27.5652
v -7.4979 		-39.6842 		27.9516
v -7.8316 		-39.8061 		28.2582
v -8.2007 		-40.0189 		28.455
v -8.5689 		-40.3018 		28.5229
v -8.9004 		-40.6271 		28.455
v -9.1625 		-40.9629 		28.2582
v -9.3297 		-41.2764 		27.9516
v -9.3855 		-41.5369 		27.5652
v -9.3246 		-41.7189 		27.137
v -9.1529 		-41.8046 		26.7087
v -8.8871 		-41.7855 		26.3224
v -8.5534 		-41.6636 		26.0157
v -8.1843 		-41.4508 		25.8189
# 42 vertices

g group_21_6383466

usemtl color_6383466
s 0

f 3066 	3067 	3068
f 3069 	3066 	3068
f 3070 	3069 	3068
f 3071 	3070 	3068
f 3072 	3071 	3068
f 3073 	3072 	3068
f 3074 	3073 	3068
f 3075 	3074 	3068
f 3076 	3075 	3068
f 3077 	3076 	3068
f 3078 	3077 	3068
f 3079 	3078 	3068
f 3080 	3079 	3068
f 3081 	3080 	3068
f 3082 	3081 	3068
f 3083 	3082 	3068
f 3084 	3083 	3068
f 3085 	3084 	3068
f 3086 	3085 	3068
f 3067 	3086 	3068
f 3087 	3088 	3089
f 3088 	3090 	3089
f 3090 	3091 	3089
f 3091 	3092 	3089
f 3092 	3093 	3089
f 3093 	3094 	3089
f 3094 	3095 	3089
f 3095 	3096 	3089
f 3096 	3097 	3089
f 3097 	3098 	3089
f 3098 	3099 	3089
f 3099 	3100 	3089
f 3100 	3101 	3089
f 3101 	3102 	3089
f 3102 	3103 	3089
f 3103 	3104 	3089
f 3104 	3105 	3089
f 3105 	3106 	3089
f 3106 	3107 	3089
f 3107 	3087 	3089
f 3067 	3066 	3066
f 3066 	3069 	3069
f 3069 	3070 	3070
f 3070 	3071 	3071
f 3071 	3072 	3072
f 3072 	3073 	3073
f 3073 	3074 	3074
f 3074 	3075 	3075
f 3075 	3076 	3076
f 3076 	3077 	3077
f 3077 	3078 	3078
f 3078 	3079 	3079
f 3079 	3080 	3080
f 3080 	3081 	3081
f 3081 	3082 	3082
f 3082 	3083 	3083
f 3083 	3084 	3084
f 3084 	3085 	3085
f 3085 	3086 	3086
f 3086 	3067 	3067
f 3067 	3066 	3088
f 3067 	3088 	3087
f 3066 	3069 	3090
f 3066 	3090 	3088
f 3069 	3070 	3091
f 3069 	3091 	3090
f 3070 	3071 	3092
f 3070 	3092 	3091
f 3071 	3072 	3093
f 3071 	3093 	3092
f 3072 	3073 	3094
f 3072 	3094 	3093
f 3073 	3074 	3095
f 3073 	3095 	3094
f 3074 	3075 	3096
f 3074 	3096 	3095
f 3075 	3076 	3097
f 3075 	3097 	3096
f 3076 	3077 	3098
f 3076 	3098 	3097
f 3077 	3078 	3099
f 3077 	3099 	3098
f 3078 	3079 	3100
f 3078 	3100 	3099
f 3079 	3080 	3101
f 3079 	3101 	3100
f 3080 	3081 	3102
f 3080 	3102 	3101
f 3081 	3082 	3103
f 3081 	3103 	3102
f 3082 	3083 	3104
f 3082 	3104 	3103
f 3083 	3084 	3105
f 3083 	3105 	3104
f 3084 	3085 	3106
f 3084 	3106 	3105
f 3085 	3086 	3107
f 3085 	3107 	3106
f 3086 	3067 	3087
f 3086 	3087 	3107
f 3087 	3088 	3088
f 3088 	3090 	3090
f 3090 	3091 	3091
f 3091 	3092 	3092
f 3092 	3093 	3093
f 3093 	3094 	3094
f 3094 	3095 	3095
f 3095 	3096 	3096
f 3096 	3097 	3097
f 3097 	3098 	3098
f 3098 	3099 	3099
f 3099 	3100 	3100
f 3100 	3101 	3101
f 3101 	3102 	3102
f 3102 	3103 	3103
f 3103 	3104 	3104
f 3104 	3105 	3105
f 3105 	3106 	3106
f 3106 	3107 	3107
f 3107 	3087 	3087
# 120 faces

 #end of obj_21

