# Object Export From Tinkercad Server 2015

mtllib obj.mtl

o obj_0
v 26.64 		41.128 		39.308
v 26.64 		41.171 		39.017
v 26.64 		61.509 		53.579
v 26.64 		40.966 		39.841
v 26.64 		41.024 		39.697
v 26.64 		41.074 		39.546
v 26.64 		41.103 		39.428
v 26.64 		42.815 		38.236
v 26.64 		42.682 		37.935
v 27 		39.3 		40.241
v 27 		39.107 		40.241
v 27 		40.222 		39.94
v 27 		57.302 		60.029
v 27 		40.159 		39.963
v 27 		57.124 		60.03
v 26.64 		61.606 		53.619
v 26.64 		61.636 		53.65
v 27 		56.787 		60.019
v 26.64 		61.661 		53.685
v 27 		56.704 		59.945
v 27 		56.63 		59.866
v 27 		56.42 		59.578
v 26.64 		61.492 		53.26
v 26.64 		61.69 		53.739
v 27 		57.28 		58.462
v 26.64 		61.639 		53.269
v 27 		57.211 		58.399
v 26.64 		61.552 		53.25
v 27 		38.822 		34.272
v 27 		39.413 		34.212
v 26.695 		36.775 		57.341
v 26.695 		36.8 		57.078
v 27 		36.8 		57.078
v 27 		57.111 		58.741
v 27 		36.775 		57.341
v 26.695 		36.825 		56.816
v 27 		56.621 		58.694
v 26.64 		61.713 		53.795
v 27 		36.825 		56.816
v 26.64 		62.143 		53.362
v 26.64 		61.726 		53.291
v 26.695 		36.788 		55.185
v 26.695 		36.781 		55.108
v 27 		36.781 		55.108
v 27 		36.788 		55.185
v 26.695 		36.775 		55.031
v 27 		56 		58.893
v 27 		36.775 		55.031
v 27 		56.023 		58.838
v 27 		56.059 		58.788
v 27 		56.196 		58.718
v 27 		56.344 		58.664
v 26.64 		61.722 		53.886
v 27 		56.481 		58.674
v 26.64 		61.733 		53.978
v 26.695 		36.78 		54.934
v 27 		36.78 		54.934
v 27 		56.216 		59.288
v 27 		56.116 		59.132
v 27 		56.022 		58.975
v 27 		56.007 		58.934
v 26.64 		60.12 		60.184
v 26.64 		60.311 		60.187
v 26.64 		61.804 		37.715
v 27 		61.804 		37.715
v 26.64 		59.475 		60.139
v 26.64 		61.561 		38.725
v 26.64 		61.591 		38.604
v 27 		61.591 		38.604
v 27 		56.976 		58.157
v 27 		61.561 		38.725
v 27 		56.882 		58.073
v 27 		56.793 		57.986
v 26.64 		59.696 		60.148
v 27 		56.767 		57.951
v 27 		56.75 		57.915
v 27 		56.992 		58.17
v 26.64 		59.915 		60.16
v 26.64 		61.623 		38.484
v 27 		61.623 		38.484
v 26.64 		61.846 		37.724
v 27 		37.249 		53.893
v 27 		37.345 		53.753
v 27 		61.846 		37.724
v 26.64 		60.018 		60.172
v 26.64 		61.803 		37.908
v 27 		61.803 		37.908
v 26.64 		60.502 		60.192
v 26.64 		61.745 		38.107
v 27 		37.77 		53.25
v 27 		37.885 		53.288
v 27 		61.745 		38.107
v 27 		56.75 		57.904
v 27 		57.01 		58.184
v 26.64 		61.684 		38.296
v 26.64 		60.748 		60.226
v 26.64 		61.022 		60.239
v 26.64 		61.297 		60.248
v 27 		61.684 		38.296
v 27 		56.751 		57.889
v 27 		56.53 		57.603
v 27 		56.344 		57.357
v 26.64 		59.524 		57.345
v 26.64 		59.478 		57.433
v 26.64 		59.454 		57.517
v 26.64 		59.428 		57.626
v 27 		57.125 		58.308
v 26.64 		61.309 		37.891
v 27 		61.309 		37.891
v 27 		57.229 		57.278
v 26.64 		57.479 		60.03
v 26.64 		61.429 		37.842
v 27 		61.429 		37.842
v 26.64 		57.587 		60.035
v 26.64 		57.695 		60.042
v 27 		56.323 		57.247
v 27 		56.338 		57.202
v 27 		56.374 		57.166
v 27 		56.418 		57.135
v 27 		56.551 		57.099
v 27 		56.686 		57.077
v 27 		56.834 		57.11
v 27 		56.978 		57.156
v 26.64 		57.975 		60.071
v 26.64 		61.267 		37.883
v 27 		61.267 		37.883
v 27 		56.327 		57.326
v 27 		56.316 		57.293
v 26.64 		64.332 		59.56
v 26.64 		58.255 		60.103
v 26.64 		61.227 		37.864
v 27 		64.332 		59.56
v 27 		61.227 		37.864
v 26.64 		64.341 		59.729
v 27 		64.341 		59.729
v 26.64 		61.203 		37.826
v 27 		61.203 		37.826
v 26.64 		58.377 		60.123
v 26.64 		58.499 		60.139
v 26.64 		58.987 		60.14
v 26.64 		64.296 		59.823
v 27 		40.003 		34.156
v 27 		64.296 		59.823
v 27 		40.529 		34.149
v 26.64 		61.183 		37.781
v 27 		61.183 		37.781
v 26.64 		64.236 		59.914
v 27 		64.236 		59.914
v 27 		38.619 		34.277
v 26.64 		61.174 		37.728
v 27 		61.174 		37.728
v 26.64 		64.201 		59.952
v 27 		64.201 		59.952
v 27 		38.416 		34.272
v 26.64 		61.172 		37.673
v 27 		61.172 		37.673
v 26.64 		64.158 		59.983
v 27 		37.808 		34.188
v 27 		64.158 		59.983
v 26.64 		61.236 		37.435
v 27 		61.236 		37.435
v 26.64 		63.847 		60.059
v 27 		63.847 		60.059
v 27 		37.201 		34.095
v 26.64 		63.532 		60.131
v 27 		63.532 		60.131
v 27 		36.996 		34.048
v 26.64 		61.279 		37.098
v 26.64 		61.23 		37.145
v 27 		61.23 		37.145
v 27 		61.279 		37.098
v 26.64 		64.504 		57.466
v 27 		64.504 		57.466
v 27 		36.792 		34.006
v 26.64 		64.472 		57.927
v 26.64 		61.171 		37.189
v 27 		64.472 		57.927
v 27 		61.171 		37.189
v 27 		41.128 		39.308
v 27 		41.171 		39.017
v 27 		37.078 		54.162
v 27 		37.707 		53.26
v 26.64 		61.32 		37.066
v 27 		61.32 		37.066
v 27 		37 		54.289
v 26.64 		61.11 		37.229
v 27 		61.11 		37.229
v 27 		36.921 		54.362
v 27 		41.103 		39.428
v 26.64 		60.99 		37.278
v 27 		60.99 		37.278
v 27 		36.788 		55.674
v 27 		41.074 		39.546
v 27 		36.787 		55.429
v 27 		36.819 		56
v 27 		41.024 		39.697
v 26.64 		61.316 		37.125
v 27 		61.316 		37.125
v 27 		36.847 		56.327
v 27 		40.966 		39.841
v 26.64 		61.303 		37.198
v 27 		61.303 		37.198
v 27 		36.84 		56.571
v 27 		42.815 		38.236
v 27 		42.682 		37.935
v 26.64 		60.868 		37.32
v 27 		60.868 		37.32
v 26.64 		60.796 		37.33
v 27 		60.796 		37.33
v 26.64 		60.724 		37.335
v 27 		60.724 		37.335
v 27 		36.788 		54.837
v 27 		36.825 		54.535
v 26.64 		60.694 		37.33
v 27 		36.829 		54.551
v 27 		60.694 		37.33
v 27 		42.836 		38.304
v 27 		36.831 		54.484
v 27 		36.832 		54.568
v 26.64 		60.664 		37.318
v 27 		60.664 		37.318
v 27 		36.83 		54.616
v 27 		42.846 		38.373
v 27 		36.843 		54.436
v 26.64 		60.606 		37.241
v 27 		60.606 		37.241
v 27 		42.81 		38.517
v 26.64 		60.55 		37.157
v 27 		60.55 		37.157
v 27 		36.825 		54.664
v 27 		42.765 		38.661
v 26.64 		60.531 		37.119
v 27 		60.531 		37.119
v 27 		36.806 		54.751
v 26.64 		60.517 		37.078
v 27 		42.747 		38.701
v 27 		60.517 		37.078
v 26.695 		44.397 		59.399
v 27 		44.397 		59.399
v 26.64 		60.509 		36.956
v 27 		60.509 		36.956
v 27 		42.725 		38.737
v 26.695 		44.477 		59.473
v 27 		44.477 		59.473
v 26.695 		44.545 		59.544
v 27 		42.679 		38.776
v 27 		44.545 		59.544
v 26.64 		63.557 		34.832
v 27 		63.557 		34.832
v 26.695 		44.61 		59.616
v 27 		44.61 		59.616
v 27 		42.629 		38.802
v 26.64 		63.592 		34.934
v 27 		63.592 		34.934
v 26.64 		63.61 		35.066
v 27 		63.61 		35.066
v 26.695 		44.632 		59.646
v 27 		44.632 		59.646
v 26.64 		63.622 		35.201
v 27 		63.622 		35.201
v 26.695 		44.649 		59.678
v 27 		41.217 		38.729
v 27 		44.649 		59.678
v 26.64 		63.671 		36.468
v 27 		63.671 		36.468
v 26.695 		44.651 		59.787
v 27 		44.651 		59.787
v 26.64 		63.685 		36.74
v 27 		63.685 		36.74
v 26.695 		44.645 		59.897
v 27 		44.645 		59.897
v 27 		41.947 		38.761
v 26.64 		63.64 		35.699
v 27 		63.64 		35.699
v 26.695 		44.627 		59.95
v 27 		44.627 		59.95
v 27 		41.231 		38.717
v 27 		63.656 		36.196
v 26.64 		63.656 		36.196
v 26.695 		44.601 		60
v 27 		41.249 		38.709
v 27 		44.601 		60
v 26.64 		61.842 		34.565
v 26.695 		44.56 		60.032
v 26.64 		61.952 		34.551
v 27 		44.56 		60.032
v 27 		61.952 		34.551
v 27 		61.842 		34.565
v 26.64 		62.299 		34.548
v 27 		62.299 		34.548
v 27 		41.263 		38.71
v 26.695 		44.514 		60.054
v 27 		44.514 		60.054
v 26.64 		62.647 		34.551
v 27 		62.647 		34.551
v 27 		41.256 		38.709
v 26.64 		62.82 		34.567
v 27 		62.82 		34.567
v 26.64 		42.629 		38.802
v 26.64 		42.679 		38.776
v 26.64 		42.725 		38.737
v 26.695 		36.788 		54.837
v 26.64 		42.747 		38.701
v 26.64 		42.765 		38.661
v 26.64 		42.81 		38.517
v 26.64 		42.846 		38.373
v 26.64 		42.836 		38.304
v 27 		61.733 		34.564
v 26.64 		61.733 		34.564
v 26.64 		62.993 		34.59
v 27 		62.993 		34.59
v 26.64 		41.217 		38.729
v 26.64 		63.234 		34.638
v 27 		63.234 		34.638
v 26.695 		36.829 		54.551
v 26.64 		63.473 		34.692
v 26.695 		36.825 		54.535
v 27 		63.473 		34.692
v 26.64 		41.231 		38.717
v 26.64 		63.496 		34.71
v 27 		63.496 		34.71
v 26.64 		41.249 		38.709
v 26.695 		36.832 		54.568
v 26.64 		63.516 		34.736
v 27 		63.516 		34.736
v 26.695 		36.831 		54.484
v 26.64 		41.256 		38.709
v 26.64 		61.623 		34.565
v 27 		61.623 		34.565
v 27 		61.441 		34.591
v 26.64 		61.441 		34.591
v 26.64 		41.263 		38.71
v 26.64 		41.947 		38.761
v 26.695 		36.83 		54.616
v 26.64 		42.55 		37.634
v 26.695 		36.843 		54.436
v 26.64 		42.451 		37.37
v 26.64 		42.363 		37.103
v 26.64 		60.462 		36.603
v 26.64 		42.37 		37.059
v 26.64 		60.425 		36.608
v 27 		60.425 		36.608
v 27 		60.462 		36.603
v 26.64 		42.388 		37.017
v 26.64 		60.387 		36.613
v 27 		60.387 		36.613
v 26.695 		36.806 		54.751
v 26.64 		60.071 		36.613
v 26.64 		60.016 		36.62
v 27 		60.016 		36.62
v 27 		60.071 		36.613
v 26.695 		36.825 		54.664
v 26.64 		59.961 		36.625
v 27 		59.961 		36.625
v 26.64 		43.189 		36.145
v 26.64 		43.252 		36.07
v 27 		63.489 		41.863
v 26.64 		43.314 		35.994
v 27 		63.497 		41.773
v 26.64 		43.404 		35.902
v 26.64 		43.493 		35.809
v 26.64 		59.837 		36.602
v 27 		59.837 		36.602
v 26.64 		43.599 		35.657
v 27 		63.568 		41.243
v 27 		63.533 		41.508
v 26.64 		59.713 		36.572
v 27 		59.713 		36.572
v 27 		63.577 		41.074
v 27 		63.574 		41.159
v 26.64 		43.68 		35.577
v 26.64 		43.759 		35.495
v 26.64 		43.853 		35.358
v 26.64 		43.938 		35.212
v 26.64 		43.975 		35.088
v 26.64 		44 		34.959
v 26.64 		43.993 		34.889
v 26.64 		43.977 		34.82
v 26.64 		60.472 		36.607
v 27 		63.273 		42.25
v 27 		63.147 		42.192
v 27 		63.023 		42.118
v 27 		62.99 		42.076
v 27 		62.963 		42.024
v 27 		63.475 		41.988
v 27 		60.472 		36.607
v 27 		63.467 		42.02
v 27 		63.412 		42.122
v 27 		63.353 		42.215
v 27 		63.314 		42.24
v 26.64 		43.943 		34.765
v 26.64 		60.48 		36.615
v 26.64 		43.902 		34.719
v 26.64 		43.77 		34.668
v 26.64 		43.634 		34.626
v 27 		60.48 		36.615
v 27 		62.672 		41.449
v 27 		62.497 		41.443
v 26.64 		60.493 		36.722
v 26.64 		43.566 		34.613
v 27 		60.493 		36.722
v 27 		62.851 		41.477
v 26.64 		60.503 		36.833
v 27 		60.503 		36.833
v 26.64 		43.499 		34.598
v 26.64 		43.405 		34.542
v 26.64 		59.697 		34.643
v 26.64 		59.801 		34.618
v 27 		59.801 		34.618
v 27 		59.697 		34.643
v 26.64 		43.31 		34.484
v 26.64 		43.219 		34.443
v 26.64 		43.126 		34.408
v 26.64 		43.023 		34.387
v 27 		63.029 		41.51
v 26.64 		42.577 		36.785
v 27 		63.056 		41.517
v 26.64 		59.592 		34.667
v 26.64 		42.771 		36.56
v 27 		59.592 		34.667
v 26.64 		42.98 		36.352
v 26.64 		59.92 		34.602
v 27 		59.92 		34.602
v 27 		63.075 		41.531
v 26.64 		60.039 		34.59
v 27 		60.039 		34.59
v 26.64 		60.284 		34.588
v 27 		60.284 		34.588
v 26.64 		42.411 		34.322
v 26.64 		42.318 		34.315
v 27 		63.481 		41.954
v 26.64 		42.919 		34.373
v 26.64 		42.764 		34.374
v 27 		62.955 		41.957
v 27 		62.955 		41.889
v 27 		63.016 		41.706
v 26.64 		60.529 		34.59
v 27 		60.529 		34.59
v 26.64 		59.328 		57.563
v 26.64 		59.244 		57.515
v 26.64 		59.173 		57.483
v 26.64 		59.076 		57.443
v 27 		60.865 		34.616
v 26.64 		60.865 		34.616
v 26.64 		57.349 		58.524
v 27 		62.323 		41.437
v 27 		62.289 		41.424
v 27 		62.257 		41.404
v 27 		62.233 		41.366
v 27 		62.214 		41.321
v 27 		62.206 		41.23
v 27 		62.203 		41.137
v 27 		62.205 		41.1
v 27 		62.211 		41.066
v 26.64 		57.476 		58.655
v 27 		63.577 		40.722
v 27 		63.572 		40.625
v 27 		59.485 		34.671
v 26.64 		59.485 		34.671
v 26.64 		57.445 		57.36
v 27 		61.26 		34.616
v 27 		63.568 		40.528
v 26.64 		61.26 		34.616
v 27 		63.578 		40.898
v 27 		42.55 		37.634
v 26.64 		57.54 		58.76
v 27 		61.063 		34.619
v 27 		63.566 		40.011
v 26.64 		61.063 		34.619
v 27 		63.568 		39.495
v 27 		42.451 		37.37
v 27 		63.592 		39.013
v 27 		42.363 		37.103
v 26.64 		58.924 		36.27
v 26.64 		60.741 		56.727
v 27 		58.924 		36.27
v 26.64 		60.423 		56.84
v 26.64 		60.112 		56.964
v 26.64 		59.97 		57.038
v 27 		42.37 		37.059
v 26.64 		58.854 		36.248
v 27 		58.854 		36.248
v 26.64 		59.819 		57.13
v 27 		62.7642 		39.936
v 27 		62.505 		40.147
v 27 		42.388 		37.017
v 26.64 		59.354 		36.431
v 27 		59.354 		36.431
v 26.64 		61.331 		56.734
v 26.64 		61.218 		56.712
v 26.64 		61.117 		56.696
v 26.64 		61.016 		56.687
v 26.64 		60.877 		56.702
v 26.64 		58.995 		36.287
v 26.64 		59.706 		57.177
v 26.64 		59.623 		57.212
v 27 		58.995 		36.287
v 26.64 		59.598 		57.234
v 27 		43.977 		34.82
v 26.64 		59.578 		57.26
v 27 		62.313 		40.651
v 27 		62.275 		40.51
v 27 		43.993 		34.889
v 27 		62.343 		40.787
v 26.64 		61.436 		53.278
v 26.64 		61.387 		53.321
v 26.64 		61.347 		53.37
v 26.64 		61.342 		53.416
v 26.64 		61.347 		53.462
v 26.64 		61.375 		53.503
v 27 		44 		34.959
v 26.64 		61.412 		53.54
v 27 		62.283 		40.927
v 26.64 		58.467 		35.951
v 27 		58.467 		35.951
v 26.64 		58.814 		57.214
v 26.64 		58.619 		57.046
v 26.64 		58.419 		56.904
v 27 		43.975 		35.088
v 26.64 		58.766 		36.171
v 27 		43.938 		35.212
v 27 		58.766 		36.171
v 26.64 		57.381 		56.666
v 26.64 		57.416 		56.829
v 27 		62.276 		40.012
v 27 		62.253 		39.989
v 27 		62.233 		39.961
v 27 		43.853 		35.358
v 26.64 		57.403 		56.557
v 26.64 		57.386 		56.61
v 26.64 		57.449 		56.993
v 27 		62.338 		40.055
v 26.64 		58.683 		36.083
v 27 		58.683 		36.083
v 27 		43.759 		35.495
v 26.64 		57.517 		56.481
v 26.64 		58.636 		35.943
v 26.64 		57.455 		56.515
v 27 		58.636 		35.943
v 26.64 		57.466 		57.198
v 27 		62.4 		40.096
v 26.64 		58.661 		36.007
v 27 		43.493 		35.809
v 27 		58.661 		36.007
v 27 		62.46 		40.121
v 26.64 		58.151 		56.691
v 26.64 		57.88 		56.483
v 26.64 		57.818 		56.467
v 26.64 		57.75 		56.46
v 26.64 		57.632 		56.466
v 27 		43.252 		36.07
v 26.64 		58.009 		36.132
v 26.64 		57.921 		36.217
v 27 		57.921 		36.217
v 27 		58.009 		36.132
v 27 		62.462 		40.182
v 26.64 		57.832 		36.301
v 27 		57.832 		36.301
v 27 		43.189 		36.145
v 26.64 		56.841 		60.04
v 26.64 		56.9 		60.052
v 26.64 		57.012 		60.042
v 26.64 		57.124 		60.03
v 26.64 		57.518 		36.501
v 26.64 		57.431 		36.585
v 26.64 		57.302 		60.029
v 27 		57.431 		36.585
v 27 		62.28 		40.443
v 27 		57.518 		36.501
v 27 		62.295 		40.379
v 27 		62.347 		40.296
v 27 		62.405 		40.222
v 26.64 		56.42 		59.578
v 26.64 		56.63 		59.866
v 26.64 		56.704 		59.945
v 26.64 		56.787 		60.019
v 27 		43.404 		35.902
v 26.64 		57.605 		36.418
v 27 		57.605 		36.418
v 26.64 		57.392 		36.604
v 27 		57.392 		36.604
v 26.64 		57.211 		58.399
v 26.64 		57.28 		58.462
v 26.64 		57.353 		36.611
v 27 		57.353 		36.611
v 27 		62.289 		39.432
v 26.64 		42.224 		34.307
v 26.64 		57.111 		58.741
v 27 		62.251 		39.484
v 26.64 		56.621 		58.694
v 26.64 		41.995 		34.265
v 26.64 		41.766 		34.224
v 26.64 		41.588 		34.214
v 26.64 		57.719 		36.359
v 27 		57.719 		36.359
v 26.64 		42.609 		34.373
v 27 		62.199 		39.826
v 27 		62.173 		39.688
v 27 		62.178 		39.619
v 27 		62.191 		39.554
v 26.64 		42.51 		34.349
v 26.64 		56.481 		58.674
v 26.64 		56.344 		58.664
v 26.64 		56.196 		58.718
v 26.64 		56.059 		58.788
v 26.695 		43.774 		60.061
v 27 		43.774 		60.061
v 26.64 		56.023 		58.838
v 26.64 		56 		58.893
v 26.64 		58.102 		36.067
v 26.64 		56.007 		58.934
v 26.64 		56.022 		58.975
v 26.64 		56.116 		59.132
v 26.64 		56.216 		59.288
v 26.64 		41.411 		34.206
v 27 		61.874 		39.419
v 27 		58.102 		36.067
v 27 		62.094 		39.421
v 26.64 		58.197 		36.008
v 27 		58.197 		36.008
v 26.64 		41.233 		34.179
v 26.64 		56.75 		57.915
v 26.64 		41.055 		34.156
v 26.64 		56.767 		57.951
v 26.64 		56.793 		57.986
v 26.64 		56.882 		58.073
v 26.64 		58.245 		35.991
v 26.64 		56.976 		58.157
v 26.64 		56.992 		58.17
v 27 		58.245 		35.991
v 26.64 		56.75 		57.904
v 26.64 		58.294 		35.979
v 27 		58.294 		35.979
v 26.64 		57.01 		58.184
v 26.64 		56.344 		57.357
v 26.64 		39 		41.437
v 26.64 		56.53 		57.603
v 26.64 		56.751 		57.889
v 27 		43.314 		35.994
v 26.64 		57.393 		35.271
v 26.64 		57.392 		35.187
v 27 		57.392 		35.187
v 27 		57.393 		35.271
v 26.64 		57.125 		58.308
v 26.64 		39.051 		41.416
v 26.64 		39.098 		41.381
v 26.64 		39.18 		41.253
v 26.64 		39.254 		41.116
v 26.64 		39.265 		41.047
v 26.64 		39.265 		40.977
v 26.64 		57.229 		57.278
v 26.64 		57.392 		35.354
v 27 		57.392 		35.354
v 26.64 		37.944 		41.138
v 26.64 		57.404 		35.004
v 27 		57.404 		35.004
v 26.64 		56.978 		57.156
v 26.64 		38.086 		41.172
v 26.64 		56.834 		57.11
v 26.64 		56.686 		57.077
v 26.64 		57.417 		34.822
v 26.64 		56.551 		57.099
v 27 		57.417 		34.822
v 26.64 		56.418 		57.135
v 26.64 		56.374 		57.166
v 26.64 		56.338 		57.202
v 26.64 		56.323 		57.247
v 26.64 		56.316 		57.293
v 26.64 		56.327 		57.326
v 26.64 		38.227 		41.212
v 26.64 		57.362 		35.535
v 26.64 		35.941 		34.33
v 26.64 		35.941 		34.276
v 27 		57.362 		35.535
v 26.64 		38.429 		41.3
v 26.64 		38.604 		41.355
v 26.64 		38.78 		41.404
v 26.64 		38.89 		41.425
v 26.64 		58.441 		34.5
v 26.64 		36.996 		41.5
v 27 		58.441 		34.5
v 26.64 		37.096 		41.478
v 26.64 		37.195 		41.442
v 26.64 		37.441 		41.317
v 26.64 		37.686 		41.189
v 26.64 		59.119 		34.641
v 27 		59.119 		34.641
v 26.64 		37.749 		41.161
v 27 		59.378 		34.669
v 26.64 		37.813 		41.138
v 26.64 		59.378 		34.669
v 26.64 		37.878 		41.135
v 27 		59.248 		34.655
v 26.64 		59.248 		34.655
v 26.64 		58.468 		34.506
v 27 		58.468 		34.506
v 27 		58.953 		34.642
v 26.64 		58.953 		34.642
v 27 		58.787 		34.641
v 26.64 		35.972 		41.058
v 26.64 		58.787 		34.641
v 26.64 		35.99 		41.109
v 26.64 		36.014 		41.156
v 26.64 		36.097 		41.274
v 26.64 		36.184 		41.386
v 26.64 		36.219 		41.407
v 26.64 		36.257 		41.419
v 26.64 		36.627 		41.466
v 26.64 		40.222 		39.94
v 26.64 		58.493 		34.52
v 27 		58.493 		34.52
v 26.64 		40.286 		39.925
v 27 		58.667 		34.633
v 26.64 		58.667 		34.633
v 27 		58.55 		34.612
v 26.64 		58.55 		34.612
v 26.64 		40.571 		39.933
v 26.64 		40.855 		39.935
v 26.64 		40.914 		39.897
v 27 		58.521 		34.568
v 26.64 		58.521 		34.568
v 26.64 		39.17 		40.615
v 26.64 		57.424 		34.783
v 27 		57.424 		34.783
v 26.64 		57.434 		34.747
v 27 		57.434 		34.747
v 26.64 		57.496 		34.642
v 27 		57.496 		34.642
v 26.64 		57.564 		34.555
v 27 		57.564 		34.555
v 26.64 		39.491 		40.233
v 26.64 		39.747 		40.151
v 26.64 		57.681 		34.54
v 26.64 		40.001 		40.054
v 27 		57.681 		34.54
v 26.64 		40.08 		40.009
v 26.64 		40.159 		39.963
v 26.64 		57.853 		34.526
v 27 		57.853 		34.526
v 26.64 		39.075 		40.259
v 27 		57.802 		34.539
v 26.64 		57.802 		34.539
v 26.64 		57.904 		34.514
v 27 		57.904 		34.514
v 26.64 		58.172 		34.504
v 26.64 		39.088 		40.247
v 27 		58.172 		34.504
v 27 		61.806 		39.401
v 27 		61.739 		39.375
v 27 		61.655 		39.319
v 27 		61.574 		39.254
v 27 		61.553 		39.211
v 27 		61.538 		39.161
v 27 		61.533 		39.05
v 27 		61.534 		38.938
v 26.64 		64.373 		58.885
v 27 		64.373 		58.885
v 26.64 		64.371 		59.076
v 27 		64.371 		59.076
v 26.64 		64.365 		59.111
v 27 		63.622 		38.531
v 27 		64.365 		59.111
v 27 		64.315 		59.388
v 26.64 		64.315 		59.388
v 27 		64.315 		59.298
v 26.64 		64.315 		59.298
v 27 		63.688 		37.031
v 27 		63.687 		37.322
v 27 		63.683 		37.53
v 27 		63.678 		37.738
v 27 		63.664 		38.04
v 27 		63.647 		38.343
v 27 		63.635 		38.437
v 26.64 		64.352 		59.145
v 27 		64.352 		59.145
v 27 		61.549 		37.787
v 27 		61.649 		37.753
v 26.64 		64.338 		59.158
v 27 		64.338 		59.158
v 27 		64.318 		59.176
v 26.64 		64.318 		59.176
v 26.64 		64.431 		58.239
v 27 		64.431 		58.239
v 27 		61.749 		37.724
v 27 		64.373 		58.644
v 26.64 		64.373 		58.644
v 26.64 		63.431 		60.163
v 27 		63.431 		60.163
v 26.64 		63.33 		60.193
v 27 		63.33 		60.193
v 26.64 		63.214 		60.212
v 27 		63.214 		60.212
v 26.64 		63.097 		60.225
v 27 		63.097 		60.225
v 26.64 		62.801 		60.239
v 27 		62.801 		60.239
v 26.64 		62.504 		60.248
v 27 		62.504 		60.248
v 26.64 		61.9 		60.25
v 27 		61.9 		60.25
v 26.64 		64.529 		56.923
v 27 		64.529 		56.923
v 27 		61.545 		38.831
v 26.64 		64.53 		57.005
v 27 		64.53 		57.005
v 26.64 		64.631 		56.127
v 27 		64.631 		56.127
v 27 		64.69 		55.678
v 26.64 		64.69 		55.678
v 27 		64.528 		56.842
v 26.64 		64.528 		56.842
v 27 		64.547 		56.62
v 26.64 		64.547 		56.62
v 27 		64.572 		56.399
v 26.64 		64.572 		56.399
v 27 		64.601 		56.263
v 26.64 		64.601 		56.263
v 26.64 		61.855 		56.853
v 26.64 		61.846 		56.63
v 27 		61.846 		56.63
v 27 		61.855 		56.853
v 26.64 		61.842 		56.406
v 27 		61.842 		56.406
v 26.64 		61.919 		55.893
v 27 		61.919 		55.893
v 26.64 		61.998 		55.38
v 27 		61.998 		55.38
v 26.64 		61.443 		56.76
v 27 		61.443 		56.76
v 26.64 		61.846 		56.879
v 27 		61.846 		56.879
v 26.64 		61.831 		56.896
v 27 		61.831 		56.896
v 27 		61.64 		56.831
v 26.64 		61.64 		56.831
v 26.64 		64.958 		54.347
v 27 		64.958 		54.347
v 26.64 		64.999 		54.434
v 27 		64.999 		54.434
v 26.64 		65 		54.522
v 27 		65 		54.522
v 26.64 		64.988 		54.611
v 27 		64.988 		54.611
v 27 		64.755 		55.23
v 26.64 		64.755 		55.23
v 27 		64.823 		55.013
v 26.64 		64.823 		55.013
v 26.64 		64.947 		54.705
v 27 		64.947 		54.705
v 27 		64.903 		54.797
v 26.64 		64.903 		54.797
v 26.64 		63.816 		53.803
v 27 		63.816 		53.803
v 26.64 		64.01 		53.881
v 27 		64.01 		53.881
v 26.64 		64.696 		54.173
v 27 		64.696 		54.173
v 26.64 		64.803 		54.217
v 27 		64.803 		54.217
v 27 		43.68 		35.577
v 26.64 		64.901 		54.267
v 27 		64.901 		54.267
v 27 		43.599 		35.657
v 26.64 		64.199 		53.964
v 27 		64.199 		53.964
v 27 		64.524 		54.119
v 27 		43.023 		34.387
v 26.64 		64.524 		54.119
v 27 		64.447 		54.089
v 26.64 		64.447 		54.089
v 27 		43.126 		34.408
v 27 		43.219 		34.443
v 26.64 		64.285 		54.01
v 27 		64.285 		54.01
v 27 		64.371 		54.057
v 27 		43.634 		34.626
v 26.64 		64.371 		54.057
v 27 		43.77 		34.668
v 26.64 		62.556 		53.439
v 27 		62.556 		53.439
v 26.64 		63.189 		53.615
v 27 		63.189 		53.615
v 27 		43.902 		34.719
v 26.64 		61.887 		54.337
v 27 		43.943 		34.765
v 27 		61.887 		54.337
v 26.64 		62.025 		54.699
v 27 		62.025 		54.699
v 26.64 		62.026 		55.038
v 27 		62.026 		55.038
v 27 		43.31 		34.484
v 27 		61.509 		53.579
v 27 		43.566 		34.613
v 27 		61.733 		53.978
v 27 		43.499 		34.598
v 27 		61.606 		53.619
v 27 		61.636 		53.65
v 27 		61.661 		53.685
v 27 		43.405 		34.542
v 27 		61.69 		53.739
v 27 		61.492 		53.26
v 27 		42.577 		36.785
v 27 		42.771 		36.56
v 27 		42.98 		36.352
v 27 		61.552 		53.25
v 27 		61.639 		53.269
v 27 		41.055 		34.156
v 27 		61.722 		53.886
v 27 		41.588 		34.214
v 27 		61.713 		53.795
v 27 		41.766 		34.224
v 27 		42.411 		34.322
v 27 		42.318 		34.315
v 27 		62.143 		53.362
v 27 		61.726 		53.291
v 27 		61.297 		60.248
v 27 		61.022 		60.239
v 27 		42.919 		34.373
v 27 		42.764 		34.374
v 27 		60.748 		60.226
v 27 		60.12 		60.184
v 27 		60.311 		60.187
v 27 		60.502 		60.192
v 27 		59.475 		60.139
v 27 		59.696 		60.148
v 27 		59.915 		60.16
v 27 		60.018 		60.172
v 27 		41.995 		34.265
v 27 		42.224 		34.307
v 27 		59.454 		57.517
v 27 		59.428 		57.626
v 27 		59.478 		57.433
v 27 		59.524 		57.345
v 27 		41.233 		34.179
v 27 		41.411 		34.206
v 27 		58.987 		60.14
v 27 		42.609 		34.373
v 27 		58.499 		60.139
v 27 		57.479 		60.03
v 27 		42.51 		34.349
v 27 		57.587 		60.035
v 27 		57.695 		60.042
v 27 		57.975 		60.071
v 27 		39.265 		40.977
v 27 		58.377 		60.123
v 27 		58.255 		60.103
v 27 		39.265 		41.047
v 27 		59.173 		57.483
v 27 		59.076 		57.443
v 27 		39.254 		41.116
v 27 		59.244 		57.515
v 27 		59.328 		57.563
v 27 		39.18 		41.253
v 27 		39.098 		41.381
v 27 		57.349 		58.524
v 27 		39.051 		41.416
v 27 		57.476 		58.655
v 27 		57.54 		58.76
v 27 		39 		41.437
v 27 		57.445 		57.36
v 27 		38.89 		41.425
v 27 		59.578 		57.26
v 27 		38.78 		41.404
v 27 		59.598 		57.234
v 27 		38.604 		41.355
v 27 		59.623 		57.212
v 27 		59.97 		57.038
v 27 		60.112 		56.964
v 27 		38.429 		41.3
v 27 		37.944 		41.138
v 27 		38.086 		41.172
v 27 		38.227 		41.212
v 27 		37.441 		41.317
v 27 		37.686 		41.189
v 27 		37.195 		41.442
v 27 		37.096 		41.478
v 27 		36.996 		41.5
v 27 		37.749 		41.161
v 27 		37.813 		41.138
v 27 		37.878 		41.135
v 27 		40.914 		39.897
v 26.64 		57.314 		36.584
v 27 		57.314 		36.584
v 26.64 		57.28 		36.546
v 27 		57.28 		36.546
v 26.64 		57.261 		36.485
v 27 		57.261 		36.485
v 26.64 		39.107 		40.241
v 26.64 		57.25 		36.418
v 27 		57.25 		36.418
v 26.64 		57.278 		36.163
v 27 		57.278 		36.163
v 26.64 		39.3 		40.241
v 26.64 		57.282 		36.079
v 27 		57.282 		36.079
v 26.64 		57.323 		35.796
v 26.64 		57.33 		35.715
v 27 		57.33 		35.715
v 27 		57.323 		35.796
v 26.64 		36.016 		38.969
v 26.64 		36.014 		39.222
v 26.64 		36.016 		39.475
v 26.64 		36.028 		39.691
v 26.64 		36.041 		39.907
v 27 		40.855 		39.935
v 26.695 		43.018 		60.061
v 27 		40.571 		39.933
v 27 		40.286 		39.925
v 27 		39.17 		40.615
v 26.695 		44.315 		59.328
v 26.695 		44.239 		59.274
v 26.695 		44.16 		59.221
v 26.695 		44.091 		59.186
v 27 		40.08 		40.009
v 26.695 		43.773 		58.915
v 27 		40.001 		40.054
v 26.695 		43.524 		58.68
v 26.695 		43.397 		58.572
v 26.695 		44.024 		59.147
v 27 		39.747 		40.151
v 27 		39.491 		40.233
v 26.695 		43.27 		58.465
v 26.695 		43.132 		58.335
v 27 		39.075 		40.259
v 26.695 		40.977 		59.985
v 26.695 		41.294 		60.002
v 27 		39.088 		40.247
v 26.695 		41.501 		60.032
v 26.695 		41.707 		60.061
v 26.695 		41.992 		60.063
v 26.695 		42.277 		60.061
v 26.695 		42.374 		60.068
v 26.695 		42.472 		60.074
v 26.695 		42.647 		60.075
v 26.695 		42.822 		60.074
v 26.695 		42.92 		60.068
v 26.695 		42.992 		58.208
v 26.695 		42.85 		58.11
v 26.695 		42.704 		58.016
v 26.695 		42.645 		57.991
v 26.695 		42.601 		57.962
v 26.695 		42.654 		57.857
v 26.695 		42.726 		57.75
v 26.695 		42.935 		57.481
v 26.695 		43.148 		57.216
v 26.695 		43.347 		56.998
v 26.695 		43.545 		56.78
v 26.695 		43.668 		56.62
v 26.695 		43.784 		56.456
v 26.695 		44.072 		55.996
v 26.695 		44.084 		55.946
v 26.695 		44.086 		55.895
v 26.695 		44.06 		55.837
v 26.695 		43.861 		56.311
v 26.695 		43.937 		56.166
v 27 		43.018 		60.061
v 26.695 		44.005 		56.081
v 26.695 		44.024 		55.786
v 27 		44.239 		59.274
v 27 		44.315 		59.328
v 27 		44.091 		59.186
v 27 		44.16 		59.221
v 26.695 		43.914 		55.73
v 26.695 		43.797 		55.685
v 26.695 		43.75 		55.685
v 26.695 		43.703 		55.694
v 26.695 		43.607 		55.729
v 26.695 		43.513 		55.77
v 26.695 		43.366 		55.855
v 26.695 		43.222 		55.945
v 26.695 		43.091 		56.038
v 27 		43.773 		58.915
v 27 		43.397 		58.572
v 27 		43.524 		58.68
v 26.695 		42.172 		56.481
v 26.695 		41.949 		56.603
v 27 		44.024 		59.147
v 26.695 		42.516 		56.331
v 26.695 		42.343 		56.403
v 26.695 		41.726 		56.724
v 27 		43.27 		58.465
v 26.695 		41.505 		56.828
v 27 		43.132 		58.335
v 26.695 		41.283 		56.908
v 27 		40.977 		59.985
v 26.695 		41.14 		56.864
v 26.695 		40.996 		56.8
v 27 		41.294 		60.002
v 26.695 		42.96 		56.132
v 27 		41.707 		60.061
v 27 		41.501 		60.032
v 27 		41.992 		60.063
v 26.695 		42.828 		56.218
v 27 		42.277 		60.061
v 26.695 		42.693 		56.298
v 26.695 		42.605 		56.315
v 27 		42.92 		60.068
v 27 		42.822 		60.074
v 27 		42.647 		60.075
v 27 		42.472 		60.074
v 27 		42.374 		60.068
v 26.695 		41.005 		56.041
v 27 		42.645 		57.991
v 26.695 		40.999 		55.995
v 27 		42.704 		58.016
v 26.695 		40.985 		55.949
v 27 		42.85 		58.11
v 27 		42.992 		58.208
v 26.695 		39.978 		60.025
v 26.695 		40.319 		60
v 27 		42.601 		57.962
v 26.695 		39.265 		60.038
v 27 		42.654 		57.857
v 26.695 		39.622 		60.031
v 27 		42.726 		57.75
v 27 		42.935 		57.481
v 26.695 		40.66 		59.978
v 27 		43.148 		57.216
v 26.695 		38.076 		60.11
v 26.695 		38.283 		60.11
v 26.695 		38.489 		60.108
v 27 		43.784 		56.456
v 27 		43.668 		56.62
v 27 		43.545 		56.78
v 27 		43.347 		56.998
v 26.695 		36.923 		59.997
v 26.695 		37.022 		60.047
v 26.695 		37.311 		60.096
v 26.695 		37.603 		60.134
v 26.695 		37.689 		60.136
v 27 		44.06 		55.837
v 26.695 		37.776 		60.134
v 27 		44.086 		55.895
v 27 		44.084 		55.946
v 27 		44.072 		55.996
v 26.695 		36.751 		57.969
v 26.695 		36.751 		57.988
v 27 		43.861 		56.311
v 26.695 		36.769 		57.589
v 26.695 		36.764 		57.837
v 27 		43.937 		56.166
v 26.695 		36.758 		57.903
v 26.695 		36.75 		58.913
v 26.695 		36.759 		59.835
v 26.695 		36.788 		59.888
v 26.695 		36.831 		59.935
v 27 		43.091 		56.038
v 27 		43.222 		55.945
v 26.695 		40.881 		56.776
v 27 		43.366 		55.855
v 27 		43.513 		55.77
v 27 		43.607 		55.729
v 27 		43.703 		55.694
v 27 		43.75 		55.685
v 27 		43.797 		55.685
v 27 		43.914 		55.73
v 27 		44.024 		55.786
v 26.695 		40.797 		56.738
v 27 		44.005 		56.081
v 27 		60.423 		56.84
v 27 		41.949 		56.603
v 27 		42.172 		56.481
v 27 		60.741 		56.727
v 27 		41.726 		56.724
v 27 		42.343 		56.403
v 27 		42.516 		56.331
v 27 		41.505 		56.828
v 27 		59.706 		57.177
v 27 		59.819 		57.13
v 27 		41.283 		56.908
v 27 		60.877 		56.702
v 27 		41.14 		56.864
v 27 		61.016 		56.687
v 27 		40.996 		56.8
v 27 		61.117 		56.696
v 27 		42.96 		56.132
v 27 		42.828 		56.218
v 26.64 		36.045 		40.164
v 26.695 		40.889 		56.398
v 26.64 		36.041 		40.418
v 26.64 		36.014 		40.474
v 26.695 		40.056 		55.947
v 26.695 		39.976 		55.981
v 26.64 		35.985 		40.529
v 26.64 		35.971 		40.632
v 26.64 		35.964 		40.736
v 26.64 		35.964 		40.898
v 26.695 		40.769 		55.706
v 26.695 		40.723 		55.709
v 26.695 		40.677 		55.719
v 26.695 		40.518 		55.785
v 26.695 		40.36 		55.851
v 26.64 		36.08 		37.169
v 26.64 		36.072 		37.297
v 26.64 		36.066 		37.425
v 26.695 		40.938 		55.854
v 26.64 		36.081 		37.851
v 26.695 		40.883 		55.764
v 26.695 		40.829 		55.73
v 26.64 		36.091 		38.277
v 26.64 		36.063 		38.507
v 26.695 		39.895 		56.014
v 26.695 		39.77 		56.04
v 26.64 		36.029 		38.737
v 26.64 		36.021 		38.853
v 26.64 		40.529 		34.149
v 26.64 		40.003 		34.156
v 26.64 		39.413 		34.212
v 26.64 		38.822 		34.272
v 26.64 		38.619 		34.277
v 26.64 		38.416 		34.272
v 26.695 		39.645 		56.059
v 26.64 		37.808 		34.188
v 26.695 		39.603 		56.05
v 26.64 		37.201 		34.095
v 26.695 		39.564 		56.034
v 26.64 		36.996 		34.048
v 26.64 		36.058 		35.445
v 26.64 		36.076 		35.545
v 26.695 		39.42 		55.922
v 26.695 		39.356 		55.885
v 26.695 		39.293 		55.849
v 26.64 		35.998 		34.888
v 26.695 		39.263 		55.826
v 26.64 		36.026 		34.082
v 26.64 		35.982 		34.147
v 26.64 		35.947 		34.224
v 26.695 		39.238 		55.8
v 26.64 		36.091 		35.645
v 26.64 		36.136 		34.037
v 26.695 		39.237 		55.786
v 26.64 		36.087 		35.842
v 26.695 		39.241 		55.771
v 26.64 		36.792 		34.006
v 26.64 		36.522 		34
v 26.64 		36.253 		34.009
v 26.695 		39.311 		55.651
v 26.64 		36.08 		36.039
v 26.695 		39.385 		55.533
v 26.64 		63.489 		41.863
v 26.64 		63.497 		41.773
v 26.695 		39.946 		54.758
v 26.695 		40.076 		54.524
v 26.695 		40.078 		54.461
v 26.695 		40.063 		54.399
v 26.695 		39.982 		54.307
v 26.64 		63.533 		41.508
v 26.64 		63.568 		41.243
v 26.64 		63.574 		41.159
v 26.64 		63.577 		41.074
v 26.695 		39.543 		54.285
v 26.695 		39.454 		54.331
v 26.695 		39.367 		54.379
v 26.695 		39.172 		54.501
v 26.695 		38.978 		54.623
v 26.64 		62.963 		42.024
v 26.64 		62.99 		42.076
v 26.64 		63.023 		42.118
v 26.64 		63.147 		42.192
v 26.64 		63.273 		42.25
v 26.64 		63.314 		42.24
v 26.64 		63.353 		42.215
v 26.64 		63.412 		42.122
v 26.64 		63.467 		42.02
v 26.64 		63.475 		41.988
v 26.695 		39.594 		55.261
v 26.695 		39.801 		54.988
v 26.64 		62.497 		41.443
v 26.64 		62.672 		41.449
v 26.695 		38.952 		54.383
v 26.64 		62.851 		41.477
v 26.695 		39.004 		54.277
v 26.695 		39.89 		54.226
v 26.695 		39.828 		54.21
v 26.695 		39.763 		54.208
v 26.695 		39.652 		54.242
v 26.64 		63.029 		41.51
v 26.64 		63.056 		41.517
v 26.695 		39.05 		54.171
v 26.695 		39.038 		54.11
v 26.695 		39.015 		54.05
v 26.695 		38.992 		54.026
v 26.695 		38.965 		54.005
v 26.64 		63.075 		41.531
v 26.695 		38.906 		54.664
v 26.695 		38.85 		54.684
v 26.695 		38.891 		54.543
v 26.695 		38.863 		53.947
v 26.695 		38.758 		53.896
v 26.695 		38.712 		53.896
v 26.695 		38.666 		53.905
v 26.695 		38.404 		54.019
v 26.695 		38.143 		54.137
v 26.695 		38.127 		54.152
v 26.695 		38.115 		54.16
v 26.695 		38.108 		54.061
v 26.695 		38.102 		53.954
v 26.695 		38.078 		53.798
v 26.695 		38.074 		53.606
v 26.695 		38.064 		53.417
v 26.695 		38.035 		53.374
v 26.695 		37.995 		53.339
v 26.695 		37.153 		54.032
v 26.695 		37.078 		54.162
v 26.695 		37.645 		53.281
v 26.695 		37.616 		53.307
v 26.695 		37.59 		53.339
v 26.695 		37.467 		53.546
v 26.695 		37.345 		53.753
v 26.695 		37.249 		53.893
v 26.695 		37.885 		53.288
v 26.695 		37.77 		53.25
v 26.695 		37.707 		53.26
v 26.695 		37 		54.289
v 26.695 		36.921 		54.362
v 26.695 		36.787 		55.429
v 26.695 		36.788 		55.674
v 26.695 		36.819 		56
v 26.695 		36.847 		56.327
v 26.695 		36.84 		56.571
v 27 		35.941 		34.33
v 27 		35.941 		34.276
v 27 		36.627 		41.466
v 27 		36.257 		41.419
v 27 		36.219 		41.407
v 27 		36.184 		41.386
v 27 		36.097 		41.274
v 27 		36.014 		41.156
v 27 		35.99 		41.109
v 27 		35.972 		41.058
v 27 		36.028 		39.691
v 27 		36.016 		39.475
v 27 		36.014 		39.222
v 27 		36.016 		38.969
v 27 		36.041 		39.907
v 27 		36.045 		40.164
v 27 		36.041 		40.418
v 27 		36.014 		40.474
v 27 		35.964 		40.898
v 27 		35.964 		40.736
v 27 		35.971 		40.632
v 27 		35.985 		40.529
v 27 		36.08 		37.169
v 27 		36.066 		37.425
v 27 		36.072 		37.297
v 27 		36.081 		37.851
v 27 		36.091 		38.277
v 27 		36.063 		38.507
v 27 		36.021 		38.853
v 27 		36.029 		38.737
v 27 		36.058 		35.445
v 27 		36.076 		35.545
v 27 		35.982 		34.147
v 27 		36.026 		34.082
v 27 		35.998 		34.888
v 27 		35.947 		34.224
v 27 		36.091 		35.645
v 27 		36.136 		34.037
v 27 		36.087 		35.842
v 27 		36.08 		36.039
v 27 		36.253 		34.009
v 27 		36.522 		34
v 26.64 		57.299 		35.977
v 27 		57.299 		35.977
v 26.64 		57.26 		36.333
v 27 		57.26 		36.333
v 26.64 		57.274 		36.248
v 27 		57.274 		36.248
v 26.64 		57.316 		35.876
v 27 		57.316 		35.876
v 26.64 		63.016 		41.706
v 26.64 		62.955 		41.889
v 26.64 		62.955 		41.957
v 26.64 		63.481 		41.954
v 26.64 		62.211 		41.066
v 26.64 		62.205 		41.1
v 26.64 		62.203 		41.137
v 26.64 		62.206 		41.23
v 26.64 		62.214 		41.321
v 26.64 		62.233 		41.366
v 26.64 		62.257 		41.404
v 26.64 		62.289 		41.424
v 26.64 		62.323 		41.437
v 26.64 		63.577 		40.722
v 26.64 		63.572 		40.625
v 26.64 		63.578 		40.898
v 26.64 		63.568 		40.528
v 26.64 		63.566 		40.011
v 26.64 		63.568 		39.495
v 26.64 		63.592 		39.013
v 27 		61.218 		56.712
v 26.64 		62.505 		40.147
v 27 		61.331 		56.734
v 27 		61.412 		53.54
v 27 		61.375 		53.503
v 26.64 		62.275 		40.51
v 26.64 		62.313 		40.651
v 27 		61.347 		53.462
v 26.64 		62.343 		40.787
v 27 		61.342 		53.416
v 26.64 		62.283 		40.927
v 27 		61.347 		53.37
v 27 		61.387 		53.321
v 27 		61.436 		53.278
v 26.64 		62.233 		39.961
v 26.64 		62.253 		39.989
v 26.64 		62.276 		40.012
v 27 		58.814 		57.214
v 26.64 		62.338 		40.055
v 27 		58.619 		57.046
v 27 		58.419 		56.904
v 26.64 		62.4 		40.096
v 26.64 		62.46 		40.121
v 27 		57.381 		56.666
v 27 		57.416 		56.829
v 26.64 		62.462 		40.182
v 26.64 		62.405 		40.222
v 26.64 		62.347 		40.296
v 26.64 		62.295 		40.379
v 26.64 		62.28 		40.443
v 27 		57.449 		56.993
v 27 		57.386 		56.61
v 27 		57.403 		56.557
v 27 		57.466 		57.198
v 27 		57.455 		56.515
v 27 		57.517 		56.481
v 27 		57.632 		56.466
v 27 		57.75 		56.46
v 27 		57.818 		56.467
v 27 		57.88 		56.483
v 27 		58.151 		56.691
v 27 		57.012 		60.042
v 27 		56.9 		60.052
v 27 		56.841 		60.04
v 27 		42.693 		56.298
v 27 		42.605 		56.315
v 27 		40.985 		55.949
v 27 		40.999 		55.995
v 27 		41.005 		56.041
v 27 		40.319 		60
v 27 		39.978 		60.025
v 27 		39.265 		60.038
v 27 		39.622 		60.031
v 27 		40.66 		59.978
v 27 		38.489 		60.108
v 27 		38.283 		60.11
v 27 		38.076 		60.11
v 27 		37.689 		60.136
v 27 		37.603 		60.134
v 27 		37.311 		60.096
v 27 		37.022 		60.047
v 27 		36.923 		59.997
v 27 		37.776 		60.134
v 27 		36.751 		57.988
v 27 		36.751 		57.969
v 27 		36.764 		57.837
v 27 		36.769 		57.589
v 27 		36.758 		57.903
v 27 		36.75 		58.913
v 27 		36.831 		59.935
v 27 		36.788 		59.888
v 27 		36.759 		59.835
v 27 		40.881 		56.776
v 27 		40.797 		56.738
v 27 		40.889 		56.398
v 27 		40.056 		55.947
v 27 		39.976 		55.981
v 27 		40.723 		55.709
v 27 		40.769 		55.706
v 27 		40.36 		55.851
v 27 		40.518 		55.785
v 27 		40.677 		55.719
v 27 		40.829 		55.73
v 27 		40.883 		55.764
v 27 		40.938 		55.854
v 27 		39.895 		56.014
v 27 		39.77 		56.04
v 27 		39.645 		56.059
v 27 		39.603 		56.05
v 27 		39.564 		56.034
v 27 		39.293 		55.849
v 27 		39.356 		55.885
v 27 		39.42 		55.922
v 27 		39.263 		55.826
v 27 		39.238 		55.8
v 27 		39.237 		55.786
v 27 		39.241 		55.771
v 27 		39.311 		55.651
v 27 		39.385 		55.533
v 26.64 		62.199 		39.826
v 27 		39.982 		54.307
v 26.64 		62.173 		39.688
v 27 		40.063 		54.399
v 27 		40.078 		54.461
v 27 		40.076 		54.524
v 27 		39.946 		54.758
v 27 		38.978 		54.623
v 27 		39.172 		54.501
v 27 		39.367 		54.379
v 27 		39.454 		54.331
v 26.64 		62.178 		39.619
v 27 		39.543 		54.285
v 26.64 		62.191 		39.554
v 27 		39.801 		54.988
v 27 		39.594 		55.261
v 26.64 		62.289 		39.432
v 27 		38.952 		54.383
v 26.64 		62.251 		39.484
v 27 		39.004 		54.277
v 27 		39.652 		54.242
v 27 		39.763 		54.208
v 27 		39.828 		54.21
v 27 		39.89 		54.226
v 26.64 		62.094 		39.421
v 26.64 		61.874 		39.419
v 27 		38.965 		54.005
v 27 		38.992 		54.026
v 27 		39.015 		54.05
v 27 		39.038 		54.11
v 27 		39.05 		54.171
v 26.64 		61.806 		39.401
v 26.64 		61.739 		39.375
v 27 		38.906 		54.664
v 26.64 		61.655 		39.319
v 27 		38.85 		54.684
v 27 		38.891 		54.543
v 26.64 		61.574 		39.254
v 26.64 		61.553 		39.211
v 26.64 		61.538 		39.161
v 26.64 		61.533 		39.05
v 26.64 		61.534 		38.938
v 26.64 		63.688 		37.031
v 26.64 		63.687 		37.322
v 26.64 		63.683 		37.53
v 26.64 		63.678 		37.738
v 26.64 		63.664 		38.04
v 26.64 		63.647 		38.343
v 26.64 		63.635 		38.437
v 26.64 		63.622 		38.531
v 26.64 		61.549 		37.787
v 26.64 		61.649 		37.753
v 26.64 		61.545 		38.831
v 26.64 		61.749 		37.724
v 27 		38.404 		54.019
v 27 		38.666 		53.905
v 27 		38.712 		53.896
v 27 		38.758 		53.896
v 27 		38.863 		53.947
v 27 		38.143 		54.137
v 27 		38.127 		54.152
v 27 		38.115 		54.16
v 27 		38.108 		54.061
v 27 		38.102 		53.954
v 27 		38.078 		53.798
v 27 		37.995 		53.339
v 27 		38.035 		53.374
v 27 		38.064 		53.417
v 27 		38.074 		53.606
v 27 		37.153 		54.032
v 27 		37.645 		53.281
v 27 		37.467 		53.546
v 27 		37.59 		53.339
v 27 		37.616 		53.307
# 1563 vertices

g group_0_8768998

usemtl color_8768998
s 0

f 7 	1197 	6
f 6 	717 	5
f 1 	1197 	7
f 718 	719 	717
f 2 	1197 	1
f 9 	333 	8
f 16 	26 	3
f 158 	154 	1027
f 12 	14 	29
f 14 	1014 	29
f 17 	40 	16
f 19 	40 	17
f 505 	506 	3
f 22 	34 	21
f 1432 	1433 	34
f 15 	1432 	34
f 21 	34 	20
f 505 	3 	23
f 24 	40 	19
f 23 	3 	28
f 26 	28 	3
f 31 	32 	33
f 31 	33 	35
f 946 	943 	949
f 32 	36 	39
f 32 	39 	33
f 41 	16 	40
f 42 	43 	44
f 42 	44 	45
f 43 	46 	48
f 43 	48 	44
f 46 	56 	57
f 46 	57 	48
f 26 	16 	41
f 38 	40 	24
f 55 	884 	879
f 52 	54 	59
f 51 	52 	59
f 54 	37 	58
f 58 	59 	54
f 22 	58 	37
f 34 	22 	37
f 59 	60 	51
f 50 	51 	60
f 49 	50 	60
f 61 	49 	60
f 47 	49 	61
f 67 	68 	69
f 67 	69 	71
f 74 	106 	66
f 93 	100 	960
f 110 	960 	100
f 76 	93 	960
f 75 	76 	960
f 81 	64 	65
f 68 	79 	80
f 68 	80 	69
f 65 	84 	81
f 85 	62 	106
f 74 	78 	106
f 86 	81 	84
f 86 	84 	87
f 63 	106 	62
f 78 	85 	106
f 88 	106 	63
f 89 	86 	87
f 89 	87 	92
f 72 	73 	960
f 73 	75 	960
f 98 	106 	97
f 97 	106 	96
f 95 	89 	92
f 95 	92 	99
f 116 	117 	102
f 79 	95 	99
f 79 	99 	80
f 105 	799 	104
f 106 	799 	105
f 103 	104 	799
f 77 	70 	960
f 70 	72 	960
f 94 	77 	960
f 107 	94 	960
f 126 	109 	108
f 88 	96 	106
f 112 	108 	109
f 112 	109 	113
f 115 	466 	114
f 108 	125 	126
f 118 	119 	101
f 119 	120 	101
f 120 	121 	101
f 121 	122 	101
f 122 	123 	101
f 100 	101 	123
f 110 	100 	123
f 101 	102 	118
f 127 	116 	102
f 117 	118 	102
f 116 	127 	128
f 124 	466 	115
f 125 	131 	133
f 125 	133 	126
f 134 	135 	132
f 134 	132 	129
f 131 	136 	137
f 131 	137 	133
f 141 	143 	135
f 141 	135 	134
f 559 	904 	937
f 940 	937 	904
f 136 	145 	146
f 136 	146 	137
f 147 	148 	143
f 147 	143 	141
f 145 	150 	151
f 145 	151 	146
f 152 	153 	148
f 152 	148 	147
f 150 	155 	156
f 150 	156 	151
f 152 	157 	159
f 152 	159 	153
f 10 	11 	29
f 155 	160 	161
f 155 	161 	156
f 157 	162 	163
f 157 	163 	159
f 149 	29 	11
f 162 	165 	166
f 162 	166 	163
f 11 	1027 	154
f 154 	149 	11
f 1027 	1360 	158
f 168 	169 	170
f 168 	170 	171
f 1352 	1351 	158
f 175 	177 	173
f 175 	173 	172
f 169 	176 	178
f 169 	178 	170
f 1555 	1556 	1561
f 90 	91 	1561
f 91 	1555 	1561
f 1 	7 	179
f 183 	168 	171
f 183 	171 	184
f 1559 	82 	1551
f 187 	178 	186
f 176 	186 	178
f 185 	181 	1551
f 181 	1559 	1551
f 186 	190 	191
f 186 	191 	187
f 194 	1486 	192
f 190 	207 	191
f 197 	183 	184
f 197 	184 	198
f 192 	1486 	195
f 201 	197 	198
f 201 	198 	202
f 160 	201 	202
f 160 	202 	161
f 199 	1485 	203
f 203 	1485 	39
f 190 	206 	207
f 206 	208 	209
f 206 	209 	207
f 1485 	1484 	39
f 33 	39 	1484
f 208 	210 	211
f 208 	211 	209
f 212 	1487 	57
f 48 	1487 	44
f 57 	1487 	48
f 210 	214 	216
f 210 	216 	211
f 204 	307 	217
f 224 	1487 	218
f 218 	1487 	213
f 214 	220 	221
f 214 	221 	216
f 220 	225 	226
f 220 	226 	221
f 213 	1487 	215
f 305 	227 	223
f 225 	228 	229
f 225 	229 	226
f 215 	1487 	219
f 231 	227 	305
f 228 	232 	233
f 228 	233 	229
f 230 	1487 	234
f 222 	1487 	230
f 234 	1487 	212
f 45 	1487 	194
f 44 	1487 	45
f 232 	235 	237
f 232 	237 	233
f 235 	240 	241
f 235 	241 	237
f 243 	244 	239
f 243 	239 	238
f 240 	404 	241
f 242 	300 	246
f 245 	247 	244
f 245 	244 	243
f 300 	252 	246
f 250 	251 	247
f 250 	247 	245
f 253 	254 	249
f 253 	249 	248
f 255 	256 	254
f 255 	254 	253
f 257 	258 	251
f 257 	251 	250
f 259 	260 	256
f 259 	256 	255
f 261 	263 	258
f 261 	258 	257
f 266 	267 	263
f 266 	263 	261
f 268 	269 	265
f 268 	265 	264
f 270 	271 	267
f 270 	267 	266
f 273 	274 	260
f 273 	260 	259
f 275 	276 	271
f 275 	271 	270
f 279 	264 	278
f 265 	278 	264
f 280 	282 	276
f 280 	276 	275
f 279 	278 	274
f 279 	274 	273
f 280 	284 	286
f 280 	286 	282
f 283 	285 	287
f 283 	287 	288
f 289 	290 	287
f 289 	287 	285
f 284 	292 	293
f 284 	293 	286
f 294 	295 	290
f 294 	290 	289
f 297 	298 	295
f 297 	295 	294
f 56 	302 	212
f 56 	212 	57
f 283 	288 	308
f 283 	308 	309
f 303 	333 	301
f 300 	301 	333
f 304 	333 	303
f 305 	333 	304
f 307 	333 	306
f 305 	306 	333
f 8 	333 	307
f 332 	333 	335
f 298 	297 	311
f 310 	311 	297
f 42 	45 	194
f 313 	314 	311
f 313 	311 	310
f 316 	318 	314
f 316 	314 	313
f 315 	317 	213
f 315 	213 	215
f 322 	327 	1208
f 320 	321 	318
f 320 	318 	316
f 323 	315 	215
f 323 	215 	219
f 319 	322 	1208
f 324 	325 	321
f 324 	321 	320
f 218 	213 	326
f 317 	326 	213
f 338 	1208 	327
f 324 	248 	325
f 249 	325 	248
f 328 	329 	330
f 328 	330 	331
f 299 	300 	333
f 334 	323 	219
f 334 	219 	222
f 329 	328 	309
f 326 	336 	224
f 326 	224 	218
f 337 	332 	335
f 335 	333 	9
f 308 	329 	309
f 338 	332 	337
f 334 	222 	230
f 339 	341 	342
f 339 	342 	343
f 1315 	188 	336
f 340 	1208 	338
f 332 	338 	327
f 341 	345 	346
f 341 	346 	342
f 234 	212 	347
f 302 	347 	212
f 348 	349 	350
f 348 	350 	351
f 352 	334 	230
f 349 	353 	354
f 349 	354 	350
f 347 	352 	230
f 347 	230 	234
f 345 	348 	351
f 345 	351 	346
f 364 	414 	361
f 363 	354 	362
f 353 	362 	354
f 362 	367 	368
f 362 	368 	363
f 359 	424 	366
f 357 	436 	359
f 369 	370 	417
f 365 	417 	370
f 377 	394 	376
f 376 	394 	375
f 375 	395 	374
f 374 	395 	373
f 400 	405 	373
f 372 	373 	405
f 378 	394 	377
f 371 	372 	405
f 379 	339 	343
f 379 	343 	386
f 385 	387 	383
f 384 	385 	383
f 382 	383 	387
f 381 	382 	387
f 387 	388 	381
f 388 	389 	381
f 390 	381 	389
f 380 	381 	390
f 392 	379 	386
f 392 	386 	396
f 393 	394 	391
f 395 	375 	394
f 399 	392 	396
f 399 	396 	401
f 403 	399 	401
f 403 	401 	404
f 391 	394 	378
f 400 	373 	395
f 364 	371 	405
f 397 	504 	402
f 398 	513 	397
f 406 	364 	405
f 240 	403 	404
f 407 	408 	409
f 407 	409 	410
f 432 	361 	414
f 414 	364 	413
f 412 	413 	364
f 409 	408 	422
f 484 	415 	402
f 421 	587 	419
f 416 	615 	344
f 418 	407 	410
f 418 	410 	420
f 355 	596 	421
f 422 	423 	409
f 422 	425 	426
f 422 	426 	423
f 419 	592 	416
f 356 	596 	355
f 358 	360 	433
f 358 	596 	356
f 360 	361 	433
f 427 	428 	426
f 427 	426 	425
f 330 	461 	463
f 330 	463 	331
f 384 	434 	385
f 434 	435 	385
f 431 	385 	435
f 436 	357 	435
f 424 	359 	436
f 417 	365 	424
f 365 	366 	424
f 431 	435 	357
f 437 	438 	428
f 437 	428 	427
f 140 	106 	139
f 106 	439 	139
f 138 	139 	439
f 66 	106 	140
f 439 	440 	138
f 440 	441 	138
f 582 	583 	517
f 583 	445 	517
f 517 	460 	582
f 467 	443 	444
f 444 	443 	438
f 444 	438 	437
f 130 	138 	442
f 124 	130 	442
f 448 	449 	447
f 446 	447 	449
f 450 	398 	449
f 451 	398 	450
f 452 	398 	451
f 453 	398 	452
f 454 	398 	453
f 446 	449 	398
f 418 	420 	458
f 418 	458 	459
f 442 	516 	455
f 445 	455 	516
f 516 	517 	445
f 464 	369 	415
f 417 	415 	369
f 463 	461 	467
f 463 	467 	469
f 415 	484 	464
f 441 	442 	138
f 466 	124 	442
f 469 	467 	444
f 456 	464 	484
f 462 	457 	484
f 474 	476 	497
f 479 	799 	478
f 478 	799 	477
f 474 	481 	482
f 474 	482 	476
f 483 	799 	479
f 545 	484 	485
f 488 	368 	487
f 367 	487 	368
f 494 	474 	497
f 568 	570 	501
f 571 	572 	501
f 484 	402 	485
f 504 	556 	402
f 470 	468 	484
f 468 	462 	484
f 457 	456 	484
f 493 	799 	492
f 491 	492 	799
f 475 	799 	493
f 477 	799 	475
f 490 	491 	799
f 495 	496 	799
f 498 	799 	496
f 500 	799 	498
f 483 	495 	799
f 103 	799 	500
f 481 	520 	482
f 487 	494 	497
f 487 	497 	488
f 502 	568 	501
f 570 	571 	501
f 507 	508 	506
f 508 	509 	506
f 509 	510 	506
f 510 	512 	506
f 512 	3 	506
f 536 	538 	546
f 504 	397 	513
f 454 	513 	398
f 550 	536 	546
f 547 	548 	546
f 520 	522 	482
f 597 	484 	527
f 526 	527 	484
f 537 	514 	515
f 373 	528 	521
f 540 	460 	518
f 518 	546 	540
f 517 	518 	460
f 520 	533 	534
f 520 	534 	522
f 525 	526 	484
f 535 	528 	373
f 537 	515 	539
f 531 	540 	546
f 524 	531 	546
f 644 	582 	460
f 541 	532 	484
f 542 	537 	539
f 542 	539 	544
f 533 	542 	544
f 533 	544 	534
f 548 	549 	546
f 549 	550 	546
f 538 	529 	546
f 529 	530 	546
f 530 	523 	546
f 523 	524 	546
f 552 	553 	554
f 552 	554 	555
f 553 	557 	558
f 553 	558 	554
f 574 	575 	588
f 566 	588 	563
f 563 	588 	562
f 573 	574 	588
f 564 	565 	567
f 564 	567 	569
f 504 	501 	556
f 572 	556 	501
f 485 	402 	556
f 545 	541 	484
f 484 	586 	470
f 578 	564 	569
f 578 	569 	579
f 560 	588 	576
f 561 	588 	560
f 562 	588 	561
f 575 	576 	588
f 111 	466 	566
f 114 	466 	111
f 588 	566 	466
f 433 	361 	432
f 581 	567 	580
f 565 	580 	567
f 430 	421 	429
f 580 	584 	585
f 580 	585 	581
f 613 	614 	602
f 614 	573 	590
f 593 	416 	592
f 615 	416 	593
f 594 	578 	579
f 594 	579 	595
f 411 	412 	364
f 557 	594 	595
f 557 	595 	558
f 587 	421 	430
f 599 	600 	484
f 598 	599 	484
f 589 	484 	600
f 586 	484 	589
f 472 	470 	586
f 532 	525 	484
f 597 	598 	484
f 591 	419 	587
f 621 	344 	615
f 591 	592 	419
f 604 	613 	603
f 602 	603 	613
f 604 	605 	608
f 604 	608 	609
f 604 	609 	611
f 604 	611 	612
f 604 	612 	613
f 590 	602 	614
f 588 	590 	573
f 610 	552 	555
f 610 	555 	617
f 619 	610 	617
f 619 	617 	620
f 625 	460 	624
f 626 	460 	625
f 628 	460 	626
f 629 	460 	628
f 627 	619 	620
f 627 	620 	630
f 596 	358 	433
f 621 	623 	344
f 1206 	344 	623
f 429 	421 	601
f 601 	421 	596
f 406 	411 	364
f 632 	627 	630
f 632 	630 	633
f 624 	460 	622
f 634 	460 	629
f 633 	515 	632
f 514 	632 	515
f 651 	657 	638
f 640 	641 	642
f 640 	642 	643
f 631 	622 	460
f 644 	460 	634
f 455 	466 	442
f 638 	631 	460
f 646 	647 	645
f 636 	645 	647
f 649 	677 	648
f 650 	677 	649
f 648 	677 	647
f 652 	640 	643
f 652 	643 	653
f 656 	642 	655
f 641 	655 	642
f 722 	740 	670
f 655 	661 	663
f 655 	663 	656
f 670 	675 	722
f 665 	667 	664
f 666 	667 	665
f 667 	668 	662
f 662 	664 	667
f 669 	635 	662
f 635 	637 	662
f 659 	660 	637
f 669 	662 	668
f 660 	662 	637
f 637 	638 	657
f 657 	659 	637
f 651 	638 	460
f 671 	652 	653
f 671 	653 	674
f 672 	673 	1322
f 676 	677 	722
f 650 	722 	677
f 675 	676 	722
f 678 	647 	677
f 636 	647 	678
f 1 	179 	180
f 1 	180 	2
f 189 	179 	7
f 679 	681 	747
f 683 	1180 	682
f 684 	1180 	683
f 685 	1180 	684
f 2 	180 	262
f 686 	687 	697
f 688 	1004 	685
f 458 	689 	691
f 458 	691 	459
f 691 	689 	693
f 691 	693 	694
f 6 	193 	189
f 6 	189 	7
f 694 	693 	687
f 694 	687 	686
f 193 	6 	196
f 5 	196 	6
f 654 	658 	740
f 658 	670 	740
f 695 	696 	681
f 695 	681 	679
f 4 	200 	196
f 4 	196 	5
f 697 	698 	686
f 698 	697 	699
f 698 	699 	701
f 8 	204 	205
f 8 	205 	9
f 701 	699 	713
f 707 	708 	704
f 703 	704 	708
f 705 	706 	704
f 706 	707 	704
f 702 	703 	708
f 700 	702 	708
f 682 	1180 	680
f 680 	1185 	708
f 710 	711 	696
f 710 	696 	695
f 307 	204 	8
f 713 	714 	701
f 714 	713 	715
f 714 	715 	716
f 719 	4 	717
f 5 	717 	4
f 716 	715 	720
f 716 	720 	721
f 721 	720 	711
f 721 	711 	710
f 1204 	1205 	740
f 306 	223 	217
f 306 	217 	307
f 724 	663 	723
f 661 	723 	663
f 723 	725 	726
f 723 	726 	724
f 223 	306 	305
f 1201 	1204 	740
f 690 	1004 	688
f 725 	727 	728
f 725 	728 	726
f 304 	231 	305
f 727 	729 	730
f 727 	730 	728
f 729 	733 	735
f 729 	735 	730
f 736 	1197 	734
f 732 	734 	1197
f 737 	1197 	736
f 231 	304 	236
f 303 	236 	304
f 738 	739 	741
f 738 	741 	742
f 301 	242 	236
f 301 	236 	303
f 743 	744 	739
f 743 	739 	738
f 1187 	708 	1186
f 743 	745 	747
f 743 	747 	744
f 301 	300 	242
f 472 	586 	618
f 618 	616 	472
f 472 	616 	748
f 472 	748 	749
f 472 	749 	750
f 472 	750 	751
f 472 	751 	752
f 472 	752 	753
f 472 	753 	754
f 472 	754 	755
f 252 	300 	299
f 758 	759 	757
f 758 	757 	756
f 272 	252 	299
f 760 	762 	759
f 760 	759 	758
f 312 	2 	262
f 764 	129 	763
f 132 	763 	129
f 262 	277 	312
f 319 	312 	277
f 764 	763 	765
f 764 	765 	766
f 299 	333 	272
f 770 	771 	84
f 771 	772 	87
f 769 	770 	84
f 773 	92 	772
f 761 	92 	773
f 71 	69 	472
f 774 	775 	762
f 774 	762 	760
f 780 	766 	765
f 322 	319 	277
f 322 	277 	281
f 774 	778 	779
f 774 	779 	775
f 780 	781 	766
f 776 	161 	777
f 291 	272 	332
f 333 	332 	272
f 778 	781 	780
f 778 	780 	779
f 784 	202 	65
f 782 	783 	177
f 782 	177 	175
f 281 	296 	322
f 327 	322 	296
f 786 	756 	785
f 757 	785 	756
f 296 	291 	327
f 332 	327 	291
f 786 	785 	783
f 786 	783 	782
f 788 	166 	787
f 165 	787 	166
f 335 	9 	465
f 9 	205 	465
f 787 	789 	790
f 787 	790 	788
f 471 	337 	465
f 335 	465 	337
f 789 	791 	792
f 789 	792 	790
f 791 	793 	794
f 791 	794 	792
f 473 	338 	471
f 337 	471 	338
f 84 	65 	278
f 793 	795 	796
f 793 	796 	794
f 338 	473 	480
f 338 	480 	340
f 795 	797 	798
f 795 	798 	796
f 87 	772 	92
f 84 	771 	87
f 486 	344 	480
f 340 	480 	344
f 797 	799 	800
f 797 	800 	798
f 344 	486 	902
f 768 	769 	84
f 755 	803 	472
f 803 	71 	472
f 69 	80 	472
f 80 	99 	472
f 761 	472 	99
f 99 	92 	761
f 804 	805 	802
f 804 	802 	801
f 804 	172 	805
f 173 	805 	172
f 499 	378 	503
f 377 	503 	378
f 806 	807 	808
f 806 	808 	809
f 802 	810 	811
f 802 	811 	801
f 376 	511 	503
f 376 	503 	377
f 511 	376 	519
f 375 	519 	376
f 374 	521 	519
f 374 	519 	375
f 109 	126 	113
f 126 	133 	113
f 113 	133 	137
f 113 	137 	146
f 113 	146 	151
f 776 	113 	161
f 113 	151 	156
f 156 	161 	113
f 810 	812 	813
f 810 	813 	811
f 813 	812 	814
f 813 	814 	815
f 241 	404 	187
f 521 	374 	373
f 815 	814 	816
f 815 	816 	817
f 372 	535 	373
f 807 	806 	816
f 817 	816 	806
f 818 	819 	820
f 818 	820 	821
f 191 	241 	187
f 178 	187 	404
f 209 	226 	207
f 207 	229 	191
f 819 	822 	823
f 819 	823 	820
f 404 	401 	171
f 826 	890 	827
f 356 	551 	639
f 822 	824 	825
f 822 	825 	823
f 202 	777 	161
f 198 	278 	202
f 777 	202 	784
f 551 	356 	559
f 355 	559 	356
f 824 	826 	827
f 824 	827 	825
f 818 	821 	831
f 828 	829 	489
f 830 	818 	831
f 543 	361 	577
f 360 	577 	361
f 832 	830 	831
f 832 	831 	833
f 216 	226 	211
f 221 	226 	216
f 209 	211 	226
f 229 	207 	226
f 233 	191 	229
f 237 	191 	233
f 241 	191 	237
f 171 	170 	404
f 639 	358 	356
f 832 	833 	834
f 832 	834 	835
f 835 	834 	829
f 835 	829 	828
f 577 	360 	358
f 836 	837 	861
f 767 	768 	84
f 838 	839 	837
f 838 	837 	836
f 535 	372 	860
f 371 	860 	372
f 840 	841 	839
f 840 	839 	838
f 364 	361 	863
f 543 	863 	361
f 842 	843 	841
f 842 	841 	840
f 808 	844 	845
f 808 	845 	809
f 371 	364 	863
f 371 	863 	860
f 845 	844 	846
f 845 	846 	847
f 287 	290 	184
f 288 	287 	184
f 308 	288 	184
f 329 	308 	184
f 269 	767 	84
f 265 	269 	84
f 278 	265 	84
f 65 	202 	278
f 184 	278 	198
f 867 	414 	871
f 413 	871 	414
f 848 	849 	843
f 848 	843 	842
f 256 	184 	254
f 254 	184 	249
f 260 	184 	256
f 851 	847 	850
f 846 	850 	847
f 412 	872 	871
f 412 	871 	413
f 851 	850 	849
f 851 	849 	848
f 854 	855 	853
f 854 	853 	852
f 876 	395 	394
f 358 	639 	577
f 858 	859 	857
f 858 	857 	856
f 393 	883 	394
f 861 	862 	859
f 861 	859 	858
f 883 	393 	391
f 837 	862 	861
f 607 	293 	606
f 292 	606 	293
f 864 	865 	855
f 864 	855 	854
f 868 	856 	866
f 857 	866 	856
f 872 	412 	891
f 411 	891 	412
f 868 	866 	869
f 868 	869 	870
f 876 	893 	395
f 873 	874 	865
f 873 	865 	864
f 895 	405 	400
f 877 	870 	875
f 869 	875 	870
f 378 	885 	391
f 877 	875 	874
f 877 	874 	873
f 394 	878 	876
f 879 	880 	40
f 405 	895 	899
f 405 	899 	406
f 881 	882 	880
f 881 	880 	879
f 883 	878 	394
f 406 	899 	891
f 406 	891 	411
f 881 	852 	882
f 853 	882 	852
f 884 	55 	886
f 391 	885 	883
f 902 	416 	344
f 887 	884 	886
f 887 	886 	888
f 903 	419 	902
f 416 	902 	419
f 889 	887 	888
f 889 	888 	890
f 903 	421 	419
f 826 	889 	890
f 3 	1394 	892
f 421 	904 	355
f 400 	395 	893
f 892 	896 	3
f 16 	3 	896
f 55 	894 	886
f 400 	893 	895
f 17 	16 	896
f 17 	896 	897
f 885 	378 	499
f 592 	911 	593
f 19 	17 	897
f 19 	897 	898
f 429 	912 	913
f 429 	913 	430
f 901 	1404 	505
f 24 	19 	898
f 24 	898 	900
f 23 	901 	505
f 905 	901 	23
f 432 	919 	433
f 421 	903 	904
f 23 	28 	905
f 559 	355 	904
f 26 	906 	905
f 26 	905 	28
f 433 	919 	937
f 623 	907 	144
f 414 	867 	432
f 55 	53 	908
f 55 	908 	894
f 38 	24 	900
f 38 	900 	910
f 601 	912 	429
f 911 	909 	593
f 915 	906 	26
f 53 	38 	910
f 53 	910 	908
f 911 	592 	928
f 591 	928 	592
f 40 	914 	915
f 40 	915 	41
f 430 	913 	587
f 929 	587 	913
f 880 	914 	40
f 41 	915 	26
f 928 	591 	929
f 587 	929 	591
f 916 	800 	98
f 799 	98 	800
f 98 	97 	917
f 98 	917 	916
f 432 	918 	919
f 97 	96 	920
f 97 	920 	917
f 615 	593 	935
f 63 	62 	921
f 63 	921 	922
f 596 	433 	937
f 88 	63 	922
f 88 	922 	923
f 596 	937 	601
f 918 	432 	867
f 74 	66 	924
f 74 	924 	925
f 615 	935 	621
f 78 	74 	925
f 78 	925 	926
f 85 	78 	926
f 85 	926 	927
f 927 	921 	85
f 62 	85 	921
f 96 	88 	923
f 96 	923 	920
f 106 	105 	930
f 106 	930 	931
f 105 	104 	932
f 105 	932 	930
f 104 	103 	933
f 104 	933 	932
f 907 	623 	934
f 621 	934 	623
f 593 	909 	935
f 952 	106 	931
f 646 	645 	956
f 936 	924 	140
f 66 	140 	924
f 140 	139 	938
f 140 	938 	936
f 645 	636 	956
f 13 	939 	566
f 111 	566 	939
f 937 	940 	601
f 114 	111 	939
f 114 	939 	941
f 115 	114 	941
f 115 	941 	942
f 940 	912 	601
f 124 	115 	942
f 124 	942 	943
f 935 	934 	621
f 963 	678 	677
f 130 	124 	943
f 139 	138 	945
f 139 	945 	938
f 677 	676 	963
f 130 	943 	946
f 649 	947 	944
f 649 	944 	650
f 138 	130 	946
f 138 	946 	945
f 441 	948 	949
f 441 	949 	442
f 947 	649 	950
f 648 	950 	649
f 440 	951 	948
f 440 	948 	441
f 439 	952 	951
f 439 	951 	440
f 692 	970 	654
f 647 	953 	950
f 647 	950 	648
f 952 	439 	106
f 442 	949 	1408
f 953 	647 	954
f 646 	954 	647
f 658 	654 	970
f 658 	970 	971
f 25 	955 	583
f 445 	583 	955
f 646 	956 	954
f 971 	670 	658
f 455 	445 	955
f 455 	955 	957
f 466 	455 	957
f 466 	957 	958
f 956 	636 	959
f 460 	540 	960
f 636 	678 	959
f 973 	974 	684
f 685 	684 	974
f 34 	466 	958
f 959 	678 	961
f 684 	683 	973
f 962 	933 	500
f 103 	500 	933
f 678 	963 	961
f 500 	498 	964
f 500 	964 	962
f 963 	676 	965
f 496 	966 	964
f 496 	964 	498
f 682 	680 	977
f 478 	968 	967
f 478 	967 	479
f 969 	965 	675
f 676 	675 	965
f 295 	298 	184
f 298 	311 	184
f 249 	184 	325
f 314 	318 	184
f 274 	184 	260
f 321 	184 	318
f 325 	184 	321
f 290 	295 	184
f 278 	184 	274
f 311 	314 	184
f 368 	488 	420
f 670 	971 	972
f 972 	969 	670
f 675 	670 	969
f 420 	410 	368
f 458 	420 	488
f 973 	683 	975
f 396 	386 	467
f 443 	467 	386
f 976 	975 	682
f 683 	682 	975
f 682 	977 	976
f 401 	396 	184
f 184 	171 	401
f 170 	178 	404
f 688 	685 	974
f 688 	974 	978
f 692 	979 	980
f 184 	396 	467
f 386 	343 	443
f 342 	346 	428
f 428 	438 	343
f 343 	342 	428
f 438 	443 	343
f 692 	980 	970
f 978 	979 	688
f 690 	688 	979
f 979 	692 	690
f 461 	330 	184
f 467 	461 	184
f 330 	329 	184
f 346 	351 	428
f 747 	745 	679
f 977 	680 	1323
f 708 	1323 	680
f 423 	426 	351
f 426 	428 	351
f 409 	423 	351
f 742 	741 	735
f 742 	735 	733
f 708 	707 	1323
f 983 	585 	982
f 584 	982 	585
f 522 	689 	482
f 982 	984 	985
f 982 	985 	983
f 984 	986 	987
f 984 	987 	985
f 988 	1197 	746
f 1197 	1200 	746
f 986 	989 	990
f 986 	990 	987
f 703 	702 	1329
f 991 	994 	995
f 991 	995 	992
f 1197 	988 	993
f 1197 	993 	731
f 731 	732 	1197
f 1197 	737 	709
f 1197 	709 	712
f 717 	6 	712
f 312 	1197 	2
f 712 	6 	1197
f 344 	1207 	340
f 319 	1209 	312
f 702 	700 	1329
f 996 	997 	998
f 996 	998 	999
f 1003 	690 	1002
f 1002 	690 	1001
f 719 	981 	200
f 719 	200 	4
f 1369 	996 	999
f 1005 	981 	718
f 719 	718 	981
f 250 	245 	266
f 270 	266 	245
f 261 	257 	266
f 257 	250 	266
f 275 	270 	245
f 280 	275 	245
f 243 	606 	245
f 238 	606 	243
f 1010 	606 	238
f 1012 	606 	1011
f 718 	717 	1005
f 1005 	717 	1007
f 280 	245 	284
f 284 	245 	292
f 709 	12 	1008
f 292 	245 	606
f 717 	1008 	1007
f 1011 	606 	1010
f 1019 	606 	1013
f 1013 	606 	1012
f 1036 	1006 	1018
f 1032 	1033 	1023
f 1020 	731 	1021
f 1017 	1018 	1006
f 10 	1021 	731
f 1031 	1032 	1037
f 1023 	1037 	1032
f 1015 	1017 	1006
f 1006 	606 	1019
f 12 	709 	14
f 731 	993 	10
f 746 	740 	1027
f 1029 	1030 	1041
f 1040 	1041 	1030
f 1027 	11 	746
f 988 	746 	11
f 11 	10 	988
f 993 	988 	10
f 1031 	1040 	1030
f 1022 	1023 	1033
f 30 	29 	1209
f 1034 	1022 	1033
f 1018 	1022 	1035
f 1036 	1018 	1035
f 1034 	1035 	1022
f 1019 	1015 	1006
f 1028 	1029 	1041
f 1041 	1082 	1028
f 1043 	1080 	1042
f 1040 	1031 	1039
f 1039 	1031 	1038
f 1038 	1031 	1037
f 1209 	29 	149
f 1082 	1084 	1028
f 1042 	1082 	1041
f 154 	158 	1213
f 164 	1215 	158
f 1213 	158 	1215
f 1044 	1076 	1043
f 1025 	1026 	1084
f 1086 	1117 	1084
f 167 	1217 	164
f 1215 	164 	1217
f 1048 	1071 	1047
f 1049 	1070 	1048
f 1047 	1089 	1046
f 1052 	1053 	1051
f 1050 	1051 	1053
f 286 	293 	276
f 282 	286 	276
f 293 	607 	276
f 271 	276 	607
f 247 	251 	607
f 244 	247 	607
f 251 	258 	607
f 258 	263 	607
f 267 	607 	263
f 1064 	1065 	1055
f 267 	271 	607
f 1056 	1097 	1073
f 1050 	1053 	1057
f 1057 	1053 	1058
f 1057 	1058 	1063
f 239 	244 	607
f 1059 	1060 	607
f 1060 	239 	607
f 1061 	1062 	607
f 1065 	1066 	1055
f 1066 	1067 	1055
f 1067 	1068 	1055
f 1054 	1055 	1068
f 1069 	1054 	1068
f 1070 	1049 	1069
f 1071 	1048 	1070
f 1054 	1069 	1049
f 1055 	1057 	1064
f 1063 	1064 	1057
f 1072 	1077 	1056
f 1062 	1059 	607
f 1076 	1044 	1075
f 1075 	1044 	1079
f 1079 	1045 	1078
f 1074 	1072 	1056
f 607 	1056 	1077
f 1077 	1061 	607
f 1082 	1042 	1080
f 1080 	1043 	1076
f 1073 	1074 	1056
f 1098 	1099 	1081
f 1097 	1098 	1073
f 1045 	1079 	1044
f 1026 	1028 	1084
f 1087 	1117 	1086
f 1088 	1085 	1170
f 1091 	1088 	1170
f 1093 	1046 	1089
f 1089 	1047 	1071
f 1092 	1090 	1111
f 1085 	1444 	1170
f 1095 	1046 	1093
f 1096 	1078 	1045
f 1095 	1096 	1045
f 1045 	1046 	1095
f 1107 	1108 	1094
f 1105 	1107 	1094
f 1103 	1105 	1094
f 1094 	1092 	1103
f 1111 	1103 	1092
f 1099 	1100 	1081
f 1081 	1073 	1098
f 1101 	1094 	1108
f 1083 	1081 	1100
f 1108 	1083 	1101
f 1100 	1101 	1083
f 1149 	1158 	1109
f 1090 	1091 	1170
f 1110 	1149 	1109
f 1117 	1149 	1110
f 1115 	1113 	1164
f 1025 	1084 	1117
f 1149 	1117 	1087
f 1114 	1109 	1158
f 1158 	1202 	1114
f 1161 	1162 	1116
f 1162 	1165 	1116
f 1116 	1115 	1161
f 1164 	1161 	1115
f 1165 	1166 	1118
f 1151 	1152 	1141
f 1141 	1138 	1151
f 1119 	1216 	1132
f 1143 	1128 	1216
f 1120 	1216 	1119
f 1137 	1143 	1216
f 1136 	1137 	1216
f 1142 	1136 	1216
f 1121 	1216 	1120
f 1130 	1216 	1129
f 1132 	1216 	1130
f 1126 	1127 	1143
f 1146 	1126 	1143
f 1144 	1145 	1143
f 1145 	1146 	1143
f 1127 	1128 	1143
f 1129 	1216 	1128
f 1155 	1156 	1154
f 1153 	1154 	1156
f 1152 	1153 	1156
f 1157 	1131 	1156
f 1152 	1156 	1131
f 1131 	1133 	1152
f 1133 	1134 	1152
f 1134 	1135 	1152
f 1135 	1159 	1152
f 1159 	1141 	1152
f 1150 	1151 	1138
f 1138 	1122 	1150
f 477 	1160 	968
f 477 	968 	478
f 475 	1163 	1160
f 475 	1160 	477
f 1177 	1176 	1125
f 1124 	1125 	1176
f 1435 	1177 	1125
f 1123 	1124 	1147
f 1436 	1435 	1118
f 495 	1168 	966
f 495 	966 	496
f 967 	1169 	483
f 967 	483 	479
f 475 	493 	1163
f 1166 	1436 	1118
f 1176 	1147 	1124
f 483 	1169 	1168
f 483 	1168 	495
f 1118 	1116 	1165
f 1171 	1163 	493
f 1167 	1164 	1113
f 492 	1173 	1171
f 492 	1171 	493
f 1111 	1090 	1167
f 1113 	1111 	1167
f 1148 	1150 	1122
f 606 	1006 	1056
f 606 	1056 	607
f 1010 	1060 	1059
f 1010 	1059 	1011
f 1010 	238 	1060
f 239 	1060 	238
f 1059 	1062 	1012
f 1059 	1012 	1011
f 1017 	1074 	1073
f 1017 	1073 	1018
f 1012 	1062 	1061
f 1012 	1061 	1013
f 1178 	685 	1004
f 1179 	1182 	1158
f 1180 	685 	1178
f 1186 	708 	1185
f 1183 	1158 	1182
f 1185 	680 	1184
f 1184 	680 	1181
f 1181 	680 	1180
f 700 	708 	1187
f 692 	654 	1000
f 740 	746 	1201
f 1191 	1196 	1190
f 1189 	1190 	1199
f 1192 	1179 	1191
f 1197 	312 	1195
f 1199 	1190 	1198
f 1188 	1189 	1199
f 1198 	1190 	1196
f 1182 	1179 	1192
f 1106 	1191 	1104
f 1179 	1102 	1191
f 1104 	1191 	1102
f 654 	740 	1000
f 1205 	1000 	740
f 1001 	692 	1000
f 1004 	690 	1003
f 690 	692 	1001
f 1200 	1201 	746
f 1202 	1158 	1183
f 1208 	340 	1207
f 1196 	1191 	1106
f 1203 	1212 	1114
f 1210 	1211 	312
f 1206 	1207 	344
f 1211 	1232 	312
f 1213 	1232 	1211
f 1214 	1112 	1212
f 1215 	1218 	1213
f 1202 	1203 	1114
f 1112 	1114 	1212
f 1216 	1121 	1214
f 1234 	1223 	1217
f 1217 	1218 	1215
f 1209 	1210 	312
f 1209 	319 	1208
f 1221 	31 	1220
f 1220 	31 	1216
f 1222 	31 	1221
f 1219 	1213 	1218
f 1218 	1217 	1223
f 1229 	1213 	1219
f 1223 	1236 	672
f 1226 	1227 	1230
f 673 	1230 	1227
f 672 	1230 	673
f 1231 	1318 	1228
f 1225 	1226 	1230
f 1232 	1213 	1229
f 1233 	1316 	1231
f 1224 	1228 	36
f 1319 	1320 	1228
f 1235 	1223 	1234
f 1230 	672 	1236
f 1236 	1223 	1235
f 1238 	312 	1232
f 1193 	312 	1238
f 1194 	312 	1193
f 1195 	312 	1194
f 1285 	1286 	1239
f 1286 	42 	1239
f 1243 	1244 	1242
f 1242 	1244 	1245
f 1242 	1245 	1246
f 1247 	1248 	1284
f 1248 	1249 	1278
f 1250 	1278 	1249
f 1386 	1277 	1250
f 1385 	1399 	1384
f 1384 	1271 	1386
f 1254 	1255 	1266
f 1239 	1266 	1255
f 1258 	1259 	1264
f 1263 	1264 	1259
f 1257 	1258 	1264
f 1260 	1261 	1259
f 1261 	1262 	1259
f 1262 	1263 	1259
f 1256 	1257 	1264
f 1373 	1256 	1264
f 1265 	1372 	1264
f 1266 	1267 	1254
f 1255 	1285 	1239
f 1275 	1276 	1242
f 1274 	1275 	1242
f 1273 	1274 	1242
f 1246 	1273 	1242
f 1269 	1401 	1268
f 1279 	1280 	1272
f 1399 	1401 	1384
f 1276 	1251 	1242
f 1251 	1252 	1242
f 1267 	1242 	1252
f 1253 	1254 	1267
f 1252 	1253 	1267
f 1282 	1272 	1281
f 1280 	1281 	1272
f 1283 	1288 	1272
f 1282 	1283 	1272
f 1278 	1250 	1277
f 1140 	1142 	1216
f 1320 	36 	1228
f 1233 	1237 	42
f 1237 	1239 	42
f 1319 	1228 	1318
f 1270 	1292 	1287
f 1297 	1298 	1309
f 1290 	1270 	1289
f 1291 	1270 	1290
f 1292 	1270 	1291
f 1288 	1289 	1270
f 1293 	1287 	1292
f 1270 	1272 	1288
f 1294 	1286 	1293
f 1295 	1286 	1294
f 1296 	1310 	1295
f 1314 	1315 	1295
f 1308 	1309 	1298
f 1301 	1308 	1300
f 1302 	1308 	1301
f 1299 	1300 	1308
f 1298 	1299 	1308
f 1304 	1295 	1303
f 1307 	1311 	1306
f 1308 	1311 	1307
f 1296 	1297 	1309
f 1310 	1296 	1309
f 1312 	1313 	1311
f 1313 	1305 	1311
f 1305 	1306 	1311
f 1302 	1311 	1308
f 1303 	1295 	1310
f 1314 	1295 	1304
f 1315 	336 	1295
f 334 	352 	1295
f 1317 	1231 	1316
f 1318 	1231 	1317
f 1222 	1224 	32
f 36 	32 	1224
f 1139 	1140 	1216
f 1139 	1216 	31
f 32 	31 	1222
f 1112 	1214 	1121
f 43 	1286 	46
f 352 	347 	1286
f 1316 	1233 	42
f 315 	1295 	317
f 323 	1295 	315
f 317 	1295 	326
f 334 	1295 	323
f 326 	1295 	336
f 1286 	1295 	352
f 56 	1286 	302
f 46 	1286 	56
f 347 	302 	1286
f 43 	42 	1286
f 1287 	1293 	1286
f 1321 	672 	1322
f 1327 	1328 	1323
f 1323 	1324 	1327
f 1324 	1325 	1327
f 1330 	1339 	1323
f 1339 	1340 	1323
f 1340 	1341 	1323
f 1326 	1327 	1325
f 1333 	979 	1332
f 1331 	979 	1335
f 1332 	979 	1331
f 1350 	1024 	1349
f 1336 	974 	1337
f 1335 	974 	1336
f 977 	1323 	1341
f 1341 	1342 	977
f 1342 	1338 	977
f 1338 	1337 	977
f 976 	977 	1337
f 975 	976 	1337
f 1360 	1359 	158
f 633 	630 	715
f 515 	713 	539
f 689 	458 	488
f 1347 	1027 	1348
f 1348 	1024 	1350
f 1346 	1027 	1347
f 1344 	1027 	1346
f 476 	482 	689
f 522 	534 	689
f 539 	689 	544
f 544 	689 	534
f 497 	476 	689
f 488 	497 	689
f 354 	363 	410
f 363 	368 	410
f 1355 	1321 	1361
f 1358 	1361 	1321
f 1321 	1322 	1358
f 1354 	1358 	1353
f 1322 	1356 	1358
f 1353 	1358 	1356
f 1362 	174 	1355
f 1361 	1362 	1355
f 174 	167 	1355
f 581 	983 	567
f 585 	983 	581
f 1345 	1027 	1344
f 1360 	1027 	1343
f 1343 	1027 	1345
f 1359 	1357 	158
f 1357 	1352 	158
f 1351 	1355 	167
f 167 	164 	1351
f 164 	158 	1351
f 1368 	992 	579
f 992 	995 	595
f 595 	579 	992
f 1323 	707 	1324
f 707 	706 	1325
f 707 	1325 	1324
f 558 	1364 	554
f 569 	1366 	579
f 567 	985 	569
f 1326 	1325 	705
f 706 	705 	1325
f 555 	554 	1370
f 705 	704 	1327
f 705 	1327 	1326
f 1370 	999 	555
f 999 	998 	555
f 1328 	1327 	703
f 704 	703 	1327
f 703 	1329 	1328
f 1329 	700 	1330
f 656 	663 	741
f 663 	724 	741
f 642 	656 	741
f 741 	739 	642
f 739 	744 	642
f 700 	1339 	1330
f 712 	709 	1008
f 717 	712 	1008
f 1332 	1001 	1333
f 1001 	1334 	1333
f 944 	1009 	722
f 944 	722 	650
f 1014 	14 	736
f 737 	736 	14
f 736 	734 	1016
f 736 	1016 	1014
f 1020 	1016 	732
f 734 	732 	1016
f 1024 	740 	1009
f 1181 	1337 	1338
f 732 	731 	1020
f 1342 	1181 	1338
f 740 	722 	1009
f 709 	737 	14
f 1334 	1000 	1349
f 1024 	1027 	740
f 1201 	1347 	1348
f 1350 	1201 	1348
f 1339 	700 	1187
f 1340 	1339 	1186
f 1187 	1186 	1339
f 1003 	1331 	1335
f 1332 	1331 	1002
f 1003 	1002 	1331
f 1355 	672 	1321
f 1002 	1001 	1332
f 1356 	1226 	1353
f 1334 	1001 	1000
f 1226 	1354 	1353
f 1205 	1349 	1000
f 1186 	1185 	1341
f 1186 	1341 	1340
f 1004 	1003 	1335
f 1004 	1335 	1178
f 1232 	1357 	1359
f 1342 	1341 	1184
f 1185 	1184 	1341
f 1178 	1335 	1336
f 1238 	1232 	1359
f 1238 	1359 	1360
f 1180 	1178 	1336
f 1180 	1336 	1337
f 1236 	1361 	1358
f 1337 	1181 	1180
f 1361 	1235 	1362
f 1184 	1181 	1342
f 1238 	1360 	1193
f 994 	1363 	1364
f 994 	1364 	995
f 179 	1008 	180
f 189 	1008 	179
f 200 	1007 	196
f 193 	1008 	189
f 1345 	1344 	1194
f 1195 	1194 	1344
f 217 	223 	272
f 989 	1365 	1366
f 989 	1366 	990
f 1194 	1193 	1343
f 1194 	1343 	1345
f 1367 	991 	992
f 1367 	992 	1368
f 999 	1370 	1369
f 1344 	1346 	1195
f 1197 	1195 	1346
f 674 	998 	671
f 997 	671 	998
f 1347 	1200 	1346
f 205 	204 	272
f 204 	217 	272
f 227 	272 	223
f 227 	231 	272
f 231 	236 	272
f 236 	242 	272
f 246 	272 	242
f 252 	272 	246
f 1363 	1369 	1370
f 1363 	1370 	1364
f 1350 	1349 	1204
f 1205 	1204 	1349
f 1365 	1367 	1368
f 1365 	1368 	1366
f 1197 	1346 	1200
f 1008 	29 	180
f 1201 	1200 	1347
f 1204 	1201 	1350
f 277 	262 	29
f 1208 	30 	1209
f 262 	180 	29
f 135 	143 	132
f 132 	143 	148
f 132 	148 	153
f 132 	153 	159
f 159 	163 	132
f 166 	763 	163
f 281 	277 	30
f 29 	30 	277
f 30 	1208 	142
f 1207 	142 	1208
f 132 	163 	763
f 142 	1207 	144
f 1206 	144 	1207
f 471 	465 	291
f 296 	473 	291
f 1206 	623 	144
f 765 	763 	166
f 149 	1210 	1209
f 1210 	149 	154
f 1210 	154 	1211
f 465 	205 	272
f 1211 	154 	1213
f 272 	291 	465
f 473 	296 	30
f 296 	281 	30
f 471 	291 	473
f 779 	833 	775
f 759 	762 	833
f 780 	833 	779
f 762 	775 	833
f 167 	174 	1217
f 480 	473 	30
f 788 	833 	166
f 166 	833 	765
f 1351 	1352 	1218
f 1219 	1218 	1352
f 757 	759 	833
f 780 	765 	833
f 790 	833 	788
f 783 	785 	833
f 805 	173 	821
f 831 	821 	173
f 785 	757 	833
f 1218 	1355 	1351
f 1352 	1357 	1219
f 902 	486 	935
f 934 	935 	486
f 907 	934 	486
f 1218 	1223 	1355
f 935 	909 	902
f 1223 	672 	1355
f 673 	1227 	1356
f 673 	1356 	1322
f 1227 	1226 	1356
f 876 	878 	519
f 904 	903 	929
f 928 	929 	903
f 911 	928 	903
f 903 	902 	911
f 909 	911 	902
f 1226 	1225 	1354
f 503 	878 	499
f 511 	519 	878
f 883 	885 	878
f 885 	499 	878
f 503 	511 	878
f 1343 	1193 	1360
f 1284 	1248 	1278
f 519 	521 	876
f 1229 	1219 	1357
f 521 	528 	876
f 1230 	1354 	1225
f 1232 	1229 	1357
f 1373 	1264 	1372
f 1374 	1240 	1372
f 1374 	1372 	1265
f 1371 	1372 	1240
f 1240 	1241 	1371
f 1284 	1371 	1241
f 1241 	1247 	1284
f 860 	863 	895
f 535 	860 	895
f 528 	535 	895
f 893 	876 	528
f 895 	893 	528
f 1230 	1358 	1354
f 1236 	1358 	1230
f 486 	480 	142
f 30 	142 	480
f 1383 	1268 	1380
f 1381 	1382 	1380
f 1382 	1383 	1380
f 1379 	1380 	1268
f 1378 	1379 	1268
f 1377 	1378 	1268
f 1376 	1377 	1268
f 1375 	1376 	1268
f 1236 	1235 	1361
f 929 	913 	904
f 144 	907 	486
f 142 	144 	486
f 1362 	1235 	174
f 1234 	174 	1235
f 1234 	1217 	174
f 899 	895 	863
f 867 	871 	863
f 1388 	1392 	1387
f 633 	715 	515
f 653 	715 	630
f 620 	617 	674
f 674 	653 	620
f 491 	1175 	1173
f 491 	1173 	492
f 350 	354 	410
f 490 	1391 	1175
f 490 	1175 	491
f 351 	350 	410
f 489 	1393 	1391
f 489 	1391 	490
f 693 	539 	687
f 689 	539 	693
f 829 	1393 	489
f 1388 	1389 	1392
f 1416 	1385 	1392
f 1417 	1385 	1416
f 1387 	1392 	1385
f 1418 	1419 	1385
f 1269 	1384 	1401
f 1277 	1386 	1271
f 1385 	1396 	1397
f 1397 	1399 	1385
f 3 	512 	1394
f 512 	510 	1395
f 512 	1395 	1394
f 1013 	1061 	1077
f 1013 	1077 	1019
f 510 	509 	1398
f 510 	1398 	1395
f 509 	508 	1400
f 509 	1400 	1398
f 1015 	1072 	1074
f 1015 	1074 	1017
f 508 	507 	1402
f 508 	1402 	1400
f 1271 	1384 	1269
f 1375 	1268 	1401
f 1023 	1083 	1037
f 507 	506 	1403
f 507 	1403 	1402
f 1022 	1018 	1081
f 1073 	1081 	1018
f 505 	1404 	1403
f 505 	1403 	506
f 1407 	1390 	1406
f 1015 	1019 	1072
f 1077 	1072 	1019
f 1506 	1508 	1390
f 1022 	1081 	1083
f 1022 	1083 	1023
f 1408 	516 	442
f 517 	1410 	1411
f 517 	1411 	518
f 1413 	1390 	1412
f 1408 	1410 	517
f 1408 	517 	516
f 1097 	1056 	1036
f 1006 	1036 	1056
f 518 	1411 	546
f 1036 	1035 	1098
f 1036 	1098 	1097
f 1392 	1389 	1413
f 1035 	1034 	1099
f 1035 	1099 	1098
f 524 	523 	1414
f 524 	1414 	1415
f 1034 	1033 	1100
f 1034 	1100 	1099
f 531 	524 	1415
f 531 	1415 	1421
f 1420 	1385 	1419
f 1396 	1385 	1420
f 1418 	1385 	1417
f 1030 	1029 	1090
f 1030 	1090 	1092
f 1422 	1414 	530
f 523 	530 	1414
f 1390 	1413 	1389
f 1538 	1537 	89
f 530 	529 	1423
f 530 	1423 	1422
f 1026 	1025 	1085
f 540 	531 	1421
f 540 	1421 	1424
f 1029 	1028 	1091
f 1029 	1091 	1090
f 1026 	1085 	1088
f 538 	1425 	1423
f 538 	1423 	529
f 536 	1426 	1425
f 536 	1425 	538
f 1028 	1026 	1088
f 1028 	1088 	1091
f 792 	833 	790
f 794 	833 	792
f 800 	833 	798
f 798 	833 	796
f 931 	930 	800
f 1033 	1032 	1101
f 1033 	1101 	1100
f 177 	783 	831
f 1092 	1094 	1030
f 1031 	1030 	1094
f 540 	1424 	960
f 1032 	1031 	1094
f 1032 	1094 	1101
f 550 	1427 	1426
f 550 	1426 	536
f 173 	177 	831
f 1039 	1105 	1103
f 1039 	1103 	1040
f 549 	1428 	1427
f 549 	1427 	550
f 1038 	1107 	1105
f 1038 	1105 	1039
f 548 	1429 	1428
f 548 	1428 	549
f 1037 	1108 	1107
f 1037 	1107 	1038
f 547 	1430 	1429
f 547 	1429 	548
f 1083 	1108 	1037
f 546 	1431 	1430
f 546 	1430 	547
f 1040 	1103 	1111
f 1040 	1111 	1041
f 1411 	1431 	546
f 814 	812 	823
f 820 	823 	812
f 808 	807 	825
f 802 	805 	821
f 1041 	1111 	1113
f 1041 	1113 	1042
f 1042 	1113 	1115
f 1042 	1115 	1043
f 960 	110 	651
f 960 	651 	460
f 1043 	1115 	1116
f 1043 	1116 	1044
f 563 	562 	1432
f 563 	1432 	15
f 562 	561 	1433
f 562 	1433 	1432
f 827 	890 	855
f 853 	855 	890
f 561 	560 	1434
f 561 	1434 	1433
f 560 	576 	1434
f 821 	820 	810
f 812 	810 	820
f 823 	825 	814
f 807 	816 	825
f 816 	814 	825
f 1048 	1123 	1122
f 1048 	1122 	1049
f 566 	563 	15
f 566 	15 	13
f 1047 	1124 	1123
f 1047 	1123 	1048
f 18 	1434 	576
f 810 	802 	821
f 1044 	1116 	1045
f 1118 	1045 	1116
f 794 	796 	833
f 831 	783 	833
f 1046 	1125 	1124
f 1046 	1124 	1047
f 833 	800 	834
f 576 	575 	20
f 576 	20 	18
f 825 	844 	808
f 575 	574 	21
f 575 	21 	20
f 1045 	1118 	1125
f 1045 	1125 	1046
f 574 	573 	22
f 574 	22 	21
f 846 	844 	825
f 573 	614 	22
f 1052 	1133 	1131
f 1052 	1131 	1053
f 614 	58 	22
f 1051 	1134 	1133
f 1051 	1133 	1052
f 1050 	1135 	1134
f 1050 	1134 	1051
f 614 	613 	59
f 614 	59 	58
f 613 	612 	60
f 613 	60 	59
f 850 	857 	849
f 825 	866 	850
f 850 	846 	825
f 843 	849 	837
f 874 	875 	827
f 837 	849 	862
f 841 	843 	837
f 841 	837 	839
f 612 	611 	61
f 612 	61 	60
f 859 	849 	857
f 862 	849 	859
f 869 	866 	825
f 857 	850 	866
f 825 	875 	869
f 825 	827 	875
f 855 	865 	827
f 865 	874 	827
f 882 	886 	880
f 886 	894 	880
f 888 	886 	882
f 882 	853 	888
f 890 	888 	853
f 901 	905 	892
f 47 	61 	609
f 611 	609 	61
f 896 	892 	906
f 905 	906 	892
f 892 	1394 	901
f 609 	608 	49
f 47 	609 	49
f 915 	914 	896
f 906 	915 	896
f 608 	605 	50
f 608 	50 	49
f 699 	539 	713
f 687 	539 	697
f 410 	409 	351
f 604 	51 	50
f 604 	50 	605
f 898 	897 	914
f 897 	896 	914
f 603 	52 	51
f 603 	51 	604
f 697 	539 	699
f 900 	898 	914
f 713 	515 	715
f 583 	582 	27
f 583 	27 	25
f 720 	653 	711
f 696 	711 	653
f 715 	653 	720
f 681 	696 	653
f 894 	908 	880
f 908 	910 	880
f 910 	900 	914
f 914 	880 	910
f 602 	54 	52
f 602 	52 	603
f 653 	643 	747
f 747 	681 	653
f 34 	588 	466
f 588 	34 	37
f 588 	37 	590
f 643 	642 	747
f 744 	747 	642
f 724 	726 	741
f 735 	741 	726
f 735 	726 	728
f 735 	728 	730
f 925 	924 	931
f 924 	936 	931
f 590 	37 	54
f 590 	54 	602
f 921 	927 	931
f 927 	926 	931
f 926 	925 	931
f 1370 	554 	1364
f 995 	1364 	595
f 629 	628 	70
f 629 	70 	77
f 920 	923 	931
f 923 	922 	931
f 922 	921 	931
f 917 	920 	931
f 628 	626 	72
f 628 	72 	70
f 998 	674 	555
f 617 	555 	674
f 630 	620 	653
f 626 	625 	73
f 626 	73 	72
f 933 	800 	932
f 930 	932 	800
f 933 	962 	800
f 625 	624 	75
f 625 	75 	73
f 624 	622 	76
f 624 	76 	75
f 952 	931 	938
f 916 	917 	931
f 800 	916 	931
f 582 	644 	107
f 582 	107 	27
f 558 	595 	1364
f 1368 	579 	1366
f 985 	567 	983
f 987 	569 	985
f 990 	569 	987
f 1366 	569 	990
f 13 	15 	34
f 634 	629 	77
f 634 	77 	94
f 1250 	369 	1386
f 622 	631 	93
f 622 	93 	76
f 1249 	370 	369
f 1249 	369 	1250
f 939 	13 	958
f 34 	958 	13
f 1248 	365 	370
f 1248 	370 	1249
f 941 	939 	958
f 644 	634 	94
f 644 	94 	107
f 1240 	1374 	357
f 431 	357 	1374
f 638 	637 	101
f 638 	101 	100
f 359 	1241 	357
f 1240 	357 	1241
f 637 	635 	102
f 637 	102 	101
f 1247 	366 	365
f 1247 	365 	1248
f 936 	938 	931
f 949 	948 	945
f 945 	946 	949
f 958 	949 	943
f 943 	942 	958
f 942 	941 	958
f 631 	638 	100
f 631 	100 	93
f 1241 	359 	366
f 1241 	366 	1247
f 127 	102 	669
f 635 	669 	102
f 27 	107 	960
f 669 	668 	128
f 669 	128 	127
f 960 	1410 	27
f 668 	667 	116
f 668 	116 	128
f 938 	945 	952
f 949 	957 	1408
f 948 	951 	945
f 1264 	387 	385
f 1264 	385 	1265
f 1263 	388 	387
f 1263 	387 	1264
f 955 	25 	1410
f 1410 	1408 	955
f 957 	949 	958
f 25 	27 	1410
f 1262 	389 	388
f 1262 	388 	1263
f 951 	952 	945
f 1262 	1261 	390
f 1262 	390 	389
f 1261 	1260 	380
f 1261 	380 	390
f 1163 	800 	1160
f 1160 	800 	968
f 1260 	1259 	381
f 1260 	381 	380
f 1171 	800 	1163
f 967 	968 	800
f 1259 	1258 	382
f 1259 	382 	381
f 667 	666 	117
f 667 	117 	116
f 1258 	1257 	383
f 1258 	383 	382
f 666 	665 	118
f 666 	118 	117
f 1257 	1256 	384
f 1257 	384 	383
f 664 	119 	118
f 664 	118 	665
f 1168 	800 	966
f 964 	966 	800
f 962 	964 	800
f 1169 	800 	1168
f 1169 	967 	800
f 1173 	800 	1171
f 1175 	800 	1173
f 1391 	800 	1175
f 1393 	800 	1391
f 834 	800 	829
f 1393 	829 	800
f 662 	120 	119
f 662 	119 	664
f 1256 	1373 	384
f 660 	121 	120
f 660 	120 	662
f 659 	122 	121
f 659 	121 	660
f 1404 	901 	1403
f 1395 	1398 	901
f 1395 	901 	1394
f 1403 	901 	1400
f 1400 	901 	1398
f 1402 	1403 	1400
f 1374 	1265 	431
f 385 	431 	1265
f 657 	123 	122
f 657 	122 	659
f 957 	955 	1408
f 1269 	1268 	398
f 1269 	398 	397
f 1411 	1410 	960
f 1268 	1383 	446
f 1268 	446 	398
f 651 	110 	123
f 651 	123 	657
f 1271 	1269 	397
f 1271 	397 	402
f 1277 	1271 	402
f 1423 	1425 	1422
f 1415 	1414 	1425
f 1422 	1425 	1414
f 919 	918 	543
f 577 	639 	919
f 543 	577 	919
f 1373 	434 	384
f 1425 	1426 	1415
f 1426 	1427 	1415
f 1427 	1428 	1415
f 402 	415 	1277
f 1373 	1372 	435
f 1373 	435 	434
f 918 	867 	543
f 863 	543 	867
f 871 	872 	863
f 1428 	1429 	1415
f 1421 	1415 	1429
f 1429 	1430 	1421
f 1430 	1431 	1421
f 1424 	1421 	1431
f 1431 	1411 	1424
f 960 	1424 	1411
f 1278 	1277 	415
f 1278 	415 	417
f 20 	34 	18
f 18 	34 	1434
f 1434 	34 	1433
f 913 	912 	904
f 639 	551 	937
f 937 	919 	639
f 872 	891 	863
f 891 	899 	863
f 551 	559 	937
f 912 	940 	904
f 1372 	1371 	436
f 1372 	436 	435
f 417 	424 	1278
f 1284 	1278 	424
f 1371 	1284 	424
f 1371 	424 	436
f 950 	953 	947
f 959 	961 	1009
f 1122 	1123 	1148
f 1147 	1148 	1123
f 1125 	1118 	1435
f 1383 	1382 	447
f 1383 	447 	446
f 1382 	1381 	448
f 1382 	448 	447
f 1439 	1471 	1438
f 970 	1334 	1024
f 1381 	1380 	449
f 1381 	449 	448
f 1380 	1379 	450
f 1380 	450 	449
f 969 	972 	1009
f 972 	971 	1024
f 1024 	1009 	972
f 971 	970 	1024
f 965 	969 	1009
f 963 	965 	1009
f 961 	963 	1009
f 1379 	1378 	451
f 1379 	451 	450
f 1443 	1464 	1441
f 1442 	1478 	1443
f 1378 	1377 	452
f 1378 	452 	451
f 1329 	1330 	1323
f 1328 	1329 	1323
f 1377 	1376 	453
f 1377 	453 	452
f 1441 	1463 	1440
f 1440 	1172 	1444
f 1174 	1440 	1463
f 1170 	1167 	1090
f 1172 	1170 	1444
f 975 	1337 	973
f 973 	1337 	974
f 1376 	1375 	454
f 1376 	454 	453
f 1384 	456 	457
f 1384 	457 	1385
f 1450 	1451 	1459
f 1452 	1459 	1451
f 1459 	1454 	1484
f 1450 	1459 	1484
f 1446 	1480 	1445
f 1447 	1480 	1446
f 1448 	1449 	1484
f 1449 	1450 	1484
f 1385 	457 	462
f 1385 	462 	1387
f 35 	33 	1484
f 1457 	35 	1484
f 456 	1384 	464
f 1386 	464 	1384
f 369 	464 	1386
f 1387 	462 	468
f 1387 	468 	1388
f 1458 	1456 	1484
f 1455 	1458 	1484
f 1456 	1457 	1484
f 1454 	1455 	1484
f 1459 	1452 	1460
f 1459 	1460 	1461
f 1459 	1461 	1462
f 1388 	468 	470
f 1388 	470 	1389
f 1172 	1440 	1174
f 1389 	470 	472
f 1389 	472 	1390
f 1390 	472 	1539
f 1480 	1479 	1445
f 1463 	1441 	1464
f 545 	485 	1392
f 1481 	1482 	1447
f 1467 	1466 	1464
f 1464 	1466 	1465
f 1392 	485 	1416
f 1397 	1396 	502
f 1397 	502 	501
f 1469 	1475 	1468
f 1472 	1475 	1471
f 1468 	1475 	1472
f 1399 	1397 	501
f 1399 	501 	504
f 568 	502 	1396
f 1401 	1399 	504
f 1401 	504 	513
f 513 	454 	1401
f 1375 	1401 	454
f 1466 	1470 	1465
f 1470 	1471 	1465
f 1439 	1465 	1471
f 1473 	1475 	1469
f 1474 	1475 	1473
f 1475 	1437 	1471
f 1437 	1438 	1471
f 1407 	1406 	526
f 1407 	526 	525
f 1467 	1464 	1476
f 1406 	1405 	527
f 1406 	527 	526
f 1464 	1443 	1476
f 597 	527 	1405
f 1396 	1420 	568
f 1412 	1409 	532
f 525 	532 	1407
f 1409 	1407 	532
f 1420 	1419 	570
f 1420 	570 	568
f 1477 	1476 	1443
f 1413 	1412 	541
f 1412 	532 	541
f 1442 	1445 	1479
f 1479 	1478 	1442
f 1477 	1443 	1478
f 1419 	1418 	571
f 1419 	571 	570
f 1482 	1483 	1447
f 1480 	1447 	1483
f 541 	545 	1413
f 1484 	1481 	1453
f 1447 	1453 	1481
f 1392 	1413 	545
f 1418 	1417 	572
f 1418 	572 	571
f 1486 	194 	1487
f 485 	556 	1416
f 224 	188 	1487
f 1416 	556 	572
f 1416 	572 	1417
f 1523 	1497 	1489
f 188 	185 	1487
f 1405 	1490 	597
f 1490 	1492 	598
f 1490 	598 	597
f 1496 	1504 	1500
f 1499 	1500 	1504
f 1498 	1499 	1504
f 1492 	1501 	599
f 1492 	599 	598
f 1494 	1495 	1510
f 1493 	1494 	1510
f 1495 	1496 	1510
f 1501 	1503 	600
f 1501 	600 	599
f 1502 	1510 	1496
f 1500 	1502 	1496
f 1504 	1505 	1498
f 1514 	586 	1506
f 1508 	1506 	586
f 1508 	586 	589
f 1503 	1508 	589
f 1503 	589 	600
f 1514 	1515 	616
f 1514 	616 	618
f 1512 	1491 	1511
f 1513 	1491 	1512
f 1510 	1511 	1491
f 1491 	1493 	1510
f 1514 	618 	586
f 1518 	1519 	1517
f 1516 	1517 	1519
f 1520 	1548 	1519
f 978 	1335 	979
f 979 	1333 	980
f 980 	1334 	970
f 748 	616 	1521
f 1515 	1521 	616
f 974 	1335 	978
f 1489 	1488 	1525
f 1485 	195 	1486
f 1453 	1448 	1484
f 195 	1485 	199
f 1521 	1522 	749
f 1521 	749 	748
f 1497 	1498 	1505
f 12 	29 	1008
f 1522 	1524 	750
f 1522 	750 	749
f 1505 	1489 	1497
f 1523 	1489 	1525
f 219 	1487 	222
f 1524 	1527 	751
f 1524 	751 	750
f 1008 	193 	1007
f 196 	1007 	193
f 981 	1007 	200
f 1005 	1007 	981
f 1527 	1528 	752
f 1527 	752 	751
f 944 	947 	953
f 1507 	1544 	1509
f 185 	1551 	1525
f 1525 	1487 	185
f 1488 	1487 	1525
f 1528 	1529 	753
f 1528 	753 	752
f 1529 	1530 	754
f 1529 	754 	753
f 1009 	944 	953
f 956 	959 	1009
f 1070 	1148 	1147
f 1070 	1147 	1071
f 1530 	1531 	755
f 1530 	755 	754
f 1069 	1150 	1148
f 1069 	1148 	1070
f 953 	954 	1009
f 1068 	1151 	1150
f 1068 	1150 	1069
f 269 	268 	767
f 1532 	767 	268
f 10 	29 	1021
f 1014 	1016 	29
f 1016 	1020 	29
f 1020 	1021 	29
f 1533 	768 	767
f 1533 	767 	1532
f 1067 	1152 	1151
f 1067 	1151 	1068
f 1534 	769 	768
f 1534 	768 	1533
f 1066 	1153 	1152
f 1066 	1152 	1067
f 954 	956 	1009
f 1334 	980 	1333
f 1535 	770 	769
f 1535 	769 	1534
f 1024 	1348 	1027
f 1065 	1154 	1153
f 1065 	1153 	1066
f 1536 	771 	770
f 1536 	770 	1535
f 1349 	1024 	1334
f 1064 	1155 	1154
f 1064 	1154 	1065
f 1537 	772 	771
f 1537 	771 	1536
f 1063 	1156 	1155
f 1063 	1155 	1064
f 1538 	773 	772
f 1538 	772 	1537
f 1058 	1157 	1156
f 1058 	1156 	1063
f 1508 	1503 	1390
f 472 	761 	1539
f 1058 	1053 	1157
f 1131 	1157 	1053
f 1539 	761 	773
f 1539 	773 	1538
f 1540 	112 	113
f 1540 	113 	776
f 1501 	1390 	1503
f 1492 	1390 	1501
f 1490 	1390 	1492
f 1406 	1390 	1405
f 1405 	1390 	1490
f 1409 	1390 	1407
f 1412 	1390 	1409
f 1541 	1540 	776
f 1541 	776 	777
f 1514 	1531 	1515
f 1122 	1138 	1054
f 1122 	1054 	1049
f 1057 	1159 	1135
f 1057 	1135 	1050
f 803 	755 	1542
f 1531 	1542 	755
f 777 	784 	1541
f 1138 	1141 	1055
f 1138 	1055 	1054
f 1542 	67 	71
f 1542 	71 	803
f 1055 	1141 	1159
f 1055 	1159 	1057
f 1543 	1541 	784
f 1530 	1529 	1524
f 1528 	1524 	1529
f 1524 	1522 	1530
f 1527 	1524 	1528
f 1522 	1521 	1530
f 1531 	1530 	1521
f 1531 	1521 	1515
f 1506 	68 	1514
f 95 	79 	1390
f 64 	1543 	784
f 64 	784 	65
f 1532 	81 	1533
f 81 	86 	1536
f 86 	89 	1537
f 1536 	86 	1537
f 1535 	81 	1536
f 1534 	81 	1535
f 1533 	81 	1534
f 264 	81 	268
f 201 	160 	1541
f 1541 	1543 	201
f 1546 	1547 	1509
f 1545 	1546 	1509
f 1548 	1509 	1547
f 1516 	1519 	1548
f 1520 	1509 	1548
f 1545 	1509 	1544
f 64 	201 	1543
f 1507 	1526 	1544
f 1549 	1544 	1526
f 1526 	1525 	1549
f 81 	279 	64
f 1551 	1550 	1525
f 1539 	1538 	89
f 82 	83 	1552
f 89 	95 	1539
f 64 	279 	201
f 79 	68 	1390
f 197 	201 	279
f 1558 	1554 	1561
f 83 	1561 	1554
f 1557 	1558 	1561
f 1554 	1553 	83
f 1553 	1552 	83
f 1550 	1549 	1525
f 1556 	1557 	1561
f 1552 	1551 	82
f 1506 	1390 	68
f 1390 	1539 	95
f 1542 	1514 	67
f 67 	1514 	68
f 1531 	1514 	1542
f 182 	90 	1561
f 1561 	1562 	182
f 1562 	1563 	182
f 1560 	182 	1563
f 1075 	1162 	1161
f 1075 	1161 	1076
f 1076 	1161 	1164
f 1076 	1164 	1080
f 155 	150 	160
f 150 	145 	160
f 145 	136 	160
f 136 	131 	160
f 131 	125 	160
f 125 	108 	160
f 108 	112 	160
f 1540 	1541 	160
f 112 	1540 	160
f 1079 	1165 	1162
f 1079 	1162 	1075
f 1078 	1166 	1165
f 1078 	1165 	1079
f 176 	403 	186
f 169 	403 	176
f 168 	403 	169
f 1080 	1164 	1167
f 1080 	1167 	1082
f 1082 	1167 	1170
f 399 	259 	392
f 1170 	1084 	1082
f 1084 	1170 	1172
f 1084 	1172 	1086
f 1086 	1172 	1174
f 1086 	1174 	1087
f 1147 	1176 	1089
f 1147 	1089 	1071
f 206 	190 	228
f 228 	225 	206
f 208 	206 	225
f 220 	214 	225
f 214 	210 	225
f 210 	208 	225
f 232 	228 	190
f 240 	235 	190
f 190 	186 	240
f 235 	232 	190
f 1089 	1176 	1177
f 1089 	1177 	1093
f 1093 	1177 	1435
f 1093 	1435 	1095
f 279 	81 	264
f 1095 	1435 	1436
f 1095 	1436 	1096
f 1096 	1436 	1166
f 1096 	1166 	1078
f 1106 	1437 	1475
f 1106 	1475 	1196
f 255 	392 	259
f 324 	320 	392
f 259 	183 	273
f 197 	279 	183
f 273 	183 	279
f 268 	81 	1532
f 1104 	1438 	1437
f 1104 	1437 	1106
f 1102 	1439 	1438
f 1102 	1438 	1104
f 285 	283 	392
f 309 	328 	392
f 283 	309 	392
f 1110 	1109 	1441
f 1110 	1441 	1440
f 1117 	1110 	1440
f 1117 	1440 	1444
f 1112 	1445 	1442
f 316 	313 	392
f 313 	310 	392
f 320 	316 	392
f 310 	297 	392
f 297 	294 	392
f 294 	289 	392
f 328 	331 	392
f 331 	463 	392
f 379 	392 	463
f 248 	324 	392
f 1114 	1112 	1442
f 1114 	1442 	1443
f 362 	353 	407
f 1443 	1441 	1114
f 1109 	1114 	1441
f 1444 	1085 	1117
f 1025 	1117 	1085
f 1112 	1121 	1445
f 349 	407 	353
f 348 	407 	349
f 341 	427 	345
f 345 	427 	348
f 1121 	1120 	1446
f 1121 	1446 	1445
f 253 	248 	392
f 487 	367 	418
f 1120 	1119 	1447
f 1120 	1447 	1446
f 1447 	1132 	1453
f 168 	183 	399
f 403 	168 	399
f 1447 	1119 	1132
f 1132 	1130 	1448
f 1132 	1448 	1453
f 240 	186 	403
f 183 	259 	399
f 255 	253 	392
f 1130 	1129 	1449
f 1130 	1449 	1448
f 1129 	1128 	1450
f 1129 	1450 	1449
f 1128 	1127 	1451
f 1128 	1451 	1450
f 1127 	1126 	1452
f 1127 	1452 	1451
f 1126 	1146 	1460
f 1126 	1460 	1452
f 422 	408 	348
f 407 	348 	408
f 422 	348 	425
f 418 	367 	407
f 425 	348 	427
f 1146 	1145 	1461
f 1146 	1461 	1460
f 463 	469 	379
f 1145 	1144 	1462
f 1145 	1462 	1461
f 339 	379 	444
f 289 	285 	392
f 1144 	1143 	1459
f 1144 	1459 	1462
f 437 	427 	339
f 444 	437 	339
f 469 	444 	379
f 1137 	1136 	1455
f 1137 	1455 	1454
f 537 	542 	691
f 459 	487 	418
f 1143 	1137 	1454
f 1143 	1454 	1459
f 1140 	1139 	1457
f 1140 	1457 	1456
f 494 	691 	474
f 474 	691 	481
f 35 	1457 	31
f 1139 	31 	1457
f 1142 	1140 	1456
f 1142 	1456 	1458
f 1458 	1455 	1142
f 1136 	1142 	1455
f 1174 	1463 	1149
f 1174 	1149 	1087
f 1149 	1463 	1464
f 1149 	1464 	1158
f 1158 	1464 	1465
f 1158 	1465 	1179
f 1179 	1465 	1439
f 542 	533 	691
f 1182 	1466 	1467
f 1182 	1467 	1183
f 1466 	1182 	1192
f 520 	691 	533
f 520 	481 	691
f 487 	691 	494
f 362 	407 	367
f 1191 	1471 	1470
f 1191 	1470 	1192
f 1190 	1472 	1471
f 1190 	1471 	1191
f 564 	578 	1365
f 1365 	989 	564
f 1367 	1365 	578
f 989 	986 	564
f 1189 	1468 	1472
f 1189 	1472 	1190
f 552 	1369 	553
f 1188 	1469 	1468
f 1188 	1468 	1189
f 553 	1363 	557
f 557 	1363 	594
f 1466 	1192 	1470
f 594 	991 	578
f 1199 	1473 	1469
f 1199 	1469 	1188
f 716 	652 	627
f 1198 	1474 	1473
f 1198 	1473 	1199
f 632 	716 	627
f 1196 	1475 	1474
f 1196 	1474 	1198
f 610 	619 	671
f 1179 	1439 	1102
f 640 	652 	745
f 641 	640 	745
f 1467 	1476 	1202
f 1467 	1202 	1183
f 679 	745 	652
f 1202 	1476 	1477
f 1202 	1477 	1203
f 1369 	552 	996
f 997 	552 	671
f 514 	716 	632
f 698 	701 	537
f 339 	427 	341
f 691 	487 	459
f 1221 	1482 	1481
f 1221 	1481 	1222
f 694 	537 	691
f 1212 	1203 	1477
f 686 	537 	694
f 1220 	1483 	1482
f 1220 	1482 	1221
f 1477 	1478 	1212
f 698 	537 	686
f 514 	537 	714
f 1212 	1478 	1479
f 1212 	1479 	1214
f 701 	714 	537
f 619 	627 	652
f 1214 	1479 	1480
f 1214 	1480 	1216
f 679 	652 	695
f 714 	716 	514
f 1216 	1480 	1483
f 1216 	1483 	1220
f 695 	652 	710
f 710 	652 	721
f 721 	652 	716
f 1222 	1481 	1484
f 1222 	1484 	1224
f 723 	661 	742
f 725 	723 	742
f 661 	655 	742
f 1224 	1484 	1485
f 1224 	1485 	1228
f 1228 	1485 	1486
f 1228 	1486 	1231
f 729 	727 	733
f 727 	725 	733
f 742 	733 	725
f 738 	742 	655
f 745 	743 	655
f 655 	641 	745
f 743 	738 	655
f 671 	619 	652
f 1231 	1486 	1487
f 1231 	1487 	1233
f 1233 	1487 	1488
f 1233 	1488 	1237
f 991 	594 	994
f 1237 	1488 	1489
f 1237 	1489 	1239
f 996 	552 	997
f 1505 	1239 	1489
f 994 	594 	1363
f 986 	984 	564
f 1245 	1493 	1491
f 1245 	1491 	1246
f 1244 	1494 	1493
f 1244 	1493 	1245
f 584 	580 	982
f 984 	982 	565
f 565 	564 	984
f 580 	565 	982
f 1367 	578 	991
f 610 	671 	552
f 1363 	553 	1369
f 1243 	1495 	1494
f 1243 	1494 	1244
f 1242 	1496 	1495
f 1242 	1495 	1243
f 157 	152 	162
f 152 	147 	162
f 147 	141 	162
f 141 	134 	162
f 134 	129 	162
f 129 	764 	162
f 1254 	1498 	1497
f 1254 	1497 	1255
f 165 	162 	764
f 1253 	1499 	1498
f 1253 	1498 	1254
f 766 	165 	764
f 1252 	1500 	1499
f 1252 	1499 	1253
f 1251 	1502 	1500
f 1251 	1500 	1252
f 778 	774 	830
f 758 	756 	830
f 756 	786 	830
f 760 	758 	830
f 786 	782 	830
f 774 	760 	830
f 781 	778 	830
f 782 	175 	830
f 172 	804 	818
f 819 	818 	811
f 766 	781 	832
f 165 	766 	832
f 787 	165 	832
f 830 	832 	781
f 832 	835 	799
f 799 	106 	98
f 801 	811 	818
f 813 	819 	811
f 818 	830 	172
f 804 	801 	818
f 815 	822 	813
f 809 	845 	826
f 809 	826 	806
f 806 	826 	817
f 175 	172 	830
f 795 	793 	832
f 789 	787 	832
f 791 	789 	832
f 819 	813 	822
f 822 	815 	824
f 793 	791 	832
f 797 	795 	832
f 799 	797 	832
f 489 	799 	828
f 835 	828 	799
f 489 	490 	799
f 856 	868 	851
f 877 	826 	870
f 861 	858 	848
f 840 	836 	842
f 848 	842 	836
f 836 	861 	848
f 838 	836 	840
f 858 	856 	848
f 851 	848 	856
f 847 	851 	868
f 847 	870 	826
f 873 	826 	877
f 852 	889 	854
f 868 	870 	847
f 845 	847 	826
f 817 	824 	815
f 854 	826 	864
f 864 	826 	873
f 40 	38 	879
f 38 	53 	879
f 53 	55 	879
f 889 	852 	887
f 881 	887 	852
f 887 	881 	884
f 881 	879 	884
f 826 	854 	889
f 824 	817 	826
f 1267 	1504 	1496
f 1267 	1496 	1242
f 1266 	1505 	1504
f 1266 	1504 	1267
f 1505 	1266 	1239
f 1272 	1509 	1520
f 1272 	1520 	1279
f 1270 	1507 	1509
f 1270 	1509 	1272
f 1276 	1510 	1502
f 1276 	1502 	1251
f 1275 	1511 	1510
f 1275 	1510 	1276
f 1274 	1512 	1511
f 1274 	1511 	1275
f 1273 	1513 	1512
f 1273 	1512 	1274
f 1491 	1513 	1273
f 1491 	1273 	1246
f 1282 	1517 	1516
f 1282 	1516 	1283
f 1281 	1518 	1517
f 1281 	1517 	1282
f 1280 	1519 	1518
f 1280 	1518 	1281
f 1279 	1520 	1519
f 1279 	1519 	1280
f 1497 	1523 	1285
f 1497 	1285 	1255
f 1285 	1523 	1525
f 1285 	1525 	1286
f 1286 	1525 	1526
f 1286 	1526 	1287
f 1287 	1526 	1507
f 1287 	1507 	1270
f 1292 	1544 	1293
f 1291 	1545 	1544
f 1291 	1544 	1292
f 1290 	1546 	1545
f 1290 	1545 	1291
f 1289 	1547 	1546
f 1289 	1546 	1290
f 1288 	1548 	1547
f 1288 	1547 	1289
f 1516 	1548 	1288
f 1516 	1288 	1283
f 91 	1302 	1555
f 1301 	1556 	1555
f 1301 	1555 	1302
f 1300 	1557 	1556
f 1300 	1556 	1301
f 1544 	1549 	1293
f 1294 	1293 	1550
f 1549 	1550 	1293
f 1294 	1550 	1551
f 1294 	1551 	1295
f 1295 	1551 	1552
f 1295 	1552 	1296
f 1296 	1552 	1553
f 1296 	1553 	1297
f 1299 	1558 	1557
f 1299 	1557 	1300
f 1553 	1554 	1298
f 1553 	1298 	1297
f 1298 	1554 	1558
f 1298 	1558 	1299
f 1304 	1303 	1559
f 1304 	1559 	181
f 82 	1559 	1310
f 1303 	1310 	1559
f 181 	185 	1304
f 1314 	1304 	185
f 1309 	1308 	1561
f 1309 	1561 	83
f 1308 	1307 	1562
f 1308 	1562 	1561
f 1307 	1306 	1563
f 1307 	1563 	1562
f 1306 	1305 	1560
f 1306 	1560 	1563
f 1310 	1309 	83
f 1310 	83 	82
f 182 	1560 	1305
f 1305 	1313 	182
f 1313 	1312 	90
f 1313 	90 	182
f 1311 	91 	90
f 1311 	90 	1312
f 91 	1311 	1302
f 224 	336 	188
f 1314 	185 	188
f 1314 	188 	1315
f 1317 	1316 	194
f 1317 	194 	192
f 1316 	42 	194
f 1318 	1317 	192
f 1318 	192 	195
f 1319 	1318 	195
f 1319 	195 	199
f 1320 	1319 	199
f 1320 	199 	203
f 203 	39 	1320
f 36 	1320 	39
# 3110 faces

 #end of obj_0

o obj_1
v 191 		-67 		110
v 191 		-67 		0
v 191 		714 		0
v 191 		714 		110
v 29 		-57.42 		17.998
v 161 		102.55 		17.998
v 29 		102.55 		17.998
v 29 		-37.6 		17.998
v 29 		104.55 		17.998
v 161 		104.55 		17.998
v 29 		257.35 		17.998
v 188.5 		259.35 		110
v 188.5 		257.35 		110
v 28.695 		37 		17.998
v 28.695 		-13.1 		17.998
v 187.646 		257.35 		17.998
v 187.646 		257.35 		40
v 29 		259.35 		17.998
v 29 		704.42 		17.998
v 24.39 		-13.1 		17.998
v 24.39 		-37.6 		17.998
v 28.64 		102.55 		17.998
v 28.64 		37 		17.998
v 187.646 		704.42 		17.998
v 188.5 		257.35 		118
v 188.5 		259.35 		118
v 187.646 		259.35 		17.998
v 187.646 		259.35 		40
v -110.305 		704.42 		17.998
v 29 		-37.6 		107
v -110.305 		259.35 		17.998
v 29 		-57.42 		107
v 24.084 		-57.42 		107.003
v 24.39 		257.35 		17.998
v 24.39 		104.55 		17.998
v 24.39 		704.42 		17.998
v 24.39 		259.35 		17.998
v -114.916 		-57.42 		107
v 23.724 		102.55 		107
v 24.029 		102.55 		107
v 23.724 		104.55 		107
v 24.029 		35.9 		107
v 24.084 		35.9 		107
v 24.084 		11.9 		107
v 24.084 		9.9 		107
v -14.794 		-67 		60.652
v 10.003 		-67 		60.652
v 187.646 		102.55 		67
v 187.646 		104.55 		67
v 161 		104.55 		67
v 161 		102.55 		67
v -82 		11.9 		66
v -110.305 		11.9 		107
v -82 		11.9 		17.998
v -110.305 		11.9 		17.998
v -110.305 		82.35 		17.998
v -110.305 		-13.3 		66
v -110.305 		-13.3 		17.998
v -110.305 		9.9 		17.998
v 28.695 		-13.1 		60
v -228 		80.35 		17.998
v -228 		82.35 		17.998
v -258.826 		82.35 		17.998
v -258.826 		80.35 		17.998
v 187.646 		257.35 		76
v 187.646 		259.35 		76
v -115 		80.35 		107
v -115 		-13.3 		107
v -114.916 		-13.3 		107
v -258.826 		80.35 		69
v -258.826 		82.35 		69
v -114.916 		-57.42 		17.998
v -114.916 		-37.6 		17.998
v -114.916 		-13.3 		17.998
v -115 		-13.3 		17.998
v -114.916 		-13.3 		66
v 187.646 		-57.42 		107.003
v 187.646 		257.35 		107.003
v 187.646 		104.55 		107
v 187.646 		102.55 		107
v 28.695 		37 		107
v -114.916 		82.35 		17.998
v -114.916 		257.35 		17.998
v -14.794 		-67 		17.998
v 28.695 		-37.6 		60
v 28.695 		-37.6 		107
v -53.61 		9.9 		17.998
v -53.61 		11.9 		17.998
v -82 		9.9 		17.998
v 187.646 		704.42 		107.003
v 187.646 		259.35 		107.003
v -53.61 		9.9 		66
v -82 		9.9 		66
v -53.61 		11.9 		66
v 28.64 		63.45 		35
v 28.64 		37 		35
v 28.64 		63.45 		60
v -114.916 		704.42 		17.998
v -114.916 		259.35 		17.998
v 187.646 		-57.42 		17.998
v -114.916 		-37.6 		66
v -110.305 		82.35 		107
v -110.305 		9.9 		107
v 28.64 		37 		60
v -110.305 		-57.42 		107
v -110.305 		-37.6 		66
v -110.305 		-37.6 		17.998
v 24.39 		-37.6 		60
v -110.305 		-57.42 		17.998
v -299 		714 		110
v -299 		714 		0
v -299 		-67 		0
v -299 		-67 		110
v -296.5 		257.35 		110
v -296.5 		259.35 		110
v 28.64 		102.55 		107
v -296.5 		259.35 		118
v -296.5 		257.35 		118
v 24.084 		11.9 		17.998
v 24.084 		-13.1 		17.998
v 24.084 		-13.1 		60
v 24.084 		9.9 		17.998
v 24.084 		35.9 		60
v 24.084 		37 		60
v 24.084 		37 		35
v 24.084 		34 		35
v 24.084 		34 		17.998
v -295.646 		-57.42 		107.003
v -295.646 		257.35 		107.003
v 24.084 		-38.6 		60
v 24.084 		-38.6 		107
v -295.646 		80.35 		107
v -295.646 		82.35 		107
v -110.305 		257.35 		17.998
v -295.646 		704.42 		107.003
v -295.646 		259.35 		107.003
v 28.64 		37 		107
v -295.646 		-57.42 		17.998
v -295.646 		80.35 		17.998
v -295.646 		259.35 		76
v -295.646 		257.35 		76
v -295.646 		257.35 		40
v -295.646 		259.35 		40
v -228 		80.35 		69
v -228 		82.35 		69
v -295.646 		82.35 		17.998
v -295.646 		257.35 		17.998
v -295.646 		704.42 		17.998
v -295.646 		259.35 		17.998
v 24.39 		-57.42 		107
v -115 		80.35 		17.998
v 10.003 		-67 		17.998
v 10.003 		-57.42 		60.652
v -14.794 		-57.42 		60.652
v -14.794 		-57.42 		17.998
v 10.003 		-57.42 		17.998
v 24.39 		-38.6 		107
v 24.39 		-57.42 		17.998
v 23.724 		102.55 		17.998
v 23.724 		104.55 		17.998
v 24.39 		-38.6 		60
v 24.029 		102.55 		17.998
v 24.029 		34 		17.998
v 24.029 		34 		35
v 24.029 		63.45 		35
v 24.029 		63.45 		60
v 24.029 		35.9 		60
# 167 vertices

g group_1_9268042

usemtl color_9268042
s 0

f 1564 	1565 	1566
f 1564 	1566 	1567
f 1567 	1575 	1564
f 1568 	1663 	1571
f 1570 	1571 	1569
f 1572 	1573 	1574
f 1576 	1564 	1575
f 1580 	1574 	1579
f 1585 	1577 	1570
f 1571 	1570 	1577
f 1571 	1577 	1578
f 1571 	1578 	1584
f 1572 	1574 	1597
f 1583 	1584 	1578
f 1588 	1576 	1575
f 1588 	1575 	1589
f 1581 	1590 	1587
f 1581 	1587 	1582
f 1587 	1590 	1591
f 1590 	1581 	1591
f 1568 	1571 	1595
f 1585 	1586 	1577
f 1593 	1595 	1571
f 1599 	1581 	1582
f 1572 	1597 	1598
f 1581 	1599 	1600
f 1602 	1603 	1604
f 1612 	1628 	1580
f 1628 	1629 	1591
f 1591 	1580 	1628
f 1580 	1579 	1612
f 1612 	1579 	1611
f 1613 	1612 	1611
f 1613 	1611 	1614
f 1640 	1663 	1595
f 1617 	1618 	1615
f 1616 	1615 	1618
f 1614 	1679 	1570
f 1569 	1614 	1570
f 1622 	1620 	1621
f 1611 	1643 	1614
f 1625 	1626 	1624
f 1646 	1710 	1625
f 1626 	1627 	1624
f 1701 	1624 	1627
f 1629 	1587 	1591
f 1613 	1642 	1612
f 1614 	1569 	1573
f 1614 	1573 	1613
f 1632 	1666 	1631
f 1630 	1631 	1616
f 1633 	1626 	1634
f 1633 	1627 	1626
f 1637 	1638 	1636
f 1638 	1701 	1636
f 1637 	1639 	1638
f 1631 	1638 	1639
f 1631 	1639 	1632
f 1640 	1641 	1642
f 1640 	1642 	1643
f 1577 	1623 	1578
f 1649 	1623 	1644
f 1640 	1643 	1611
f 1643 	1679 	1614
f 1641 	1628 	1642
f 1612 	1642 	1628
f 1666 	1608 	1616
f 1577 	1644 	1623
f 1648 	1623 	1649
f 1583 	1623 	1684
f 1578 	1623 	1583
f 1598 	1604 	1572
f 1651 	1617 	1650
f 1651 	1722 	1619
f 1617 	1652 	1650
f 1718 	1650 	1652
f 1655 	1656 	1615
f 1655 	1615 	1657
f 1629 	1654 	1653
f 1629 	1653 	1587
f 1600 	1594 	1591
f 1586 	1658 	1659
f 1608 	1666 	1655
f 1660 	1658 	1585
f 1585 	1658 	1586
f 1658 	1688 	1659
f 1610 	1565 	1564
f 1568 	1595 	1663
f 1706 	1580 	1591
f 1573 	1569 	1579
f 1574 	1573 	1579
f 1663 	1579 	1569
f 1569 	1571 	1663
f 1640 	1611 	1663
f 1663 	1611 	1579
f 1617 	1615 	1652
f 1656 	1652 	1615
f 1639 	1664 	1632
f 1601 	1632 	1664
f 1636 	1635 	1664
f 1601 	1664 	1635
f 1665 	1616 	1619
f 1622 	1666 	1620
f 1659 	1667 	1577
f 1586 	1659 	1577
f 1618 	1619 	1616
f 1644 	1577 	1667
f 1688 	1667 	1659
f 1668 	1601 	1596
f 1666 	1668 	1620
f 1667 	1687 	1660
f 1729 	1660 	1687
f 1684 	1623 	1671
f 1648 	1671 	1623
f 1669 	1620 	1668
f 1668 	1672 	1669
f 1670 	1669 	1672
f 1673 	1674 	1675
f 1673 	1675 	1676
f 1573 	1572 	1613
f 1677 	1678 	1676
f 1673 	1676 	1678
f 1585 	1570 	1679
f 1607 	1616 	1608
f 1680 	1678 	1677
f 1680 	1677 	1681
f 1616 	1631 	1666
f 1665 	1630 	1616
f 1607 	1682 	1657
f 1683 	1684 	1685
f 1601 	1668 	1632
f 1666 	1632 	1668
f 1565 	1675 	1674
f 1687 	1688 	1686
f 1688 	1689 	1686
f 1682 	1686 	1689
f 1596 	1717 	1668
f 1668 	1717 	1672
f 1682 	1689 	1690
f 1652 	1621 	1718
f 1622 	1621 	1652
f 1621 	1670 	1718
f 1672 	1718 	1670
f 1684 	1608 	1685
f 1607 	1606 	1686
f 1607 	1686 	1682
f 1652 	1656 	1622
f 1666 	1622 	1656
f 1656 	1655 	1666
f 1608 	1684 	1694
f 1693 	1694 	1684
f 1692 	1691 	1695
f 1692 	1695 	1696
f 1670 	1621 	1637
f 1670 	1637 	1636
f 1619 	1697 	1646
f 1619 	1646 	1645
f 1594 	1592 	1661
f 1594 	1661 	1662
f 1620 	1639 	1637
f 1620 	1637 	1621
f 1698 	1699 	1703
f 1700 	1660 	1679
f 1585 	1679 	1660
f 1667 	1660 	1700
f 1617 	1651 	1619
f 1618 	1617 	1619
f 1691 	1601 	1701
f 1701 	1627 	1702
f 1702 	1695 	1701
f 1691 	1701 	1695
f 1626 	1625 	1710
f 1627 	1633 	1702
f 1695 	1702 	1633
f 1646 	1705 	1710
f 1644 	1667 	1700
f 1593 	1571 	1648
f 1649 	1593 	1648
f 1571 	1584 	1648
f 1671 	1648 	1584
f 1696 	1709 	1704
f 1703 	1704 	1705
f 1705 	1706 	1703
f 1706 	1711 	1703
f 1707 	1633 	1634
f 1707 	1634 	1708
f 1704 	1692 	1696
f 1707 	1695 	1633
f 1580 	1705 	1697
f 1662 	1706 	1594
f 1669 	1664 	1639
f 1669 	1639 	1620
f 1709 	1626 	1710
f 1709 	1710 	1705
f 1705 	1704 	1709
f 1696 	1665 	1708
f 1708 	1625 	1624
f 1708 	1624 	1707
f 1665 	1619 	1645
f 1698 	1703 	1711
f 1711 	1706 	1712
f 1691 	1692 	1596
f 1664 	1669 	1670
f 1664 	1670 	1636
f 1708 	1634 	1696
f 1626 	1709 	1634
f 1650 	1655 	1651
f 1657 	1651 	1655
f 1696 	1634 	1709
f 1588 	1680 	1681
f 1596 	1601 	1691
f 1641 	1596 	1692
f 1676 	1609 	1564
f 1695 	1630 	1696
f 1665 	1696 	1630
f 1640 	1595 	1596
f 1640 	1596 	1641
f 1576 	1588 	1677
f 1588 	1681 	1677
f 1704 	1628 	1641
f 1647 	1609 	1675
f 1676 	1675 	1609
f 1635 	1701 	1601
f 1635 	1636 	1701
f 1714 	1624 	1638
f 1701 	1638 	1624
f 1698 	1653 	1699
f 1654 	1699 	1653
f 1624 	1714 	1707
f 1714 	1630 	1707
f 1695 	1707 	1630
f 1675 	1565 	1647
f 1715 	1647 	1565
f 1606 	1700 	1603
f 1716 	1717 	1596
f 1661 	1698 	1711
f 1603 	1605 	1606
f 1718 	1672 	1717
f 1629 	1704 	1703
f 1596 	1713 	1716
f 1641 	1692 	1704
f 1694 	1720 	1608
f 1608 	1644 	1607
f 1716 	1610 	1609
f 1716 	1609 	1717
f 1717 	1609 	1647
f 1717 	1647 	1718
f 1719 	1715 	1610
f 1719 	1610 	1716
f 1565 	1674 	1566
f 1584 	1650 	1719
f 1685 	1650 	1683
f 1718 	1719 	1650
f 1715 	1719 	1718
f 1715 	1718 	1647
f 1703 	1699 	1629
f 1655 	1650 	1685
f 1608 	1655 	1685
f 1719 	1716 	1721
f 1645 	1646 	1625
f 1719 	1721 	1584
f 1583 	1683 	1584
f 1683 	1650 	1584
f 1684 	1683 	1583
f 1698 	1661 	1592
f 1729 	1658 	1660
f 1712 	1662 	1711
f 1661 	1711 	1662
f 1706 	1662 	1712
f 1665 	1645 	1708
f 1708 	1645 	1625
f 1604 	1722 	1602
f 1638 	1631 	1630
f 1638 	1630 	1714
f 1602 	1722 	1603
f 1597 	1574 	1580
f 1599 	1653 	1592
f 1699 	1654 	1629
f 1706 	1705 	1580
f 1687 	1667 	1688
f 1723 	1619 	1722
f 1697 	1619 	1723
f 1604 	1723 	1722
f 1684 	1671 	1693
f 1724 	1693 	1671
f 1722 	1651 	1726
f 1725 	1722 	1726
f 1603 	1722 	1725
f 1713 	1721 	1716
f 1694 	1693 	1724
f 1694 	1724 	1720
f 1598 	1723 	1604
f 1597 	1580 	1697
f 1698 	1592 	1653
f 1594 	1600 	1592
f 1572 	1604 	1613
f 1642 	1613 	1604
f 1726 	1727 	1728
f 1721 	1724 	1584
f 1713 	1724 	1721
f 1671 	1584 	1724
f 1726 	1728 	1725
f 1729 	1725 	1728
f 1713 	1720 	1724
f 1603 	1725 	1729
f 1680 	1588 	1589
f 1564 	1576 	1676
f 1677 	1676 	1576
f 1730 	1605 	1729
f 1610 	1564 	1609
f 1603 	1729 	1605
f 1713 	1596 	1595
f 1566 	1674 	1673
f 1727 	1688 	1728
f 1689 	1688 	1727
f 1658 	1728 	1688
f 1651 	1682 	1726
f 1690 	1726 	1682
f 1567 	1673 	1575
f 1678 	1575 	1673
f 1727 	1726 	1690
f 1727 	1690 	1689
f 1566 	1673 	1567
f 1728 	1658 	1729
f 1680 	1589 	1678
f 1575 	1678 	1589
f 1697 	1723 	1597
f 1597 	1723 	1598
f 1646 	1697 	1705
f 1642 	1679 	1643
f 1679 	1603 	1700
f 1642 	1604 	1679
f 1604 	1603 	1679
f 1700 	1607 	1644
f 1644 	1608 	1649
f 1606 	1607 	1700
f 1599 	1592 	1600
f 1706 	1591 	1594
f 1581 	1600 	1591
f 1649 	1608 	1720
f 1720 	1595 	1649
f 1713 	1595 	1720
f 1593 	1649 	1595
f 1715 	1565 	1610
f 1729 	1687 	1730
f 1686 	1730 	1687
f 1605 	1730 	1686
f 1605 	1686 	1606
f 1582 	1653 	1599
f 1587 	1653 	1582
f 1704 	1629 	1628
f 1615 	1616 	1657
f 1607 	1657 	1616
f 1651 	1657 	1682
# 354 faces

 #end of obj_1

o obj_2
v -102.547 		340.25 		45.388
v -110.74 		340.35 		34.914
v -110.74 		341.352 		34.914
v -102.133 		340.25 		45.133
v -102.385 		340.25 		45.514
v -110.981 		340.35 		40.601
v -110.981 		341.352 		40.601
v -102.31 		340.25 		45.03
v -110.97 		340.35 		40.2
v -102.121 		340.25 		44.644
v -110.97 		341.352 		40.2
v -101.983 		340.25 		44.236
v -101.9 		340.25 		43.813
v -110.719 		340.35 		34.517
v -110.719 		341.352 		34.517
v -117.197 		340.25 		71.677
v -110.707 		341.352 		32.899
v -101.932 		340.25 		44.722
v -116.771 		340.25 		71.649
v -110.707 		340.35 		32.899
v -101.872 		340.25 		43.383
v -101.668 		340.25 		43.383
v -101.698 		340.25 		43.84
v -101.786 		340.25 		44.289
v -116.351 		340.25 		71.565
v -111.16 		341.352 		31.66
v -111.16 		340.35 		31.66
v -117.197 		340.25 		71.883
v -115.947 		340.25 		71.427
v -101.9 		340.25 		42.953
v -111.028 		341.352 		31.788
v -111.028 		340.35 		31.788
v -116.744 		340.25 		71.853
v -101.983 		340.25 		42.53
v -115.563 		340.25 		71.236
v -110.873 		341.352 		31.986
v -110.873 		340.35 		31.986
v -102.121 		340.25 		42.122
v -115.461 		340.25 		71.414
v -110.87 		341.352 		31.99
v -115.869 		340.25 		71.617
v -110.87 		340.35 		31.99
v -110.872 		340.35 		31.988
v -116.299 		340.25 		71.764
v -110.872 		341.352 		31.988
v -101.698 		340.25 		42.926
v -102.31 		340.25 		41.736
v -110.853 		341.352 		32.014
v -110.853 		340.35 		32.014
v -101.786 		340.25 		42.477
v -102.547 		340.25 		41.378
v -110.834 		341.352 		32.045
v -119.186 		340.25 		70.997
v -110.834 		340.35 		32.045
v -101.932 		340.25 		42.044
v -102.829 		340.25 		41.054
v -118.831 		340.25 		71.236
v -110.778 		341.352 		32.143
v -110.778 		340.35 		32.143
v -102.385 		340.25 		41.252
v -102.133 		340.25 		41.633
v -118.447 		340.25 		71.427
v -110.75 		341.352 		32.22
v -110.75 		340.35 		32.22
v -119.31 		340.25 		71.16
v -107.731 		340.25 		45.388
v -110.748 		341.352 		32.23
v -110.748 		340.35 		32.23
v -118.043 		340.25 		71.565
v -118.932 		340.25 		71.414
v -117.623 		340.25 		71.649
v -112.258 		340.35 		56.722
v -112.0519 		340.35 		56.672
v -112.109 		340.35 		56.692
v -117.65 		340.25 		71.853
v -118.095 		340.25 		71.764
v -118.525 		340.25 		71.617
v -107.893 		340.25 		45.514
v -108.145 		340.25 		45.133
v -112.258 		340.35 		56.848
v -112.1191 		340.35 		56.8196
v -108.406 		340.25 		43.383
v -112.077 		340.35 		56.811
v -111.8632 		340.35 		56.7369
v -108.378 		340.25 		43.813
v -119.186 		340.25 		65.769
v -108.295 		340.25 		44.236
v -111.823 		340.35 		56.723
v -111.7218 		340.35 		56.672
v -108.61 		340.25 		43.383
v -108.157 		340.25 		44.644
v -108.58 		340.25 		43.84
v -107.968 		340.25 		45.03
v -102.685 		340.35 		45.858
v -102.5228 		340.35 		45.672
v -108.346 		340.25 		44.722
v -108.492 		340.25 		44.289
v -113.1681 		340.35 		56.672
v -103.026 		340.35 		46.16
v -112.357 		340.35 		56.742
v -107.449 		340.25 		41.054
v -112.61 		340.35 		56.759
v -103.042 		340.35 		46.1707
v -112.863 		340.35 		56.742
v -113.111 		340.35 		56.692
v -107.731 		340.25 		41.378
v -113.282 		340.35 		56.763
v -113.1823 		340.35 		56.7975
v -107.968 		340.25 		41.736
v -105.09 		340.35 		46.6738
v -113.143 		340.35 		56.811
v -112.9227 		340.35 		56.8561
v -108.157 		340.25 		42.122
v -103.042 		340.35 		45.9011
v -103.15 		340.35 		45.997
v -103.505 		340.35 		46.236
v -103.889 		340.35 		46.427
v -104.293 		340.35 		46.565
v -104.713 		340.35 		46.649
v -107.893 		340.25 		41.252
v -108.295 		340.25 		42.53
v -112.341 		340.35 		56.865
v -105.09 		340.35 		46.8798
v -104.7546 		340.35 		46.8575
v -108.145 		340.25 		41.633
v -108.378 		340.25 		42.953
v -112.61 		340.35 		56.883
v -104.686 		340.35 		46.853
v -104.3097 		340.35 		46.7777
v -112.879 		340.35 		56.865
v -108.58 		340.25 		42.926
v -108.492 		340.25 		42.477
v -108.346 		340.25 		42.044
v -103.15 		340.25 		40.769
v -104.241 		340.35 		46.764
v -103.8717 		340.35 		46.6377
v -113.398 		340.35 		56.723
v -103.505 		340.25 		40.53
v -113.4987 		340.35 		56.672
v -103.404 		340.35 		46.414
v -113.282 		340.35 		54.931
v -112.0496 		340.35 		53.248
v -112.312 		340.35 		53.761
v -103.811 		340.35 		46.617
v -112.702 		340.35 		54.324
v -113.166 		340.35 		54.833
v -110.671 		341.352 		32.469
v -110.671 		340.35 		32.469
v -110.747 		340.35 		32.241
v -107.138 		340.35 		45.9881
v -110.747 		341.352 		32.241
v -105.139 		340.35 		46.677
v -105.565 		340.35 		46.649
v -105.985 		340.35 		46.565
v -106.389 		340.35 		46.427
v -110.64 		341.352 		32.64
v -106.773 		340.35 		46.236
v -110.64 		340.35 		32.64
v -107.128 		340.35 		45.997
v -107.138 		340.35 		46.2368
v -106.932 		340.35 		46.3756
v -110.659 		341.352 		32.749
v -110.659 		340.35 		32.749
v -106.875 		340.35 		46.414
v -106.5302 		340.35 		46.5856
v -113.98 		340.25 		56.179
v -114.0937 		340.35 		56.0462
v -113.98 		340.35 		56.179
v -106.467 		340.35 		46.617
v -113.8225 		340.35 		56.32
v -106.1056 		340.35 		46.7405
v -111.973 		341.352 		31.543
v -111.973 		340.35 		31.543
v -112.152 		340.35 		31.629
v -112.152 		341.352 		31.629
v -114.0051 		340.35 		56.32
v -114.065 		340.35 		56.266
v -114.065 		340.25 		56.266
v -111.84 		341.352 		31.5
v -111.84 		340.35 		31.5
v -105.139 		340.35 		46.883
v -114.1865 		340.35 		56.1247
v -111.492 		341.352 		31.547
v -111.492 		340.35 		31.547
v -113.282 		340.35 		55.3602
v -113.49 		340.35 		55.536
v -105.592 		340.35 		46.853
v -113.49 		340.25 		55.536
v -106.037 		340.35 		46.764
v -114.147 		340.25 		55.984
v -114.1586 		340.35 		55.9663
v -114.147 		340.35 		55.984
v -107.4838 		340.35 		45.672
v -107.449 		340.35 		45.712
v -114.243 		340.35 		56.059
v -113.37 		340.35 		31.664
v -114.243 		340.25 		56.059
v -113.37 		341.352 		31.664
v -114.34 		340.35 		31.69
v -114.2606 		340.35 		56.0319
v -114.34 		341.352 		31.69
v -107.252 		340.35 		46.16
v -115.2 		340.35 		31.63
v -115.2 		341.352 		31.63
v -114.11 		340.35 		55.935
v -114.11 		340.25 		55.935
v -107.593 		340.35 		45.858
v -115.418 		340.475 		31.6352
v -114.1626 		340.25 		55.9601
v -115.418 		341.352 		31.6352
v -114.1626 		340.35 		55.9601
v -107.7552 		340.35 		45.672
v -114.2731 		340.35 		56.0128
v -114.2731 		340.25 		56.0128
v -102.829 		340.25 		45.712
v -100.27 		340.35 		39.7
v -102.829 		340.35 		45.712
v -114.668 		340.35 		56.2011
v -114.779 		340.35 		56.254
v -114.779 		340.25 		56.254
v -102.7942 		340.35 		45.672
v -102.685 		340.25 		45.858
v -114.3208 		340.35 		56.0355
v -103.026 		340.25 		46.16
v -114.2799 		340.35 		56.016
v -108.549 		340.35 		38.761
v -108.06 		340.35 		38.48
v -107.566 		340.35 		38.264
v -107.06 		340.35 		38.08
v -106.109 		340.35 		37.877
v -114.8919 		340.35 		56.2909
v -104.713 		340.25 		46.649
v -105.15 		340.35 		37.71
v -104.61 		340.35 		37.682
v -104.07 		340.35 		37.69
v -103.501 		340.35 		37.781
v -102.94 		340.35 		37.91
v -102.43 		340.35 		38.135
v -101.94 		340.35 		38.4
v -101.087 		340.35 		39.029
v -111.9222 		340.25 		52.9284
v -104.293 		340.25 		46.565
v -111.9222 		340.35 		52.9284
v -112.109 		340.35 		52.863
v -101.668 		340.35 		39.883
v -112.109 		340.25 		52.863
v -105.139 		340.35 		39.883
v -103.889 		340.25 		46.427
v -108.61 		340.35 		39.883
v -100.27 		341.352 		39.7
v -103.505 		340.25 		46.236
v -104.686 		340.25 		46.853
v -119.31 		340.25 		65.606
v -117.197 		340.25 		65.089
v -103.15 		340.25 		45.997
v -115.563 		340.25 		65.53
v -101.087 		341.352 		39.029
v -104.241 		340.25 		46.764
v -101.94 		341.352 		38.4
v -102.43 		341.352 		38.135
v -102.94 		341.352 		37.91
v -115.947 		340.25 		65.339
v -103.501 		341.352 		37.781
v -104.07 		341.352 		37.69
v -104.61 		341.352 		37.682
v -105.15 		341.352 		37.71
v -106.109 		341.352 		37.877
v -107.06 		341.352 		38.08
v -116.351 		340.25 		65.201
v -107.566 		341.352 		38.264
v -108.06 		341.352 		38.48
v -108.549 		341.352 		38.761
v -116.771 		340.25 		65.117
v -115.461 		340.25 		65.352
v -103.404 		340.25 		46.414
v -103.811 		340.25 		46.617
v -116.299 		340.25 		65.002
v -115.869 		340.25 		65.149
v -117.197 		340.25 		64.883
v -116.744 		340.25 		64.913
v -107.128 		340.25 		45.997
v -117.623 		340.25 		65.117
v -106.773 		340.25 		46.236
v -118.043 		340.25 		65.201
v -106.389 		340.25 		46.427
v -118.447 		340.25 		65.339
v -117.65 		340.25 		64.913
v -118.831 		340.25 		65.53
v -105.985 		340.25 		46.565
v -118.525 		340.25 		65.149
v -118.095 		340.25 		65.002
v -118.932 		340.25 		65.352
v -103.889 		340.25 		40.339
v -102.685 		340.25 		40.908
v -116.963 		340.25 		56.349
v -103.026 		340.25 		40.606
v -104.293 		340.25 		40.201
v -116.262 		340.25 		56.305
v -103.404 		340.25 		40.352
v -104.713 		340.25 		40.117
v -115.573 		340.25 		56.173
v -104.686 		340.25 		39.913
v -104.241 		340.25 		40.002
v -103.811 		340.25 		40.149
v -116.963 		340.25 		56.672
v -123.593 		341.352 		59.342
v -105.139 		340.25 		40.089
v -105.565 		340.25 		40.117
v -116.218 		340.25 		56.625
v -105.985 		340.25 		40.201
v -115.486 		340.25 		56.485
v -106.389 		340.25 		40.339
v -123.792 		341.352 		59.664
v -116.963 		340.25 		45.995
v -123.93 		341.352 		59.91
v -106.773 		340.25 		40.53
v -124.574 		341.352 		61.261
v -125.18 		341.352 		62.63
v -125.487 		341.352 		63.548
v -115.573 		340.25 		46.172
v -107.128 		340.25 		40.769
v -116.262 		340.25 		46.04
v -107.593 		340.25 		40.908
v -107.252 		340.25 		40.606
v -106.875 		340.25 		40.352
v -106.467 		340.25 		40.149
v -116.963 		340.25 		45.672
v -116.218 		340.25 		45.719
v -115.486 		340.25 		45.86
v -113.0143 		340.35 		55.1339
v -105.592 		340.25 		39.913
v -105.139 		340.25 		39.883
v -119.018 		340.25 		55.955
v -106.037 		340.25 		40.002
v -118.353 		340.25 		56.173
v -111.257 		340.35 		56.1942
v -111.431 		340.35 		56.35
v -111.642 		340.35 		56.494
v -111.869 		340.35 		56.608
v -117.664 		340.25 		56.305
v -118.439 		340.25 		56.485
v -119.146 		340.25 		56.254
v -117.707 		340.25 		56.625
v -117.664 		340.25 		46.04
v -118.353 		340.25 		46.172
v -119.018 		340.25 		46.389
v -117.707 		340.25 		45.719
v -118.439 		340.25 		45.86
v -119.146 		340.25 		46.091
v -116.963 		340.35 		45.672
v -106.875 		340.25 		46.414
v -105.565 		340.25 		46.649
v -115.418 		341.352 		32.998
v -119.464 		341.352 		32.998
v -106.467 		340.25 		46.617
v -105.139 		340.25 		46.677
v -116.51 		341.352 		76.44
v -105.139 		340.25 		46.883
v -105.592 		340.25 		46.853
v -106.037 		340.25 		46.764
v -99.373 		340.35 		41.163
v -99.18 		340.35 		41.69
v -115.98 		341.352 		76.436
v -99.066 		340.35 		42.217
v -115.45 		341.352 		76.43
v -99 		340.35 		42.75
v -99.111 		340.35 		44.618
v -107.449 		340.25 		45.712
v -101.668 		340.35 		43.383
v -119.338 		341.352 		76.563
v -118.44 		341.352 		76.64
v -117.475 		341.352 		76.551
v -107.252 		340.25 		46.16
v -107.593 		340.25 		45.858
v -99.914 		340.35 		40.159
v -99.6 		340.35 		40.65
v -111.073 		340.25 		55.984
v -110.933 		340.25 		55.768
v -115.45 		340.35 		76.43
v -111.155 		340.25 		56.266
v -110.821 		340.25 		55.536
v -99.111 		341.352 		44.618
v -99 		341.352 		42.75
v -110.622 		340.25 		55.323
v -99.066 		341.352 		42.217
v -115.98 		340.35 		76.436
v -110.709 		340.25 		55.583
v -99.18 		341.352 		41.69
v -110.828 		340.25 		55.83
v -99.373 		341.352 		41.163
v -110.977 		340.25 		56.059
v -116.51 		340.35 		76.44
v -111.24 		340.25 		56.179
v -99.6 		341.352 		40.65
v -99.914 		341.352 		40.159
v -117.475 		340.35 		76.551
v -110.739 		340.25 		55.291
v -118.44 		340.35 		76.64
v -110.69 		340.25 		55.036
v -119.338 		340.35 		76.563
v -110.673 		340.25 		54.778
v -110.69 		340.25 		54.519
v -116.963 		340.35 		56.672
v -110.552 		340.25 		54.778
v -110.57 		340.25 		55.052
v -117.197 		340.35 		64.883
v -110.57 		340.25 		54.503
v -110.739 		340.25 		54.265
v -110.821 		340.25 		54.019
v -110.933 		340.25 		53.787
v -110.622 		340.25 		54.233
v -111.073 		340.25 		53.571
v -117.197 		340.35 		71.883
v -110.828 		340.25 		53.725
v -110.709 		340.25 		53.972
v -111.155 		340.25 		53.289
v -102.3272 		340.35 		45.056
v -110.977 		340.25 		53.496
v -102.547 		340.35 		45.388
v -111.24 		340.25 		53.376
v -102.133 		340.35 		45.133
v -102.0953 		340.35 		45.056
v -102.385 		340.35 		45.514
v -115.208 		340.25 		70.997
v -115.418 		340.35 		71.1384
v -115.563 		340.35 		71.236
v -115.947 		340.35 		71.427
v -116.351 		340.35 		71.565
v -116.771 		340.35 		71.649
v -114.887 		340.25 		70.712
v -117.197 		340.35 		71.677
v -117.378 		340.35 		71.6651
v -117.2682 		340.35 		71.8783
v -117.378 		340.35 		71.871
v -101.8964 		340.35 		43.008
v -101.872 		340.35 		43.383
v -101.9 		340.35 		43.813
v -101.983 		340.35 		44.236
v -102.121 		340.35 		44.644
v -102.31 		340.35 		45.03
v -115.084 		340.25 		71.16
v -116.8126 		340.35 		71.8575
v -101.9634 		340.35 		44.7861
v -114.743 		340.25 		70.858
v -101.932 		340.35 		44.722
v -101.8086 		340.35 		44.3561
v -116.3677 		340.35 		71.7777
v -116.744 		340.35 		71.853
v -114.887 		340.25 		66.054
v -101.6926 		340.35 		43.008
v -115.208 		340.25 		65.769
v -101.698 		340.35 		43.84
v -115.418 		340.35 		71.385
v -115.461 		340.35 		71.414
v -101.786 		340.35 		44.289
v -115.084 		340.25 		65.606
v -114.743 		340.25 		65.908
v -115.869 		340.35 		71.617
v -116.299 		340.35 		71.764
v -102.9349 		340.35 		40.96
v -102.829 		340.35 		41.054
v -102.547 		340.35 		41.378
v -102.31 		340.35 		41.736
v -102.121 		340.35 		42.122
v -114.605 		340.25 		70.388
v -101.983 		340.35 		42.53
v -101.9 		340.35 		42.953
v -114.368 		340.25 		70.03
v -101.6935 		340.35 		42.9952
v -112.258 		340.35 		52.833
v -114.179 		340.25 		69.644
v -101.698 		340.35 		42.926
v -112.077 		340.35 		52.744
v -101.7719 		340.35 		42.5488
v -112.077 		340.25 		52.744
v -113.99 		340.25 		69.722
v -114.191 		340.25 		70.133
v -112.258 		340.35 		52.707
v -114.443 		340.25 		70.514
v -111.8812 		340.35 		52.8118
v -111.8812 		340.25 		52.8118
v -114.041 		340.25 		69.236
v -101.786 		340.35 		42.477
v -113.958 		340.25 		68.813
v -112.61 		340.35 		52.796
v -112.863 		340.35 		52.813
v -112.863 		340.25 		52.813
v -112.61 		340.25 		52.796
v -113.93 		340.25 		68.383
v -113.111 		340.35 		52.863
v -113.111 		340.25 		52.863
v -101.932 		340.35 		42.044
v -102.0993 		340.35 		41.7018
v -113.844 		340.25 		69.289
v -113.282 		340.35 		52.9229
v -113.958 		340.25 		67.953
v -113.282 		340.35 		52.792
v -102.385 		340.35 		41.252
v -113.1823 		340.35 		52.7575
v -102.6397 		340.35 		40.96
v -113.726 		340.25 		68.383
v -113.756 		340.25 		68.84
v -112.357 		340.35 		52.813
v -113.756 		340.25 		67.926
v -112.357 		340.25 		52.813
v -102.133 		340.35 		41.633
v -114.041 		340.25 		67.53
v -114.179 		340.25 		67.122
v -112.341 		340.35 		52.69
v -112.341 		340.25 		52.69
v -112.61 		340.25 		52.672
v -112.61 		340.35 		52.672
v -114.368 		340.25 		66.736
v -107.731 		340.35 		45.388
v -107.9508 		340.35 		45.056
v -113.844 		340.25 		67.477
v -108.1787 		340.35 		45.0642
v -114.605 		340.25 		66.378
v -108.1827 		340.35 		45.056
v -113.143 		340.35 		52.744
v -113.143 		340.25 		52.744
v -113.99 		340.25 		67.044
v -112.879 		340.35 		52.69
v -112.879 		340.25 		52.69
v -114.191 		340.25 		66.633
v -107.893 		340.35 		45.514
v -114.443 		340.25 		66.252
v -108.145 		340.35 		45.133
v -112.109 		340.25 		56.692
v -113.351 		340.35 		52.947
v -113.351 		340.25 		52.947
v -113.579 		340.35 		53.061
v -113.579 		340.25 		53.061
v -108.3816 		340.35 		43.008
v -113.789 		340.35 		53.205
v -113.789 		340.25 		53.205
v -107.968 		340.35 		45.03
v -108.157 		340.35 		44.644
v -108.295 		340.35 		44.236
v -108.378 		340.35 		43.813
v -108.406 		340.35 		43.383
v -112.077 		340.25 		56.811
v -113.3563 		340.35 		52.8176
v -108.5854 		340.35 		43.008
v -108.6057 		340.35 		43.3174
v -111.823 		340.25 		56.723
v -108.61 		340.35 		43.383
v -108.5845 		340.35 		43.7708
v -113.111 		340.25 		56.692
v -113.837 		340.35 		53.248
v -112.863 		340.25 		56.742
v -113.863 		340.35 		53.107
v -113.863 		340.25 		53.107
v -108.58 		340.35 		43.84
v -108.5061 		340.35 		44.2172
v -114.0195 		340.35 		53.248
v -112.61 		340.25 		56.759
v -113.143 		340.25 		56.811
v -113.639 		340.35 		52.954
v -112.357 		340.25 		56.742
v -113.639 		340.25 		52.954
v -108.346 		340.35 		44.722
v -113.398 		340.35 		52.832
v -113.398 		340.25 		52.832
v -108.492 		340.35 		44.289
v -112.001 		340.35 		53.153
v -112.001 		340.25 		53.153
v -112.61 		340.25 		56.883
v -112.879 		340.25 		56.865
v -112.341 		340.25 		56.865
v -107.3431 		340.35 		40.96
v -111.8322 		340.35 		52.672
v -111.776 		340.35 		52.512
v -108.378 		340.35 		42.953
v -111.776 		340.25 		52.512
v -108.295 		340.35 		42.53
v -113.398 		340.25 		56.723
v -108.157 		340.35 		42.122
v -107.968 		340.35 		41.736
v -107.731 		340.35 		41.378
v -107.449 		340.35 		41.054
v -113.166 		340.25 		54.833
v -107.6383 		340.35 		40.96
v -107.8436 		340.35 		41.1953
v -112.702 		340.25 		54.324
v -112.312 		340.25 		53.761
v -107.893 		340.35 		41.252
v -111.869 		340.25 		56.608
v -115.418 		340.35 		65.6276
v -111.642 		340.25 		56.494
v -108.145 		340.35 		41.633
v -108.3146 		340.35 		41.9799
v -111.431 		340.25 		56.35
v -115.5541 		340.35 		65.536
v -108.58 		340.35 		42.926
v -111.357 		340.25 		56.448
v -108.492 		340.35 		42.477
v -111.581 		340.25 		56.601
v -117.623 		340.35 		71.649
v -118.043 		340.35 		71.565
v -118.447 		340.35 		71.427
v -118.831 		340.35 		71.236
v -119.186 		340.35 		70.997
v -119.426 		340.35 		70.7839
v -108.346 		340.35 		42.044
v -119.3611 		340.35 		71.1148
v -119.426 		340.35 		71.0573
v -118.9888 		340.35 		71.3758
v -119.31 		340.35 		71.16
v -105.09 		340.35 		40.0922
v -104.713 		340.35 		40.117
v -104.293 		340.35 		40.201
v -103.889 		340.35 		40.339
v -103.505 		340.35 		40.53
v -103.15 		340.35 		40.769
v -111.692 		340.25 		53.277
v -112.022 		340.25 		53.922
v -112.436 		340.25 		54.52
v -102.685 		340.35 		40.908
v -112.928 		340.25 		55.061
v -102.9749 		340.35 		40.6512
v -118.588 		340.35 		71.5856
v -118.932 		340.35 		71.414
v -114.4 		340.25 		55.536
v -103.026 		340.35 		40.606
v -103.3472 		340.35 		40.3902
v -114.3301 		340.25 		55.6807
v -117.65 		340.35 		71.853
v -103.404 		340.35 		40.352
v -114.598 		340.25 		55.323
v -103.748 		340.35 		40.1804
v -118.095 		340.35 		71.764
v -114.439 		340.25 		55.7324
v -114.511 		340.25 		55.583
v -118.525 		340.35 		71.617
v -104.686 		340.35 		39.913
v -105.09 		340.35 		39.8862
v -114.531 		340.25 		54.519
v -104.241 		340.35 		40.002
v -114.547 		340.25 		54.778
v -103.811 		340.35 		40.149
v -119.464 		340.35 		70.7502
v -114.531 		340.25 		55.036
v -114.65 		340.25 		54.503
v -119.464 		340.35 		71.0236
v -114.481 		340.25 		55.291
v -107.128 		340.35 		40.769
v -106.773 		340.35 		40.53
v -106.389 		340.35 		40.339
v -105.985 		340.35 		40.201
v -105.565 		340.35 		40.117
v -105.139 		340.35 		40.089
v -114.668 		340.25 		54.778
v -106.4063 		340.35 		40.1283
v -114.65 		340.25 		55.052
v -106.1056 		340.35 		40.0255
v -107.593 		340.35 		40.908
v -119.186 		340.35 		65.769
v -118.8399 		340.35 		65.536
v -107.252 		340.35 		40.606
v -106.875 		340.35 		40.352
v -119.2522 		340.35 		65.5672
v -119.2058 		340.35 		65.536
v -106.467 		340.35 		40.149
v -119.464 		340.35 		65.7424
v -106.037 		340.35 		40.002
v -119.31 		340.35 		65.606
v -105.592 		340.35 		39.913
v -117.378 		340.35 		65.1009
v -117.197 		340.35 		65.089
v -116.771 		340.35 		65.117
v -116.351 		340.35 		65.201
v -115.947 		340.35 		65.339
v -115.563 		340.35 		65.53
v -115.461 		340.35 		65.352
v -115.8058 		340.35 		65.1804
v -109.01 		340.35 		66.07
v -108.853 		340.35 		67.423
v -108.74 		340.35 		68.78
v -108.743 		340.35 		69.712
v -108.8 		340.35 		70.64
v -109.021 		340.35 		71.613
v -115.418 		340.35 		65.381
v -116.744 		340.35 		64.913
v -109.3 		340.35 		72.57
v -109.594 		340.35 		73.194
v -109.95 		340.35 		73.78
v -110.552 		340.35 		74.3339
v -116.299 		340.35 		65.002
v -115.869 		340.35 		65.149
v -105.688 		340.35 		57.776
v -106.84 		340.35 		58.6
v -107.819 		340.35 		58.946
v -108.83 		340.35 		59.22
v -117.378 		340.35 		64.895
v -101.743 		340.35 		52.678
v -101.797 		340.35 		52.894
v -101.861 		340.35 		53.056
v -101.93 		340.35 		53.271
v -118.831 		340.35 		65.53
v -101.99 		340.35 		53.45
v -118.447 		340.35 		65.339
v -118.043 		340.35 		65.201
v -117.623 		340.35 		65.117
v -101.7412 		340.35 		52.672
v -117.5814 		340.35 		64.9085
v -117.65 		340.35 		64.913
v -118.0263 		340.35 		64.9883
v -102.202 		340.35 		53.956
v -102.44 		340.35 		54.45
v -102.725 		340.35 		54.926
v -118.932 		340.35 		65.352
v -103.04 		340.35 		55.38
v -103.793 		340.35 		56.146
v -104.58 		340.35 		56.88
v -118.525 		340.35 		65.149
v -110.191 		340.35 		59.553
v -110.14 		340.35 		59.68
v -109.532 		340.35 		62.861
v -118.095 		340.35 		65.002
v -110.281 		340.35 		59.393
v -110.552 		340.35 		57.344
v -109.377 		340.35 		59.316
v -109.93 		340.35 		59.38
v -110.083 		340.35 		59.387
v -110.552 		340.35 		54.778
v -115.418 		340.35 		56.1222
v -115.573 		340.35 		56.173
v -116.262 		340.35 		56.305
v -116.963 		340.35 		56.349
v -117.378 		340.35 		56.323
v -109.021 		341.352 		71.613
v -108.8 		341.352 		70.64
v -108.743 		341.352 		69.712
v -108.74 		341.352 		68.78
v -117.0738 		340.35 		56.665
v -108.853 		341.352 		67.423
v -109.01 		341.352 		66.07
v -117.378 		340.35 		56.6458
v -116.3353 		340.35 		56.6324
v -109.95 		341.352 		73.78
v -109.594 		341.352 		73.194
v -115.5942 		340.35 		56.5057
v -116.218 		340.35 		56.625
v -111.6169 		340.35 		56.6191
v -113.98 		340.25 		53.376
v -115.418 		340.35 		56.4628
v -111.257 		340.35 		56.3579
v -114.147 		340.25 		53.571
v -115.486 		340.35 		56.485
v -111.357 		340.35 		56.448
v -114.288 		340.25 		53.787
v -111.581 		340.35 		56.601
v -114.065 		340.25 		53.289
v -114.4 		340.25 		54.019
v -115.418 		340.35 		46.2226
v -114.243 		340.25 		53.496
v -116.963 		340.35 		45.995
v -116.262 		340.35 		46.04
v -114.481 		340.25 		54.265
v -115.573 		340.35 		46.172
v -111.257 		340.35 		53.3608
v -116.218 		340.35 		45.719
v -111.692 		340.35 		53.277
v -111.6818 		340.35 		53.248
v -114.598 		340.25 		54.233
v -114.511 		340.25 		53.972
v -114.392 		340.25 		53.725
v -111.383 		340.35 		53.248
v -115.486 		340.35 		45.86
v -115.418 		340.35 		45.8822
v -114.908 		340.25 		55.955
v -113.282 		340.35 		56.6321
v -117.378 		340.35 		45.6982
v -112.022 		340.35 		53.922
v -114.278 		340.25 		55.656
v -119.464 		340.35 		55.7433
v -112.436 		340.35 		54.52
v -113.694 		340.25 		55.279
v -117.664 		340.35 		56.305
v -118.353 		340.35 		56.173
v -119.018 		340.35 		55.955
v -113.789 		340.25 		56.35
v -112.928 		340.35 		55.061
v -119.464 		340.35 		56.1024
v -119.2475 		340.35 		56.2056
v -113.579 		340.25 		56.494
v -117.707 		340.35 		56.625
v -113.351 		340.25 		56.608
v -113.639 		340.25 		56.601
v -114.668 		340.35 		54.778
v -113.863 		340.25 		56.448
v -114.668 		340.35 		55.8411
v -114.908 		340.35 		55.955
v -111.8721 		340.35 		52.7859
v -118.439 		340.35 		56.485
v -113.7203 		340.35 		55.296
v -114.278 		340.35 		55.656
v -114.3301 		340.35 		55.6807
v -114.4 		340.35 		55.536
v -114.4793 		340.35 		55.296
v -119.146 		340.35 		56.254
v -114.5242 		340.35 		55.5436
v -114.598 		340.35 		55.323
v -114.6032 		340.35 		55.296
v -114.439 		340.35 		55.7324
v -114.465 		340.35 		55.7448
v -119.464 		340.35 		46.6014
v -114.511 		340.35 		55.583
v -119.018 		340.35 		46.389
v -118.353 		340.35 		46.172
v -117.664 		340.35 		46.04
v -117.5963 		340.35 		45.712
v -118.3269 		340.35 		45.8384
v -117.707 		340.35 		45.719
v -113.694 		340.35 		55.279
v -119.041 		340.35 		46.0567
v -118.439 		340.35 		45.86
v -114.481 		340.35 		55.291
v -114.531 		340.35 		55.036
v -114.547 		340.35 		54.778
v -114.531 		340.35 		54.519
v -114.4824 		340.35 		54.272
v -119.464 		340.35 		46.2422
v -114.6428 		340.35 		54.4657
v -119.146 		340.35 		46.091
v -114.6055 		340.35 		54.272
v -114.6651 		340.35 		54.7341
v -114.65 		340.35 		54.503
v -114.65 		340.35 		55.052
v -114.481 		340.35 		54.265
v -114.4 		340.35 		54.019
v -114.288 		340.35 		53.787
v -114.147 		340.35 		53.571
v -113.98 		340.35 		53.376
v -109.3 		341.352 		72.57
v -114.0342 		340.35 		53.2612
v -114.065 		340.35 		53.289
v -114.2184 		340.35 		53.4673
v -108.83 		341.352 		59.22
v -107.819 		341.352 		58.946
v -106.84 		341.352 		58.6
v -105.688 		341.352 		57.776
v -101.797 		341.352 		52.894
v -101.743 		341.352 		52.678
v -114.243 		340.35 		53.496
v -114.3672 		340.35 		53.6869
v -101.99 		341.352 		53.45
v -101.93 		341.352 		53.271
v -101.861 		341.352 		53.056
v -114.598 		340.35 		54.233
v -114.511 		340.35 		53.972
v -104.58 		341.352 		56.88
v -103.793 		341.352 		56.146
v -103.04 		341.352 		55.38
v -102.725 		341.352 		54.926
v -102.44 		341.352 		54.45
v -102.202 		341.352 		53.956
v -114.392 		340.35 		53.725
v -109.532 		341.352 		62.861
v -110.14 		341.352 		59.68
v -110.191 		341.352 		59.553
v -113.351 		340.35 		56.608
v -113.579 		340.35 		56.494
v -113.789 		340.35 		56.35
v -113.8978 		340.35 		56.4166
v -110.281 		341.352 		59.393
v -110.083 		341.352 		59.387
v -109.93 		341.352 		59.38
v -109.377 		341.352 		59.316
v -113.639 		340.35 		56.601
v -113.863 		340.35 		56.448
v -126.01 		341.352 		59.31
v -125.74 		341.352 		64.48
v -124.24 		341.352 		41.06
v -124.229 		341.352 		41.388
v -124.225 		341.352 		41.718
v -124.286 		341.352 		41.677
v -124.341 		341.352 		41.64
v -124.587 		341.352 		41.28
v -124.8 		341.352 		40.98
v -125.271 		341.352 		40.476
v -125.78 		341.352 		40.02
v -122.668 		340.35 		75.5667
v -123.08 		341.352 		75.32
v -123.08 		340.35 		75.32
v -123.54 		341.352 		74.943
v -123.54 		340.35 		74.943
v -123.98 		341.352 		74.54
v -123.98 		340.35 		74.54
v -124.334 		341.352 		74.128
v -124.334 		340.35 		74.128
v -124.67 		341.352 		73.7
v -124.67 		340.35 		73.7
v -124.942 		341.352 		73.295
v -124.942 		340.35 		73.295
v -125.2 		341.352 		72.88
v -125.2 		340.35 		72.88
v -125.508 		341.352 		72.338
v -125.508 		340.35 		72.338
v -112.021 		340.35 		49.152
v -112.001 		340.35 		49.191
v -111.776 		340.35 		49.832
v -111.639 		340.35 		50.497
v -111.593 		340.35 		51.172
v -111.639 		340.35 		51.848
v -125.77 		341.352 		71.78
v -125.77 		340.35 		71.78
v -125.92 		341.352 		70.787
v -125.92 		340.35 		70.787
v -126.01 		341.352 		69.78
v -126.01 		340.35 		69.78
v -126.03 		341.352 		68.46
v -126.03 		340.35 		68.46
v -126.01 		341.352 		67.14
v -126.01 		340.35 		67.14
v -125.901 		341.352 		65.806
v -125.901 		340.35 		65.806
v -124.381 		341.352 		59.372
v -124.381 		340.35 		59.372
v -125 		341.352 		59.38
v -125 		340.35 		59.38
v -125.507 		341.352 		59.363
v -125.507 		340.35 		59.363
v -111.639 		340.25 		51.848
v -125.487 		340.35 		63.548
v -111.6209 		340.25 		53.0754
v -125.18 		340.35 		62.63
v -111.5787 		340.25 		52.9556
v -124.574 		340.35 		61.261
v -111.593 		340.25 		51.172
v -123.93 		340.35 		59.91
v -111.431 		340.25 		53.205
v -123.792 		340.35 		59.664
v -123.593 		340.35 		59.342
v -126.01 		340.35 		59.31
v -111.357 		340.25 		53.107
v -126.197 		340.35 		59.26
v -111.452 		340.25 		52.596
v -111.639 		340.25 		50.497
v -125.74 		340.35 		64.48
v -111.306 		340.25 		51.89
v -111.776 		340.25 		49.832
v -111.257 		340.25 		51.172
v -112.001 		340.25 		49.191
v -124.24 		340.35 		41.06
v -124.229 		340.35 		41.388
v -111.452 		340.25 		49.749
v -111.306 		340.25 		50.454
v -112.312 		340.25 		48.584
v -112.702 		340.25 		48.021
v -111.6209 		340.35 		53.0754
v -111.4556 		340.35 		53.1882
v -111.692 		340.25 		49.067
v -111.5489 		340.35 		52.9759
v -113.166 		340.25 		47.512
v -111.4662 		340.35 		53.0324
v -112.436 		340.25 		47.824
v -124.8 		340.35 		40.98
v -112.022 		340.25 		48.422
v -111.5427 		340.35 		52.8533
v -112.928 		340.25 		47.283
v -113.694 		340.25 		47.065
v -124.225 		340.35 		41.718
v -114.278 		340.25 		46.689
v -124.286 		340.35 		41.677
v -114.908 		340.25 		46.389
v -113.49 		340.25 		46.809
v -124.587 		340.35 		41.28
v -114.11 		340.25 		46.409
v -124.341 		340.35 		41.64
v -114.779 		340.25 		46.091
v -125.271 		340.35 		40.476
v -109.02 		340.35 		39.07
v -125.78 		340.35 		40.02
v -110.645 		340.35 		41.569
v -110.49 		340.35 		41.03
v -110.688 		341.352 		74.459
v -110.78 		340.35 		41.97
v -110.885 		340.35 		41.557
v -129.688 		341.352 		57.913
v -128.8 		341.352 		58.48
v -127.42 		341.352 		58.933
v -110.97 		340.35 		41
v -132.894 		341.352 		54.089
v -110.688 		340.35 		74.459
v -110.243 		340.35 		40.499
v -109.96 		340.35 		39.99
v -109.508 		340.35 		39.513
v -132.45 		341.352 		54.97
v -132.193 		341.352 		55.38
v -131.92 		341.352 		55.78
v -131.626 		341.352 		56.155
v -131.32 		341.352 		56.52
v -130.939 		341.352 		56.91
v -130.54 		341.352 		57.28
v -111.4888 		340.35 		52.7005
v -110.65 		340.35 		36.7
v -110.668 		340.35 		35.83
v -111.5665 		340.35 		52.9209
v -110.801 		340.35 		38.45
v -111.5786 		340.35 		52.9552
v -127.42 		340.35 		58.933
v -111.5787 		340.35 		52.9556
v -128.8 		340.35 		58.48
v -129.688 		340.35 		57.913
v -111.452 		340.35 		52.596
v -111.3291 		340.35 		52.0015
v -110.704 		340.35 		33.648
v -110.71 		340.35 		34.22
v -111.431 		340.35 		53.205
v -130.54 		340.35 		57.28
v -111.257 		340.35 		53.1971
v -111.3222 		340.35 		53.1384
v -130.939 		340.35 		56.91
v -131.32 		340.35 		56.52
v -111.357 		340.35 		53.107
v -131.626 		340.35 		56.155
v -131.92 		340.35 		55.78
v -132.193 		340.35 		55.38
v -132.45 		340.35 		54.97
v -133.139 		340.35 		53.6061
v -111.306 		340.35 		51.89
v -132.894 		340.35 		54.089
v -111.2649 		340.35 		51.288
v -111.257 		340.35 		51.172
v -111.2986 		340.35 		50.5618
v -111.452 		340.35 		49.749
v -111.6621 		340.35 		49.152
v -111.306 		340.35 		50.454
v -113.282 		340.35 		47.4138
v -113.166 		340.35 		47.512
v -112.702 		340.35 		48.021
v -112.312 		340.35 		48.584
v -109.02 		341.352 		39.07
v -111.692 		340.35 		49.067
v -111.9692 		340.35 		48.5252
v -110.49 		341.352 		41.03
v -110.645 		341.352 		41.569
v -110.78 		341.352 		41.97
v -112.928 		340.35 		47.283
v -113.282 		340.35 		46.9844
v -133.139 		340.35 		46.883
v -129.668 		340.35 		46.883
v -110.885 		341.352 		41.557
v -110.97 		341.352 		41
v -127.618 		340.35 		45.9428
v -126.8562 		340.35 		45.056
v -127.076 		340.35 		45.388
v -127.358 		340.35 		45.712
v -127.618 		340.35 		46.2024
v -127.6129 		340.35 		46.199
v -111.234 		340.35 		56.172
v -110.7407 		340.35 		55.296
v -110.821 		340.35 		55.536
v -109.508 		341.352 		39.513
v -110.933 		340.35 		55.768
v -109.96 		341.352 		39.99
v -111.073 		340.35 		55.984
v -110.243 		341.352 		40.499
v -126.662 		340.35 		45.133
v -126.6243 		340.35 		45.056
v -111.234 		340.35 		56.3372
v -111.1876 		340.35 		56.2954
v -126.914 		340.35 		45.514
v -110.65 		341.352 		36.7
v -111.155 		340.35 		56.266
v -110.668 		341.352 		35.83
v -111.0082 		340.35 		56.0953
v -127.214 		340.35 		45.858
v -127.555 		340.35 		46.16
v -110.801 		341.352 		38.45
v -110.622 		340.35 		55.323
v -110.6168 		340.35 		55.296
v -110.709 		340.35 		55.583
v -110.828 		340.35 		55.83
v -129.666 		340.35 		46.6769
v -127.679 		340.35 		45.997
v -128.034 		340.35 		46.236
v -128.418 		340.35 		46.427
v -110.977 		340.35 		56.059
v -128.822 		340.35 		46.565
v -129.242 		340.35 		46.649
v -110.71 		341.352 		34.22
v -110.704 		341.352 		33.648
v -129.666 		340.35 		46.8829
v -129.2836 		340.35 		46.8575
v -111.24 		340.35 		56.179
v -129.215 		340.35 		46.853
v -128.8387 		340.35 		46.7777
v -128.77 		340.35 		46.764
v -128.4007 		340.35 		46.6377
v -110.7376 		340.35 		54.272
v -110.69 		340.35 		54.519
v -110.673 		340.35 		54.778
v -110.69 		340.35 		55.036
v -127.932 		340.35 		46.414
v -110.739 		340.35 		55.291
v -110.5786 		340.35 		55.0966
v -128.34 		340.35 		46.617
v -110.57 		340.35 		54.503
v -110.6145 		340.35 		54.272
v -110.57 		340.35 		55.052
v -126.4254 		340.35 		43.008
v -126.401 		340.35 		43.383
v -126.429 		340.35 		43.813
v -126.512 		340.35 		44.236
v -126.65 		340.35 		44.644
v -126.839 		340.35 		45.03
v -126.4924 		340.35 		44.7861
v -111.234 		340.35 		53.383
v -111.073 		340.35 		53.571
v -110.933 		340.35 		53.787
v -110.821 		340.35 		54.019
v -110.739 		340.35 		54.265
v -126.461 		340.35 		44.722
v -126.3376 		340.35 		44.3561
v -110.622 		340.35 		54.233
v -110.6959 		340.35 		54.0113
v -126.197 		340.35 		43.383
v -126.2216 		340.35 		43.008
v -111.155 		340.35 		53.289
v -111.2005 		340.35 		53.248
v -126.227 		340.35 		43.84
v -110.977 		340.35 		53.496
v -126.315 		340.35 		44.289
v -110.828 		340.35 		53.725
v -110.709 		340.35 		53.972
v -127.4639 		340.35 		40.96
v -127.358 		340.35 		41.054
v -127.076 		340.35 		41.378
v -126.839 		340.35 		41.736
v -126.65 		340.35 		42.122
v -126.512 		340.35 		42.53
v -126.429 		340.35 		42.953
v -111.24 		340.35 		53.376
v -126.2225 		340.35 		42.9952
v -111.234 		340.35 		53.2178
v -126.227 		340.35 		42.926
v -126.3009 		340.35 		42.5488
v -126.315 		340.35 		42.477
v -126.4387 		340.35 		42.1103
v -126.461 		340.35 		42.044
v -126.6283 		340.35 		41.7018
v -126.914 		340.35 		41.252
v -127.1687 		340.35 		40.96
v -126.662 		340.35 		41.633
v -112.436 		340.35 		47.824
v -129.668 		340.35 		46.677
v -130.094 		340.35 		46.649
v -130.514 		340.35 		46.565
v -130.918 		340.35 		46.427
v -131.302 		340.35 		46.236
v -131.657 		340.35 		45.997
v -131.714 		340.35 		46.2051
v -131.461 		340.35 		46.3756
v -112.022 		340.35 		48.422
v -114.908 		340.35 		46.389
v -114.278 		340.35 		46.689
v -113.694 		340.35 		47.065
v -113.4074 		340.35 		46.8787
v -114.0146 		340.35 		46.4706
v -113.49 		340.35 		46.809
v -114.11 		340.35 		46.409
v -114.779 		340.35 		46.091
v -114.923 		341.352 		76.363
v -114.4 		341.352 		76.27
v -113.337 		341.352 		75.97
v -112.29 		341.352 		75.63
v -111.87 		341.352 		75.384
v -111.47 		341.352 		75.1
v -115.33 		340.35 		71.0791
v -115.208 		340.35 		70.997
v -114.887 		340.35 		70.712
v -111.47 		340.35 		75.1
v -114.668 		340.35 		70.4604
v -111.87 		340.35 		75.384
v -115.1419 		340.35 		71.199
v -115.33 		340.35 		71.3257
v -112.29 		340.35 		75.63
v -114.7967 		340.35 		70.9056
v -115.084 		340.35 		71.16
v -113.337 		340.35 		75.97
v -114.4 		340.35 		76.27
v -114.743 		340.35 		70.858
v -114.668 		340.35 		70.772
v -114.923 		340.35 		76.363
v -114.668 		340.35 		66.3056
v -114.887 		340.35 		66.054
v -115.208 		340.35 		65.769
v -115.084 		340.35 		65.606
v -115.1879 		340.35 		65.536
v -114.743 		340.35 		65.908
v -114.668 		340.35 		65.994
v -115.404 		340.35 		65.3904
v -114.605 		340.35 		70.388
v -114.368 		340.35 		70.03
v -114.179 		340.35 		69.644
v -114.4924 		340.35 		70.5707
v -114.1749 		340.35 		69.632
v -113.99 		340.35 		69.722
v -113.9597 		340.35 		69.632
v -114.191 		340.35 		70.133
v -114.443 		340.35 		70.514
v -114.041 		340.35 		69.236
v -113.958 		340.35 		68.813
v -113.93 		340.35 		68.383
v -113.8666 		340.35 		69.3561
v -113.958 		340.35 		67.953
v -113.844 		340.35 		69.289
v -113.77 		340.35 		68.9113
v -101.153 		340.35 		50.758
v -114.0304 		340.35 		67.584
v -101.668 		340.35 		52.4339
v -100.65 		340.35 		49.19
v -113.756 		340.35 		67.926
v -113.823 		340.35 		67.584
v -101.668 		340.35 		49.152
v -113.726 		340.35 		68.383
v -100.432 		340.35 		48.823
v -113.756 		340.35 		68.84
v -99.32 		340.35 		46.47
v -99.722 		340.35 		47.476
v -100.2 		340.35 		48.46
v -101.153 		341.352 		50.758
v -114.041 		340.35 		67.53
v -114.179 		340.35 		67.122
v -114.368 		340.35 		66.736
v -113.8299 		340.35 		67.5488
v -114.605 		340.35 		66.378
v -113.844 		340.35 		67.477
v -113.9677 		340.35 		67.1103
v -113.99 		340.35 		67.044
v -114.1573 		340.35 		66.7018
v -114.191 		340.35 		66.633
v -114.4048 		340.35 		66.3097
v -114.443 		340.35 		66.252
v -133.021 		340.35 		44.289
v -133.0351 		340.35 		44.2172
v -133.021 		340.25 		44.289
v -131.8721 		340.35 		40.96
v -131.978 		340.35 		41.054
v -131.978 		340.25 		41.054
v -132.26 		340.25 		41.378
v -132.26 		340.35 		41.378
v -132.497 		340.25 		41.736
v -132.497 		340.35 		41.736
v -132.686 		340.25 		42.122
v -132.686 		340.35 		42.122
v -132.3726 		340.35 		41.1953
v -132.1673 		340.35 		40.96
v -132.824 		340.25 		42.53
v -132.824 		340.35 		42.53
v -132.422 		340.35 		41.252
v -132.422 		340.25 		41.252
v -132.907 		340.25 		42.953
v -100.65 		341.352 		49.19
v -132.907 		340.35 		42.953
v -132.8436 		340.35 		41.9799
v -132.674 		340.35 		41.633
v -132.674 		340.25 		41.633
v -100.432 		341.352 		48.823
v -100.2 		341.352 		48.46
v -99.722 		341.352 		47.476
v -99.32 		341.352 		46.47
v -132.9106 		340.35 		43.008
v -133.1144 		340.35 		43.008
v -133.109 		340.35 		42.926
v -133.109 		340.25 		42.926
v -133.021 		340.35 		42.477
v -133.021 		340.25 		42.477
v -132.875 		340.35 		42.044
v -132.875 		340.25 		42.044
v -127.679 		340.35 		40.769
v -127.679 		340.25 		40.769
v -128.034 		340.35 		40.53
v -128.034 		340.25 		40.53
v -128.418 		340.35 		40.339
v -128.418 		340.25 		40.339
v -127.214 		340.35 		40.908
v -127.214 		340.25 		40.908
v -127.5039 		340.35 		40.6512
v -128.822 		340.35 		40.201
v -128.822 		340.25 		40.201
v -127.555 		340.35 		40.606
v -127.555 		340.25 		40.606
v -127.875 		340.35 		40.3904
v -129.242 		340.25 		40.117
v -129.242 		340.35 		40.117
v -127.932 		340.35 		40.352
v -127.932 		340.25 		40.352
v -115.418 		341.475 		32.998
v -119.464 		341.475 		32.998
v -115.418 		340.475 		17.998
v -119.464 		340.475 		17.998
v -119.464 		341.475 		17.998
v -115.418 		341.475 		17.998
v -129.666 		340.35 		40.0891
v -129.215 		340.35 		39.913
v -129.215 		340.25 		39.913
v -129.666 		340.35 		39.8831
v -128.77 		340.35 		40.002
v -117.31 		340.35 		31.7
v -128.77 		340.25 		40.002
v -116.255 		340.35 		31.655
v -118.135 		340.35 		31.799
v -128.34 		340.35 		40.149
v -128.34 		340.25 		40.149
v -118.96 		340.35 		31.89
v -129.668 		340.35 		40.089
v -130.094 		340.35 		40.117
v -130.094 		340.25 		40.117
v -129.668 		340.25 		40.089
v -130.514 		340.35 		40.201
v -130.514 		340.25 		40.201
v -130.918 		340.35 		40.339
v -130.918 		340.25 		40.339
v -117.31 		340.475 		31.7
v -131.302 		340.35 		40.53
v -117.378 		340.475 		31.7082
v -131.302 		340.25 		40.53
v -116.255 		340.475 		31.655
v -131.657 		340.35 		40.769
v -131.657 		340.25 		40.769
v -131.404 		340.35 		46.414
v -131.0592 		340.35 		46.5856
v -118.135 		340.475 		31.799
v -118.96 		340.475 		31.89
v -119.464 		340.475 		31.8819
v -130.996 		340.35 		46.617
v -130.6346 		340.35 		46.7405
v -130.121 		340.35 		46.853
v -130.566 		340.35 		46.764
v -132.4798 		340.35 		45.056
v -131.978 		340.35 		45.712
v -132.26 		340.35 		45.388
v -132.7117 		340.35 		45.056
v -132.7077 		340.35 		45.0642
v -131.781 		340.35 		46.16
v -132.122 		340.35 		45.858
v -132.422 		340.35 		45.514
v -132.674 		340.35 		45.133
v -132.497 		340.35 		45.03
v -132.686 		340.35 		44.644
v -132.824 		340.35 		44.236
v -132.907 		340.35 		43.813
v -132.935 		340.35 		43.383
v -133.1347 		340.35 		43.3174
v -133.139 		340.35 		43.383
v -133.1135 		340.35 		43.7708
v -133.109 		340.35 		43.84
v -132.875 		340.35 		44.722
v -133.139 		340.35 		40.96
v -126.197 		340.35 		39.883
v -130.9353 		340.35 		40.1283
v -130.6346 		340.35 		40.0255
v -132.8021 		340.35 		39.883
v -132.122 		340.35 		40.908
v -131.781 		340.35 		40.606
v -131.404 		340.35 		40.352
v -130.996 		340.35 		40.149
v -129.668 		340.35 		39.883
v -130.566 		340.35 		40.002
v -130.121 		340.35 		39.913
v -127.358 		340.25 		45.712
v -127.076 		340.25 		45.388
v -126.662 		340.25 		45.133
v -126.914 		340.25 		45.514
v -127.214 		340.25 		45.858
v -127.555 		340.25 		46.16
v -129.242 		340.25 		46.649
v -128.822 		340.25 		46.565
v -128.418 		340.25 		46.427
v -128.034 		340.25 		46.236
v -129.215 		340.25 		46.853
v -127.679 		340.25 		45.997
v -128.77 		340.25 		46.764
v -127.932 		340.25 		46.414
v -128.34 		340.25 		46.617
v -126.839 		340.25 		45.03
v -133.674 		340.35 		52.715
v -134.01 		340.35 		52.22
v -126.65 		340.25 		44.644
v -126.512 		340.25 		44.236
v -133.34 		340.35 		53.21
v -134.263 		340.35 		51.731
v -134.49 		340.35 		51.23
v -126.429 		340.25 		43.813
v -126.401 		340.25 		43.383
v -126.461 		340.25 		44.722
v -134.798 		340.35 		50.3
v -135.07 		340.35 		49.36
v -126.197 		340.25 		43.383
v -126.227 		340.25 		43.84
v -126.315 		340.25 		44.289
v -135.234 		340.35 		48.413
v -135.36 		340.35 		47.46
v -135.408 		340.35 		46.491
v -135.43 		340.35 		45.52
v -135.404 		340.35 		45.124
v -135.36 		340.35 		44.73
v -135.204 		340.35 		43.838
v -135.03 		340.35 		42.95
v -134.799 		340.35 		42.053
v -134.55 		340.35 		41.16
v -134.487 		340.35 		40.982
v -126.429 		340.25 		42.953
v -126.512 		340.25 		42.53
v -126.65 		340.25 		42.122
v -134.4 		340.35 		40.82
v -133.533 		340.35 		40.044
v -134.01 		341.352 		52.22
v -133.674 		341.352 		52.715
v -126.839 		340.25 		41.736
v -134.49 		341.352 		51.23
v -134.263 		341.352 		51.731
v -126.227 		340.25 		42.926
v -133.34 		341.352 		53.21
v -127.076 		340.25 		41.378
v -126.315 		340.25 		42.477
v -135.07 		341.352 		49.36
v -134.798 		341.352 		50.3
v -127.358 		340.25 		41.054
v -126.461 		340.25 		42.044
v -134.487 		341.352 		40.982
v -134.55 		341.352 		41.16
v -134.799 		341.352 		42.053
v -135.03 		341.352 		42.95
v -135.204 		341.352 		43.838
v -135.36 		341.352 		44.73
v -135.404 		341.352 		45.124
v -135.43 		341.352 		45.52
v -135.408 		341.352 		46.491
v -135.36 		341.352 		47.46
v -135.234 		341.352 		48.413
v -126.914 		340.25 		41.252
v -126.662 		340.25 		41.633
v -133.533 		341.352 		40.044
v -134.4 		341.352 		40.82
v -131.657 		340.25 		45.997
v -131.302 		340.25 		46.236
v -130.918 		340.25 		46.427
v -130.514 		340.25 		46.565
v -132.122 		340.25 		40.908
v -131.781 		340.25 		40.606
v -131.404 		340.25 		40.352
v -130.996 		340.25 		40.149
v -129.668 		340.25 		39.883
v -130.566 		340.25 		40.002
v -130.121 		340.25 		39.913
v -120.215 		340.25 		69.644
v -120.026 		340.25 		70.03
v -119.789 		340.25 		70.388
v -120.404 		340.25 		69.722
v -119.507 		340.25 		70.712
v -119.651 		340.25 		70.858
v -119.951 		340.25 		70.514
v -120.203 		340.25 		70.133
v -120.436 		340.25 		67.953
v -120.464 		340.25 		68.383
v -120.436 		340.25 		68.813
v -120.638 		340.25 		67.926
v -120.353 		340.25 		69.236
v -120.668 		340.25 		68.383
v -120.55 		340.25 		69.289
v -120.638 		340.25 		68.84
v -119.507 		340.25 		66.054
v -119.789 		340.25 		66.378
v -120.026 		340.25 		66.736
v -119.651 		340.25 		65.908
v -120.215 		340.25 		67.122
v -119.951 		340.25 		66.252
v -120.353 		340.25 		67.53
v -120.55 		340.25 		67.477
v -120.404 		340.25 		67.044
v -120.203 		340.25 		66.633
v -121.223 		340.25 		54.324
v -120.76 		340.25 		54.833
v -120.232 		340.25 		55.279
v -119.648 		340.25 		55.656
v -120.997 		340.25 		55.061
v -120.436 		340.25 		55.536
v -119.815 		340.25 		55.935
v -130.094 		340.25 		46.649
v -131.404 		340.25 		46.414
v -129.668 		340.25 		46.677
v -130.996 		340.25 		46.617
v -129.668 		340.25 		46.883
v -130.121 		340.25 		46.853
v -130.566 		340.25 		46.764
v -132.26 		340.25 		45.388
v -131.978 		340.25 		45.712
v -131.781 		340.25 		46.16
v -132.122 		340.25 		45.858
v -132.422 		340.25 		45.514
v -132.674 		340.25 		45.133
v -132.935 		340.25 		43.383
v -132.907 		340.25 		43.813
v -132.824 		340.25 		44.236
v -132.686 		340.25 		44.644
v -133.139 		340.25 		43.383
v -132.497 		340.25 		45.03
v -133.109 		340.25 		43.84
v -132.875 		340.25 		44.722
v -121.613 		340.25 		53.761
v -121.489 		340.25 		54.52
v -121.904 		340.25 		53.922
v -122.234 		340.25 		53.277
v -121.924 		340.25 		49.191
v -122.15 		340.25 		49.832
v -122.287 		340.25 		50.497
v -122.333 		340.25 		51.172
v -122.474 		340.25 		49.749
v -122.287 		340.25 		51.848
v -122.619 		340.25 		50.454
v -122.15 		340.25 		52.512
v -122.668 		340.25 		51.172
v -121.924 		340.25 		53.153
v -122.474 		340.25 		52.596
v -122.619 		340.25 		51.89
v -119.648 		340.25 		46.689
v -120.232 		340.25 		47.065
v -120.76 		340.25 		47.512
v -119.815 		340.25 		46.409
v -121.223 		340.25 		48.021
v -120.997 		340.25 		47.283
v -120.436 		340.25 		46.809
v -121.613 		340.25 		48.584
v -122.234 		340.25 		49.067
v -121.904 		340.25 		48.422
v -121.489 		340.25 		47.824
v -122.668 		340.35 		45.672
v -119.83 		340.35 		31.876
v -120.7 		340.35 		31.83
v -122.071 		340.35 		31.655
v -119.464 		341.352 		31.8819
v -119.83 		341.352 		31.876
v -120.7 		341.352 		31.83
v -122.071 		341.352 		31.655
v -122.599 		341.352 		75.608
v -122.1 		341.352 		75.86
v -121.172 		341.352 		76.168
v -120.23 		341.352 		76.43
v -120.23 		340.35 		76.43
v -121.172 		340.35 		76.168
v -122.1 		340.35 		75.86
v -123.944 		340.35 		33.193
v -124.014 		340.35 		33.124
v -124.06 		340.35 		33.07
v -124.174 		340.35 		32.812
v -122.599 		340.35 		75.608
v -123.91 		340.35 		33.381
v -123.89 		340.35 		33.52
v -122.668 		340.35 		65.536
v -120.668 		340.35 		68.383
v -123.74 		340.35 		35.081
v -123.65 		340.35 		36.64
v -123.831 		340.35 		37.525
v -122.668 		340.35 		56.672
v -124.154 		340.35 		39.733
v -124.04 		340.35 		38.41
v -132.62 		340.35 		39.33
v -131.682 		340.35 		38.952
v -130.71 		340.35 		38.65
v -130.177 		340.35 		38.576
v -119.507 		340.35 		70.712
v -129.64 		340.35 		38.55
v -119.789 		340.35 		70.388
v -129.055 		340.35 		38.634
v -120.026 		340.35 		70.03
v -128.48 		340.35 		38.77
v -120.215 		340.35 		69.644
v -127.112 		340.35 		39.361
v -120.2191 		340.35 		69.632
v -120.4263 		340.35 		69.6557
v -120.4343 		340.35 		69.632
v -120.2367 		340.35 		70.0642
v -120.404 		340.35 		69.722
v -124.24 		340.35 		32.54
v -124.159 		340.35 		32.199
v -124.02 		340.35 		31.88
v -123.745 		340.35 		31.663
v -123.43 		340.35 		31.52
v -119.651 		340.35 		70.858
v -124.174 		341.352 		32.812
v -124.06 		341.352 		33.07
v -124.014 		341.352 		33.124
v -123.944 		341.352 		33.193
v -119.951 		340.35 		70.514
v -123.91 		341.352 		33.381
v -120.203 		340.35 		70.133
v -123.89 		341.352 		33.52
v -123.74 		341.352 		35.081
v -120.353 		340.35 		69.236
v -120.436 		340.35 		68.813
v -120.464 		340.35 		68.383
v -123.65 		341.352 		36.64
v -120.436 		340.35 		67.953
v -120.3636 		340.35 		67.584
v -123.831 		341.352 		37.525
v -120.624 		340.35 		67.8547
v -120.571 		340.35 		67.584
v -124.04 		341.352 		38.41
v -124.154 		341.352 		39.733
v -120.6637 		340.35 		68.3174
v -120.638 		340.35 		67.926
v -120.55 		340.35 		69.289
v -127.112 		341.352 		39.361
v -128.48 		341.352 		38.77
v -129.055 		341.352 		38.634
v -129.64 		341.352 		38.55
v -130.177 		341.352 		38.576
v -130.71 		341.352 		38.65
v -131.682 		341.352 		38.952
v -132.62 		341.352 		39.33
v -120.638 		340.35 		68.84
v -123.43 		341.352 		31.52
v -123.745 		341.352 		31.663
v -124.02 		341.352 		31.88
v -124.159 		341.352 		32.199
v -124.24 		341.352 		32.54
v -120.353 		340.35 		67.53
v -120.215 		340.35 		67.122
v -120.026 		340.35 		66.736
v -119.789 		340.35 		66.378
v -119.507 		340.35 		66.054
v -119.5973 		340.35 		65.8604
v -119.651 		340.35 		65.908
v -119.9016 		340.35 		66.1953
v -120.166 		340.35 		66.5771
v -119.951 		340.35 		66.252
v -120.55 		340.35 		67.477
v -120.404 		340.35 		67.044
v -120.203 		340.35 		66.633
v -119.648 		340.35 		55.656
v -120.232 		340.35 		55.279
v -120.76 		340.35 		54.833
v -121.223 		340.35 		54.324
v -121.474 		340.35 		53.9617
v -121.0694 		340.35 		54.9814
v -121.474 		340.35 		54.5365
v -120.5244 		340.35 		55.4612
v -120.997 		340.35 		55.061
v -119.9083 		340.35 		55.875
v -120.436 		340.35 		55.536
v -119.815 		340.35 		55.935
v -121.8754 		340.35 		53.248
v -121.613 		340.35 		53.761
v -121.489 		340.35 		54.52
v -121.904 		340.35 		53.922
v -122.234 		340.35 		53.277
v -122.2442 		340.35 		53.248
v -121.904 		340.35 		49.152
v -121.924 		340.35 		53.153
v -122.15 		340.35 		52.512
v -122.287 		340.35 		51.848
v -122.333 		340.35 		51.172
v -122.287 		340.35 		50.497
v -122.15 		340.35 		49.832
v -121.924 		340.35 		49.191
v -122.2639 		340.35 		49.152
v -122.437 		340.35 		49.6438
v -122.474 		340.35 		49.749
v -122.5968 		340.35 		50.3463
v -122.619 		340.35 		50.454
v -122.6606 		340.35 		51.0638
v -122.668 		340.35 		51.172
v -122.6265 		340.35 		51.7795
v -122.474 		340.35 		52.596
v -122.619 		340.35 		51.89
v -121.474 		340.35 		48.3833
v -121.223 		340.35 		48.021
v -120.76 		340.35 		47.512
v -120.232 		340.35 		47.065
v -119.648 		340.35 		46.689
v -119.7123 		340.35 		46.3602
v -119.815 		340.35 		46.409
v -120.3411 		340.35 		46.7479
v -120.997 		340.35 		47.283
v -121.474 		340.35 		47.8075
v -120.436 		340.35 		46.809
v -121.613 		340.35 		48.584
v -122.234 		340.35 		49.067
v -121.904 		340.35 		48.422
v -121.489 		340.35 		47.824
# 1685 vertices

g group_2_14860437

usemtl color_14860437
s 0

f 3022 	3023 	2084
f 3022 	2084 	2083
f 3024 	3025 	3026
f 3024 	3026 	3027
f 3050 	3025 	3048
f 3025 	3024 	3048
f 3052 	3048 	3024
f 1938 	3052 	3024
f 3025 	3050 	3057
f 3025 	3057 	3058
f 3059 	3025 	3058
f 3027 	3026 	3022
f 3026 	3023 	3022
f 2083 	1940 	3022
f 3022 	1940 	3027
f 1938 	3024 	1940
f 3027 	1940 	3024
f 3025 	3266 	3026
f 3023 	3026 	3266
f 3023 	3266 	2084
f 3266 	3025 	3059
# 21 faces

g group_2_15277357

usemtl color_15277357
s 0

f 1738 	1734 	1731
f 1748 	1734 	1738
f 1735 	1731 	1734
f 1742 	1754 	1740
f 1738 	1740 	1748
f 1743 	1753 	1742
f 1748 	1740 	1754
f 1751 	1752 	1743
f 1754 	1742 	1753
f 1752 	1753 	1743
f 1755 	1774 	1749
f 1746 	1749 	1758
f 1759 	1771 	1755
f 1758 	1749 	1763
f 1764 	1776 	1760
f 1751 	1760 	1752
f 1765 	1769 	1759
f 1768 	1780 	1764
f 1752 	1760 	1776
f 1774 	1755 	1771
f 1763 	1749 	1774
f 1769 	1771 	1759
f 1777 	1785 	1768
f 1776 	1764 	1780
f 1790 	1791 	1781
f 1780 	1768 	1785
f 1786 	1790 	1781
f 1787 	1795 	1783
f 1792 	1800 	1787
f 1785 	1777 	1791
f 1777 	1781 	1791
f 1799 	1801 	1806
f 1795 	1787 	1800
f 1805 	1806 	1801
f 1826 	1823 	1809
f 1800 	1792 	1807
f 1792 	1799 	1807
f 1806 	1807 	1799
f 1805 	1801 	1758
f 3186 	1783 	1795
f 1815 	1820 	1812
f 1817 	1822 	1815
f 1861 	1856 	1820
f 1821 	1827 	1817
f 1820 	1815 	1822
f 1823 	1826 	1821
f 1822 	1817 	1827
f 1826 	1827 	1821
f 1796 	1809 	1823
f 1836 	1850 	1831
f 1843 	1863 	1839
f 1839 	1855 	1836
f 2053 	1831 	1850
f 1851 	1862 	1843
f 1850 	1836 	1855
f 1856 	1861 	1851
f 1863 	1843 	1862
f 1855 	1839 	1863
f 1861 	1862 	1851
f 1812 	1820 	1856
f 1868 	2026 	1864
f 2026 	2024 	1864
f 1896 	1897 	1898
f 1898 	1900 	1896
f 2513 	1896 	1900
f 1906 	1907 	1908
f 1927 	1908 	1912
f 1907 	1912 	1908
f 1915 	1916 	1918
f 1920 	1921 	1922
f 1897 	1896 	1920
f 1897 	1920 	1922
f 1927 	1912 	1925
f 1944 	1927 	1930
f 1925 	1930 	1927
f 1916 	1935 	1936
f 1916 	1936 	1918
f 1921 	1920 	1939
f 1921 	1939 	1941
f 1944 	1930 	1943
f 1945 	1985 	1844
f 1945 	1844 	1947
f 1949 	1950 	1948
f 1945 	1947 	1951
f 1945 	1951 	1731
f 1935 	1941 	1939
f 1935 	1939 	1936
f 1735 	1825 	1952
f 1824 	1952 	1825
f 1950 	1944 	1948
f 1824 	1829 	1954
f 1824 	1954 	1952
f 1944 	1955 	1953
f 1953 	1948 	1944
f 1829 	1833 	1954
f 1944 	1943 	1955
f 2041 	1950 	1961
f 1949 	1961 	1950
f 1962 	1840 	1849
f 1971 	1973 	1974
f 1971 	1974 	1976
f 1972 	1962 	1849
f 1972 	1849 	1848
f 1978 	1972 	1848
f 1978 	1848 	1847
f 1853 	2088 	1854
f 1981 	1978 	1847
f 1981 	1847 	1846
f 1983 	2022 	2018
f 1859 	1858 	1982
f 3200 	1983 	1816
f 1858 	1854 	1982
f 1985 	1981 	1846
f 1985 	1846 	1845
f 1866 	1865 	1988
f 1866 	1988 	2006
f 2008 	2004 	1992
f 1982 	1988 	1859
f 1865 	1859 	1988
f 1999 	2008 	1992
f 1985 	1845 	1844
f 2003 	2007 	1999
f 1833 	1870 	2005
f 1833 	2005 	1954
f 1870 	1874 	2006
f 1870 	2006 	2005
f 1874 	1866 	2006
f 2008 	1999 	2007
f 1984 	2009 	2003
f 2010 	2003 	2009
f 2007 	2003 	2010
f 2011 	1880 	1889
f 2014 	2021 	2012
f 2013 	2011 	1889
f 2013 	1889 	1887
f 1984 	2012 	2009
f 2017 	2009 	2012
f 2016 	2020 	2014
f 2015 	2013 	1887
f 2015 	1887 	1885
f 2018 	2022 	2016
f 2019 	2015 	1885
f 2019 	1885 	1884
f 1891 	1890 	2081
f 2017 	2012 	2021
f 2020 	2021 	2014
f 1816 	1983 	2018
f 2020 	2016 	2022
f 2023 	2029 	1868
f 1786 	1864 	2024
f 1790 	1786 	2024
f 2027 	2030 	2033
f 2028 	2035 	2025
f 2026 	1868 	2029
f 2032 	2033 	2030
f 2031 	2039 	2028
f 2029 	2023 	2034
f 2023 	2027 	2034
f 2033 	2034 	2027
f 2035 	2028 	2039
f 2042 	2056 	2040
f 2046 	2055 	2042
f 2053 	2054 	2051
f 2052 	2058 	2050
f 2055 	2046 	2054
f 2056 	2042 	2055
f 2051 	2054 	2046
f 2053 	2051 	1831
f 2044 	2057 	2052
f 2057 	2058 	2052
f 2059 	2050 	2058
f 2032 	2030 	2062
f 2030 	2037 	2062
f 2037 	2038 	2062
f 2061 	2062 	2038
f 2040 	2064 	2038
f 2064 	2040 	2056
f 2061 	2038 	2064
f 2065 	2071 	2063
f 2070 	2073 	2065
f 1735 	1952 	1945
f 1735 	1945 	1731
f 2072 	2063 	2071
f 2025 	2035 	2070
f 2073 	2070 	2035
f 2071 	2065 	2073
f 1954 	1985 	1952
f 1972 	1988 	1962
f 2075 	2077 	2074
f 2044 	2074 	2057
f 1978 	2006 	1972
f 2057 	2074 	2077
f 2076 	2078 	2075
f 1981 	2005 	1978
f 1982 	1962 	1988
f 1988 	1972 	2006
f 1985 	1954 	1981
f 2006 	1978 	2005
f 1945 	1952 	1985
f 2005 	1981 	1954
f 2077 	2075 	2078
f 2078 	2076 	2079
f 2015 	2081 	2013
f 2019 	2085 	2015
f 2081 	2015 	2085
f 2089 	2090 	2082
f 2086 	2088 	2082
f 2085 	2019 	2090
f 2019 	2082 	2090
f 2088 	2089 	2082
f 2088 	2086 	1962
f 2088 	1962 	1982
f 2104 	1808 	2098
f 2081 	2103 	2013
f 2103 	2104 	2011
f 2011 	2013 	2103
f 2098 	2011 	2104
f 1796 	2098 	1808
f 1809 	1796 	1808
f 2108 	2119 	2107
f 2110 	2123 	2121
f 2114 	2117 	2111
f 2121 	2107 	2119
f 2117 	2119 	2108
f 2108 	2111 	2117
f 2114 	2127 	2135
f 2107 	2121 	2123
f 2326 	2328 	2320
f 2326 	2323 	2110
f 2129 	2135 	2127
f 2111 	2127 	2114
f 2131 	2134 	2129
f 2132 	2134 	2131
f 2135 	2129 	2134
f 2134 	2132 	2137
f 2139 	2141 	2138
f 2132 	2138 	2137
f 2140 	2145 	2139
f 2137 	2138 	2141
f 2141 	2139 	2145
f 2142 	2144 	2140
f 2145 	2140 	2144
f 2146 	2148 	2150
f 2142 	2150 	2148
f 2144 	2142 	2148
f 2160 	2174 	2154
f 1769 	1765 	2171
f 2154 	2171 	1765
f 1986 	2186 	2181
f 2181 	2187 	2179
f 2187 	2181 	2186
f 2186 	1986 	2004
f 1986 	1992 	2004
f 2195 	2209 	2160
f 2198 	2207 	2195
f 2171 	2154 	2174
f 1976 	1974 	2200
f 2201 	2206 	2198
f 2174 	2160 	2209
f 2203 	2205 	2208
f 2209 	2195 	2207
f 2206 	2207 	2198
f 2210 	2211 	2205
f 2210 	2205 	2203
f 2214 	2232 	2212
f 2215 	2216 	2217
f 2215 	2217 	2218
f 2219 	2231 	2214
f 2201 	2212 	2224
f 2201 	2224 	2206
f 2217 	2216 	2220
f 2217 	2220 	2221
f 2221 	2220 	2225
f 2224 	2212 	2232
f 2226 	2231 	2219
f 2251 	2227 	2229
f 2232 	2214 	2231
f 2231 	2226 	2234
f 2200 	2233 	2235
f 2200 	2235 	1976
f 2235 	2233 	2215
f 2235 	2215 	2218
f 2238 	2246 	2237
f 2239 	2240 	2241
f 2239 	2241 	2242
f 2243 	2252 	2238
f 2246 	2234 	2237
f 2226 	2237 	2234
f 2239 	2208 	2240
f 2205 	2240 	2208
f 2248 	2255 	2243
f 2250 	2251 	2229
f 2246 	2238 	2252
f 2179 	2257 	2248
f 2253 	2254 	2251
f 2253 	2251 	2250
f 2252 	2243 	2255
f 2241 	2254 	2253
f 2241 	2253 	2242
f 2255 	2248 	2257
f 2257 	2179 	2187
f 2225 	2260 	2261
f 2225 	2261 	2221
f 2290 	2259 	2272
f 2261 	2260 	2262
f 2261 	2262 	2263
f 2318 	2276 	2259
f 2263 	2262 	2265
f 2263 	2265 	2266
f 2273 	2227 	2294
f 2251 	2294 	2227
f 2266 	2265 	2280
f 2281 	2288 	2279
f 2282 	2283 	2286
f 2287 	2299 	2281
f 2288 	2281 	2299
f 2290 	2300 	2287
f 2289 	2291 	2283
f 2289 	2283 	2282
f 2293 	2294 	2291
f 2293 	2291 	2289
f 2082 	2019 	1884
f 2082 	1884 	1883
f 1895 	1894 	2081
f 1895 	2081 	2085
f 2294 	2293 	2273
f 1894 	1891 	2081
f 1872 	2296 	2297
f 2298 	2299 	2287
f 2272 	2300 	2290
f 2298 	2287 	2300
f 2305 	2302 	2303
f 2520 	2519 	2307
f 2297 	2296 	1973
f 2297 	1973 	1971
f 2315 	2350 	2312
f 2316 	2348 	2315
f 2312 	2350 	1918
f 2320 	2328 	2318
f 2323 	2326 	2320
f 2123 	2110 	2323
f 2328 	2276 	2318
f 2272 	2259 	2276
f 2663 	2146 	2150
f 2288 	2307 	2279
f 2519 	2279 	2307
f 2348 	2316 	2347
f 2350 	2315 	2348
f 2316 	2297 	2347
f 2346 	2347 	2297
f 1971 	2657 	2297
f 2357 	2363 	2354
f 2364 	2354 	2363
f 2370 	2383 	2368
f 2373 	2383 	2370
f 2374 	2368 	2383
f 2376 	2354 	2360
f 2086 	2082 	1883
f 2086 	1883 	1882
f 1901 	1899 	2085
f 1899 	1895 	2085
f 1882 	1840 	2086
f 1962 	2086 	1840
f 1853 	1911 	2088
f 1982 	1854 	2088
f 1911 	1917 	2089
f 1911 	2089 	2088
f 1917 	1919 	2090
f 1917 	2090 	2089
f 2085 	2090 	1901
f 1919 	1901 	2090
f 2098 	1796 	1923
f 2098 	1923 	1924
f 1924 	1880 	2098
f 2011 	2098 	1880
f 1890 	1932 	2103
f 1890 	2103 	2081
f 1731 	1951 	2149
f 1932 	1937 	2104
f 1932 	2104 	2103
f 1731 	2149 	2147
f 1731 	2147 	1738
f 1808 	2104 	1942
f 1937 	1942 	2104
f 2151 	1734 	2152
f 2153 	1735 	1734
f 2153 	1734 	2151
f 1825 	1735 	2153
f 2147 	2170 	1738
f 1738 	2170 	2169
f 1738 	2169 	1740
f 1740 	2169 	2168
f 1740 	2168 	1742
f 1742 	2168 	2167
f 1742 	2167 	1743
f 2173 	2152 	1748
f 1734 	1748 	2152
f 1743 	2167 	2166
f 1743 	2166 	1751
f 1754 	2176 	1748
f 2175 	1748 	2176
f 1748 	2175 	2173
f 1751 	2166 	2165
f 2099 	1752 	2180
f 2182 	1753 	1752
f 2182 	1752 	2099
f 2185 	1754 	1753
f 2185 	1753 	2182
f 1754 	2185 	2176
f 2165 	2197 	1760
f 2165 	1760 	1751
f 1760 	2197 	2196
f 1760 	2196 	1764
f 1764 	2196 	2194
f 1764 	2194 	1768
f 2199 	2180 	1776
f 1752 	1776 	2180
f 1768 	2194 	2193
f 1768 	2193 	1777
f 2202 	1776 	2204
f 1776 	2202 	2199
f 1781 	1777 	2193
f 1781 	2193 	2192
f 2213 	1780 	2222
f 2213 	2204 	1780
f 1776 	1780 	2204
f 2364 	2360 	2354
f 2373 	2376 	2385
f 2385 	2376 	2360
f 2383 	2373 	2385
f 2479 	2487 	2476
f 2482 	2498 	2479
f 2283 	2266 	2484
f 2485 	2497 	2482
f 2484 	2476 	2487
f 2487 	2479 	2498
f 2497 	2498 	2482
f 2496 	2497 	2485
f 2496 	2485 	2490
f 2368 	2374 	2490
f 2496 	2490 	2374
f 2502 	2041 	2031
f 1939 	1944 	2357
f 2357 	2506 	1939
f 1936 	1939 	2506
f 2509 	1936 	2506
f 2039 	2031 	2041
f 2517 	2522 	2513
f 2519 	2520 	2517
f 2513 	2522 	1908
f 2522 	2517 	2520
f 2513 	1908 	1896
f 1927 	1896 	1908
f 1896 	1927 	1920
f 1939 	1920 	1927
f 1939 	1927 	1944
f 2502 	2363 	1950
f 2041 	2502 	1950
f 1944 	1950 	2363
f 2363 	2357 	1944
f 2312 	1918 	2509
f 1936 	2509 	1918
f 2205 	2211 	1976
f 1971 	1976 	2211
f 1746 	1801 	2162
f 1746 	2162 	2161
f 1749 	1746 	2161
f 1749 	2161 	2159
f 1755 	1749 	2159
f 1755 	2159 	2158
f 1805 	1758 	2164
f 2163 	2164 	1758
f 1976 	2235 	2205
f 1759 	1755 	2158
f 1759 	2158 	2157
f 2172 	2143 	1758
f 2172 	1758 	1763
f 2143 	2163 	1758
f 1765 	1759 	2157
f 1765 	2157 	2156
f 2177 	2178 	1763
f 2178 	2172 	1763
f 2155 	1765 	2156
f 1769 	2183 	2184
f 2184 	2188 	1771
f 2184 	1771 	1769
f 2188 	2189 	1774
f 2188 	1774 	1771
f 1763 	1774 	2177
f 2189 	2177 	1774
f 1986 	2319 	2324
f 1783 	2334 	2333
f 1787 	1783 	2333
f 1787 	2333 	2332
f 1792 	1787 	2332
f 1792 	2332 	2331
f 2336 	2337 	1795
f 1799 	1792 	2331
f 1799 	2331 	2330
f 2338 	2339 	1795
f 2339 	2336 	1795
f 1801 	1799 	2330
f 1801 	2330 	2329
f 2352 	2353 	1800
f 1795 	1800 	2338
f 2353 	2338 	1800
f 2241 	2240 	2218
f 2251 	2254 	2217
f 2217 	2221 	2251
f 2218 	2217 	2254
f 2254 	2241 	2218
f 2235 	2218 	2240
f 2205 	2235 	2240
f 2305 	2211 	2302
f 2261 	2294 	2221
f 2263 	2291 	2261
f 2251 	2221 	2294
f 2266 	2283 	2263
f 2294 	2261 	2291
f 2291 	2263 	2283
f 2476 	2484 	2266
f 2211 	2659 	1971
f 2305 	2669 	2211
f 2655 	2669 	2305
f 2661 	2672 	2655
f 2657 	1971 	2659
f 2346 	2297 	2657
f 2663 	2657 	2667
f 2659 	2667 	2657
f 2146 	2663 	2667
f 2659 	2211 	2669
f 2670 	2679 	2661
f 2669 	2655 	2672
f 2674 	2672 	2661
f 2673 	2678 	2670
f 2675 	2684 	2673
f 2674 	2661 	2679
f 2679 	2670 	2678
f 2681 	2688 	2680
f 2678 	2673 	2684
f 2690 	2684 	2675
f 2675 	2680 	2690
f 2686 	2692 	2681
f 2690 	2680 	2688
f 2688 	2681 	2692
f 2695 	2700 	2693
f 2697 	2702 	2695
f 2686 	2693 	2698
f 2686 	2698 	2692
f 2050 	2059 	2697
f 2698 	2693 	2700
f 2059 	2702 	2697
f 2700 	2695 	2702
f 2783 	2789 	2107
f 1786 	1781 	2192
f 1786 	2192 	2191
f 2222 	1785 	2223
f 2107 	2789 	2787
f 2107 	2787 	2108
f 1780 	1785 	2222
f 2794 	2793 	2110
f 1786 	2191 	2190
f 2108 	2787 	2785
f 2108 	2785 	2111
f 2228 	1790 	2230
f 2121 	2799 	2110
f 2797 	2110 	2799
f 2236 	1791 	1790
f 2236 	1790 	2228
f 2797 	2794 	2110
f 2236 	2223 	1791
f 1785 	1791 	2223
f 2111 	2785 	2784
f 1796 	2245 	2244
f 1923 	1796 	2244
f 2803 	2114 	2804
f 1826 	1809 	2249
f 2247 	2249 	1809
f 2805 	2117 	2114
f 2805 	2114 	2803
f 2806 	2119 	2117
f 2806 	2117 	2805
f 1808 	1942 	2256
f 2811 	2121 	2119
f 2811 	2119 	2806
f 2256 	2258 	1809
f 2256 	1809 	1808
f 2121 	2811 	2799
f 2258 	2247 	1809
f 2123 	2066 	2818
f 1812 	2264 	2271
f 2123 	2818 	2783
f 2123 	2783 	2107
f 1815 	1812 	2271
f 1815 	2271 	2270
f 2326 	2110 	2478
f 2793 	2478 	2110
f 1817 	1815 	2270
f 1817 	2270 	2269
f 2784 	2828 	2127
f 2784 	2127 	2111
f 1861 	1820 	2274
f 2127 	2828 	2826
f 2127 	2826 	2129
f 1821 	1817 	2269
f 1821 	2269 	2268
f 2129 	2826 	2825
f 2129 	2825 	2131
f 2278 	2277 	1820
f 2131 	2825 	2824
f 2131 	2824 	2132
f 1820 	2277 	2275
f 2275 	2274 	1820
f 2114 	2135 	2829
f 2114 	2829 	2804
f 1823 	1821 	2268
f 1823 	2268 	2267
f 2285 	2284 	1822
f 2132 	2824 	2823
f 1820 	1822 	2278
f 2284 	2278 	1822
f 2831 	2137 	2832
f 2267 	2245 	1823
f 1796 	1823 	2245
f 2456 	2134 	2137
f 2456 	2137 	2831
f 2249 	2292 	1826
f 2833 	2135 	2134
f 2833 	2134 	2456
f 2292 	2295 	1827
f 2292 	1827 	1826
f 2135 	2833 	2829
f 1822 	1827 	2285
f 2295 	2285 	1827
f 2823 	2845 	2138
f 2823 	2138 	2132
f 2301 	2311 	1831
f 2138 	2845 	2844
f 2138 	2844 	2139
f 1836 	1831 	2311
f 1836 	2311 	2310
f 1839 	1836 	2310
f 1839 	2310 	2309
f 1843 	1839 	2309
f 1843 	2309 	2308
f 2314 	2313 	2053
f 2314 	2053 	1850
f 2139 	2844 	2843
f 2139 	2843 	2140
f 1851 	1843 	2308
f 1851 	2308 	2306
f 2140 	2843 	2842
f 2140 	2842 	2142
f 1801 	2329 	2162
f 2145 	2849 	2141
f 2848 	2141 	2849
f 2848 	2832 	2141
f 2137 	2141 	2832
f 2317 	2314 	1850
f 2142 	2842 	2841
f 1856 	1851 	2306
f 1856 	2306 	2304
f 2852 	2146 	2853
f 2322 	2321 	1855
f 2855 	2148 	2146
f 2855 	2146 	2852
f 1850 	1855 	2317
f 2321 	2317 	1855
f 2857 	2144 	2148
f 2857 	2148 	2855
f 2858 	2145 	2144
f 2858 	2144 	2857
f 2304 	2264 	1856
f 1812 	1856 	2264
f 2145 	2858 	2849
f 2274 	2325 	1861
f 2841 	2866 	2150
f 2841 	2150 	2142
f 2325 	2327 	1862
f 2325 	1862 	1861
f 2150 	2866 	2492
f 2327 	2335 	1863
f 2327 	1863 	1862
f 2868 	2853 	2146
f 1855 	1863 	2322
f 2335 	2322 	1863
f 2190 	2345 	1864
f 2190 	1864 	1786
f 1864 	2345 	2344
f 1864 	2344 	1868
f 1868 	2344 	2343
f 1868 	2343 	2023
f 2154 	2902 	2903
f 2026 	2351 	2024
f 2349 	2024 	2351
f 2160 	2154 	2903
f 2160 	2903 	2904
f 2349 	2230 	2024
f 1790 	2024 	2230
f 2160 	2904 	2906
f 2908 	2909 	2171
f 2911 	2912 	2171
f 2911 	2171 	2174
f 2912 	2908 	2171
f 2915 	2174 	2916
f 2915 	2911 	2174
f 2023 	2343 	2342
f 2023 	2342 	2027
f 2902 	2154 	2155
f 1765 	2155 	2154
f 2355 	2026 	2356
f 2026 	2355 	2351
f 2171 	2909 	1769
f 2183 	1769 	2909
f 2030 	2027 	2342
f 2030 	2342 	2341
f 2179 	2918 	2919
f 2359 	2029 	2361
f 2181 	2179 	2919
f 2181 	2919 	2920
f 2359 	2356 	2029
f 2026 	2029 	2356
f 2319 	1986 	2181
f 2319 	2181 	2920
f 2030 	2341 	2340
f 2921 	2186 	2922
f 2366 	2032 	2367
f 2369 	2033 	2032
f 2369 	2032 	2366
f 2923 	2187 	2186
f 2923 	2186 	2921
f 2371 	2034 	2033
f 2371 	2033 	2369
f 2924 	2187 	2923
f 2371 	2361 	2034
f 2029 	2034 	2361
f 2186 	2004 	2922
f 2382 	2381 	2038
f 2382 	2038 	2037
f 2413 	2925 	2004
f 2925 	2922 	2004
f 2038 	2381 	2380
f 2038 	2380 	2040
f 2040 	2380 	2379
f 2040 	2379 	2042
f 2926 	2195 	2906
f 2160 	2906 	2195
f 2042 	2379 	2378
f 2042 	2378 	2046
f 2195 	2926 	2927
f 2195 	2927 	2198
f 2046 	2378 	2377
f 2046 	2377 	2051
f 2198 	2927 	2928
f 2198 	2928 	2201
f 2056 	2384 	2386
f 2929 	2916 	2209
f 2174 	2209 	2916
f 2051 	2377 	2301
f 2051 	2301 	1831
f 2201 	2928 	2930
f 2201 	2930 	2212
f 2313 	2387 	2053
f 2390 	2054 	2053
f 2390 	2053 	2387
f 2931 	2206 	2932
f 2391 	2055 	2054
f 2391 	2054 	2390
f 2933 	2207 	2206
f 2933 	2206 	2931
f 2394 	2056 	2055
f 2394 	2055 	2391
f 2056 	2394 	2384
f 2934 	2209 	2207
f 2934 	2207 	2933
f 2209 	2934 	2929
f 2030 	2340 	2037
f 2382 	2037 	2340
f 1977 	2367 	2062
f 2032 	2062 	2367
f 2930 	2935 	2212
f 2056 	2386 	2064
f 2396 	2064 	2386
f 2212 	2935 	2936
f 2212 	2936 	2214
f 2398 	2061 	2064
f 2398 	2064 	2396
f 2214 	2936 	2937
f 2214 	2937 	2219
f 2062 	2061 	2398
f 2062 	2398 	1977
f 2938 	2932 	2224
f 2206 	2224 	2932
f 2219 	2937 	2939
f 2219 	2939 	2226
f 2232 	2941 	2224
f 2940 	2224 	2941
f 2224 	2940 	2938
f 2226 	2939 	2943
f 2946 	2234 	2947
f 2949 	2231 	2234
f 2949 	2234 	2946
f 2951 	2232 	2231
f 2951 	2231 	2949
f 2232 	2951 	2941
f 2943 	2956 	2237
f 2943 	2237 	2226
f 2164 	2358 	1805
f 2237 	2956 	2957
f 2237 	2957 	2238
f 2358 	2362 	1806
f 2358 	1806 	1805
f 2238 	2957 	2958
f 2238 	2958 	2243
f 2362 	2365 	1807
f 2362 	1807 	1806
f 2959 	2947 	2246
f 2234 	2246 	2947
f 1800 	1807 	2352
f 2365 	2352 	1807
f 2243 	2958 	2960
f 2243 	2960 	2248
f 1783 	3185 	2334
f 2961 	2246 	2962
f 3186 	1795 	2375
f 2337 	2375 	1795
f 2246 	2961 	2959
f 2389 	2388 	1816
f 2918 	2179 	2248
f 2918 	2248 	2960
f 3356 	1816 	2388
f 2963 	2252 	2964
f 1983 	2392 	2393
f 2963 	2962 	2252
f 2246 	2252 	2962
f 3200 	2395 	1983
f 2397 	1983 	2395
f 2965 	2255 	2966
f 2397 	2392 	1983
f 2965 	2964 	2255
f 2252 	2255 	2964
f 2400 	2399 	1984
f 2187 	2924 	2257
f 2967 	2257 	2924
f 2324 	2404 	1986
f 2967 	2966 	2257
f 2255 	2257 	2966
f 1986 	2404 	2403
f 1986 	2403 	1992
f 2259 	2290 	1802
f 2259 	1802 	1804
f 1992 	2403 	2402
f 1992 	2402 	1999
f 1803 	2318 	2259
f 1803 	2259 	1804
f 1999 	2402 	2401
f 1999 	2401 	2003
f 1811 	1810 	2272
f 2008 	2406 	2004
f 2405 	2004 	2406
f 1814 	1813 	2272
f 1813 	1811 	2272
f 2413 	2004 	2405
f 2276 	1819 	1818
f 2400 	1984 	2003
f 2400 	2003 	2401
f 2272 	2276 	1814
f 1818 	1814 	2276
f 2414 	2010 	2009
f 2414 	2009 	2136
f 2279 	1828 	1835
f 2419 	2007 	2010
f 2419 	2010 	2414
f 2281 	2279 	1835
f 2281 	1835 	1834
f 2420 	2008 	2007
f 2420 	2007 	2419
f 2287 	2281 	1834
f 2287 	1834 	1832
f 2008 	2420 	2406
f 1838 	1837 	2288
f 2009 	2425 	2136
f 2290 	2287 	1832
f 2290 	1832 	1830
f 2399 	2434 	2012
f 2399 	2012 	1984
f 1842 	1841 	2288
f 1842 	2288 	2299
f 1841 	1838 	2288
f 2012 	2434 	2433
f 2012 	2433 	2014
f 2014 	2433 	2432
f 2014 	2432 	2016
f 2290 	1830 	1802
f 2436 	2425 	2017
f 2009 	2017 	2425
f 1810 	1852 	2300
f 1810 	2300 	2272
f 1852 	1857 	2298
f 1852 	2298 	2300
f 2018 	2016 	2432
f 2018 	2432 	2430
f 1857 	1860 	2299
f 1857 	2299 	2298
f 2437 	2017 	2438
f 1860 	1842 	2299
f 2017 	2437 	2436
f 1837 	1867 	2307
f 1837 	2307 	2288
f 2520 	2307 	1869
f 1867 	1869 	2307
f 2430 	2389 	2018
f 1816 	2018 	2389
f 2312 	1871 	1876
f 1983 	2393 	2022
f 2442 	2022 	2393
f 2312 	1876 	1875
f 2312 	1875 	2315
f 2446 	2020 	2022
f 2446 	2022 	2442
f 2315 	1875 	1873
f 2315 	1873 	2316
f 2450 	2021 	2020
f 2450 	2020 	2446
f 1918 	2350 	1915
f 2060 	1915 	2350
f 2450 	2438 	2021
f 2017 	2021 	2438
f 2316 	1873 	1872
f 2316 	1872 	2297
f 2025 	2461 	2460
f 2028 	2025 	2460
f 2028 	2460 	2459
f 2318 	1803 	2069
f 2031 	2028 	2459
f 2031 	2459 	2458
f 2320 	2318 	2069
f 2320 	2069 	2068
f 2466 	2469 	2035
f 2323 	2320 	2068
f 2323 	2068 	2067
f 2457 	2031 	2458
f 2066 	2123 	2323
f 2066 	2323 	2067
f 2470 	2133 	2035
f 2276 	2328 	1819
f 2133 	2466 	2035
f 2326 	2478 	2481
f 2473 	2474 	2039
f 2481 	2483 	2328
f 2481 	2328 	2326
f 2035 	2039 	2470
f 2474 	2470 	2039
f 2475 	1819 	2328
f 2483 	2475 	2328
f 2968 	2969 	2970
f 2041 	2477 	2480
f 2150 	2492 	2499
f 2150 	2499 	2663
f 2039 	2041 	2473
f 2480 	2473 	2041
f 2971 	2972 	2973
f 2494 	2346 	2495
f 2974 	2973 	2972
f 2974 	2972 	2975
f 2050 	2486 	2491
f 2519 	2503 	2279
f 1828 	2279 	2503
f 2976 	2974 	2975
f 2976 	2975 	2977
f 2050 	2491 	2489
f 2050 	2489 	2052
f 2505 	2347 	2346
f 2505 	2346 	2494
f 2978 	2976 	2977
f 2978 	2977 	2979
f 2508 	2348 	2347
f 2508 	2347 	2505
f 2052 	2489 	2488
f 2052 	2488 	2044
f 2981 	3174 	2980
f 2514 	2350 	2348
f 2514 	2348 	2508
f 2493 	2058 	2057
f 2493 	2057 	2080
f 2514 	2060 	2350
f 2982 	2978 	2979
f 2982 	2979 	2983
f 2500 	2059 	2058
f 2500 	2058 	2493
f 2501 	2059 	2500
f 2354 	2531 	2530
f 2984 	2980 	2985
f 2057 	2504 	2080
f 2529 	2357 	2354
f 2529 	2354 	2530
f 2063 	2507 	2512
f 2986 	2982 	2983
f 2986 	2983 	2988
f 2065 	2063 	2512
f 2065 	2512 	2511
f 2989 	2990 	2991
f 2070 	2065 	2511
f 2070 	2511 	2510
f 2985 	2991 	2984
f 2990 	2984 	2991
f 2516 	2515 	2072
f 2510 	2461 	2070
f 2025 	2070 	2461
f 2986 	2988 	2996
f 2469 	2518 	2073
f 2469 	2073 	2035
f 2997 	2998 	2999
f 2518 	2526 	2071
f 2518 	2071 	2073
f 2998 	3000 	3001
f 2998 	3001 	2999
f 2526 	2532 	2072
f 2526 	2072 	2071
f 3000 	3002 	3003
f 3000 	3003 	3001
f 2532 	2516 	2072
f 2991 	3003 	2989
f 3002 	2989 	3003
f 2488 	2542 	2074
f 2488 	2074 	2044
f 2859 	3004 	3005
f 2859 	3005 	3153
f 2074 	2542 	2541
f 2074 	2541 	2075
f 2533 	2534 	2360
f 2533 	2360 	2364
f 3005 	3004 	3006
f 3005 	3006 	3007
f 2075 	2541 	2540
f 2075 	2540 	2076
f 3007 	3006 	3008
f 3007 	3008 	3009
f 2534 	2535 	2360
f 2543 	2504 	2077
f 2057 	2077 	2504
f 3010 	3011 	3012
f 2363 	2536 	2539
f 2363 	2539 	2364
f 2538 	2076 	2540
f 3011 	3010 	2876
f 2539 	2533 	2364
f 2545 	2077 	2544
f 3009 	3008 	3013
f 3009 	3013 	3014
f 2077 	2545 	2543
f 2368 	2553 	2552
f 3015 	3016 	3017
f 2548 	2078 	2547
f 2370 	2368 	2552
f 2370 	2552 	2551
f 3015 	3012 	3016
f 3011 	3016 	3012
f 2548 	2544 	2078
f 2077 	2078 	2544
f 2373 	2370 	2551
f 2373 	2551 	2550
f 2556 	2079 	2554
f 3018 	3014 	3013
f 3018 	3013 	3019
f 2555 	2557 	2374
f 2556 	2547 	2079
f 2078 	2079 	2547
f 2376 	2373 	2550
f 2376 	2550 	2549
f 3020 	3017 	3021
f 3016 	3021 	3017
f 2558 	2559 	2374
f 2558 	2374 	2383
f 3018 	3019 	3028
f 2559 	2555 	2374
f 3029 	3030 	3031
f 3032 	3034 	3030
f 3032 	3030 	3029
f 2549 	2531 	2376
f 2354 	2376 	2531
f 3037 	3038 	3034
f 3037 	3034 	3032
f 2535 	2560 	2385
f 2535 	2385 	2360
f 3021 	3038 	3037
f 3021 	3037 	3020
f 2560 	2521 	2383
f 2560 	2383 	2385
f 3040 	3041 	3042
f 3040 	3042 	3043
f 2383 	2521 	2558
f 3042 	3041 	3044
f 3042 	3044 	3045
f 3045 	3044 	3046
f 3045 	3046 	3047
f 2280 	2565 	2476
f 2280 	2476 	2266
f 3047 	3046 	3049
f 3047 	3049 	3051
f 2479 	2476 	2565
f 2479 	2565 	2564
f 3051 	3049 	3053
f 3051 	3053 	3054
f 2482 	2479 	2564
f 2482 	2564 	2563
f 2567 	2286 	2484
f 2283 	2484 	2286
f 2485 	2482 	2563
f 2485 	2563 	2562
f 2569 	2568 	2484
f 2484 	2568 	2567
f 2490 	2485 	2562
f 2490 	2562 	2561
f 2577 	2576 	2487
f 2484 	2487 	2569
f 2576 	2569 	2487
f 2561 	2553 	2490
f 2368 	2490 	2553
f 2557 	2581 	2496
f 2557 	2496 	2374
f 2581 	2582 	2497
f 2581 	2497 	2496
f 2582 	2589 	2498
f 2582 	2498 	2497
f 2487 	2498 	2577
f 2589 	2577 	2498
f 2502 	2031 	2457
f 2502 	2457 	2524
f 2523 	2502 	2524
f 2506 	2357 	2529
f 2506 	2529 	2528
f 2502 	2523 	2363
f 2536 	2363 	2537
f 2537 	2363 	2523
f 2527 	2509 	2506
f 2527 	2506 	2528
f 2509 	2527 	2546
f 1961 	2477 	2041
f 2546 	1871 	2509
f 2312 	2509 	1871
f 2513 	1900 	2595
f 2517 	2513 	2595
f 2517 	2595 	2594
f 2519 	2517 	2594
f 2519 	2594 	2593
f 1908 	2522 	1906
f 2596 	1906 	2522
f 2519 	2593 	2503
f 2520 	1869 	2601
f 2601 	2602 	2522
f 2601 	2522 	2520
f 2602 	2596 	2522
f 2211 	2210 	2525
f 2525 	2302 	2211
f 2305 	2303 	2636
f 2305 	2636 	2655
f 2655 	2636 	2635
f 2655 	2635 	2661
f 2657 	2683 	2682
f 2667 	2659 	2687
f 2734 	2685 	2659
f 2685 	2687 	2659
f 2682 	2495 	2657
f 2346 	2657 	2495
f 2691 	2659 	2727
f 2730 	2659 	2691
f 2732 	2659 	2730
f 2734 	2659 	2732
f 2661 	2635 	2634
f 2661 	2634 	2670
f 2499 	2741 	2663
f 2663 	2741 	2683
f 2663 	2683 	2657
f 2743 	2868 	2146
f 2146 	2667 	2743
f 2747 	2667 	2687
f 2747 	2744 	2667
f 2744 	2743 	2667
f 2737 	2669 	2738
f 2737 	2727 	2669
f 2659 	2669 	2727
f 2673 	2670 	2634
f 2673 	2634 	2633
f 2674 	2755 	2672
f 2753 	2672 	2755
f 2753 	2738 	2672
f 2669 	2672 	2738
f 2675 	2673 	2633
f 2675 	2633 	2632
f 2679 	2757 	2674
f 2756 	2674 	2757
f 2674 	2756 	2755
f 2675 	2632 	2631
f 2758 	2678 	2759
f 2760 	2679 	2678
f 2760 	2678 	2758
f 3095 	3106 	2777
f 3095 	2777 	2780
f 2679 	2760 	2757
f 3095 	2780 	2779
f 3095 	2779 	3096
f 2631 	2764 	2680
f 2631 	2680 	2675
f 2680 	2764 	2763
f 2680 	2763 	2681
f 2782 	2781 	3100
f 2681 	2763 	2762
f 2681 	2762 	2686
f 3096 	2779 	2778
f 2690 	2767 	2684
f 2766 	2684 	2767
f 2791 	3097 	2792
f 2766 	2759 	2684
f 2678 	2684 	2759
f 2795 	3098 	3097
f 2795 	3097 	2791
f 2686 	2762 	2761
f 2771 	2692 	2772
f 2800 	3099 	3098
f 2800 	3098 	2795
f 2878 	2688 	2692
f 2878 	2692 	2771
f 2800 	2801 	3100
f 2800 	3100 	3099
f 2887 	2690 	2688
f 2887 	2688 	2878
f 2801 	2782 	3100
f 2690 	2887 	2767
f 2761 	2890 	2693
f 2761 	2693 	2686
f 3101 	2807 	2813
f 2693 	2890 	2889
f 2693 	2889 	2695
f 3102 	3101 	2813
f 3102 	2813 	2812
f 2695 	2889 	2888
f 2695 	2888 	2697
f 3103 	3102 	2812
f 3103 	2812 	2810
f 2891 	2772 	2698
f 2692 	2698 	2772
f 2816 	3218 	2817
f 2697 	2888 	2486
f 2697 	2486 	2050
f 3104 	3103 	2810
f 3104 	2810 	2809
f 2893 	2698 	2892
f 2698 	2893 	2891
f 2820 	2819 	3105
f 2819 	2817 	3105
f 2894 	2892 	2700
f 2698 	2700 	2892
f 3106 	3104 	2809
f 3106 	2809 	2808
f 2059 	2501 	2702
f 2895 	2702 	2501
f 2822 	2821 	3107
f 2895 	2894 	2702
f 2700 	2702 	2894
f 3105 	3107 	2820
f 2821 	2820 	3107
f 3106 	2808 	2777
f 2781 	2827 	3108
f 2781 	3108 	3100
f 2827 	2830 	3109
f 2827 	3109 	3108
f 3107 	3109 	2822
f 2830 	2822 	3109
f 2778 	2839 	3110
f 2778 	3110 	3096
f 3110 	2839 	2838
f 3110 	2838 	3113
f 3113 	2838 	2837
f 3113 	2837 	3114
f 3114 	2837 	2836
f 3114 	2836 	3118
f 3097 	3120 	2792
f 3118 	2836 	2835
f 3118 	2835 	3119
f 2846 	3120 	2847
f 2846 	2840 	3120
f 2840 	2792 	3120
f 3119 	2835 	2834
f 2850 	3123 	2851
f 2854 	3124 	3123
f 2854 	3123 	2850
f 2856 	3125 	3124
f 2856 	3124 	2854
f 2856 	2847 	3125
f 3120 	3125 	2847
f 2834 	2865 	3137
f 2834 	3137 	3119
f 3137 	2865 	2864
f 3137 	2864 	3138
f 3138 	2864 	2863
f 3138 	2863 	3139
f 3123 	3147 	2851
f 3139 	2863 	2862
f 3139 	2862 	3144
f 3150 	2870 	3147
f 2869 	3147 	2870
f 2869 	2867 	3147
f 2867 	2851 	3147
f 3149 	3144 	2862
f 3149 	2862 	2861
f 2871 	3150 	2872
f 3150 	2871 	2870
f 3153 	3149 	2861
f 3153 	2861 	2860
f 3167 	2874 	3154
f 2873 	3154 	2874
f 2873 	2872 	3154
f 3150 	3154 	2872
f 3153 	2860 	2859
f 3011 	2876 	3166
f 2875 	3166 	2876
f 2877 	3167 	3166
f 2877 	3166 	2875
f 3167 	2877 	2874
f 3170 	3222 	2884
f 3171 	3170 	2884
f 3171 	2884 	2883
f 3172 	3171 	2883
f 3172 	2883 	2882
f 3173 	3172 	2882
f 3173 	2882 	2881
f 3177 	3085 	3086
f 3054 	3053 	2971
f 3054 	2971 	2973
f 2981 	3088 	3174
f 2985 	2980 	3174
f 3089 	3175 	3174
f 3089 	3174 	3088
f 3090 	3176 	3175
f 3090 	3175 	3089
f 3091 	3177 	3176
f 3091 	3176 	3090
f 3177 	3091 	3085
f 3018 	3028 	3043
f 3040 	3043 	3028
f 3092 	3031 	3178
f 3030 	3178 	3031
f 3177 	3086 	3179
f 3093 	3179 	3086
f 3094 	3180 	3179
f 3094 	3179 	3093
f 3178 	3180 	3094
f 3178 	3094 	3092
f 3182 	3184 	3181
f 3183 	3188 	3182
f 3185 	3187 	3183
f 3188 	3183 	3187
f 3184 	3182 	3188
f 3186 	3187 	3185
f 3186 	3185 	1783
f 3190 	3194 	3189
f 3191 	3194 	3190
f 3193 	3181 	3195
f 3192 	3189 	3194
f 3184 	3195 	3181
f 3193 	3196 	3191
f 3196 	3193 	3195
f 3194 	3191 	3196
f 3198 	3202 	3197
f 3199 	3206 	3198
f 1816 	3197 	3200
f 3201 	3205 	3199
f 3200 	3197 	3202
f 3203 	3204 	3201
f 3096 	3098 	3095
f 3206 	3199 	3205
f 3202 	3198 	3206
f 3204 	3205 	3201
f 3189 	3192 	3203
f 3204 	3203 	3192
f 3208 	3211 	3207
f 3099 	3095 	3098
f 3100 	3106 	3099
f 3209 	3212 	3208
f 3210 	3213 	3209
f 3102 	3107 	3101
f 3211 	3208 	3212
f 2063 	2072 	3210
f 3212 	3209 	3213
f 3213 	3210 	2072
f 2886 	2885 	3215
f 3214 	3173 	2881
f 3214 	2881 	2880
f 3056 	3055 	3215
f 3056 	3215 	3217
f 3055 	2886 	3215
f 3216 	3214 	2880
f 3216 	2880 	2879
f 3061 	3060 	3217
f 3060 	3056 	3217
f 2879 	2807 	3216
f 3101 	3216 	2807
f 2816 	2774 	3218
f 3105 	2817 	3218
f 3103 	3109 	3102
f 2774 	3062 	3219
f 2774 	3219 	3218
f 3062 	3063 	3220
f 3062 	3220 	3219
f 3104 	3108 	3103
f 3217 	3220 	3061
f 3063 	3061 	3220
f 3105 	3101 	3107
f 3106 	3100 	3104
f 3221 	3064 	3066
f 3107 	3102 	3109
f 3108 	3109 	3103
f 3095 	3099 	3106
f 3108 	3104 	3100
f 3222 	3221 	3066
f 3222 	3066 	3065
f 3110 	3097 	3096
f 3068 	3067 	3226
f 3113 	3120 	3110
f 3222 	3065 	2884
f 3114 	3125 	3113
f 2885 	3069 	3223
f 2885 	3223 	3215
f 3118 	3124 	3114
f 3120 	3097 	3110
f 3069 	3070 	3224
f 3069 	3224 	3223
f 3098 	3096 	3097
f 3119 	3123 	3118
f 3070 	3071 	3225
f 3070 	3225 	3224
f 3071 	3072 	3226
f 3071 	3226 	3225
f 3120 	3113 	3125
f 3124 	3125 	3114
f 3123 	3124 	3118
f 3072 	3068 	3226
f 3227 	2986 	2996
f 3227 	2996 	3077
f 3138 	3147 	3137
f 3137 	3123 	3119
f 3228 	3227 	3077
f 3228 	3077 	3076
f 3139 	3150 	3138
f 3229 	3228 	3076
f 3229 	3076 	3075
f 3123 	3137 	3147
f 3147 	3138 	3150
f 3167 	3154 	3144
f 2999 	3231 	2997
f 3078 	2997 	3231
f 3166 	3167 	3149
f 3230 	3229 	3075
f 3230 	3075 	3074
f 3150 	3139 	3154
f 3139 	3144 	3154
f 3011 	3166 	3153
f 3080 	3079 	3231
f 3080 	3231 	3233
f 3231 	3079 	3078
f 3144 	3149 	3167
f 3149 	3153 	3166
f 3232 	3230 	3074
f 3232 	3074 	3073
f 2969 	3081 	3233
f 2969 	3233 	2970
f 3081 	3080 	3233
f 3172 	3215 	3171
f 3073 	3064 	3232
f 3221 	3232 	3064
f 3173 	3217 	3172
f 3067 	3082 	3234
f 3067 	3234 	3226
f 3215 	3172 	3217
f 3219 	3220 	3214
f 3082 	2968 	2970
f 3082 	2970 	3234
f 3216 	3218 	3214
f 3217 	3173 	3220
f 3173 	3214 	3220
f 3105 	3218 	3101
f 3216 	3101 	3218
f 3219 	3214 	3218
f 3207 	3236 	3235
f 3211 	3236 	3207
f 3237 	3235 	3236
f 3238 	3248 	3237
f 3224 	3225 	3222
f 3241 	3243 	3240
f 3242 	3245 	3241
f 3226 	3221 	3225
f 3221 	3222 	3225
f 3222 	3170 	3224
f 3223 	3224 	3170
f 3215 	3223 	3171
f 3170 	3171 	3223
f 3259 	3240 	3243
f 3244 	3250 	3242
f 3243 	3241 	3245
f 3247 	3245 	3242
f 3246 	3249 	3244
f 3228 	3231 	3227
f 3248 	3238 	3246
f 3247 	3242 	3250
f 2999 	2986 	3231
f 3229 	3233 	3228
f 3250 	3244 	3249
f 3235 	3237 	3248
f 3249 	3246 	3238
f 3230 	2970 	3229
f 3231 	3228 	3233
f 3233 	3229 	2970
f 3226 	3234 	3232
f 3252 	3254 	3251
f 2076 	3251 	2079
f 3253 	3257 	3252
f 2079 	3251 	3254
f 2970 	3230 	3234
f 3221 	3226 	3232
f 3230 	3232 	3234
f 3254 	3252 	3257
f 3255 	3256 	3253
f 3256 	3257 	3253
f 2976 	2991 	2974
f 2974 	2985 	2973
f 3255 	3258 	3261
f 3256 	3255 	3261
f 3260 	3261 	3258
f 3258 	3239 	3260
f 3259 	3260 	3239
f 3239 	3240 	3259
f 2978 	3003 	2976
f 2982 	3001 	2978
f 2985 	2974 	2991
f 2986 	2999 	2982
f 3003 	2978 	3001
f 2991 	2976 	3003
f 2999 	3001 	2982
f 3227 	3231 	2986
f 3153 	3005 	3011
f 3007 	3016 	3005
f 3005 	3016 	3011
f 3009 	3021 	3007
f 3034 	3038 	3014
f 3016 	3007 	3021
f 3030 	3034 	3018
f 3021 	3009 	3038
f 3009 	3014 	3038
f 3014 	3018 	3034
f 3047 	3177 	3045
f 3051 	3176 	3047
f 3174 	3175 	3054
f 3176 	3051 	3175
f 3177 	3047 	3176
f 3054 	3175 	3051
f 3054 	2973 	3174
f 2985 	3174 	2973
f 3030 	3018 	3178
f 3018 	3043 	3178
f 3043 	3042 	3178
f 3180 	3178 	3042
f 3179 	3042 	3045
f 3177 	3179 	3045
f 3180 	3042 	3179
f 3181 	3304 	3302
f 3182 	3181 	3302
f 3182 	3302 	3300
f 3183 	3182 	3300
f 3183 	3300 	3298
f 3195 	3184 	3306
f 3305 	3306 	3184
f 3185 	3183 	3298
f 3185 	3298 	3296
f 3307 	3308 	3184
f 3308 	3305 	3184
f 2372 	2334 	3185
f 2372 	3185 	3296
f 3186 	2375 	3314
f 3314 	3319 	3187
f 3314 	3187 	3186
f 3319 	3321 	3188
f 3319 	3188 	3187
f 3184 	3188 	3307
f 3321 	3307 	3188
f 3189 	3329 	3328
f 3190 	3189 	3328
f 3190 	3328 	3326
f 3191 	3190 	3326
f 3191 	3326 	3325
f 3331 	3332 	3192
f 3193 	3191 	3325
f 3193 	3325 	3324
f 3335 	3336 	3192
f 3336 	3331 	3192
f 3324 	3304 	3193
f 3181 	3193 	3304
f 3306 	3337 	3195
f 3337 	3346 	3196
f 3337 	3196 	3195
f 3346 	3285 	3194
f 3346 	3194 	3196
f 3194 	3285 	3335
f 3194 	3335 	3192
f 1816 	3356 	3197
f 3198 	3197 	3356
f 3198 	3356 	3355
f 3199 	3198 	3355
f 3199 	3355 	3354
f 2395 	3200 	3357
f 3201 	3199 	3354
f 3201 	3354 	3353
f 3359 	3358 	3200
f 3200 	3358 	3357
f 3203 	3201 	3353
f 3203 	3353 	3352
f 3360 	3361 	3202
f 3200 	3202 	3359
f 3361 	3359 	3202
f 3352 	3329 	3203
f 3189 	3203 	3329
f 3332 	3362 	3204
f 3332 	3204 	3192
f 3362 	3363 	3205
f 3362 	3205 	3204
f 3363 	3364 	3206
f 3363 	3206 	3205
f 3202 	3206 	3360
f 3364 	3360 	3206
f 3207 	3369 	3368
f 3208 	3207 	3368
f 3208 	3368 	3367
f 3209 	3208 	3367
f 3209 	3367 	3366
f 3210 	3209 	3366
f 3210 	3366 	3365
f 3371 	3236 	3370
f 2507 	2063 	3210
f 2507 	3210 	3365
f 3372 	3373 	3211
f 3372 	3211 	3212
f 3373 	3370 	3211
f 3374 	3375 	3212
f 3374 	3212 	3213
f 3375 	3372 	3212
f 3376 	3213 	2515
f 2072 	2515 	3213
f 3376 	3374 	3213
f 3235 	3377 	3378
f 3378 	3369 	3235
f 3207 	3235 	3369
f 3371 	3379 	3236
f 3211 	3370 	3236
f 3379 	3380 	3237
f 3379 	3237 	3236
f 3380 	3381 	3238
f 3380 	3238 	3237
f 3381 	3382 	3238
f 3239 	3383 	3390
f 3240 	3239 	3390
f 3240 	3390 	3389
f 3241 	3240 	3389
f 3241 	3389 	3388
f 3242 	3241 	3388
f 3242 	3388 	3387
f 3392 	3391 	3259
f 3244 	3242 	3387
f 3244 	3387 	3386
f 3394 	3393 	3243
f 3259 	3243 	3392
f 3393 	3392 	3243
f 3246 	3244 	3386
f 3246 	3386 	3385
f 3396 	3395 	3245
f 3396 	3245 	3247
f 3243 	3245 	3394
f 3395 	3394 	3245
f 3248 	3246 	3385
f 3248 	3385 	3384
f 3398 	3397 	3247
f 3398 	3247 	3250
f 3247 	3397 	3396
f 3384 	3377 	3248
f 3235 	3248 	3377
f 3382 	3399 	3249
f 3382 	3249 	3238
f 3399 	3400 	3250
f 3399 	3250 	3249
f 3400 	3398 	3250
f 3251 	2076 	2538
f 3251 	2538 	3405
f 3252 	3251 	3405
f 3252 	3405 	3404
f 3253 	3252 	3404
f 3253 	3404 	3403
f 3406 	2554 	3254
f 2079 	3254 	2554
f 3255 	3253 	3403
f 3255 	3403 	3402
f 3257 	3408 	3254
f 3407 	3254 	3408
f 3254 	3407 	3406
f 3255 	3402 	3401
f 3410 	3409 	3256
f 3411 	3257 	3256
f 3411 	3256 	3409
f 3257 	3411 	3408
f 3258 	3255 	3401
f 3258 	3401 	3412
f 3412 	3383 	3258
f 3239 	3258 	3383
f 3391 	3413 	3259
f 3413 	3414 	3260
f 3413 	3260 	3259
f 3414 	3415 	3261
f 3414 	3261 	3260
f 3256 	3261 	3410
f 3415 	3410 	3261
f 1746 	1758 	1801
# 1719 faces

g group_2_16448250

usemtl color_16448250
s 0

f 1737 	1736 	1739
f 1737 	1739 	1741
f 1733 	1732 	1744
f 1733 	1744 	1745
f 1761 	1762 	1757
f 1761 	1757 	1756
f 1766 	1767 	1762
f 1766 	1762 	1761
f 1770 	1772 	1773
f 1770 	1773 	1775
f 1778 	1779 	1772
f 1778 	1772 	1770
f 1782 	1784 	1779
f 1782 	1779 	1778
f 1788 	1789 	1784
f 1788 	1784 	1782
f 1793 	1794 	1789
f 1793 	1789 	1788
f 1797 	1798 	1794
f 1797 	1794 	1793
f 2962 	2963 	2452
f 2959 	2961 	2452
f 2961 	2962 	2452
f 2947 	2959 	2452
f 1824 	1825 	2948
f 2946 	2947 	2452
f 1832 	1834 	1915
f 1834 	1835 	1915
f 1828 	1915 	1835
f 1840 	1845 	1846
f 1847 	1848 	1846
f 1849 	1846 	1848
f 1840 	1846 	1849
f 2948 	2944 	1858
f 1858 	1859 	2948
f 1838 	2420 	1837
f 1865 	2948 	1859
f 1837 	2420 	1867
f 1870 	1833 	2948
f 1824 	2948 	1829
f 1865 	1866 	2948
f 1874 	2948 	1866
f 1870 	2948 	1874
f 2551 	2552 	1871
f 1871 	2546 	2551
f 1775 	1773 	1767
f 1775 	1767 	1766
f 1877 	1878 	1879
f 1877 	1879 	1881
f 1924 	1844 	1880
f 1840 	1882 	1845
f 1882 	1883 	1845
f 1883 	1884 	1845
f 1884 	1885 	1845
f 1885 	1887 	1845
f 1887 	1889 	1845
f 1880 	1845 	1889
f 1886 	1888 	1878
f 1886 	1878 	1877
f 1892 	1893 	1888
f 1892 	1888 	1886
f 1895 	1899 	2760
f 1892 	1747 	1893
f 1750 	1893 	1747
f 1899 	1901 	2760
f 1798 	1797 	1879
f 1881 	1879 	1797
f 1901 	1919 	2756
f 2756 	2757 	1901
f 1902 	1903 	1904
f 1902 	1904 	1905
f 1909 	1910 	1903
f 1909 	1903 	1902
f 1854 	1858 	2944
f 1913 	1914 	1910
f 1913 	1910 	1909
f 1911 	1853 	2944
f 1919 	1917 	2756
f 1917 	2944 	2756
f 1905 	1904 	1928
f 1757 	1914 	1913
f 1757 	1913 	1756
f 1923 	1844 	1924
f 1904 	1926 	1928
f 1928 	1926 	1929
f 1928 	1929 	1931
f 1894 	1895 	2760
f 2760 	2758 	1894
f 2757 	2760 	1901
f 1931 	1929 	1933
f 1931 	1933 	1934
f 1891 	1894 	2758
f 1940 	1934 	1938
f 1933 	1938 	1934
f 1959 	1960 	1977
f 1960 	1963 	1977
f 1958 	1959 	1977
f 1963 	1964 	1977
f 1964 	1965 	1977
f 1965 	1966 	1977
f 1966 	1967 	1977
f 1967 	1968 	1977
f 1968 	1969 	1977
f 1975 	1977 	1969
f 1970 	1975 	1969
f 1957 	1958 	1977
f 1977 	1979 	1957
f 1956 	1957 	1979
f 1990 	1993 	1989
f 1987 	1989 	1993
f 1991 	1993 	1990
f 1993 	1994 	1987
f 1987 	1994 	1995
f 1996 	2120 	1995
f 1997 	2120 	1996
f 1998 	2120 	1997
f 2000 	2120 	1998
f 2001 	2120 	2000
f 2002 	2120 	2001
f 1970 	1987 	1946
f 1980 	1946 	1987
f 1980 	2105 	1946
f 2001 	1957 	1956
f 2001 	1956 	2002
f 2000 	1958 	1957
f 2000 	1957 	2001
f 1998 	1959 	1958
f 1998 	1958 	2000
f 2049 	2604 	2087
f 2047 	2590 	2045
f 2604 	2647 	2087
f 2647 	2645 	2087
f 2045 	2590 	2043
f 1997 	1960 	1959
f 1997 	1959 	1998
f 1996 	1963 	1960
f 1996 	1960 	1997
f 1995 	1964 	1963
f 1995 	1963 	1996
f 1994 	1965 	1964
f 1994 	1964 	1995
f 1993 	1966 	1965
f 1993 	1965 	1994
f 1991 	1967 	1966
f 1991 	1966 	1993
f 1990 	1968 	1967
f 1990 	1967 	1991
f 1989 	1969 	1968
f 1989 	1968 	1990
f 1987 	1970 	1969
f 1987 	1969 	1989
f 2095 	2896 	2048
f 2092 	2099 	2091
f 2106 	2099 	2105
f 2094 	2099 	2092
f 2096 	2099 	2094
f 2097 	2952 	2099
f 2096 	2097 	2099
f 1975 	1946 	2099
f 2048 	2049 	2093
f 2467 	2468 	2048
f 2091 	2099 	2106
f 2105 	2099 	1946
f 2607 	2036 	2770
f 1970 	1946 	1975
f 2095 	2093 	2116
f 2095 	2116 	2109
f 2115 	2769 	2113
f 2118 	2769 	2115
f 2120 	2769 	2118
f 2093 	2087 	2122
f 2093 	2122 	2116
f 2125 	1980 	1995
f 1987 	1995 	1980
f 2124 	2125 	1995
f 2126 	2122 	2102
f 2087 	2102 	2122
f 2124 	1995 	2120
f 2102 	2101 	2128
f 2102 	2128 	2126
f 2101 	2100 	2130
f 2101 	2130 	2128
f 2118 	2092 	2091
f 2118 	2091 	2120
f 2100 	3274 	2130
f 2115 	2094 	2092
f 2115 	2092 	2118
f 2113 	2096 	2094
f 2113 	2094 	2115
f 2112 	2097 	2096
f 2112 	2096 	2113
f 2133 	2470 	2414
f 2437 	2438 	2518
f 3289 	3376 	2450
f 2125 	2105 	1980
f 2163 	2143 	2126
f 2124 	2106 	2105
f 2124 	2105 	2125
f 2124 	2120 	2106
f 2091 	2106 	2120
f 2143 	2172 	2122
f 2122 	2126 	2143
f 2116 	2122 	2178
f 2178 	2177 	2116
f 2109 	2177 	2189
f 1951 	2301 	2149
f 2358 	2164 	2126
f 3274 	2365 	2130
f 2130 	2362 	2128
f 2126 	2128 	2358
f 2153 	2151 	2948
f 2948 	1825 	2153
f 1947 	2301 	1951
f 1845 	1880 	1844
f 2157 	2928 	2156
f 2159 	2928 	2158
f 2161 	2928 	2159
f 2167 	2301 	2166
f 2166 	2301 	2165
f 2149 	2301 	2147
f 2168 	2301 	2167
f 2169 	2301 	2168
f 2170 	2301 	2169
f 2147 	2301 	2170
f 2173 	2948 	2152
f 2172 	2178 	2122
f 2176 	2948 	2175
f 2175 	2948 	2173
f 2109 	2116 	2177
f 1975 	2099 	2180
f 2151 	2152 	2948
f 2099 	2948 	2182
f 2188 	2917 	2189
f 2183 	2910 	2184
f 2185 	2948 	2176
f 2182 	2948 	2185
f 2184 	2913 	2188
f 2342 	2343 	2378
f 2191 	2301 	2190
f 2192 	2301 	2191
f 2193 	2301 	2192
f 2194 	2301 	2193
f 2196 	2301 	2194
f 2197 	2301 	2196
f 2165 	2301 	2197
f 2180 	2199 	1975
f 1975 	2202 	2204
f 2202 	1975 	2199
f 1975 	2213 	2222
f 1975 	2204 	2213
f 2236 	1975 	2223
f 2223 	1975 	2222
f 2230 	1975 	2228
f 2228 	1975 	2236
f 2244 	1844 	1923
f 2267 	1844 	2245
f 2245 	1844 	2244
f 1932 	1890 	2758
f 2758 	2759 	1932
f 1937 	1932 	2766
f 2759 	2766 	1932
f 2304 	1844 	2264
f 2269 	1844 	2268
f 2268 	1844 	2267
f 2270 	1844 	2269
f 2271 	1844 	2270
f 2264 	1844 	2271
f 1979 	2274 	2275
f 2258 	2256 	2878
f 2277 	1979 	2275
f 2256 	1942 	2887
f 2887 	2878 	2256
f 2766 	2767 	1937
f 1942 	1937 	2767
f 2767 	2887 	1942
f 2306 	1844 	2304
f 2308 	1844 	2306
f 2377 	2190 	2301
f 2309 	1844 	2308
f 2310 	1844 	2309
f 2311 	1844 	2310
f 2301 	1844 	2311
f 2162 	2928 	2161
f 2314 	2317 	1979
f 1979 	2317 	2321
f 2401 	2402 	3296
f 2920 	2332 	2319
f 1979 	2325 	2274
f 2321 	2322 	1979
f 2335 	1979 	2322
f 1979 	2327 	2325
f 2329 	2330 	2920
f 2331 	2920 	2330
f 2334 	2319 	2333
f 2333 	2319 	2332
f 2327 	1979 	2335
f 3275 	3276 	2353
f 2343 	2344 	2378
f 2377 	2378 	2344
f 2344 	2345 	2377
f 2190 	2377 	2345
f 2349 	1975 	2230
f 2352 	2365 	3275
f 2353 	2352 	3275
f 2351 	1975 	2349
f 2356 	1975 	2355
f 2355 	1975 	2351
f 2164 	2163 	2126
f 2361 	1975 	2359
f 2338 	2353 	3276
f 2358 	2128 	2362
f 1975 	2356 	2359
f 3274 	3275 	2365
f 2362 	2130 	2365
f 1977 	1975 	2367
f 2366 	2367 	1975
f 2366 	1975 	2369
f 2369 	1975 	2371
f 2372 	2319 	2334
f 1975 	2361 	2371
f 2337 	2336 	2614
f 2341 	2342 	2378
f 2379 	2380 	2378
f 2381 	2378 	2380
f 2382 	2378 	2381
f 2382 	2340 	2378
f 2341 	2378 	2340
f 2384 	1979 	2386
f 2162 	2329 	2920
f 2331 	2332 	2920
f 2313 	2314 	1979
f 2313 	1979 	2387
f 2387 	1979 	2390
f 2388 	2389 	3296
f 2389 	2430 	3296
f 2430 	2432 	3296
f 3356 	2388 	3296
f 2390 	1979 	2391
f 2396 	2386 	1979
f 2391 	1979 	2394
f 2394 	1979 	2384
f 1979 	1977 	2398
f 2396 	1979 	2398
f 2395 	3289 	2397
f 2319 	3296 	2324
f 2402 	2403 	3296
f 2404 	3296 	2403
f 2324 	3296 	2404
f 2410 	2411 	2418
f 2409 	2410 	2418
f 2412 	2418 	2411
f 2408 	2409 	2418
f 2136 	2133 	2414
f 2416 	2418 	2415
f 2417 	2418 	2416
f 2412 	2415 	2418
f 2420 	1842 	2406
f 2423 	2452 	2422
f 2424 	2452 	2423
f 2440 	2441 	2452
f 2432 	2433 	3296
f 2433 	2434 	3296
f 2400 	2401 	3296
f 2434 	2399 	3296
f 2399 	2400 	3296
f 2516 	2532 	2450
f 2526 	2518 	2438
f 2428 	2429 	2452
f 2441 	2443 	2452
f 3376 	2515 	2450
f 2515 	2516 	2450
f 2446 	2442 	3289
f 2442 	2393 	3289
f 2392 	3289 	2393
f 2392 	2397 	3289
f 2444 	2452 	2443
f 2439 	2440 	2452
f 2431 	2439 	2452
f 2429 	2431 	2452
f 2427 	2428 	2452
f 2445 	2452 	2444
f 2426 	2427 	2452
f 2422 	2452 	2421
f 2421 	2452 	2445
f 2435 	2426 	2452
f 2446 	3289 	2450
f 2418 	2447 	2448
f 2418 	2448 	2449
f 2407 	2408 	2418
f 2449 	2407 	2418
f 2451 	2447 	2418
f 2452 	2451 	2418
f 2452 	2424 	2453
f 2452 	2453 	2454
f 2452 	2454 	2455
f 2452 	2455 	2451
f 2460 	3405 	2459
f 2464 	2048 	2463
f 2465 	2048 	2464
f 2462 	2463 	2048
f 2467 	2048 	2465
f 2466 	2136 	2469
f 2470 	2474 	2414
f 2133 	2136 	2466
f 2068 	2508 	2067
f 2841 	2842 	2505
f 2473 	2419 	2474
f 2419 	2414 	2474
f 2475 	2452 	1819
f 2481 	2452 	2483
f 2483 	2452 	2475
f 1830 	1832 	2060
f 2489 	2282 	2488
f 2890 	2761 	2486
f 2866 	2841 	2505
f 1804 	2514 	1803
f 2741 	2499 	2494
f 2495 	2683 	2494
f 2492 	2866 	2505
f 2503 	1915 	1828
f 3262 	2080 	2504
f 2683 	2741 	2494
f 1802 	1830 	2060
f 1804 	1802 	2060
f 2505 	2845 	2508
f 3384 	3385 	2510
f 2510 	2511 	3377
f 2512 	3377 	2511
f 2507 	3377 	2512
f 2514 	1804 	2060
f 2508 	2068 	2514
f 2425 	2436 	2518
f 2136 	2425 	2469
f 2458 	2459 	2521
f 2521 	2560 	2457
f 2560 	2535 	2457
f 2518 	2469 	2425
f 2529 	2530 	2528
f 2527 	2528 	2530
f 2527 	2530 	2531
f 2523 	2524 	2534
f 2533 	2523 	2534
f 3412 	3401 	2510
f 2523 	2539 	2537
f 2536 	2537 	2539
f 2541 	2568 	2540
f 2542 	2568 	2541
f 2488 	2286 	2542
f 2540 	2568 	2538
f 2539 	2523 	2533
f 2543 	3262 	2504
f 2544 	3262 	2545
f 2545 	3262 	2543
f 2547 	3262 	2548
f 2546 	2527 	2551
f 2550 	2551 	2527
f 2531 	2549 	2527
f 2549 	2550 	2527
f 2552 	2553 	1871
f 2553 	2561 	1871
f 2561 	2562 	1871
f 1876 	1871 	2562
f 2544 	2548 	3262
f 2554 	3262 	2556
f 2557 	2555 	3405
f 2559 	2558 	2459
f 2556 	3262 	2547
f 2558 	2521 	2459
f 2535 	2534 	2457
f 2524 	2457 	2534
f 2457 	2458 	2521
f 2265 	2262 	1875
f 2562 	2563 	1876
f 1875 	1876 	2563
f 2563 	2564 	1875
f 2564 	2565 	1875
f 2565 	2280 	1875
f 2280 	2265 	1875
f 2472 	2566 	2048
f 2566 	2462 	2048
f 2591 	2036 	2590
f 2576 	3405 	2569
f 2574 	2770 	2580
f 2583 	2584 	2770
f 2575 	2770 	2574
f 2555 	2559 	3405
f 2577 	3405 	2576
f 2589 	3405 	2577
f 2581 	2557 	3405
f 2589 	2582 	3405
f 2582 	2581 	3405
f 2587 	2770 	2586
f 2586 	2770 	2585
f 2588 	2770 	2587
f 2578 	2770 	2588
f 2579 	2770 	2578
f 2584 	2585 	2770
f 2580 	2770 	2579
f 2571 	2770 	2570
f 2480 	2420 	2473
f 1869 	1867 	2420
f 2592 	2036 	2591
f 2597 	2036 	2592
f 1915 	2060 	1832
f 2593 	1916 	2503
f 2594 	1916 	2593
f 2595 	1916 	2594
f 1900 	1916 	2595
f 2420 	1906 	2596
f 2570 	2770 	2600
f 2600 	2770 	2599
f 2598 	2599 	2770
f 1869 	2420 	2601
f 2596 	2602 	2420
f 2601 	2420 	2602
f 2467 	2408 	2407
f 2467 	2407 	2468
f 2465 	2409 	2408
f 2465 	2408 	2467
f 2464 	2410 	2409
f 2464 	2409 	2465
f 2623 	2621 	2641
f 2463 	2411 	2410
f 2463 	2410 	2464
f 2462 	2412 	2411
f 2462 	2411 	2463
f 3146 	3142 	2607
f 3145 	3146 	2607
f 2412 	2462 	2566
f 2412 	2566 	2415
f 2472 	2416 	2415
f 2472 	2415 	2566
f 2471 	2417 	2416
f 2471 	2416 	2472
f 2608 	3152 	2607
f 1915 	2503 	1916
f 1898 	1916 	1900
f 1897 	1916 	1898
f 2471 	2418 	2417
f 2590 	2468 	2407
f 2609 	3152 	2608
f 1906 	2420 	1907
f 2420 	1912 	1907
f 2583 	2573 	2421
f 2611 	3159 	2610
f 2610 	3159 	2609
f 3152 	3145 	2607
f 2573 	2572 	2422
f 2573 	2422 	2421
f 2477 	1961 	2420
f 2572 	2571 	2423
f 2572 	2423 	2422
f 3333 	1741 	3330
f 2571 	2570 	2424
f 2571 	2424 	2423
f 1916 	1897 	1935
f 1897 	1922 	1935
f 1921 	1935 	1922
f 2570 	2600 	2424
f 2612 	3159 	2611
f 2574 	2427 	2426
f 2574 	2426 	2575
f 1930 	1925 	1953
f 1948 	1953 	2420
f 1925 	1912 	2420
f 2575 	2426 	2435
f 2614 	3270 	2615
f 2614 	2615 	2616
f 2579 	2429 	2428
f 2579 	2428 	2580
f 1948 	2420 	1949
f 1961 	1949 	2420
f 2578 	2431 	2429
f 2578 	2429 	2579
f 2615 	2617 	2618
f 2615 	2618 	2616
f 1941 	1935 	1921
f 2617 	2619 	2620
f 2617 	2620 	2618
f 1955 	1930 	1953
f 1925 	2420 	1953
f 2427 	2574 	2428
f 2580 	2428 	2574
f 2619 	2621 	2622
f 2619 	2622 	2620
f 2588 	2439 	2431
f 2588 	2431 	2578
f 1955 	1943 	1930
f 2621 	2623 	2624
f 2621 	2624 	2622
f 2587 	2440 	2439
f 2587 	2439 	2588
f 2623 	2625 	2626
f 2623 	2626 	2624
f 2586 	2441 	2440
f 2586 	2440 	2587
f 2559 	2459 	3405
f 2625 	2627 	2628
f 2625 	2628 	2626
f 2585 	2443 	2441
f 2585 	2441 	2586
f 2584 	2444 	2443
f 2584 	2443 	2585
f 2627 	2629 	2630
f 2627 	2630 	2628
f 2584 	2583 	2445
f 2584 	2445 	2444
f 2629 	2637 	2630
f 2421 	2445 	2583
f 2637 	2638 	2630
f 2762 	2763 	2489
f 2489 	2631 	2632
f 2489 	2632 	2633
f 2489 	2633 	2634
f 2489 	2634 	2635
f 2636 	2239 	2489
f 2303 	2208 	2636
f 2302 	2203 	2303
f 2635 	2636 	2489
f 2489 	2242 	2253
f 2489 	2253 	2250
f 2250 	2229 	2489
f 2637 	2639 	2640
f 2637 	2640 	2638
f 2639 	2641 	2642
f 2639 	2642 	2640
f 1974 	2296 	2200
f 1872 	2200 	2296
f 1973 	2296 	1974
f 2641 	2643 	2644
f 2641 	2644 	2642
f 2643 	2645 	2646
f 2643 	2646 	2644
f 2208 	2303 	2203
f 2525 	2203 	2302
f 2239 	2636 	2208
f 2645 	2647 	2648
f 2645 	2648 	2646
f 2203 	2525 	2210
f 2649 	2651 	2652
f 2649 	2652 	2650
f 2220 	2216 	1873
f 2216 	2215 	1873
f 2215 	2233 	1873
f 2233 	2200 	1873
f 1872 	1873 	2200
f 2651 	2653 	2654
f 2651 	2654 	2652
f 2653 	2603 	2654
f 2227 	2489 	2229
f 2049 	2656 	2671
f 2242 	2489 	2239
f 2049 	2048 	2658
f 2049 	2658 	2656
f 2048 	2047 	2660
f 2048 	2660 	2658
f 2650 	2665 	2649
f 2047 	2045 	2662
f 2047 	2662 	2660
f 2036 	2649 	2665
f 2262 	2260 	1875
f 2260 	2225 	1875
f 2225 	2220 	1875
f 1873 	1875 	2220
f 2045 	2043 	2664
f 2045 	2664 	2662
f 2273 	2489 	2227
f 2043 	2036 	2665
f 2043 	2665 	2664
f 2603 	2666 	2654
f 2568 	2542 	2567
f 2569 	2538 	2568
f 2567 	2542 	2286
f 2293 	2289 	2489
f 2286 	2488 	2282
f 2603 	2668 	2666
f 2671 	2648 	2604
f 2647 	2604 	2648
f 2282 	2489 	2289
f 2604 	2049 	2671
f 2606 	2605 	2676
f 2606 	2676 	2677
f 2293 	2489 	2273
f 2682 	2683 	2495
f 2505 	2494 	2499
f 2677 	2694 	2606
f 2607 	2606 	2694
f 2591 	2448 	2447
f 2591 	2447 	2592
f 2607 	2694 	2696
f 2607 	2696 	2608
f 2590 	2449 	2448
f 2590 	2448 	2591
f 2407 	2449 	2590
f 2610 	2699 	2689
f 2610 	2689 	2611
f 2600 	2453 	2424
f 2696 	2701 	2609
f 2696 	2609 	2608
f 2451 	2592 	2447
f 2609 	2701 	2699
f 2609 	2699 	2610
f 2600 	2599 	2454
f 2600 	2454 	2453
f 2451 	2597 	2592
f 2599 	2598 	2455
f 2599 	2455 	2454
f 2612 	2703 	2613
f 2689 	2703 	2612
f 2689 	2612 	2611
f 2704 	1979 	2719
f 1956 	1979 	2704
f 2598 	2597 	2451
f 2598 	2451 	2455
f 2703 	2705 	2613
f 2896 	2897 	2048
f 2471 	2472 	2048
f 2706 	2277 	2709
f 2707 	2717 	2277
f 2706 	2707 	2277
f 2603 	2607 	2713
f 2713 	2607 	2712
f 2590 	2047 	2468
f 2047 	2048 	2468
f 2770 	2036 	2597
f 2418 	2471 	2708
f 2418 	2708 	2716
f 1744 	1732 	1929
f 2710 	2080 	2714
f 2709 	2080 	2710
f 2277 	2080 	2709
f 2905 	2716 	2708
f 2719 	1979 	2718
f 2717 	2718 	2277
f 1979 	2277 	2718
f 2721 	2722 	2607
f 2722 	2723 	2607
f 2723 	2724 	2607
f 2724 	2725 	2607
f 2725 	2726 	2607
f 2726 	2711 	2607
f 2711 	2712 	2607
f 2720 	2721 	2607
f 3152 	2609 	3151
f 3338 	3159 	2613
f 2613 	3159 	2612
f 1739 	3262 	2731
f 2729 	2728 	3262
f 2731 	3262 	2728
f 2691 	2687 	2730
f 2685 	2730 	2687
f 2732 	2730 	2685
f 2668 	2603 	2713
f 2668 	2713 	2733
f 2734 	2732 	2685
f 2714 	2080 	1736
f 2713 	2712 	2735
f 2713 	2735 	2733
f 2712 	2711 	2736
f 2712 	2736 	2735
f 2435 	2737 	2738
f 1732 	2729 	3262
f 1736 	2080 	1739
f 3262 	1739 	2080
f 2499 	2492 	2505
f 1929 	1926 	1744
f 3262 	1929 	1732
f 2742 	2736 	2726
f 2711 	2726 	2736
f 2726 	2725 	2745
f 2726 	2745 	2742
f 2740 	1744 	1926
f 2725 	2724 	2746
f 2725 	2746 	2745
f 2687 	2727 	2747
f 2724 	2723 	2748
f 2724 	2748 	2746
f 1879 	1789 	1798
f 1794 	1798 	1789
f 1779 	1750 	1772
f 1779 	1784 	1750
f 1789 	1750 	1784
f 2723 	2722 	2749
f 2723 	2749 	2748
f 2722 	2721 	2750
f 2722 	2750 	2749
f 1888 	1893 	1878
f 1750 	1878 	1893
f 2691 	2727 	2687
f 2737 	2435 	2727
f 2747 	2727 	2435
f 2721 	2720 	2751
f 2721 	2751 	2750
f 1750 	1757 	1762
f 1750 	1762 	1767
f 1750 	1767 	1773
f 1773 	1772 	1750
f 1750 	1789 	1879
f 1879 	1878 	1750
f 2715 	2752 	2754
f 2738 	2753 	2435
f 2435 	2753 	2755
f 1903 	1910 	1750
f 1914 	1750 	1910
f 2720 	2715 	2754
f 2720 	2754 	2751
f 1750 	2739 	1904
f 1904 	1903 	1750
f 1757 	1750 	1914
f 2756 	2435 	2755
f 2745 	2746 	2821
f 2742 	2745 	2821
f 2878 	2771 	2292
f 2249 	2247 	2878
f 2247 	2258 	2878
f 2292 	2249 	2878
f 1926 	1904 	2739
f 2739 	2740 	1926
f 2764 	2489 	2763
f 2631 	2489 	2764
f 2765 	2786 	2120
f 2765 	2120 	2002
f 2295 	2292 	2771
f 2771 	2772 	2295
f 2746 	2748 	2821
f 2748 	2749 	2821
f 2749 	2750 	2821
f 2736 	2742 	2821
f 2820 	2821 	2750
f 2750 	2751 	2820
f 2819 	2820 	2751
f 2754 	2819 	2751
f 2752 	2817 	2754
f 2891 	2893 	2284
f 2893 	2892 	2284
f 2278 	2284 	2892
f 2773 	2885 	2752
f 2774 	2816 	2752
f 2816 	2817 	2752
f 2801 	2800 	2668
f 2716 	2929 	2418
f 2905 	2915 	2716
f 2418 	2946 	2452
f 2787 	2508 	2785
f 2783 	2508 	2789
f 2790 	2120 	2788
f 2786 	2788 	2120
f 2792 	2668 	2791
f 2769 	2120 	2768
f 2790 	2768 	2120
f 2791 	2668 	2795
f 3327 	2796 	2083
f 1733 	2083 	2798
f 2794 	2452 	2793
f 2797 	2452 	2794
f 2799 	2452 	2797
f 2795 	2668 	2800
f 2781 	2782 	2668
f 2798 	2083 	2796
f 2435 	2452 	2806
f 2435 	2803 	2804
f 2801 	2668 	2782
f 2799 	2811 	2452
f 2803 	2435 	2805
f 2802 	3327 	1741
f 2805 	2435 	2806
f 2796 	3327 	2802
f 2777 	2996 	2780
f 2808 	2809 	2996
f 2809 	2810 	2996
f 2812 	2996 	2810
f 2813 	2996 	2812
f 2807 	2996 	2813
f 2811 	2806 	2452
f 2814 	2083 	1745
f 2815 	2083 	2814
f 1733 	1745 	2083
f 1741 	3334 	1737
f 2819 	2754 	2817
f 2818 	2508 	2783
f 2067 	2508 	2066
f 2066 	2508 	2818
f 1747 	1905 	2815
f 2083 	2815 	1928
f 1928 	1931 	2083
f 2733 	2735 	2821
f 2735 	2736 	2821
f 2793 	2452 	2478
f 2478 	2452 	2481
f 1788 	1782 	1793
f 1797 	1793 	1782
f 1775 	1747 	1770
f 2822 	2830 	2733
f 1881 	1747 	1877
f 1886 	1877 	1892
f 1881 	1782 	1747
f 1892 	1877 	1747
f 2824 	2825 	2508
f 2825 	2826 	2508
f 2826 	2828 	2508
f 2785 	2508 	2784
f 2784 	2508 	2828
f 2668 	2827 	2781
f 2435 	2804 	2829
f 2821 	2822 	2733
f 2668 	2733 	2830
f 2827 	2668 	2830
f 1797 	1782 	1881
f 1778 	1747 	1782
f 1766 	1747 	1775
f 1761 	1747 	1766
f 1756 	1747 	1761
f 1778 	1770 	1747
f 2831 	2832 	2435
f 2832 	2848 	2435
f 1902 	1747 	1909
f 1905 	1747 	1902
f 1913 	1909 	1747
f 1928 	2815 	1905
f 1756 	1913 	1747
f 2829 	2833 	2435
f 2456 	2435 	2833
f 2835 	2836 	2996
f 2780 	2996 	2779
f 2779 	2996 	2778
f 2836 	2837 	2996
f 2837 	2838 	2996
f 2838 	2839 	2996
f 2778 	2996 	2839
f 1931 	1934 	2083
f 1940 	2083 	1934
f 2719 	2765 	2704
f 2842 	2843 	2505
f 2843 	2844 	2505
f 2844 	2845 	2505
f 2823 	2508 	2845
f 2824 	2508 	2823
f 2847 	2668 	2846
f 2792 	2840 	2668
f 2002 	1956 	2704
f 2002 	2704 	2765
f 2846 	2668 	2840
f 2769 	2768 	2707
f 2769 	2707 	2706
f 3084 	2850 	2851
f 2768 	2790 	2707
f 2853 	2435 	2852
f 2770 	2769 	2706
f 2770 	2706 	2709
f 2850 	2668 	2854
f 2770 	2709 	2710
f 2770 	2710 	2775
f 2852 	2435 	2855
f 2856 	2668 	2847
f 2854 	2668 	2856
f 2775 	2710 	2714
f 2775 	2714 	2776
f 2855 	2435 	2857
f 2776 	2714 	1736
f 2776 	1736 	1737
f 2849 	2435 	2848
f 2857 	2435 	2858
f 2858 	2435 	2849
f 2790 	2788 	2718
f 2790 	2718 	2717
f 2788 	2786 	2719
f 2788 	2719 	2718
f 3049 	3046 	2834
f 2834 	2859 	2860
f 2834 	2860 	2861
f 2834 	2861 	2862
f 2863 	2865 	2862
f 2864 	2865 	2863
f 2834 	2862 	2865
f 1803 	2514 	2069
f 2069 	2514 	2068
f 2789 	2508 	2787
f 2719 	2786 	2765
f 2435 	2853 	2868
f 2851 	2867 	3084
f 2870 	3084 	2869
f 2707 	2790 	2717
f 2869 	3084 	2867
f 2796 	2728 	2729
f 2796 	2729 	2798
f 2747 	2435 	2744
f 2435 	2868 	2743
f 2728 	2796 	2802
f 3084 	2871 	2872
f 2743 	2744 	2435
f 2815 	2739 	1750
f 2815 	1750 	1747
f 2871 	3084 	2870
f 1733 	2798 	2729
f 2874 	3084 	2873
f 2873 	3084 	2872
f 2814 	2740 	2739
f 2814 	2739 	2815
f 2729 	1732 	1733
f 2876 	3084 	2875
f 2874 	2877 	3084
f 2728 	2802 	2731
f 2875 	3084 	2877
f 1739 	2731 	2802
f 1739 	2802 	1741
f 1745 	1744 	2740
f 1745 	2740 	2814
f 2772 	2891 	2284
f 2879 	2996 	2807
f 2880 	2996 	2879
f 2880 	2881 	2996
f 2881 	2882 	2996
f 2883 	2996 	2882
f 2884 	2996 	2883
f 2285 	2295 	2772
f 2284 	2285 	2772
f 2888 	2889 	2486
f 2889 	2890 	2486
f 2491 	2486 	2761
f 2489 	2491 	2761
f 2762 	2489 	2761
f 2894 	2277 	2892
f 2501 	2500 	2277
f 2080 	2277 	2493
f 2500 	2493 	2277
f 2277 	2278 	2892
f 2501 	2277 	2895
f 2895 	2277 	2894
f 2901 	2708 	2048
f 2708 	2471 	2048
f 2900 	2901 	2048
f 2899 	2900 	2048
f 2898 	2899 	2048
f 2897 	2898 	2048
f 2093 	2095 	2048
f 2776 	1737 	2606
f 2775 	2776 	2607
f 2905 	2708 	2901
f 2901 	2900 	2907
f 2901 	2907 	2905
f 2900 	2899 	2910
f 2900 	2910 	2907
f 2899 	2898 	2913
f 2899 	2913 	2910
f 2898 	2897 	2914
f 2898 	2914 	2913
f 2917 	2914 	2896
f 2897 	2896 	2914
f 2896 	2095 	2109
f 2896 	2109 	2917
f 2477 	2420 	2480
f 2419 	2473 	2420
f 2928 	2906 	2904
f 2928 	2904 	2903
f 2928 	2903 	2902
f 2908 	2910 	2909
f 2911 	2905 	2912
f 2912 	2910 	2908
f 2916 	2716 	2915
f 2913 	2914 	2188
f 2915 	2905 	2911
f 2109 	2189 	2917
f 2917 	2188 	2914
f 2902 	2155 	2928
f 2155 	2156 	2928
f 2909 	2910 	2183
f 2157 	2158 	2928
f 2918 	2162 	2919
f 2920 	2919 	2162
f 2918 	2960 	2162
f 2922 	2925 	1857
f 2572 	2573 	2770
f 2606 	2607 	2776
f 2572 	2770 	2571
f 2597 	2598 	2770
f 2921 	2922 	1857
f 2925 	2413 	1857
f 2948 	2942 	2944
f 2413 	2405 	1857
f 2945 	2942 	2948
f 2406 	1842 	2405
f 1860 	1857 	2405
f 2948 	2950 	2945
f 1838 	1841 	2420
f 1841 	1842 	2420
f 2964 	2965 	2452
f 2963 	2964 	2452
f 2954 	2950 	2099
f 2948 	2099 	2950
f 2953 	2954 	2099
f 2952 	2953 	2099
f 2910 	2912 	2907
f 2913 	2184 	2910
f 2946 	2418 	2949
f 2966 	2967 	2452
f 2965 	2966 	2452
f 1819 	2452 	1818
f 2928 	2162 	2930
f 2906 	2928 	2927
f 2906 	2927 	2926
f 2932 	2418 	2931
f 2929 	2716 	2916
f 2931 	2418 	2933
f 2934 	2418 	2929
f 2933 	2418 	2934
f 2939 	2937 	2162
f 2937 	2936 	2162
f 2936 	2935 	2162
f 2930 	2162 	2935
f 2938 	2418 	2932
f 2907 	2912 	2905
f 2941 	2418 	2940
f 2940 	2418 	2938
f 2949 	2418 	2951
f 2951 	2418 	2941
f 2958 	2957 	2162
f 2960 	2958 	2162
f 2957 	2956 	2162
f 2956 	2943 	2162
f 2943 	2939 	2162
f 1818 	2452 	2967
f 2967 	2924 	1813
f 1813 	1814 	2967
f 1810 	1811 	2923
f 1811 	1813 	2923
f 1814 	1818 	2967
f 2924 	2923 	1813
f 1852 	1810 	2923
f 2923 	2921 	1852
f 1860 	2405 	1842
f 1857 	1852 	2921
f 2992 	2770 	2987
f 2113 	2769 	2112
f 2994 	2995 	2770
f 2112 	2770 	2995
f 2993 	2994 	2770
f 2992 	2993 	2770
f 2955 	2944 	2942
f 2955 	2942 	2945
f 2955 	2945 	2987
f 2097 	2112 	2952
f 2995 	2952 	2112
f 2994 	2953 	2952
f 2994 	2952 	2995
f 3033 	3035 	3262
f 1933 	1929 	3262
f 3035 	1933 	3262
f 3033 	3262 	3036
f 3262 	2694 	3036
f 3048 	3033 	3050
f 3048 	3052 	3035
f 3048 	3035 	3033
f 1933 	3035 	1938
f 3052 	1938 	3035
f 3057 	3050 	3036
f 3033 	3036 	3050
f 3055 	2752 	2886
f 3057 	3036 	3039
f 3057 	3039 	3058
f 3263 	3059 	3039
f 3058 	3039 	3059
f 3056 	2752 	3055
f 3061 	2752 	3060
f 3060 	2752 	3056
f 2774 	2752 	3062
f 3063 	2752 	3061
f 3062 	2752 	3063
f 3065 	3066 	2996
f 3064 	2996 	3066
f 3069 	2885 	2773
f 2886 	2752 	2885
f 3069 	2773 	3070
f 3067 	3068 	2773
f 3070 	2773 	3071
f 3071 	2773 	3072
f 3072 	2773 	3068
f 2777 	2808 	2996
f 2834 	2835 	2996
f 3073 	2996 	3064
f 2884 	3065 	2996
f 2996 	3073 	3074
f 2996 	3074 	3075
f 2996 	3075 	3076
f 2996 	3076 	3077
f 3083 	2997 	3078
f 3079 	3083 	3078
f 3081 	2773 	3080
f 3079 	3080 	2773
f 3081 	2969 	2773
f 3082 	2773 	2968
f 3067 	2773 	3082
f 2968 	2773 	2969
f 2993 	2954 	2953
f 2993 	2953 	2994
f 2992 	2987 	2950
f 2945 	2950 	2987
f 2992 	2950 	2954
f 2992 	2954 	2993
f 2971 	3053 	2834
f 2996 	2988 	2834
f 2988 	2983 	2834
f 2983 	2979 	2834
f 2979 	2977 	2834
f 2977 	2975 	2834
f 2972 	2834 	2975
f 2971 	2834 	2972
f 2573 	2583 	2770
f 2955 	2770 	2575
f 2987 	2770 	2955
f 2770 	2112 	2769
f 2984 	3083 	2980
f 2575 	2435 	2944
f 2575 	2944 	2955
f 3083 	2998 	2997
f 3083 	2984 	2990
f 2990 	2989 	3083
f 3083 	3000 	2998
f 2456 	2831 	2435
f 2435 	2756 	2944
f 3002 	3083 	2989
f 3000 	3083 	3002
f 1890 	1891 	2758
f 1911 	2944 	1917
f 1853 	1854 	2944
f 1844 	2301 	1947
f 1833 	1829 	2948
f 3019 	2834 	3028
f 3019 	3013 	2834
f 3013 	3008 	2834
f 3008 	3006 	2834
f 3006 	3004 	2834
f 2859 	2834 	3004
f 3010 	3084 	2876
f 3012 	3084 	3010
f 3017 	3084 	3015
f 3015 	3084 	3012
f 3020 	3084 	3017
f 3031 	3084 	3029
f 3029 	3084 	3032
f 3084 	3037 	3032
f 3084 	3020 	3037
f 3049 	2834 	3053
f 3044 	2834 	3046
f 3041 	2834 	3044
f 3040 	2834 	3041
f 3028 	2834 	3040
f 3087 	2980 	3083
f 2981 	2980 	3087
f 2981 	3087 	3088
f 3088 	3087 	3089
f 3089 	3087 	3090
f 3090 	3087 	3091
f 3092 	3084 	3031
f 3085 	3087 	3086
f 3093 	3086 	3087
f 3085 	3091 	3087
f 3087 	3094 	3093
f 3087 	3092 	3094
f 3116 	2773 	3112
f 3117 	2773 	3116
f 3111 	3112 	2773
f 3115 	3111 	2773
f 2752 	3115 	2773
f 2773 	3117 	3121
f 2773 	3121 	3122
f 2773 	3122 	3126
f 2773 	3126 	3127
f 2773 	3127 	3128
f 2773 	3128 	3129
f 2773 	3129 	3130
f 2773 	3130 	3131
f 3132 	3079 	3131
f 3133 	3079 	3132
f 3134 	3135 	3079
f 3083 	3079 	3135
f 3136 	3083 	3135
f 3133 	3134 	3079
f 2773 	3131 	3079
f 3083 	3136 	3140
f 3083 	3140 	3141
f 3292 	3087 	3141
f 3083 	3141 	3087
f 3143 	3148 	2607
f 3142 	3143 	2607
f 3148 	2715 	2607
f 2715 	2720 	2607
f 2653 	2607 	2603
f 3156 	3168 	3155
f 3157 	3168 	3156
f 3159 	3338 	3158
f 3158 	3340 	3157
f 3160 	2609 	3159
f 3161 	2609 	3160
f 3162 	2609 	3161
f 3163 	2609 	3162
f 3164 	2609 	3163
f 3151 	2609 	3165
f 3165 	2609 	3164
f 3340 	3158 	3339
f 3169 	3155 	3168
f 3143 	3142 	3112
f 3143 	3112 	3111
f 3142 	3146 	3112
f 3148 	3143 	3111
f 3148 	3111 	3115
f 3146 	3116 	3112
f 3146 	3145 	3117
f 3146 	3117 	3116
f 2752 	2715 	3148
f 2752 	3148 	3115
f 3121 	3117 	3145
f 3145 	3152 	3121
f 3152 	3151 	3122
f 3152 	3122 	3121
f 3126 	3122 	3165
f 3151 	3165 	3122
f 3165 	3164 	3127
f 3165 	3127 	3126
f 3164 	3163 	3128
f 3164 	3128 	3127
f 3163 	3162 	3129
f 3163 	3129 	3128
f 3129 	3162 	3161
f 3129 	3161 	3130
f 3161 	3160 	3131
f 3161 	3131 	3130
f 3160 	3159 	3132
f 3160 	3132 	3131
f 3159 	3158 	3133
f 3159 	3133 	3132
f 3158 	3157 	3134
f 3158 	3134 	3133
f 3157 	3156 	3135
f 3157 	3135 	3134
f 3156 	3155 	3136
f 3156 	3136 	3135
f 3155 	3169 	3136
f 3169 	3140 	3136
f 3168 	3141 	3140
f 3168 	3140 	3169
f 3168 	3292 	3141
f 3291 	3288 	3036
f 2694 	2677 	3036
f 3290 	3291 	3036
f 2084 	3327 	2083
f 2770 	2775 	2607
f 2087 	2093 	2049
f 3268 	2084 	3267
f 3263 	3267 	3059
f 3266 	3059 	3267
f 3264 	3268 	3263
f 3267 	3263 	3268
f 3268 	3264 	3265
f 3268 	3265 	3269
f 2102 	2087 	2643
f 2645 	2643 	2087
f 2101 	2102 	2643
f 3271 	3272 	2643
f 2043 	2590 	2036
f 3274 	2100 	3273
f 3273 	3272 	3275
f 3273 	3275 	3274
f 3272 	3271 	3276
f 3272 	3276 	3275
f 3271 	3270 	3281
f 3271 	3281 	3276
f 3280 	3309 	3265
f 3270 	2614 	3281
f 3285 	3346 	3284
f 3307 	2614 	3308
f 3284 	3346 	2614
f 3321 	3319 	2614
f 3319 	3314 	2614
f 3286 	3283 	3264
f 3263 	3039 	3287
f 3287 	3286 	3263
f 3264 	3263 	3286
f 3039 	3036 	3287
f 3276 	3281 	2339
f 2339 	2338 	3276
f 3296 	2319 	2372
f 3296 	3298 	3300
f 3296 	3300 	3302
f 3296 	3302 	3304
f 3295 	3092 	3294
f 3297 	3092 	3295
f 3293 	3294 	3092
f 3299 	3092 	3297
f 3301 	3092 	3299
f 3303 	3092 	3301
f 2705 	3084 	3303
f 3084 	3092 	3303
f 3092 	3087 	3293
f 3292 	3293 	3087
f 3308 	2614 	3305
f 3265 	3264 	3283
f 3283 	3282 	3265
f 3265 	3282 	3277
f 3279 	3280 	3265
f 3310 	3265 	3309
f 3278 	3279 	3265
f 3277 	3278 	3265
f 3265 	3310 	3311
f 3312 	3265 	3311
f 3313 	3265 	3312
f 2336 	2339 	3281
f 3314 	2375 	2614
f 3281 	2614 	2336
f 3317 	3269 	3316
f 2375 	2337 	2614
f 3318 	3269 	3317
f 3321 	2614 	3307
f 2084 	3268 	3322
f 3327 	2084 	3323
f 3304 	3324 	3296
f 3296 	3324 	3325
f 3296 	3325 	3326
f 3296 	3326 	3328
f 3296 	3328 	3329
f 3334 	1741 	3333
f 3332 	3331 	3284
f 3334 	2605 	1737
f 3330 	1741 	3327
f 2606 	1737 	2605
f 3320 	3322 	3269
f 3266 	3267 	2084
f 3335 	3284 	3336
f 3336 	3284 	3331
f 3305 	2614 	3306
f 3306 	2614 	3337
f 3337 	2614 	3346
f 3339 	3158 	3338
f 3342 	3157 	3341
f 3343 	3157 	3342
f 3344 	3157 	3343
f 3340 	3341 	3157
f 3345 	3157 	3344
f 3168 	3157 	3345
f 3285 	3284 	3335
f 3269 	3347 	3348
f 3269 	3348 	3349
f 3269 	3349 	3350
f 3315 	3269 	3351
f 3316 	3269 	3315
f 3350 	3351 	3269
f 3268 	3269 	3322
f 3323 	2084 	3322
f 3318 	3320 	3269
f 3318 	3317 	3278
f 3318 	3278 	3277
f 3329 	3352 	3296
f 3352 	3353 	3296
f 3353 	3354 	3296
f 3354 	3355 	3296
f 3356 	3296 	3355
f 3317 	3316 	3279
f 3317 	3279 	3278
f 3357 	3289 	2395
f 3316 	3315 	3280
f 3316 	3280 	3279
f 3320 	3318 	3277
f 3320 	3277 	3282
f 3358 	3289 	3357
f 3359 	3284 	3358
f 3322 	3320 	3282
f 3322 	3282 	3283
f 3361 	3284 	3359
f 3334 	3290 	2605
f 2676 	2605 	3290
f 3323 	3322 	3283
f 3334 	3333 	3291
f 3334 	3291 	3290
f 3363 	3362 	3284
f 3323 	3283 	3286
f 3360 	3284 	3361
f 3332 	3284 	3362
f 3327 	3323 	3286
f 3327 	3286 	3287
f 3363 	3284 	3364
f 3330 	3327 	3287
f 3330 	3287 	3288
f 3333 	3330 	3288
f 3333 	3288 	3291
f 3360 	3364 	3284
f 3289 	3358 	3284
f 3345 	3292 	3168
f 3344 	3293 	3292
f 3344 	3292 	3345
f 3343 	3294 	3293
f 3343 	3293 	3344
f 3366 	3377 	3365
f 3368 	3369 	3367
f 3366 	3367 	3369
f 3342 	3295 	3294
f 3342 	3294 	3343
f 3372 	3289 	3373
f 3341 	3297 	3295
f 3341 	3295 	3342
f 3373 	3289 	3370
f 3340 	3299 	3297
f 3340 	3297 	3341
f 3371 	3370 	3289
f 3374 	3289 	3375
f 3339 	3301 	3299
f 3339 	3299 	3340
f 3375 	3289 	3372
f 3338 	3303 	3301
f 3338 	3301 	3339
f 2532 	2526 	2450
f 2438 	2450 	2526
f 3376 	3289 	3374
f 3303 	3338 	2705
f 2613 	2705 	3338
f 3315 	3351 	3309
f 3315 	3309 	3280
f 2436 	2437 	2518
f 3351 	3350 	3310
f 3351 	3310 	3309
f 3369 	3378 	3366
f 3377 	3366 	3378
f 3350 	3349 	3311
f 3350 	3311 	3310
f 3348 	3312 	3311
f 3348 	3311 	3349
f 3371 	3289 	3379
f 3347 	3313 	3312
f 3347 	3312 	3348
f 3379 	3289 	3380
f 3289 	3382 	3381
f 3289 	3381 	3380
f 3313 	3347 	3265
f 3269 	3265 	3347
f 3401 	3402 	2461
f 3365 	3377 	2507
f 3384 	2510 	3377
f 3385 	3386 	2510
f 3386 	3387 	2510
f 3387 	3388 	2510
f 3388 	3389 	2510
f 3390 	2510 	3389
f 3383 	2510 	3390
f 2618 	3284 	2616
f 2620 	3284 	2618
f 2622 	3284 	2620
f 2624 	3284 	2622
f 2626 	3284 	2624
f 2628 	3284 	2626
f 2614 	2616 	3284
f 3413 	3391 	3262
f 3392 	3262 	3391
f 3394 	3262 	3393
f 2640 	3284 	2638
f 2630 	2638 	3284
f 2642 	3284 	2640
f 2644 	3284 	2642
f 2646 	3284 	2644
f 2648 	3284 	2646
f 3262 	3392 	3393
f 3262 	3395 	3396
f 3262 	3394 	3395
f 2666 	2668 	3289
f 3398 	3289 	3397
f 3397 	3262 	3396
f 3382 	3289 	3399
f 3399 	3289 	3400
f 3289 	3398 	3400
f 2665 	2650 	3289
f 3402 	3403 	2461
f 3403 	3404 	2461
f 3404 	3405 	2461
f 2460 	2461 	3405
f 2538 	2569 	3405
f 2628 	2630 	3284
f 3284 	2671 	2656
f 3284 	2656 	2658
f 3284 	2658 	2660
f 3284 	2660 	2662
f 3284 	2662 	2664
f 3284 	2664 	2665
f 3284 	2665 	3289
f 2554 	3406 	3262
f 3406 	3407 	3262
f 3411 	3262 	3408
f 3407 	3408 	3262
f 3409 	3262 	3411
f 2650 	2652 	3289
f 2652 	2654 	3289
f 3412 	2510 	3383
f 2461 	2510 	3401
f 2671 	3284 	2648
f 3409 	3410 	3262
f 3413 	3262 	3414
f 3397 	3289 	2668
f 2666 	3289 	2654
f 3415 	3262 	3410
f 3414 	3262 	3415
f 3288 	3287 	3036
f 3262 	2850 	2694
f 2677 	2676 	3036
f 2676 	3290 	3036
f 2668 	2850 	3397
f 2701 	2696 	2850
f 3262 	3397 	2850
f 2696 	2694 	2850
f 2689 	2850 	2703
f 3084 	2705 	2850
f 2701 	2850 	2699
f 2699 	2850 	2689
f 2703 	2850 	2705
f 2643 	2641 	2621
f 2621 	2619 	2643
f 2619 	2617 	2643
f 2617 	2615 	2643
f 2615 	3270 	2643
f 3270 	3271 	2643
f 3272 	3273 	2643
f 3273 	2100 	2643
f 2100 	2101 	2643
f 2641 	2639 	2627
f 2629 	2627 	2639
f 2637 	2629 	2639
f 2627 	2625 	2641
f 2625 	2623 	2641
f 2649 	2607 	2651
f 2653 	2651 	2607
f 2649 	2036 	2607
# 1626 faces

 #end of obj_2

o obj_3
v -176.547 		590.5 		45.388
v -176.133 		590.5 		45.133
v -176.385 		590.5 		45.514
v -176.31 		590.5 		45.03
v -176.121 		590.5 		44.644
v -175.983 		590.5 		44.236
v -175.9 		590.5 		43.813
v -175.932 		590.5 		44.722
v -175.872 		590.5 		43.383
v -175.668 		590.5 		43.383
v -175.698 		590.5 		43.84
v -175.786 		590.5 		44.289
v -191.197 		590.5 		71.677
v -190.771 		590.5 		71.649
v -175.9 		590.5 		42.953
v -190.351 		590.5 		71.565
v -175.983 		590.5 		42.53
v -191.197 		590.5 		71.883
v -189.947 		590.5 		71.427
v -176.121 		590.5 		42.122
v -190.744 		590.5 		71.853
v -175.698 		590.5 		42.926
v -189.563 		590.5 		71.236
v -176.31 		590.5 		41.736
v -175.786 		590.5 		42.477
v -176.547 		590.5 		41.378
v -189.461 		590.5 		71.414
v -189.869 		590.5 		71.617
v -190.299 		590.5 		71.764
v -175.932 		590.5 		42.044
v -176.829 		590.5 		41.054
v -176.385 		590.5 		41.252
v -176.133 		590.5 		41.633
v -193.186 		590.5 		70.997
v -192.831 		590.5 		71.236
v -181.731 		590.5 		45.388
v -192.447 		590.5 		71.427
v -193.31 		590.5 		71.16
v -192.043 		590.5 		71.565
v -181.893 		590.5 		45.514
v -182.145 		590.5 		45.133
v -192.932 		590.5 		71.414
v -191.623 		590.5 		71.649
v -182.406 		590.5 		43.383
v -182.378 		590.5 		43.813
v -191.65 		590.5 		71.853
v -192.095 		590.5 		71.764
v -192.525 		590.5 		71.617
v -182.295 		590.5 		44.236
v -182.61 		590.5 		43.383
v -182.157 		590.5 		44.644
v -182.58 		590.5 		43.84
v -181.968 		590.5 		45.03
v -193.186 		590.5 		65.769
v -182.346 		590.5 		44.722
v -182.492 		590.5 		44.289
v -181.449 		590.5 		41.054
v -181.731 		590.5 		41.378
v -181.968 		590.5 		41.736
v -193.31 		590.5 		65.606
v -182.157 		590.5 		42.122
v -191.197 		590.5 		65.089
v -181.893 		590.5 		41.252
v -182.295 		590.5 		42.53
v -189.563 		590.5 		65.53
v -182.145 		590.5 		41.633
v -182.378 		590.5 		42.953
v -189.947 		590.5 		65.339
v -190.351 		590.5 		65.201
v -182.58 		590.5 		42.926
v -182.492 		590.5 		42.477
v -182.346 		590.5 		42.044
v -190.771 		590.5 		65.117
v -189.461 		590.5 		65.352
v -177.15 		590.5 		40.769
v -177.505 		590.5 		40.53
v -190.299 		590.5 		65.002
v -189.869 		590.5 		65.149
v -177.889 		590.5 		40.339
v -176.685 		590.5 		40.908
v -191.197 		590.5 		64.883
v -190.744 		590.5 		64.913
v -177.026 		590.5 		40.606
v -191.623 		590.5 		65.117
v -178.293 		590.5 		40.201
v -177.404 		590.5 		40.352
v -178.713 		590.5 		40.117
v -192.043 		590.5 		65.201
v -178.686 		590.5 		39.913
v -178.241 		590.5 		40.002
v -177.811 		590.5 		40.149
v -192.447 		590.5 		65.339
v -179.139 		590.5 		40.089
v -179.565 		590.5 		40.117
v -191.65 		590.5 		64.913
v -192.831 		590.5 		65.53
v -179.985 		590.5 		40.201
v -180.389 		590.5 		40.339
v -192.525 		590.5 		65.149
v -192.095 		590.5 		65.002
v -180.773 		590.5 		40.53
v -192.932 		590.5 		65.352
v -181.128 		590.5 		40.769
v -190.963 		590.5 		56.349
v -190.262 		590.5 		56.305
v -181.593 		590.5 		40.908
v -181.252 		590.5 		40.606
v -180.875 		590.5 		40.352
v -180.467 		590.5 		40.149
v -189.573 		590.5 		56.173
v -179.592 		590.5 		39.913
v -179.139 		590.5 		39.883
v -190.963 		590.5 		56.672
v -180.037 		590.5 		40.002
v -176.829 		590.5 		45.712
v -190.218 		590.5 		56.625
v -189.486 		590.5 		56.485
v -190.963 		590.5 		45.995
v -176.685 		590.5 		45.858
v -177.026 		590.5 		46.16
v -189.573 		590.5 		46.172
v -178.713 		590.5 		46.649
v -190.262 		590.5 		46.04
v -178.293 		590.5 		46.565
v -177.889 		590.5 		46.427
v -190.963 		590.5 		45.672
v -190.218 		590.5 		45.719
v -189.486 		590.5 		45.86
v -178.686 		590.5 		46.853
v -177.505 		590.5 		46.236
v -193.018 		590.5 		55.955
v -178.241 		590.5 		46.764
v -177.15 		590.5 		45.997
v -192.353 		590.5 		56.173
v -177.404 		590.5 		46.414
v -177.811 		590.5 		46.617
v -191.664 		590.5 		56.305
v -181.128 		590.5 		45.997
v -192.439 		590.5 		56.485
v -193.146 		590.5 		56.254
v -180.773 		590.5 		46.236
v -191.707 		590.5 		56.625
v -180.389 		590.5 		46.427
v -191.664 		590.5 		46.04
v -179.985 		590.5 		46.565
v -192.353 		590.5 		46.172
v -180.875 		590.5 		46.414
v -179.565 		590.5 		46.649
v -180.467 		590.5 		46.617
v -193.018 		590.5 		46.389
v -179.139 		590.5 		46.677
v -191.707 		590.5 		45.719
v -179.139 		590.5 		46.883
v -179.592 		590.5 		46.853
v -180.037 		590.5 		46.764
v -186.258 		590.6 		56.722
v -186.0519 		590.6 		56.672
v -181.449 		590.5 		45.712
v -186.109 		590.6 		56.692
v -186.258 		590.6 		56.848
v -186.1191 		590.6 		56.8196
v -181.252 		590.5 		46.16
v -181.593 		590.5 		45.858
v -186.077 		590.6 		56.811
v -185.8632 		590.6 		56.7369
v -185.073 		590.5 		55.984
v -184.933 		590.5 		55.768
v -185.155 		590.5 		56.266
v -185.823 		590.6 		56.723
v -184.821 		590.5 		55.536
v -185.7218 		590.6 		56.672
v -184.622 		590.5 		55.323
v -184.709 		590.5 		55.583
v -184.828 		590.5 		55.83
v -184.977 		590.5 		56.059
v -185.24 		590.5 		56.179
v -187.1681 		590.6 		56.672
v -186.357 		590.6 		56.742
v -186.61 		590.6 		56.759
v -184.739 		590.5 		55.291
v -186.863 		590.6 		56.742
v -187.111 		590.6 		56.692
v -184.69 		590.5 		55.036
v -187.282 		590.6 		56.763
v -187.1823 		590.6 		56.7975
v -184.673 		590.5 		54.778
v -187.143 		590.6 		56.811
v -186.9227 		590.6 		56.8561
v -184.69 		590.5 		54.519
v -184.552 		590.5 		54.778
v -184.57 		590.5 		55.052
v -186.341 		590.6 		56.865
v -186.61 		590.6 		56.883
v -184.57 		590.5 		54.503
v -184.739 		590.5 		54.265
v -186.879 		590.6 		56.865
v -184.821 		590.5 		54.019
v -184.933 		590.5 		53.787
v -187.398 		590.6 		56.723
v -187.4987 		590.6 		56.672
v -184.622 		590.5 		54.233
v -185.073 		590.5 		53.571
v -187.282 		590.6 		54.931
v -184.828 		590.5 		53.725
v -184.709 		590.5 		53.972
v -186.0496 		590.6 		53.248
v -186.312 		590.6 		53.761
v -186.702 		590.6 		54.324
v -185.155 		590.5 		53.289
v -187.166 		590.6 		54.833
v -184.977 		590.5 		53.496
v -185.24 		590.5 		53.376
v -187.282 		590.6 		55.3602
v -187.0143 		590.6 		55.1339
v -185.257 		590.6 		56.1942
v -185.431 		590.6 		56.35
v -185.642 		590.6 		56.494
v -185.869 		590.6 		56.608
v -185.6169 		590.6 		56.6191
v -189.208 		590.5 		70.997
v -188.887 		590.5 		70.712
v -185.257 		590.6 		56.3579
v -185.357 		590.6 		56.448
v -185.581 		590.6 		56.601
v -189.084 		590.5 		71.16
v -188.743 		590.5 		70.858
v -185.257 		590.6 		53.3608
v -185.692 		590.6 		53.277
v -185.6818 		590.6 		53.248
v -185.383 		590.6 		53.248
v -188.887 		590.5 		66.054
v -189.208 		590.5 		65.769
v -187.282 		590.6 		56.6321
v -186.022 		590.6 		53.922
v -186.436 		590.6 		54.52
v -189.084 		590.5 		65.606
v -188.743 		590.5 		65.908
v -186.928 		590.6 		55.061
v -189.418 		590.6 		56.1222
v -188.605 		590.5 		70.388
v -188.668 		590.6 		54.778
v -188.368 		590.5 		70.03
v -188.179 		590.5 		69.644
v -188.668 		590.6 		55.8411
v -187.99 		590.5 		69.722
v -188.908 		590.6 		55.955
v -188.191 		590.5 		70.133
v -188.443 		590.5 		70.514
v -188.041 		590.5 		69.236
v -187.7203 		590.6 		55.296
v -188.278 		590.6 		55.656
v -188.3301 		590.6 		55.6807
v -188.4 		590.6 		55.536
v -188.4793 		590.6 		55.296
v -187.958 		590.5 		68.813
v -188.5242 		590.6 		55.5436
v -187.93 		590.5 		68.383
v -188.598 		590.6 		55.323
v -187.844 		590.5 		69.289
v -188.6032 		590.6 		55.296
v -187.958 		590.5 		67.953
v -188.439 		590.6 		55.7324
v -188.465 		590.6 		55.7448
v -187.726 		590.5 		68.383
v -187.756 		590.5 		68.84
v -188.511 		590.6 		55.583
v -187.756 		590.5 		67.926
v -188.041 		590.5 		67.53
v -188.179 		590.5 		67.122
v -187.98 		590.5 		56.179
v -188.0937 		590.6 		56.0462
v -187.98 		590.6 		56.179
v -188.368 		590.5 		66.736
v -187.8225 		590.6 		56.32
v -188.0051 		590.6 		56.32
v -187.844 		590.5 		67.477
v -188.065 		590.6 		56.266
v -188.065 		590.5 		56.266
v -188.605 		590.5 		66.378
v -188.1865 		590.6 		56.1247
v -187.99 		590.5 		67.044
v -187.49 		590.6 		55.536
v -187.49 		590.5 		55.536
v -188.191 		590.5 		66.633
v -188.147 		590.5 		55.984
v -188.1586 		590.6 		55.9663
v -188.147 		590.6 		55.984
v -188.443 		590.5 		66.252
v -186.109 		590.5 		56.692
v -188.243 		590.6 		56.059
v -188.243 		590.5 		56.059
v -188.2606 		590.6 		56.0319
v -188.11 		590.6 		55.935
v -188.11 		590.5 		55.935
v -186.077 		590.5 		56.811
v -188.1626 		590.5 		55.9601
v -188.1626 		590.6 		55.9601
v -185.823 		590.5 		56.723
v -188.2731 		590.6 		56.0128
v -188.2731 		590.5 		56.0128
v -187.111 		590.5 		56.692
v -188.668 		590.6 		56.2011
v -188.779 		590.6 		56.254
v -188.779 		590.5 		56.254
v -186.863 		590.5 		56.742
v -186.61 		590.5 		56.759
v -188.3208 		590.6 		56.0355
v -187.143 		590.5 		56.811
v -186.357 		590.5 		56.742
v -188.2799 		590.6 		56.016
v -186.61 		590.5 		56.883
v -186.879 		590.5 		56.865
v -186.341 		590.5 		56.865
v -188.8919 		590.6 		56.2909
v -187.398 		590.5 		56.723
v -187.166 		590.5 		54.833
v -185.9222 		590.5 		52.9284
v -185.9222 		590.6 		52.9284
v -186.109 		590.6 		52.863
v -186.109 		590.5 		52.863
v -186.702 		590.5 		54.324
v -186.312 		590.5 		53.761
v -186.258 		590.6 		52.833
v -185.869 		590.5 		56.608
v -186.077 		590.6 		52.744
v -186.077 		590.5 		52.744
v -185.642 		590.5 		56.494
v -186.258 		590.6 		52.707
v -185.431 		590.5 		56.35
v -185.8812 		590.6 		52.8118
v -185.8812 		590.5 		52.8118
v -186.61 		590.6 		52.796
v -186.863 		590.6 		52.813
v -186.863 		590.5 		52.813
v -186.61 		590.5 		52.796
v -185.357 		590.5 		56.448
v -185.581 		590.5 		56.601
v -187.111 		590.6 		52.863
v -187.111 		590.5 		52.863
v -187.282 		590.6 		52.9229
v -187.282 		590.6 		52.792
v -187.1823 		590.6 		52.7575
v -185.692 		590.5 		53.277
v -186.022 		590.5 		53.922
v -186.436 		590.5 		54.52
v -186.928 		590.5 		55.061
v -186.357 		590.6 		52.813
v -186.357 		590.5 		52.813
v -188.4 		590.5 		55.536
v -188.3301 		590.5 		55.6807
v -186.341 		590.6 		52.69
v -184.74 		590.6 		34.914
v -186.341 		590.5 		52.69
v -188.598 		590.5 		55.323
v -184.74 		591.602 		34.914
v -186.61 		590.5 		52.672
v -186.61 		590.6 		52.672
v -184.981 		590.6 		40.601
v -184.981 		591.602 		40.601
v -188.439 		590.5 		55.7324
v -188.511 		590.5 		55.583
v -184.97 		590.6 		40.2
v -184.97 		591.602 		40.2
v -188.531 		590.5 		54.519
v -187.143 		590.6 		52.744
v -187.143 		590.5 		52.744
v -188.547 		590.5 		54.778
v -184.719 		590.6 		34.517
v -184.719 		591.602 		34.517
v -186.879 		590.6 		52.69
v -186.879 		590.5 		52.69
v -188.531 		590.5 		55.036
v -184.707 		591.602 		32.899
v -184.707 		590.6 		32.899
v -188.65 		590.5 		54.503
v -188.481 		590.5 		55.291
v -185.16 		591.602 		31.66
v -185.16 		590.6 		31.66
v -185.028 		591.602 		31.788
v -185.028 		590.6 		31.788
v -188.668 		590.5 		54.778
v -187.351 		590.6 		52.947
v -188.65 		590.5 		55.052
v -187.351 		590.5 		52.947
v -184.873 		591.602 		31.986
v -184.873 		590.6 		31.986
v -187.98 		590.5 		53.376
v -184.87 		591.602 		31.99
v -187.579 		590.6 		53.061
v -184.87 		590.6 		31.99
v -187.579 		590.5 		53.061
v -184.872 		590.6 		31.988
v -188.147 		590.5 		53.571
v -184.872 		591.602 		31.988
v -184.853 		591.602 		32.014
v -184.853 		590.6 		32.014
v -187.789 		590.6 		53.205
v -188.288 		590.5 		53.787
v -187.789 		590.5 		53.205
v -184.834 		591.602 		32.045
v -184.834 		590.6 		32.045
v -188.065 		590.5 		53.289
v -187.3563 		590.6 		52.8176
v -188.4 		590.5 		54.019
v -184.778 		591.602 		32.143
v -184.778 		590.6 		32.143
v -188.243 		590.5 		53.496
v -188.481 		590.5 		54.265
v -184.75 		591.602 		32.22
v -187.837 		590.6 		53.248
v -184.75 		590.6 		32.22
v -188.598 		590.5 		54.233
v -188.511 		590.5 		53.972
v -188.392 		590.5 		53.725
v -184.748 		591.602 		32.23
v -184.748 		590.6 		32.23
v -187.863 		590.6 		53.107
v -187.863 		590.5 		53.107
v -188.0195 		590.6 		53.248
v -188.908 		590.5 		55.955
v -187.639 		590.6 		52.954
v -187.639 		590.5 		52.954
v -187.398 		590.6 		52.832
v -188.278 		590.5 		55.656
v -187.398 		590.5 		52.832
v -184.671 		591.602 		32.469
v -184.671 		590.6 		32.469
v -184.747 		590.6 		32.241
v -184.747 		591.602 		32.241
v -187.694 		590.5 		55.279
v -184.64 		591.602 		32.64
v -184.64 		590.6 		32.64
v -187.789 		590.5 		56.35
v -184.659 		591.602 		32.749
v -184.659 		590.6 		32.749
v -186.001 		590.6 		53.153
v -187.579 		590.5 		56.494
v -186.001 		590.5 		53.153
v -187.351 		590.5 		56.608
v -185.8322 		590.6 		52.672
v -185.776 		590.6 		52.512
v -185.776 		590.5 		52.512
v -187.639 		590.5 		56.601
v -187.863 		590.5 		56.448
v -185.973 		591.602 		31.543
v -185.973 		590.6 		31.543
v -186.152 		590.6 		31.629
v -186.152 		591.602 		31.629
v -185.84 		591.602 		31.5
v -185.8721 		590.6 		52.7859
v -185.84 		590.6 		31.5
v -185.492 		591.602 		31.547
v -185.492 		590.6 		31.547
v -185.639 		590.6 		51.848
v -185.639 		590.5 		51.848
v -185.593 		590.6 		51.172
v -185.593 		590.5 		51.172
v -187.37 		590.6 		31.664
v -187.37 		591.602 		31.664
v -185.4556 		590.6 		53.1882
v -185.6209 		590.6 		53.0754
v -185.6209 		590.5 		53.0754
v -188.34 		590.6 		31.69
v -188.34 		591.602 		31.69
v -185.4662 		590.6 		53.0324
v -189.2 		590.6 		31.63
v -185.5489 		590.6 		52.9759
v -189.2 		591.602 		31.63
v -185.5787 		590.5 		52.9556
v -185.5787 		590.6 		52.9556
v -189.418 		590.725 		31.6352
v -189.418 		591.602 		31.6352
v -185.5427 		590.6 		52.8533
v -176.685 		590.6 		45.858
v -176.5228 		590.6 		45.672
v -185.4888 		590.6 		52.7005
v -177.026 		590.6 		46.16
v -185.5665 		590.6 		52.9209
v -177.042 		590.6 		46.1707
v -185.5786 		590.6 		52.9552
v -179.09 		590.6 		46.6738
v -177.042 		590.6 		45.9011
v -177.15 		590.6 		45.997
v -177.505 		590.6 		46.236
v -177.889 		590.6 		46.427
v -178.293 		590.6 		46.565
v -178.713 		590.6 		46.649
v -179.09 		590.6 		46.8798
v -178.7546 		590.6 		46.8575
v -178.686 		590.6 		46.853
v -178.3097 		590.6 		46.7777
v -187.694 		590.6 		55.279
v -188.481 		590.6 		55.291
v -188.531 		590.6 		55.036
v -188.547 		590.6 		54.778
v -188.531 		590.6 		54.519
v -188.4824 		590.6 		54.272
v -178.241 		590.6 		46.764
v -177.8717 		590.6 		46.6377
v -192.439 		590.5 		45.86
v -193.146 		590.5 		46.091
v -177.404 		590.6 		46.414
v -190.963 		590.6 		45.672
v -177.811 		590.6 		46.617
v -189.418 		591.602 		32.998
v -193.464 		591.602 		32.998
v -197.593 		591.602 		59.342
v -190.51 		591.602 		76.44
v -181.138 		590.6 		45.9881
v -179.139 		590.6 		46.677
v -179.565 		590.6 		46.649
v -179.985 		590.6 		46.565
v -180.389 		590.6 		46.427
v -180.773 		590.6 		46.236
v -189.98 		591.602 		76.436
v -181.128 		590.6 		45.997
v -174.27 		590.6 		39.7
v -181.138 		590.6 		46.2368
v -180.932 		590.6 		46.3756
v -207.021 		590.6 		44.289
v -207.0351 		590.6 		44.2172
v -207.021 		590.5 		44.289
v -180.875 		590.6 		46.414
v -180.5302 		590.6 		46.5856
v -205.8721 		590.6 		40.96
v -205.978 		590.6 		41.054
v -205.978 		590.5 		41.054
v -206.26 		590.5 		41.378
v -206.26 		590.6 		41.378
v -180.467 		590.6 		46.617
v -180.1056 		590.6 		46.7405
v -182.549 		590.6 		38.761
v -182.06 		590.6 		38.48
v -181.566 		590.6 		38.264
v -179.139 		590.6 		46.883
v -181.06 		590.6 		38.08
v -180.109 		590.6 		37.877
v -179.15 		590.6 		37.71
v -178.61 		590.6 		37.682
v -178.07 		590.6 		37.69
v -177.501 		590.6 		37.781
v -176.94 		590.6 		37.91
v -176.43 		590.6 		38.135
v -179.592 		590.6 		46.853
v -175.94 		590.6 		38.4
v -175.087 		590.6 		39.029
v -180.037 		590.6 		46.764
v -197.792 		591.602 		59.664
v -197.93 		591.602 		59.91
v -198.574 		591.602 		61.261
v -199.18 		591.602 		62.63
v -199.487 		591.602 		63.548
v -181.4838 		590.6 		45.672
v -181.449 		590.6 		45.712
v -181.252 		590.6 		46.16
v -200.01 		591.602 		59.31
v -181.593 		590.6 		45.858
v -199.74 		591.602 		64.48
v -181.7552 		590.6 		45.672
v -176.829 		590.6 		45.712
v -198.24 		591.602 		41.06
v -198.229 		591.602 		41.388
v -176.7942 		590.6 		45.672
v -198.225 		591.602 		41.718
v -198.286 		591.602 		41.677
v -198.341 		591.602 		41.64
v -188.6428 		590.6 		54.4657
v -188.6055 		590.6 		54.272
v -185.431 		590.5 		53.205
v -188.6651 		590.6 		54.7341
v -188.65 		590.6 		54.503
v -188.65 		590.6 		55.052
v -185.357 		590.5 		53.107
v -185.452 		590.5 		52.596
v -185.639 		590.5 		50.497
v -185.306 		590.5 		51.89
v -185.776 		590.5 		49.832
v -185.257 		590.5 		51.172
v -188.481 		590.6 		54.265
v -188.4 		590.6 		54.019
v -188.288 		590.6 		53.787
v -186.001 		590.5 		49.191
v -188.147 		590.6 		53.571
v -187.98 		590.6 		53.376
v -185.452 		590.5 		49.749
v -185.306 		590.5 		50.454
v -188.0342 		590.6 		53.2612
v -186.312 		590.5 		48.584
v -188.065 		590.6 		53.289
v -188.2184 		590.6 		53.4673
v -186.702 		590.5 		48.021
v -185.692 		590.5 		49.067
v -187.166 		590.5 		47.512
v -186.436 		590.5 		47.824
v -186.022 		590.5 		48.422
v -188.243 		590.6 		53.496
v -186.928 		590.5 		47.283
v -187.694 		590.5 		47.065
v -188.278 		590.5 		46.689
v -188.908 		590.5 		46.389
v -187.49 		590.5 		46.809
v -188.11 		590.5 		46.409
v -188.779 		590.5 		46.091
v -182.61 		590.6 		43.383
v -183.02 		590.6 		39.07
v -182.61 		590.6 		39.883
v -184.645 		590.6 		41.569
v -184.49 		590.6 		41.03
v -184.78 		590.6 		41.97
v -184.885 		590.6 		41.557
v -184.97 		590.6 		41
v -184.243 		590.6 		40.499
v -183.96 		590.6 		39.99
v -183.508 		590.6 		39.513
v -184.65 		590.6 		36.7
v -184.668 		590.6 		35.83
v -184.801 		590.6 		38.45
v -183.01 		590.6 		66.07
v -182.853 		590.6 		67.423
v -182.74 		590.6 		68.78
v -182.743 		590.6 		69.712
v -182.8 		590.6 		70.64
v -183.021 		590.6 		71.613
v -183.3 		590.6 		72.57
v -183.594 		590.6 		73.194
v -183.95 		590.6 		73.78
v -184.552 		590.6 		74.3339
v -184.704 		590.6 		33.648
v -184.71 		590.6 		34.22
v -179.688 		590.6 		57.776
v -180.84 		590.6 		58.6
v -181.819 		590.6 		58.946
v -182.83 		590.6 		59.22
v -175.743 		590.6 		52.678
v -175.797 		590.6 		52.894
v -175.861 		590.6 		53.056
v -175.93 		590.6 		53.271
v -175.99 		590.6 		53.45
v -175.7412 		590.6 		52.672
v -176.202 		590.6 		53.956
v -176.44 		590.6 		54.45
v -176.725 		590.6 		54.926
v -177.04 		590.6 		55.38
v -177.793 		590.6 		56.146
v -178.58 		590.6 		56.88
v -184.191 		590.6 		59.553
v -184.14 		590.6 		59.68
v -183.532 		590.6 		62.861
v -183.02 		591.602 		39.07
v -184.49 		591.602 		41.03
v -184.645 		591.602 		41.569
v -184.78 		591.602 		41.97
v -184.885 		591.602 		41.557
v -184.281 		590.6 		59.393
v -184.97 		591.602 		41
v -184.552 		590.6 		57.344
v -183.377 		590.6 		59.316
v -183.93 		590.6 		59.38
v -184.083 		590.6 		59.387
v -183.508 		591.602 		39.513
v -183.96 		591.602 		39.99
v -184.243 		591.602 		40.499
v -184.552 		590.6 		54.778
v -189.45 		591.602 		76.43
v -185.639 		590.6 		50.497
v -184.65 		591.602 		36.7
v -184.668 		591.602 		35.83
v -188.3672 		590.6 		53.6869
v -193.338 		591.602 		76.563
v -192.44 		591.602 		76.64
v -191.475 		591.602 		76.551
v -183.021 		591.602 		71.613
v -182.8 		591.602 		70.64
v -182.743 		591.602 		69.712
v -182.74 		591.602 		68.78
v -184.801 		591.602 		38.45
v -182.853 		591.602 		67.423
v -183.01 		591.602 		66.07
v -183.95 		591.602 		73.78
v -183.594 		591.602 		73.194
v -183.3 		591.602 		72.57
v -189.45 		590.6 		76.43
v -184.71 		591.602 		34.22
v -184.704 		591.602 		33.648
v -189.98 		590.6 		76.436
v -182.83 		591.602 		59.22
v -181.819 		591.602 		58.946
v -180.84 		591.602 		58.6
v -179.688 		591.602 		57.776
v -190.51 		590.6 		76.44
v -175.797 		591.602 		52.894
v -175.743 		591.602 		52.678
v -175.99 		591.602 		53.45
v -175.93 		591.602 		53.271
v -175.861 		591.602 		53.056
v -191.475 		590.6 		76.551
v -192.44 		590.6 		76.64
v -193.338 		590.6 		76.563
v -178.58 		591.602 		56.88
v -177.793 		591.602 		56.146
v -177.04 		591.602 		55.38
v -176.725 		591.602 		54.926
v -176.44 		591.602 		54.45
v -176.202 		591.602 		53.956
v -190.963 		590.6 		56.672
v -189.418 		590.6 		64.883
v -191.197 		590.6 		64.883
v -183.532 		591.602 		62.861
v -184.14 		591.602 		59.68
v -184.191 		591.602 		59.553
v -191.197 		590.6 		71.883
v -184.281 		591.602 		59.393
v -184.083 		591.602 		59.387
v -183.93 		591.602 		59.38
v -183.377 		591.602 		59.316
v -189.418 		590.6 		71.1384
v -189.563 		590.6 		71.236
v -189.947 		590.6 		71.427
v -190.351 		590.6 		71.565
v -190.771 		590.6 		71.649
v -191.197 		590.6 		71.677
v -191.378 		590.6 		71.6651
v -191.2682 		590.6 		71.8783
v -191.378 		590.6 		71.871
v -190.8126 		590.6 		71.8575
v -190.3677 		590.6 		71.7777
v -190.744 		590.6 		71.853
v -189.418 		590.6 		71.385
v -189.461 		590.6 		71.414
v -189.869 		590.6 		71.617
v -190.299 		590.6 		71.764
v -189.418 		590.6 		65.6276
v -189.5541 		590.6 		65.536
v -188.598 		590.6 		54.233
v -191.623 		590.6 		71.649
v -192.043 		590.6 		71.565
v -192.447 		590.6 		71.427
v -192.831 		590.6 		71.236
v -193.186 		590.6 		70.997
v -193.426 		590.6 		70.7839
v -188.511 		590.6 		53.972
v -193.3611 		590.6 		71.1148
v -188.392 		590.6 		53.725
v -193.426 		590.6 		71.0573
v -192.9888 		590.6 		71.3758
v -193.31 		590.6 		71.16
v -189.418 		590.6 		56.4628
v -192.588 		590.6 		71.5856
v -187.351 		590.6 		56.608
v -192.932 		590.6 		71.414
v -187.579 		590.6 		56.494
v -187.789 		590.6 		56.35
v -187.8978 		590.6 		56.4166
v -198.587 		591.602 		41.28
v -198.8 		591.602 		40.98
v -187.639 		590.6 		56.601
v -187.863 		590.6 		56.448
v -199.271 		591.602 		40.476
v -199.78 		591.602 		40.02
v -196.668 		590.6 		75.5667
v -197.08 		591.602 		75.32
v -197.08 		590.6 		75.32
v -197.54 		591.602 		74.943
v -197.54 		590.6 		74.943
v -197.98 		591.602 		74.54
v -197.98 		590.6 		74.54
v -184.688 		591.602 		74.459
v -198.334 		591.602 		74.128
v -198.334 		590.6 		74.128
v -198.67 		591.602 		73.7
v -198.67 		590.6 		73.7
v -198.942 		591.602 		73.295
v -184.688 		590.6 		74.459
v -198.942 		590.6 		73.295
v -199.2 		591.602 		72.88
v -199.2 		590.6 		72.88
v -199.508 		591.602 		72.338
v -199.508 		590.6 		72.338
v -185.234 		590.6 		56.172
v -199.77 		591.602 		71.78
v -199.77 		590.6 		71.78
v -184.7407 		590.6 		55.296
v -184.821 		590.6 		55.536
v -184.933 		590.6 		55.768
v -185.073 		590.6 		55.984
v -206.497 		590.5 		41.736
v -199.92 		591.602 		70.787
v -206.497 		590.6 		41.736
v -199.92 		590.6 		70.787
v -185.234 		590.6 		56.3372
v -185.1876 		590.6 		56.2954
v -206.686 		590.5 		42.122
v -200.01 		591.602 		69.78
v -200.01 		590.6 		69.78
v -206.686 		590.6 		42.122
v -185.155 		590.6 		56.266
v -185.0082 		590.6 		56.0953
v -200.03 		591.602 		68.46
v -200.03 		590.6 		68.46
v -200.01 		591.602 		67.14
v -184.622 		590.6 		55.323
v -200.01 		590.6 		67.14
v -184.6168 		590.6 		55.296
v -199.901 		591.602 		65.806
v -184.709 		590.6 		55.583
v -199.901 		590.6 		65.806
v -184.828 		590.6 		55.83
v -184.977 		590.6 		56.059
v -198.381 		591.602 		59.372
v -198.381 		590.6 		59.372
v -199 		591.602 		59.38
v -199 		590.6 		59.38
v -185.24 		590.6 		56.179
v -199.507 		591.602 		59.363
v -199.507 		590.6 		59.363
v -199.487 		590.6 		63.548
v -184.7376 		590.6 		54.272
v -184.69 		590.6 		54.519
v -184.673 		590.6 		54.778
v -184.69 		590.6 		55.036
v -184.739 		590.6 		55.291
v -199.18 		590.6 		62.63
v -184.5786 		590.6 		55.0966
v -184.57 		590.6 		54.503
v -184.6145 		590.6 		54.272
v -198.574 		590.6 		61.261
v -184.57 		590.6 		55.052
v -197.93 		590.6 		59.91
v -185.234 		590.6 		53.383
v -185.073 		590.6 		53.571
v -184.933 		590.6 		53.787
v -184.821 		590.6 		54.019
v -184.739 		590.6 		54.265
v -197.792 		590.6 		59.664
v -184.622 		590.6 		54.233
v -184.6959 		590.6 		54.0113
v -197.593 		590.6 		59.342
v -185.155 		590.6 		53.289
v -185.2005 		590.6 		53.248
v -200.01 		590.6 		59.31
v -184.977 		590.6 		53.496
v -200.197 		590.6 		59.26
v -184.828 		590.6 		53.725
v -199.74 		590.6 		64.48
v -184.709 		590.6 		53.972
v -198.24 		590.6 		41.06
v -198.229 		590.6 		41.388
v -185.24 		590.6 		53.376
v -185.234 		590.6 		53.2178
v -185.257 		590.6 		53.1971
v -198.8 		590.6 		40.98
v -198.225 		590.6 		41.718
v -198.286 		590.6 		41.677
v -198.587 		590.6 		41.28
v -198.341 		590.6 		41.64
v -199.271 		590.6 		40.476
v -199.78 		590.6 		40.02
v -203.688 		591.602 		57.913
v -202.8 		591.602 		58.48
v -201.42 		591.602 		58.933
v -206.894 		591.602 		54.089
v -206.45 		591.602 		54.97
v -206.193 		591.602 		55.38
v -205.92 		591.602 		55.78
v -205.626 		591.602 		56.155
v -205.32 		591.602 		56.52
v -204.939 		591.602 		56.91
v -204.54 		591.602 		57.28
v -201.42 		590.6 		58.933
v -202.8 		590.6 		58.48
v -203.688 		590.6 		57.913
v -204.54 		590.6 		57.28
v -204.939 		590.6 		56.91
v -205.32 		590.6 		56.52
v -205.626 		590.6 		56.155
v -205.92 		590.6 		55.78
v -206.193 		590.6 		55.38
v -206.45 		590.6 		54.97
v -207.139 		590.6 		53.6061
v -206.894 		590.6 		54.089
v -188.923 		591.602 		76.363
v -188.4 		591.602 		76.27
v -187.337 		591.602 		75.97
v -186.29 		591.602 		75.63
v -185.87 		591.602 		75.384
v -185.47 		591.602 		75.1
v -207.139 		590.6 		46.883
v -203.668 		590.6 		46.883
v -185.47 		590.6 		75.1
v -185.87 		590.6 		75.384
v -201.618 		590.6 		45.9428
v -200.8562 		590.6 		45.056
v -201.076 		590.6 		45.388
v -201.358 		590.6 		45.712
v -186.29 		590.6 		75.63
v -201.618 		590.6 		46.2024
v -201.6129 		590.6 		46.199
v -187.337 		590.6 		75.97
v -188.4 		590.6 		76.27
v -200.662 		590.6 		45.133
v -200.6243 		590.6 		45.056
v -188.923 		590.6 		76.363
v -200.914 		590.6 		45.514
v -201.214 		590.6 		45.858
v -201.555 		590.6 		46.16
v -203.666 		590.6 		46.6769
v -201.679 		590.6 		45.997
v -202.034 		590.6 		46.236
v -202.418 		590.6 		46.427
v -202.822 		590.6 		46.565
v -203.242 		590.6 		46.649
v -188.668 		590.6 		70.4604
v -188.887 		590.6 		70.712
v -189.208 		590.6 		70.997
v -189.33 		590.6 		71.0791
v -203.666 		590.6 		46.8829
v -203.2836 		590.6 		46.8575
v -189.1419 		590.6 		71.199
v -189.33 		590.6 		71.3257
v -203.215 		590.6 		46.853
v -202.8387 		590.6 		46.7777
v -188.7967 		590.6 		70.9056
v -189.084 		590.6 		71.16
v -202.77 		590.6 		46.764
v -202.4007 		590.6 		46.6377
v -188.668 		590.6 		70.772
v -201.932 		590.6 		46.414
v -188.743 		590.6 		70.858
v -202.34 		590.6 		46.617
v -200.4254 		590.6 		43.008
v -200.401 		590.6 		43.383
v -200.429 		590.6 		43.813
v -200.512 		590.6 		44.236
v -200.65 		590.6 		44.644
v -200.839 		590.6 		45.03
v -200.4924 		590.6 		44.7861
v -200.461 		590.6 		44.722
v -200.3376 		590.6 		44.3561
v -200.197 		590.6 		43.383
v -189.208 		590.6 		65.769
v -200.2216 		590.6 		43.008
v -188.887 		590.6 		66.054
v -188.668 		590.6 		66.3056
v -189.1879 		590.6 		65.536
v -200.227 		590.6 		43.84
v -189.084 		590.6 		65.606
v -200.315 		590.6 		44.289
v -188.743 		590.6 		65.908
v -188.668 		590.6 		65.994
v -189.404 		590.6 		65.3904
v -201.4639 		590.6 		40.96
v -201.358 		590.6 		41.054
v -201.076 		590.6 		41.378
v -200.839 		590.6 		41.736
v -200.65 		590.6 		42.122
v -200.512 		590.6 		42.53
v -200.429 		590.6 		42.953
v -200.2225 		590.6 		42.9952
v -189.418 		590.6 		65.381
v -200.227 		590.6 		42.926
v -200.3009 		590.6 		42.5488
v -200.315 		590.6 		42.477
v -200.4387 		590.6 		42.1103
v -200.461 		590.6 		42.044
v -200.6283 		590.6 		41.7018
v -187.726 		590.6 		68.383
v -185.431 		590.6 		53.205
v -185.3222 		590.6 		53.1384
v -185.357 		590.6 		53.107
v -188.1749 		590.6 		69.632
v -188.179 		590.6 		69.644
v -188.368 		590.6 		70.03
v -188.605 		590.6 		70.388
v -200.914 		590.6 		41.252
v -201.1687 		590.6 		40.96
v -206.3726 		590.6 		41.1953
v -206.1673 		590.6 		40.96
v -188.4924 		590.6 		70.5707
v -200.662 		590.6 		41.633
v -206.824 		590.5 		42.53
v -206.824 		590.6 		42.53
v -206.422 		590.6 		41.252
v -206.422 		590.5 		41.252
v -191.65 		590.6 		71.853
v -206.907 		590.5 		42.953
v -203.668 		590.6 		46.677
v -204.094 		590.6 		46.649
v -206.907 		590.6 		42.953
v -204.514 		590.6 		46.565
v -192.095 		590.6 		71.764
v -204.918 		590.6 		46.427
v -205.302 		590.6 		46.236
v -205.657 		590.6 		45.997
v -206.8436 		590.6 		41.9799
v -206.674 		590.6 		41.633
v -206.674 		590.5 		41.633
v -192.525 		590.6 		71.617
v -205.714 		590.6 		46.2051
v -205.461 		590.6 		46.3756
v -205.404 		590.6 		46.414
v -205.0592 		590.6 		46.5856
v -206.9106 		590.6 		43.008
v -193.464 		590.6 		70.7502
v -207.1144 		590.6 		43.008
v -207.109 		590.6 		42.926
v -207.109 		590.5 		42.926
v -204.996 		590.6 		46.617
v -204.6346 		590.6 		46.7405
v -207.021 		590.6 		42.477
v -207.021 		590.5 		42.477
v -193.464 		590.6 		71.0236
v -206.875 		590.6 		42.044
v -206.875 		590.5 		42.044
v -201.679 		590.6 		40.769
v -201.679 		590.5 		40.769
v -204.121 		590.6 		46.853
v -202.034 		590.6 		40.53
v -202.034 		590.5 		40.53
v -204.566 		590.6 		46.764
v -202.418 		590.6 		40.339
v -202.418 		590.5 		40.339
v -193.186 		590.6 		65.769
v -192.8399 		590.6 		65.536
v -201.214 		590.6 		40.908
v -201.214 		590.5 		40.908
v -201.5039 		590.6 		40.6512
v -206.4798 		590.6 		45.056
v -193.2522 		590.6 		65.5672
v -205.978 		590.6 		45.712
v -206.26 		590.6 		45.388
v -193.2058 		590.6 		65.536
v -206.7117 		590.6 		45.056
v -202.822 		590.6 		40.201
v -206.7077 		590.6 		45.0642
v -202.822 		590.5 		40.201
v -193.464 		590.6 		65.7424
v -201.555 		590.6 		40.606
v -201.555 		590.5 		40.606
v -201.875 		590.6 		40.3904
v -193.31 		590.6 		65.606
v -205.781 		590.6 		46.16
v -203.242 		590.5 		40.117
v -203.242 		590.6 		40.117
v -206.122 		590.6 		45.858
v -201.932 		590.6 		40.352
v -201.932 		590.5 		40.352
v -206.422 		590.6 		45.514
v -191.378 		590.6 		65.1009
v -191.197 		590.6 		65.089
v -206.674 		590.6 		45.133
v -190.771 		590.6 		65.117
v -190.351 		590.6 		65.201
v -189.947 		590.6 		65.339
v -189.563 		590.6 		65.53
v -203.666 		590.6 		40.0891
v -189.461 		590.6 		65.352
v -203.215 		590.6 		39.913
v -189.8058 		590.6 		65.1804
v -190.744 		590.6 		64.913
v -206.497 		590.6 		45.03
v -206.686 		590.6 		44.644
v -206.824 		590.6 		44.236
v -206.907 		590.6 		43.813
v -206.935 		590.6 		43.383
v -186.021 		590.6 		49.152
v -186.001 		590.6 		49.191
v -185.776 		590.6 		49.832
v -190.299 		590.6 		65.002
v -187.99 		590.6 		69.722
v -187.9597 		590.6 		69.632
v -175.668 		590.6 		39.883
v -189.869 		590.6 		65.149
v -179.139 		590.6 		39.883
v -188.191 		590.6 		70.133
v -191.378 		590.6 		64.895
v -174.27 		591.602 		39.7
v -188.443 		590.6 		70.514
v -192.831 		590.6 		65.53
v -192.447 		590.6 		65.339
v -192.043 		590.6 		65.201
v -191.623 		590.6 		65.117
v -191.5814 		590.6 		64.9085
v -191.65 		590.6 		64.913
v -192.0263 		590.6 		64.9883
v -175.087 		591.602 		39.029
v -175.94 		591.602 		38.4
v -176.43 		591.602 		38.135
v -176.94 		591.602 		37.91
v -188.0304 		590.6 		67.584
v -177.501 		591.602 		37.781
v -187.958 		590.6 		67.953
v -178.07 		591.602 		37.69
v -187.93 		590.6 		68.383
v -178.61 		591.602 		37.682
v -187.958 		590.6 		68.813
v -179.15 		591.602 		37.71
v -188.041 		590.6 		69.236
v -180.109 		591.602 		37.877
v -181.06 		591.602 		38.08
v -181.566 		591.602 		38.264
v -182.06 		591.602 		38.48
v -182.549 		591.602 		38.761
v -187.8666 		590.6 		69.3561
v -192.932 		590.6 		65.352
v -192.525 		590.6 		65.149
v -187.77 		590.6 		68.9113
v -187.844 		590.6 		69.289
v -192.095 		590.6 		65.002
v -187.823 		590.6 		67.584
v -187.756 		590.6 		67.926
v -189.573 		590.6 		56.173
v -190.262 		590.6 		56.305
v -190.963 		590.6 		56.349
v -191.378 		590.6 		56.323
v -191.0738 		590.6 		56.665
v -191.378 		590.6 		56.6458
v -187.756 		590.6 		68.84
v -190.3353 		590.6 		56.6324
v -189.5942 		590.6 		56.5057
v -190.218 		590.6 		56.625
v -188.605 		590.6 		66.378
v -188.368 		590.6 		66.736
v -188.179 		590.6 		67.122
v -188.041 		590.6 		67.53
v -189.486 		590.6 		56.485
v -187.8299 		590.6 		67.5488
v -187.9677 		590.6 		67.1103
v -187.844 		590.6 		67.477
v -189.418 		590.6 		46.2226
v -190.963 		590.6 		45.995
v -190.262 		590.6 		46.04
v -189.573 		590.6 		46.172
v -188.1573 		590.6 		66.7018
v -187.99 		590.6 		67.044
v -190.218 		590.6 		45.719
v -207.1347 		590.6 		43.3174
v -189.486 		590.6 		45.86
v -188.4048 		590.6 		66.3097
v -207.139 		590.6 		43.383
v -189.418 		590.6 		45.8822
v -207.1135 		590.6 		43.7708
v -188.191 		590.6 		66.633
v -191.378 		590.6 		45.6982
v -193.464 		590.6 		55.7433
v -207.109 		590.6 		43.84
v -191.664 		590.6 		56.305
v -192.353 		590.6 		56.173
v -193.018 		590.6 		55.955
v -193.464 		590.6 		56.1024
v -193.2475 		590.6 		56.2056
v -191.707 		590.6 		56.625
v -206.875 		590.6 		44.722
v -192.439 		590.6 		56.485
v -185.452 		590.6 		52.596
v -188.443 		590.6 		66.252
v -185.3291 		590.6 		52.0015
v -193.146 		590.6 		56.254
v -185.306 		590.6 		51.89
v -185.2649 		590.6 		51.288
v -193.464 		590.6 		46.6014
v -193.018 		590.6 		46.389
v -192.353 		590.6 		46.172
v -191.664 		590.6 		46.04
v -185.257 		590.6 		51.172
v -191.5963 		590.6 		45.712
v -185.2986 		590.6 		50.5618
v -192.3269 		590.6 		45.8384
v -191.707 		590.6 		45.719
v -185.452 		590.6 		49.749
v -185.6621 		590.6 		49.152
v -193.041 		590.6 		46.0567
v -185.306 		590.6 		50.454
v -192.439 		590.6 		45.86
v -193.464 		590.6 		46.2422
v -186.312 		590.6 		48.584
v -193.146 		590.6 		46.091
v -186.702 		590.6 		48.021
v -187.166 		590.6 		47.512
v -185.692 		590.6 		49.067
v -185.9692 		590.6 		48.5252
v -187.282 		590.6 		47.4138
v -186.928 		590.6 		47.283
v -187.282 		590.6 		46.9844
v -186.436 		590.6 		47.824
v -186.022 		590.6 		48.422
v -187.694 		590.6 		47.065
v -188.278 		590.6 		46.689
v -188.908 		590.6 		46.389
v -187.4074 		590.6 		46.8787
v -187.49 		590.6 		46.809
v -188.0146 		590.6 		46.4706
v -188.11 		590.6 		46.409
v -188.779 		590.6 		46.091
v -189.418 		591.725 		17.998
v -189.418 		590.725 		17.998
v -189.418 		591.725 		32.998
v -203.215 		590.5 		39.913
v -207.139 		590.6 		40.96
v -203.666 		590.6 		39.8831
v -202.77 		590.6 		40.002
v -202.77 		590.5 		40.002
v -202.34 		590.6 		40.149
v -202.34 		590.5 		40.149
v -173.373 		590.6 		41.163
v -173.18 		590.6 		41.69
v -173.066 		590.6 		42.217
v -173 		590.6 		42.75
v -173.111 		590.6 		44.618
v -175.668 		590.6 		43.383
v -173.914 		590.6 		40.159
v -173.6 		590.6 		40.65
v -200.197 		590.6 		39.883
v -173.111 		591.602 		44.618
v -173 		591.602 		42.75
v -173.066 		591.602 		42.217
v -173.18 		591.602 		41.69
v -173.373 		591.602 		41.163
v -173.6 		591.602 		40.65
v -173.914 		591.602 		40.159
v -205.657 		590.6 		40.769
v -205.302 		590.6 		40.53
v -204.918 		590.6 		40.339
v -204.514 		590.6 		40.201
v -204.094 		590.6 		40.117
v -203.668 		590.6 		40.089
v -204.9353 		590.6 		40.1283
v -204.6346 		590.6 		40.0255
v -206.8021 		590.6 		39.883
v -206.122 		590.6 		40.908
v -205.781 		590.6 		40.606
v -205.404 		590.6 		40.352
v -204.996 		590.6 		40.149
v -203.668 		590.6 		39.883
v -176.3272 		590.6 		45.056
v -176.547 		590.6 		45.388
v -176.133 		590.6 		45.133
v -176.0953 		590.6 		45.056
v -176.385 		590.6 		45.514
v -207.674 		590.6 		52.715
v -208.01 		590.6 		52.22
v -207.34 		590.6 		53.21
v -208.263 		590.6 		51.731
v -208.49 		590.6 		51.23
v -175.8964 		590.6 		43.008
v -175.872 		590.6 		43.383
v -175.9 		590.6 		43.813
v -175.983 		590.6 		44.236
v -176.121 		590.6 		44.644
v -176.31 		590.6 		45.03
v -208.798 		590.6 		50.3
v -209.07 		590.6 		49.36
v -175.9634 		590.6 		44.7861
v -175.932 		590.6 		44.722
v -175.8086 		590.6 		44.3561
v -175.6926 		590.6 		43.008
v -175.698 		590.6 		43.84
v -209.234 		590.6 		48.413
v -209.36 		590.6 		47.46
v -209.408 		590.6 		46.491
v -209.43 		590.6 		45.52
v -209.404 		590.6 		45.124
v -209.36 		590.6 		44.73
v -175.786 		590.6 		44.289
v -209.204 		590.6 		43.838
v -209.03 		590.6 		42.95
v -208.799 		590.6 		42.053
v -208.55 		590.6 		41.16
v -208.487 		590.6 		40.982
v -176.9349 		590.6 		40.96
v -176.829 		590.6 		41.054
v -176.547 		590.6 		41.378
v -176.31 		590.6 		41.736
v -176.121 		590.6 		42.122
v -175.983 		590.6 		42.53
v -208.4 		590.6 		40.82
v -175.9 		590.6 		42.953
v -207.533 		590.6 		40.044
v -175.6935 		590.6 		42.9952
v -208.01 		591.602 		52.22
v -207.674 		591.602 		52.715
v -175.698 		590.6 		42.926
v -175.7719 		590.6 		42.5488
v -208.49 		591.602 		51.23
v -208.263 		591.602 		51.731
v -207.34 		591.602 		53.21
v -175.786 		590.6 		42.477
v -175.932 		590.6 		42.044
v -176.0993 		590.6 		41.7018
v -209.07 		591.602 		49.36
v -208.798 		591.602 		50.3
v -176.385 		590.6 		41.252
v -176.6397 		590.6 		40.96
v -176.133 		590.6 		41.633
v -208.487 		591.602 		40.982
v -208.55 		591.602 		41.16
v -208.799 		591.602 		42.053
v -209.03 		591.602 		42.95
v -209.204 		591.602 		43.838
v -209.36 		591.602 		44.73
v -209.404 		591.602 		45.124
v -209.43 		591.602 		45.52
v -209.408 		591.602 		46.491
v -209.36 		591.602 		47.46
v -209.234 		591.602 		48.413
v -181.731 		590.6 		45.388
v -181.9508 		590.6 		45.056
v -182.1787 		590.6 		45.0642
v -182.1827 		590.6 		45.056
v -207.533 		591.602 		40.044
v -208.4 		591.602 		40.82
v -181.893 		590.6 		45.514
v -182.145 		590.6 		45.133
v -182.3816 		590.6 		43.008
v -181.968 		590.6 		45.03
v -182.157 		590.6 		44.644
v -182.295 		590.6 		44.236
v -182.378 		590.6 		43.813
v -182.406 		590.6 		43.383
v -182.5854 		590.6 		43.008
v -182.6057 		590.6 		43.3174
v -182.5845 		590.6 		43.7708
v -182.58 		590.6 		43.84
v -182.5061 		590.6 		44.2172
v -193.464 		591.725 		32.998
v -193.464 		590.725 		17.998
v -193.464 		591.725 		17.998
v -182.346 		590.6 		44.722
v -191.31 		590.6 		31.7
v -182.492 		590.6 		44.289
v -190.255 		590.6 		31.655
v -192.135 		590.6 		31.799
v -192.96 		590.6 		31.89
v -181.3431 		590.6 		40.96
v -182.378 		590.6 		42.953
v -182.295 		590.6 		42.53
v -182.157 		590.6 		42.122
v -181.968 		590.6 		41.736
v -181.731 		590.6 		41.378
v -181.449 		590.6 		41.054
v -181.6383 		590.6 		40.96
v -181.8436 		590.6 		41.1953
v -191.31 		590.725 		31.7
v -191.378 		590.725 		31.7082
v -181.893 		590.6 		41.252
v -190.255 		590.725 		31.655
v -182.145 		590.6 		41.633
v -204.094 		590.5 		40.117
v -182.3146 		590.6 		41.9799
v -192.135 		590.725 		31.799
v -192.96 		590.725 		31.89
v -182.58 		590.6 		42.926
v -193.464 		590.725 		31.8819
v -182.492 		590.6 		42.477
v -182.346 		590.6 		42.044
v -179.09 		590.6 		40.0922
v -178.713 		590.6 		40.117
v -178.293 		590.6 		40.201
v -177.889 		590.6 		40.339
v -177.505 		590.6 		40.53
v -177.15 		590.6 		40.769
v -176.685 		590.6 		40.908
v -176.9749 		590.6 		40.6512
v -203.668 		590.5 		40.089
v -177.026 		590.6 		40.606
v -177.3472 		590.6 		40.3902
v -204.514 		590.5 		40.201
v -204.918 		590.5 		40.339
v -177.404 		590.6 		40.352
v -177.748 		590.6 		40.1804
v -205.302 		590.5 		40.53
v -205.657 		590.5 		40.769
v -178.686 		590.6 		39.913
v -179.09 		590.6 		39.8862
v -178.241 		590.6 		40.002
v -177.811 		590.6 		40.149
v -206.122 		590.5 		40.908
v -205.781 		590.5 		40.606
v -181.128 		590.6 		40.769
v -180.773 		590.6 		40.53
v -180.389 		590.6 		40.339
v -179.985 		590.6 		40.201
v -179.565 		590.6 		40.117
v -179.139 		590.6 		40.089
v -205.404 		590.5 		40.352
v -180.4063 		590.6 		40.1283
v -180.1056 		590.6 		40.0255
v -204.996 		590.5 		40.149
v -181.593 		590.6 		40.908
v -181.252 		590.6 		40.606
v -203.668 		590.5 		39.883
v -180.875 		590.6 		40.352
v -204.566 		590.6 		40.002
v -204.566 		590.5 		40.002
v -180.467 		590.6 		40.149
v -204.121 		590.6 		39.913
v -204.121 		590.5 		39.913
v -180.037 		590.6 		40.002
v -194.215 		590.5 		69.644
v -194.026 		590.5 		70.03
v -179.592 		590.6 		39.913
v -193.789 		590.5 		70.388
v -194.404 		590.5 		69.722
v -193.507 		590.5 		70.712
v -193.651 		590.5 		70.858
v -193.951 		590.5 		70.514
v -194.203 		590.5 		70.133
v -194.436 		590.5 		67.953
v -194.464 		590.5 		68.383
v -194.436 		590.5 		68.813
v -194.638 		590.5 		67.926
v -194.353 		590.5 		69.236
v -201.358 		590.5 		45.712
v -194.668 		590.5 		68.383
v -194.55 		590.5 		69.289
v -194.638 		590.5 		68.84
v -201.076 		590.5 		45.388
v -193.507 		590.5 		66.054
v -193.789 		590.5 		66.378
v -194.026 		590.5 		66.736
v -200.662 		590.5 		45.133
v -193.651 		590.5 		65.908
v -200.914 		590.5 		45.514
v -194.215 		590.5 		67.122
v -193.951 		590.5 		66.252
v -201.214 		590.5 		45.858
v -194.353 		590.5 		67.53
v -194.55 		590.5 		67.477
v -201.555 		590.5 		46.16
v -194.404 		590.5 		67.044
v -194.203 		590.5 		66.633
v -195.223 		590.5 		54.324
v -203.242 		590.5 		46.649
v -194.76 		590.5 		54.833
v -194.232 		590.5 		55.279
v -202.822 		590.5 		46.565
v -193.648 		590.5 		55.656
v -202.418 		590.5 		46.427
v -194.997 		590.5 		55.061
v -194.436 		590.5 		55.536
v -202.034 		590.5 		46.236
v -193.815 		590.5 		55.935
v -195.613 		590.5 		53.761
v -203.215 		590.5 		46.853
v -195.489 		590.5 		54.52
v -195.904 		590.5 		53.922
v -201.679 		590.5 		45.997
v -196.234 		590.5 		53.277
v -195.924 		590.5 		49.191
v -202.77 		590.5 		46.764
v -196.15 		590.5 		49.832
v -196.287 		590.5 		50.497
v -196.333 		590.5 		51.172
v -196.474 		590.5 		49.749
v -196.287 		590.5 		51.848
v -201.932 		590.5 		46.414
v -202.34 		590.5 		46.617
v -196.619 		590.5 		50.454
v -196.15 		590.5 		52.512
v -196.668 		590.5 		51.172
v -195.924 		590.5 		53.153
v -200.839 		590.5 		45.03
v -196.474 		590.5 		52.596
v -196.619 		590.5 		51.89
v -200.65 		590.5 		44.644
v -193.648 		590.5 		46.689
v -194.232 		590.5 		47.065
v -200.512 		590.5 		44.236
v -194.76 		590.5 		47.512
v -200.429 		590.5 		43.813
v -193.815 		590.5 		46.409
v -195.223 		590.5 		48.021
v -194.997 		590.5 		47.283
v -194.436 		590.5 		46.809
v -200.401 		590.5 		43.383
v -195.613 		590.5 		48.584
v -200.461 		590.5 		44.722
v -196.234 		590.5 		49.067
v -195.904 		590.5 		48.422
v -195.489 		590.5 		47.824
v -200.197 		590.5 		43.383
v -196.668 		590.6 		45.672
v -193.83 		590.6 		31.876
v -200.227 		590.5 		43.84
v -200.315 		590.5 		44.289
v -194.7 		590.6 		31.83
v -196.071 		590.6 		31.655
v -200.429 		590.5 		42.953
v -200.512 		590.5 		42.53
v -193.464 		591.602 		31.8819
v -193.83 		591.602 		31.876
v -200.65 		590.5 		42.122
v -194.7 		591.602 		31.83
v -196.071 		591.602 		31.655
v -196.599 		591.602 		75.608
v -196.1 		591.602 		75.86
v -195.172 		591.602 		76.168
v -194.23 		591.602 		76.43
v -194.23 		590.6 		76.43
v -195.172 		590.6 		76.168
v -196.1 		590.6 		75.86
v -196.599 		590.6 		75.608
v -196.668 		590.6 		65.536
v -194.668 		590.6 		68.383
v -196.668 		590.6 		56.672
v -193.507 		590.6 		70.712
v -193.789 		590.6 		70.388
v -194.026 		590.6 		70.03
v -194.215 		590.6 		69.644
v -194.2191 		590.6 		69.632
v -194.4263 		590.6 		69.6557
v -194.4343 		590.6 		69.632
v -194.2367 		590.6 		70.0642
v -194.404 		590.6 		69.722
v -193.651 		590.6 		70.858
v -193.951 		590.6 		70.514
v -194.203 		590.6 		70.133
v -182.61 		590.6 		49.152
v -175.153 		590.6 		50.758
v -175.668 		590.6 		52.4339
v -174.65 		590.6 		49.19
v -175.668 		590.6 		49.152
v -174.432 		590.6 		48.823
v -173.32 		590.6 		46.47
v -173.722 		590.6 		47.476
v -174.2 		590.6 		48.46
v -175.153 		591.602 		50.758
v -194.353 		590.6 		69.236
v -194.436 		590.6 		68.813
v -194.464 		590.6 		68.383
v -194.436 		590.6 		67.953
v -194.3636 		590.6 		67.584
v -194.624 		590.6 		67.8547
v -194.571 		590.6 		67.584
v -200.227 		590.5 		42.926
v -194.6637 		590.6 		68.3174
v -200.839 		590.5 		41.736
v -174.65 		591.602 		49.19
v -200.315 		590.5 		42.477
v -201.076 		590.5 		41.378
v -174.432 		591.602 		48.823
v -200.461 		590.5 		42.044
v -201.358 		590.5 		41.054
v -174.2 		591.602 		48.46
v -200.914 		590.5 		41.252
v -173.722 		591.602 		47.476
v -200.662 		590.5 		41.633
v -173.32 		591.602 		46.47
v -205.657 		590.5 		45.997
v -205.302 		590.5 		46.236
v -204.918 		590.5 		46.427
v -204.514 		590.5 		46.565
v -205.404 		590.5 		46.414
v -204.094 		590.5 		46.649
v -204.996 		590.5 		46.617
v -203.668 		590.5 		46.677
v -203.668 		590.5 		46.883
v -204.121 		590.5 		46.853
v -204.566 		590.5 		46.764
v -206.26 		590.5 		45.388
v -205.978 		590.5 		45.712
v -205.781 		590.5 		46.16
v -206.122 		590.5 		45.858
v -206.422 		590.5 		45.514
v -206.674 		590.5 		45.133
v -206.935 		590.5 		43.383
v -206.907 		590.5 		43.813
v -206.824 		590.5 		44.236
v -207.139 		590.5 		43.383
v -206.686 		590.5 		44.644
v -207.109 		590.5 		43.84
v -206.497 		590.5 		45.03
v -206.875 		590.5 		44.722
v -194.638 		590.6 		67.926
v -194.55 		590.6 		69.289
v -194.638 		590.6 		68.84
v -194.353 		590.6 		67.53
v -194.215 		590.6 		67.122
v -194.026 		590.6 		66.736
v -193.789 		590.6 		66.378
v -193.507 		590.6 		66.054
v -193.5973 		590.6 		65.8604
v -193.651 		590.6 		65.908
v -193.9016 		590.6 		66.1953
v -194.166 		590.6 		66.5771
v -193.951 		590.6 		66.252
v -197.944 		590.6 		33.193
v -198.014 		590.6 		33.124
v -198.06 		590.6 		33.07
v -198.174 		590.6 		32.812
v -197.91 		590.6 		33.381
v -194.55 		590.6 		67.477
v -197.89 		590.6 		33.52
v -194.404 		590.6 		67.044
v -194.203 		590.6 		66.633
v -197.74 		590.6 		35.081
v -197.65 		590.6 		36.64
v -197.831 		590.6 		37.525
v -198.154 		590.6 		39.733
v -198.04 		590.6 		38.41
v -193.648 		590.6 		55.656
v -194.232 		590.6 		55.279
v -194.76 		590.6 		54.833
v -195.223 		590.6 		54.324
v -195.474 		590.6 		53.9617
v -195.0694 		590.6 		54.9814
v -195.474 		590.6 		54.5365
v -206.62 		590.6 		39.33
v -205.682 		590.6 		38.952
v -204.71 		590.6 		38.65
v -204.177 		590.6 		38.576
v -203.64 		590.6 		38.55
v -203.055 		590.6 		38.634
v -202.48 		590.6 		38.77
v -201.112 		590.6 		39.361
v -194.5244 		590.6 		55.4612
v -194.997 		590.6 		55.061
v -193.9083 		590.6 		55.875
v -194.436 		590.6 		55.536
v -198.24 		590.6 		32.54
v -198.159 		590.6 		32.199
v -198.02 		590.6 		31.88
v -197.745 		590.6 		31.663
v -197.43 		590.6 		31.52
v -193.815 		590.6 		55.935
v -198.174 		591.602 		32.812
v -198.06 		591.602 		33.07
v -198.014 		591.602 		33.124
v -197.944 		591.602 		33.193
v -197.91 		591.602 		33.381
v -197.89 		591.602 		33.52
v -195.8754 		590.6 		53.248
v -195.613 		590.6 		53.761
v -197.74 		591.602 		35.081
v -195.489 		590.6 		54.52
v -197.65 		591.602 		36.64
v -195.904 		590.6 		53.922
v -197.831 		591.602 		37.525
v -196.234 		590.6 		53.277
v -198.04 		591.602 		38.41
v -198.154 		591.602 		39.733
v -196.2442 		590.6 		53.248
v -195.904 		590.6 		49.152
v -201.112 		591.602 		39.361
v -202.48 		591.602 		38.77
v -203.055 		591.602 		38.634
v -203.64 		591.602 		38.55
v -204.177 		591.602 		38.576
v -204.71 		591.602 		38.65
v -205.682 		591.602 		38.952
v -206.62 		591.602 		39.33
v -195.924 		590.6 		53.153
v -196.15 		590.6 		52.512
v -196.287 		590.6 		51.848
v -196.333 		590.6 		51.172
v -196.287 		590.6 		50.497
v -196.15 		590.6 		49.832
v -195.924 		590.6 		49.191
v -196.2639 		590.6 		49.152
v -196.437 		590.6 		49.6438
v -197.43 		591.602 		31.52
v -197.745 		591.602 		31.663
v -198.02 		591.602 		31.88
v -198.159 		591.602 		32.199
v -198.24 		591.602 		32.54
v -196.474 		590.6 		49.749
v -196.5968 		590.6 		50.3463
v -196.619 		590.6 		50.454
v -196.6606 		590.6 		51.0638
v -196.668 		590.6 		51.172
v -196.6265 		590.6 		51.7795
v -196.474 		590.6 		52.596
v -196.619 		590.6 		51.89
v -195.474 		590.6 		48.3833
v -195.223 		590.6 		48.021
v -194.76 		590.6 		47.512
v -194.232 		590.6 		47.065
v -193.648 		590.6 		46.689
v -193.7123 		590.6 		46.3602
v -193.815 		590.6 		46.409
v -194.3411 		590.6 		46.7479
v -194.997 		590.6 		47.283
v -195.474 		590.6 		47.8075
v -194.436 		590.6 		46.809
v -195.613 		590.6 		48.584
v -196.234 		590.6 		49.067
v -195.904 		590.6 		48.422
v -195.489 		590.6 		47.824
# 1687 vertices

g group_3_14860437

usemtl color_14860437
s 0

f 3920 	3887 	4611
f 4609 	4611 	3887
f 3886 	4610 	3887
f 4609 	3887 	4610
f 4611 	4739 	3921
f 4611 	3921 	3920
f 4610 	4740 	4741
f 4610 	4741 	4609
f 4758 	4740 	4757
f 4740 	4610 	4757
f 4760 	4757 	4610
f 4760 	4610 	3886
f 4740 	4758 	4764
f 4740 	4764 	4765
f 4767 	4740 	4765
f 4741 	4739 	4609
f 4611 	4609 	4739
f 4740 	4904 	4741
f 4739 	4741 	4904
f 4739 	4904 	3921
f 4904 	4740 	4767
# 21 faces

g group_3_15277357

usemtl color_15277357
s 0

f 3419 	3417 	3416
f 3418 	3416 	3417
f 3421 	3427 	3420
f 3420 	3423 	3419
f 3422 	3426 	3421
f 3417 	3419 	3423
f 3423 	3420 	3427
f 3424 	3425 	3422
f 3427 	3421 	3426
f 3425 	3426 	3422
f 3431 	3444 	3429
f 3428 	3429 	3433
f 3432 	3437 	3430
f 3424 	3430 	3425
f 3434 	3443 	3431
f 3433 	3429 	3436
f 3435 	3440 	3432
f 3425 	3430 	3437
f 3438 	3442 	3434
f 3439 	3445 	3435
f 3437 	3432 	3440
f 3447 	3448 	3441
f 3444 	3431 	3443
f 3436 	3429 	3444
f 3442 	3443 	3434
f 3440 	3435 	3445
f 3446 	3447 	3441
f 3445 	3439 	3448
f 3439 	3441 	3448
f 3450 	3453 	3449
f 3452 	3457 	3450
f 3454 	3458 	3462
f 3470 	3468 	3456
f 3453 	3450 	3457
f 3461 	3462 	3458
f 3460 	3465 	3459
f 3464 	3467 	3460
f 3457 	3452 	3463
f 3452 	3454 	3463
f 3462 	3463 	3454
f 3461 	3458 	3433
f 3485 	3482 	3465
f 3466 	3471 	3464
f 4819 	3449 	3453
f 3465 	3460 	3467
f 3468 	3470 	3466
f 3467 	3464 	3471
f 3470 	3471 	3466
f 3451 	3456 	3468
f 3473 	3478 	3472
f 3475 	3517 	3511
f 4836 	3475 	3469
f 3476 	3487 	3474
f 3474 	3481 	3473
f 3521 	3472 	3478
f 3479 	3486 	3476
f 3478 	3473 	3481
f 3482 	3485 	3479
f 3493 	3489 	3483
f 3484 	3493 	3483
f 3487 	3476 	3486
f 3481 	3474 	3487
f 3485 	3486 	3479
f 3459 	3465 	3482
f 3488 	3492 	3484
f 3491 	3498 	3490
f 3498 	3495 	3490
f 3494 	3501 	3491
f 3446 	3490 	3495
f 3447 	3446 	3495
f 3493 	3484 	3492
f 3477 	3496 	3488
f 3497 	3488 	3496
f 3492 	3488 	3497
f 3500 	3502 	3505
f 3498 	3491 	3501
f 3504 	3505 	3502
f 3503 	3515 	3499
f 3477 	3499 	3496
f 3510 	3496 	3499
f 3507 	3514 	3503
f 3501 	3494 	3506
f 3494 	3500 	3506
f 3505 	3506 	3500
f 3511 	3517 	3507
f 3513 	3524 	3512
f 3516 	3523 	3513
f 3510 	3499 	3515
f 3514 	3515 	3503
f 3469 	3475 	3511
f 3514 	3507 	3517
f 3521 	3522 	3518
f 3520 	3528 	3519
f 3523 	3516 	3522
f 3524 	3513 	3523
f 3518 	3522 	3516
f 3521 	3518 	3472
f 3525 	3531 	3520
f 3504 	3502 	3527
f 3502 	3508 	3527
f 3508 	3509 	3527
f 3526 	3527 	3509
f 3512 	3529 	3509
f 3529 	3512 	3524
f 3526 	3509 	3529
f 3528 	3520 	3531
f 3418 	3530 	3416
f 3535 	3548 	3534
f 3418 	3534 	3530
f 3538 	3542 	3536
f 3539 	3547 	3537
f 3540 	3551 	3539
f 3533 	3541 	3538
f 3541 	3542 	3538
f 3543 	3536 	3542
f 3545 	3550 	3540
f 3544 	3537 	3547
f 3547 	3539 	3551
f 3548 	3535 	3545
f 3549 	3554 	3546
f 3551 	3540 	3550
f 3530 	3534 	3548
f 3550 	3545 	3535
f 3552 	3557 	3549
f 3555 	3546 	3554
f 3519 	3528 	3552
f 3557 	3552 	3528
f 3554 	3549 	3557
f 3558 	3562 	3556
f 3560 	3564 	3558
f 3562 	3577 	3556
f 3561 	3567 	3559
f 3533 	3559 	3541
f 3568 	3569 	3563
f 3541 	3559 	3567
f 3565 	3915 	3561
f 3562 	3558 	3564
f 3566 	3568 	3563
f 3564 	3560 	3570
f 3560 	3563 	3570
f 3569 	3570 	3563
f 3568 	3566 	3537
f 3568 	3537 	3544
f 3578 	3455 	3573
f 3577 	3578 	3553
f 3553 	3556 	3577
f 3573 	3553 	3578
f 3451 	3573 	3455
f 3456 	3451 	3455
f 3582 	3589 	3581
f 3583 	3591 	3590
f 3587 	3588 	3585
f 3590 	3581 	3589
f 3588 	3589 	3582
f 3582 	3585 	3588
f 3587 	3595 	3606
f 3581 	3590 	3591
f 3751 	3752 	3742
f 3751 	3744 	3583
f 3598 	3606 	3595
f 3585 	3595 	3587
f 3601 	3605 	3598
f 3604 	3605 	3601
f 3606 	3598 	3605
f 3605 	3604 	3609
f 3612 	3616 	3610
f 3604 	3610 	3609
f 3613 	3620 	3612
f 3609 	3610 	3616
f 3616 	3612 	3620
f 3617 	3619 	3613
f 3620 	3613 	3619
f 3624 	3626 	3627
f 3617 	3627 	3626
f 3619 	3617 	3626
f 3636 	3641 	3635
f 3442 	3438 	3640
f 3635 	3640 	3438
f 3480 	3651 	3647
f 3647 	3652 	3646
f 3652 	3647 	3651
f 3651 	3480 	3489
f 3480 	3483 	3489
f 3655 	3663 	3636
f 3657 	3662 	3655
f 3640 	3635 	3641
f 3658 	3660 	3657
f 3641 	3636 	3663
f 3663 	3655 	3662
f 3660 	3662 	3657
f 3670 	3680 	3664
f 3672 	3679 	3670
f 3658 	3664 	3674
f 3658 	3674 	3660
f 3674 	3664 	3680
f 3676 	3679 	3672
f 3680 	3670 	3679
f 3679 	3676 	3682
f 3684 	3691 	3683
f 3685 	3686 	3687
f 3688 	3696 	3684
f 3691 	3682 	3683
f 3676 	3683 	3682
f 3685 	3687 	3689
f 3690 	3692 	3693
f 3694 	3699 	3688
f 3706 	3693 	3695
f 3692 	3695 	3693
f 3691 	3684 	3696
f 3646 	3703 	3694
f 3628 	3697 	3698
f 3696 	3688 	3699
f 3700 	3701 	3702
f 3699 	3694 	3703
f 3703 	3646 	3652
f 3686 	3685 	3700
f 3686 	3700 	3702
f 3706 	3695 	3705
f 3724 	3704 	3710
f 3715 	3706 	3707
f 3705 	3707 	3706
f 3739 	3713 	3704
f 3697 	3708 	3709
f 3697 	3709 	3698
f 3701 	3700 	3711
f 3701 	3711 	3712
f 3715 	3707 	3714
f 3718 	3719 	3717
f 3720 	3723 	3716
f 3708 	3712 	3711
f 3708 	3711 	3709
f 3721 	3727 	3720
f 3719 	3715 	3717
f 3724 	3728 	3721
f 3715 	3725 	3722
f 3722 	3717 	3715
f 3715 	3714 	3725
f 3723 	3720 	3727
f 3726 	3727 	3721
f 3710 	3728 	3724
f 3726 	3721 	3728
f 3532 	3719 	3729
f 3718 	3729 	3719
f 3732 	3733 	3734
f 3732 	3734 	3735
f 3736 	3761 	3731
f 3737 	3760 	3736
f 3735 	3734 	3738
f 3742 	3752 	3739
f 3740 	3741 	3743
f 3744 	3751 	3742
f 3745 	3746 	3741
f 3745 	3741 	3740
f 3591 	3583 	3744
f 3747 	3748 	3749
f 3747 	3749 	3750
f 3752 	3713 	3739
f 3710 	3704 	3713
f 3749 	3748 	3753
f 3749 	3753 	3754
f 3988 	3624 	3984
f 3723 	3730 	3716
f 3754 	3753 	3755
f 3781 	3756 	3757
f 3760 	3737 	3759
f 3761 	3736 	3760
f 3738 	3762 	3763
f 3738 	3763 	3735
f 3763 	3762 	3747
f 3763 	3747 	3750
f 3766 	3768 	3771
f 3766 	3771 	3772
f 3765 	3775 	3764
f 3776 	3764 	3775
f 3766 	3743 	3768
f 3741 	3768 	3743
f 3780 	3781 	3757
f 3782 	3796 	3779
f 3787 	3796 	3782
f 3785 	3786 	3781
f 3785 	3781 	3780
f 3790 	3779 	3796
f 3791 	3764 	3769
f 3771 	3786 	3785
f 3771 	3785 	3772
f 3776 	3769 	3764
f 3787 	3791 	3798
f 3798 	3791 	3769
f 3796 	3787 	3798
f 3755 	3797 	3799
f 3755 	3799 	3754
f 3799 	3797 	3804
f 3799 	3804 	3806
f 3808 	3822 	3802
f 3806 	3804 	3812
f 3806 	3812 	3814
f 3813 	3829 	3808
f 3819 	3828 	3813
f 3818 	3756 	3840
f 3781 	3840 	3756
f 3817 	3802 	3822
f 3814 	3812 	3825
f 3814 	3825 	3802
f 3817 	3834 	3833
f 3832 	3833 	3834
f 3822 	3808 	3829
f 3828 	3829 	3813
f 3827 	3828 	3819
f 3827 	3819 	3823
f 3779 	3790 	3823
f 3827 	3823 	3790
f 3835 	3532 	3525
f 3836 	3837 	3833
f 3836 	3833 	3832
f 3711 	3715 	3765
f 3765 	3839 	3711
f 3709 	3711 	3839
f 3838 	3840 	3837
f 3838 	3837 	3836
f 3845 	3709 	3839
f 3531 	3525 	3532
f 3840 	3838 	3818
f 3852 	3859 	3848
f 3621 	3851 	3853
f 3621 	3853 	3737
f 3730 	3858 	3854
f 3857 	3855 	3856
f 3853 	3851 	3733
f 3853 	3733 	3732
f 3859 	3852 	3858
f 3852 	3854 	3858
f 3854 	3716 	3730
f 3746 	3865 	3855
f 3746 	3855 	3857
f 3859 	3693 	3848
f 3685 	3848 	3693
f 3706 	3685 	3693
f 3746 	3745 	3865
f 3857 	3856 	3869
f 3857 	3869 	3870
f 3870 	3869 	3871
f 3870 	3871 	3872
f 3877 	3875 	3876
f 3988 	3884 	3880
f 3700 	3706 	3711
f 3685 	3706 	3700
f 3885 	3882 	3884
f 3882 	3880 	3884
f 3715 	3711 	3706
f 3876 	3644 	3877
f 3758 	3877 	3644
f 3888 	3884 	3891
f 3893 	3884 	3888
f 3835 	3775 	3719
f 3532 	3835 	3719
f 3715 	3719 	3775
f 3775 	3765 	3715
f 3761 	3698 	3731
f 3845 	3731 	3698
f 3709 	3845 	3698
f 3895 	3884 	3893
f 3989 	3891 	3884
f 3885 	3884 	3895
f 3741 	3746 	3735
f 3732 	3735 	3746
f 3567 	3561 	3915
f 3915 	3565 	3916
f 3935 	3936 	3937
f 3940 	3941 	3942
f 3943 	3942 	3941
f 3943 	3941 	3944
f 3735 	3763 	3741
f 3771 	3768 	3750
f 3781 	3786 	3749
f 3749 	3754 	3781
f 3750 	3749 	3786
f 3786 	3771 	3750
f 3763 	3750 	3768
f 3741 	3763 	3768
f 3799 	3840 	3754
f 3806 	3837 	3799
f 3781 	3754 	3840
f 3817 	3833 	3814
f 3837 	3806 	3833
f 3840 	3799 	3837
f 3814 	3833 	3806
f 3817 	3814 	3802
f 3530 	3897 	3975
f 3737 	3853 	3759
f 3530 	3975 	3978
f 3530 	3978 	3416
f 3732 	3746 	3884
f 3989 	3884 	3746
f 3857 	3989 	3746
f 3418 	3890 	3534
f 3889 	3534 	3890
f 3870 	3989 	3857
f 3889 	3892 	3535
f 3889 	3535 	3534
f 3892 	3894 	3535
f 3537 	3896 	3902
f 3539 	3537 	3902
f 3539 	3902 	3901
f 3540 	3539 	3901
f 3540 	3901 	3900
f 3872 	3991 	3870
f 3884 	3877 	3732
f 3853 	3732 	3877
f 3877 	3758 	3853
f 3759 	3853 	3758
f 3903 	3568 	3904
f 3545 	3540 	3900
f 3545 	3900 	3899
f 3884 	3988 	3877
f 3906 	3905 	3544
f 3905 	3904 	3544
f 3984 	3877 	3988
f 3627 	3984 	3624
f 3548 	3545 	3899
f 3548 	3899 	3898
f 3914 	3913 	3547
f 3914 	3547 	3551
f 3990 	4001 	3872
f 3544 	3547 	3906
f 3913 	3906 	3547
f 3989 	3870 	3991
f 3992 	4000 	3990
f 3898 	3897 	3548
f 3530 	3548 	3897
f 3991 	3872 	3993
f 3997 	4007 	3992
f 3894 	3917 	3550
f 3894 	3550 	3535
f 3917 	3919 	3551
f 3917 	3551 	3550
f 3993 	3872 	4001
f 4001 	3990 	4000
f 3919 	3914 	3551
f 4006 	4009 	4003
f 4003 	4010 	3997
f 3553 	3924 	3931
f 4000 	3992 	4007
f 4010 	4007 	3997
f 4008 	4012 	4006
f 4010 	4003 	4009
f 4009 	4006 	4012
f 3556 	3553 	3931
f 3556 	3931 	3929
f 4014 	4017 	4013
f 3558 	3556 	3929
f 3558 	3929 	3928
f 4015 	4018 	4014
f 4008 	4013 	4016
f 4008 	4016 	4012
f 3560 	3558 	3928
f 3560 	3928 	3927
f 3934 	3933 	3562
f 3536 	3543 	4015
f 3563 	3560 	3927
f 3563 	3927 	3926
f 4017 	4014 	4018
f 4016 	4013 	4017
f 3939 	3938 	3562
f 4018 	4015 	3543
f 3938 	3934 	3562
f 3566 	3563 	3926
f 3566 	3926 	3925
f 3946 	3945 	3564
f 3562 	3564 	3939
f 3945 	3939 	3564
f 3925 	3896 	3566
f 3537 	3566 	3896
f 3903 	3950 	3568
f 3544 	3904 	3568
f 3950 	3959 	3569
f 3950 	3569 	3568
f 3959 	3962 	3570
f 3959 	3570 	3569
f 3564 	3570 	3946
f 3962 	3946 	3570
f 3573 	3451 	3968
f 3573 	3968 	3969
f 3969 	3924 	3573
f 3553 	3573 	3924
f 3933 	3970 	3577
f 3933 	3577 	3562
f 3970 	3972 	3578
f 3970 	3578 	3577
f 3455 	3578 	3974
f 3972 	3974 	3578
f 3872 	3871 	4080
f 3872 	4080 	3990
f 4201 	3943 	3944
f 4201 	3944 	4203
f 4207 	4201 	4203
f 4207 	4203 	4210
f 4194 	4200 	3581
f 3581 	4200 	4199
f 3581 	4199 	3582
f 4206 	4205 	3583
f 3582 	4199 	4198
f 3582 	4198 	3585
f 3590 	4212 	3583
f 4211 	3583 	4212
f 4211 	4206 	3583
f 3585 	4198 	4197
f 4216 	3587 	4218
f 4220 	3588 	3587
f 4220 	3587 	4216
f 4222 	3589 	3588
f 4222 	3588 	4220
f 4223 	3590 	3589
f 4223 	3589 	4222
f 3590 	4223 	4212
f 3591 	3630 	4228
f 3591 	4228 	4194
f 3591 	4194 	3581
f 3751 	3583 	3637
f 4205 	3637 	3583
f 4197 	4236 	3595
f 4197 	3595 	3585
f 3595 	4236 	4235
f 3595 	4235 	3598
f 3598 	4235 	4234
f 3598 	4234 	3601
f 3601 	4234 	4233
f 3601 	4233 	3604
f 3587 	3606 	4238
f 3587 	4238 	4218
f 3604 	4233 	4232
f 4239 	3609 	4240
f 4078 	3605 	3609
f 4078 	3609 	4239
f 4242 	3606 	3605
f 4242 	3605 	4078
f 3606 	4242 	4238
f 4232 	4248 	3610
f 4232 	3610 	3604
f 3610 	4248 	4247
f 3610 	4247 	3612
f 3612 	4247 	4246
f 3612 	4246 	3613
f 3613 	4246 	4245
f 3613 	4245 	3617
f 3620 	4251 	3616
f 4250 	3616 	4251
f 4250 	4240 	3616
f 3609 	3616 	4240
f 3617 	4245 	4244
f 4253 	3624 	4254
f 4256 	3626 	3624
f 4256 	3624 	4253
f 4258 	3619 	3626
f 4258 	3626 	4256
f 4260 	3620 	3619
f 4260 	3619 	4258
f 3620 	4260 	4251
f 4244 	4263 	3627
f 4244 	3627 	3617
f 3627 	4263 	3642
f 4254 	3624 	4264
f 3988 	4265 	3624
f 4264 	3624 	4265
f 3645 	4382 	3984
f 3984 	4382 	3875
f 3984 	3875 	3877
f 4265 	3988 	4383
f 4384 	3988 	3880
f 4392 	4791 	4391
f 4395 	4207 	4210
f 4395 	4210 	4396
f 4397 	4391 	4398
f 4400 	4395 	4396
f 4400 	4396 	4403
f 4409 	4410 	4411
f 4398 	4411 	4397
f 4410 	4397 	4411
f 4400 	4403 	4417
f 4419 	4420 	4421
f 4420 	4424 	4425
f 4420 	4425 	4421
f 4424 	4427 	4428
f 4424 	4428 	4425
f 4411 	4428 	4409
f 4427 	4409 	4428
f 4366 	4429 	4430
f 4430 	4429 	4432
f 4430 	4432 	4433
f 4433 	4432 	4435
f 4433 	4435 	4436
f 4453 	4441 	4440
f 4439 	4440 	4441
f 4440 	4439 	4390
f 4436 	4435 	4448
f 4436 	4448 	4450
f 4452 	4453 	4454
f 4453 	4452 	4441
f 4457 	4450 	4448
f 4457 	4448 	4458
f 4460 	4454 	4461
f 4453 	4461 	4454
f 4457 	4458 	4470
f 3988 	4384 	4383
f 4569 	3989 	4571
f 3989 	4569 	3891
f 3992 	3990 	4080
f 3992 	4080 	4482
f 4573 	3991 	4574
f 4573 	4571 	3991
f 3989 	3991 	4571
f 3997 	3992 	4482
f 3997 	4482 	4481
f 4579 	3993 	4581
f 4579 	4574 	3993
f 3991 	3993 	4574
f 3997 	4481 	4480
f 4584 	4000 	4585
f 4587 	4001 	4000
f 4587 	4000 	4584
f 4587 	4581 	4001
f 3993 	4001 	4581
f 4480 	4590 	4003
f 4480 	4003 	3997
f 4003 	4590 	4592
f 4003 	4592 	4006
f 4006 	4592 	4593
f 4006 	4593 	4008
f 4010 	4595 	4007
f 4594 	4007 	4595
f 4594 	4585 	4007
f 4000 	4007 	4585
f 3428 	3458 	4137
f 3428 	4137 	4136
f 4008 	4593 	4596
f 3429 	3428 	4136
f 3429 	4136 	4135
f 4597 	4012 	4598
f 3431 	3429 	4135
f 3431 	4135 	4134
f 4599 	4009 	4012
f 4599 	4012 	4597
f 4600 	4010 	4009
f 4600 	4009 	4599
f 3461 	3433 	4139
f 4138 	4139 	3433
f 4010 	4600 	4595
f 4596 	4601 	4013
f 4596 	4013 	4008
f 3434 	3431 	4134
f 3434 	4134 	4133
f 4013 	4601 	4602
f 4013 	4602 	4014
f 4140 	4126 	3433
f 4140 	3433 	3436
f 4014 	4602 	4603
f 4014 	4603 	4015
f 4126 	4138 	3433
f 4604 	4598 	4016
f 4012 	4016 	4598
f 3438 	3434 	4133
f 3438 	4133 	4132
f 4015 	4603 	4544
f 4015 	4544 	3536
f 4605 	4016 	4606
f 4141 	4142 	3436
f 4016 	4605 	4604
f 4142 	4140 	3436
f 4607 	4017 	4018
f 4607 	4606 	4017
f 4016 	4017 	4606
f 3543 	4555 	4018
f 4608 	4018 	4555
f 4131 	3438 	4132
f 4018 	4608 	4607
f 3442 	4143 	4144
f 4144 	4145 	3443
f 4144 	3443 	3442
f 4145 	4146 	3444
f 4145 	3444 	3443
f 3436 	3444 	4141
f 4146 	4141 	3444
f 3480 	4147 	4148
f 3449 	4155 	4154
f 3450 	3449 	4154
f 3450 	4154 	4153
f 3452 	3450 	4153
f 3452 	4153 	4152
f 4157 	4159 	3453
f 3454 	3452 	4152
f 3454 	4152 	4151
f 4160 	4161 	3453
f 4161 	4157 	3453
f 3458 	3454 	4151
f 3458 	4151 	4150
f 4472 	4612 	4614
f 4163 	4165 	3457
f 4615 	4616 	4612
f 4615 	4612 	4472
f 3453 	3457 	4160
f 4165 	4160 	3457
f 4617 	4618 	4616
f 4617 	4616 	4615
f 4461 	4618 	4617
f 4461 	4617 	4460
f 3458 	4150 	4137
f 4139 	4399 	3461
f 4399 	4405 	3462
f 4399 	3462 	3461
f 4405 	4412 	3463
f 4405 	3463 	3462
f 3457 	3463 	4163
f 4412 	4163 	3463
f 3449 	4818 	4155
f 4819 	3453 	4426
f 4159 	4426 	3453
f 4438 	4437 	3469
f 3475 	4443 	4446
f 4836 	4451 	3475
f 4455 	3475 	4451
f 4455 	4443 	3475
f 4464 	4463 	3477
f 4148 	4469 	3480
f 3480 	4469 	4468
f 3480 	4468 	3483
f 3483 	4468 	4467
f 3483 	4467 	3484
f 3484 	4467 	4466
f 3484 	4466 	3488
f 3493 	4473 	3489
f 4471 	3489 	4473
f 4374 	3489 	4471
f 4464 	3477 	3488
f 4464 	3488 	4466
f 4474 	3497 	3496
f 4474 	3496 	4122
f 4483 	3492 	3497
f 4483 	3497 	4474
f 4487 	3493 	3492
f 4487 	3492 	4483
f 3493 	4487 	4473
f 3496 	4490 	4122
f 4463 	4496 	3499
f 4463 	3499 	3477
f 3499 	4496 	4495
f 3499 	4495 	3503
f 3503 	4495 	4494
f 3503 	4494 	3507
f 4497 	4490 	3510
f 3496 	3510 	4490
f 3511 	3507 	4494
f 3511 	4494 	4493
f 4498 	3510 	4499
f 3510 	4498 	4497
f 4493 	4438 	3511
f 3469 	3511 	4438
f 3475 	4446 	3517
f 4519 	3517 	4446
f 4520 	3514 	3517
f 4520 	3517 	4519
f 4523 	3515 	3514
f 4523 	3514 	4520
f 4523 	4499 	3515
f 3510 	3515 	4499
f 3519 	4529 	4528
f 3520 	3519 	4528
f 3520 	4528 	4527
f 3525 	3520 	4527
f 3525 	4527 	4526
f 4530 	4531 	3528
f 3654 	3525 	4526
f 4533 	4120 	3528
f 4120 	4530 	3528
f 4534 	4535 	3531
f 3528 	3531 	4533
f 4535 	4533 	3531
f 3532 	4162 	4540
f 3531 	3532 	4534
f 4540 	4534 	3532
f 4545 	4578 	3533
f 3536 	4544 	4547
f 3536 	4547 	4546
f 3536 	4546 	3538
f 3538 	4546 	4545
f 3538 	4545 	3533
f 4550 	3542 	3541
f 4550 	3541 	3918
f 4552 	3543 	3542
f 4552 	3542 	4550
f 4555 	3543 	4552
f 3541 	4558 	3918
f 3546 	4559 	4563
f 3549 	3546 	4563
f 3549 	4563 	4562
f 3552 	3549 	4562
f 3552 	4562 	4561
f 4565 	4564 	3555
f 4561 	4529 	3552
f 3519 	3552 	4529
f 4531 	4566 	3557
f 4531 	3557 	3528
f 4566 	4568 	3554
f 4566 	3554 	3557
f 4568 	4572 	3555
f 4568 	3555 	3554
f 4572 	4565 	3555
f 4578 	3559 	3533
f 3559 	4578 	4577
f 3559 	4577 	3561
f 3561 	4577 	4576
f 3561 	4576 	3565
f 4580 	4558 	3567
f 3541 	3567 	4558
f 4575 	3565 	4576
f 4583 	3567 	4582
f 3567 	4583 	4580
f 4588 	3915 	4586
f 4588 	4582 	3915
f 3567 	3915 	4582
f 4591 	3916 	4589
f 4591 	4586 	3916
f 3915 	3916 	4586
f 4640 	4639 	4762
f 4640 	4762 	4778
f 4762 	4639 	4638
f 4762 	4638 	4781
f 4781 	4638 	4637
f 4781 	4637 	4782
f 4782 	4637 	4636
f 4782 	4636 	4785
f 4785 	4636 	4635
f 4785 	4635 	4786
f 4802 	4641 	4642
f 4786 	4635 	3940
f 4786 	3940 	3942
f 4392 	4644 	4791
f 4398 	4391 	4791
f 4645 	4792 	4791
f 4645 	4791 	4644
f 4646 	4799 	4792
f 4646 	4792 	4645
f 4647 	4802 	4799
f 4647 	4799 	4646
f 4802 	4647 	4641
f 4457 	4470 	4778
f 4640 	4778 	4470
f 4648 	4614 	4805
f 4612 	4805 	4614
f 4802 	4642 	4808
f 4807 	4808 	4642
f 4810 	4811 	4808
f 4810 	4808 	4807
f 3635 	4330 	4329
f 4805 	4811 	4810
f 4805 	4810 	4648
f 3636 	3635 	4329
f 3636 	4329 	4328
f 3636 	4328 	4327
f 4814 	4817 	4813
f 4333 	4334 	3640
f 4816 	4821 	4814
f 4337 	4338 	3640
f 4337 	3640 	3641
f 3416 	3978 	4650
f 4818 	4820 	4816
f 3416 	4650 	4649
f 3416 	4649 	3419
f 4338 	4333 	3640
f 4651 	3417 	4652
f 4821 	4816 	4820
f 4817 	4814 	4821
f 4819 	4820 	4818
f 4819 	4818 	3449
f 4653 	3418 	3417
f 4653 	3417 	4651
f 3890 	3418 	4653
f 4823 	4828 	4822
f 4649 	4664 	3419
f 4824 	4828 	4823
f 3419 	4664 	4663
f 3419 	4663 	3420
f 4826 	4813 	4829
f 3420 	4663 	4662
f 3420 	4662 	3421
f 4827 	4861 	4306
f 4827 	4306 	4309
f 3421 	4662 	4661
f 3421 	4661 	3422
f 4825 	4822 	4828
f 4817 	4829 	4813
f 4826 	4830 	4824
f 4830 	4826 	4829
f 4828 	4824 	4830
f 4827 	4309 	4308
f 4827 	4308 	4831
f 4667 	4652 	3423
f 3417 	3423 	4652
f 4312 	4311 	4843
f 3422 	4661 	4660
f 3422 	4660 	3424
f 3427 	4669 	3423
f 4668 	3423 	4669
f 4833 	4839 	4832
f 4831 	4308 	4307
f 3423 	4668 	4667
f 4834 	4845 	4833
f 3469 	4832 	4836
f 4315 	4835 	4316
f 3424 	4660 	4659
f 4838 	4844 	4834
f 4318 	4837 	4835
f 4318 	4835 	4315
f 4624 	3425 	4670
f 4836 	4832 	4839
f 4841 	4842 	4838
f 4319 	4840 	4837
f 4319 	4837 	4318
f 4671 	3426 	3425
f 4671 	3425 	4624
f 4678 	3427 	3426
f 4678 	3426 	4671
f 4319 	4320 	4843
f 4319 	4843 	4840
f 4845 	4834 	4844
f 4839 	4833 	4845
f 4842 	4844 	4838
f 4822 	4825 	4841
f 4842 	4841 	4825
f 3427 	4678 	4669
f 4320 	4312 	4843
f 4659 	4691 	3430
f 4659 	3430 	3424
f 4848 	4853 	4846
f 4847 	4321 	4326
f 3430 	4691 	4689
f 3430 	4689 	3432
f 4849 	4854 	4848
f 4850 	4847 	4326
f 4850 	4326 	4325
f 3432 	4689 	4688
f 3432 	4688 	3435
f 4851 	4856 	4849
f 4852 	4850 	4325
f 4852 	4325 	4324
f 4693 	4670 	3437
f 3425 	3437 	4670
f 4853 	4848 	4854
f 3546 	3555 	4851
f 3435 	4688 	4687
f 3435 	4687 	3439
f 4331 	4971 	4332
f 4854 	4849 	4856
f 4696 	3437 	4697
f 4855 	4852 	4324
f 4855 	4324 	4323
f 4856 	4851 	3555
f 3437 	4696 	4693
f 4336 	4335 	4858
f 3441 	3439 	4687
f 3441 	4687 	4686
f 4335 	4332 	4858
f 4701 	3440 	4702
f 4846 	4859 	4857
f 4853 	4859 	4846
f 4860 	4857 	4859
f 4862 	4875 	4860
f 4861 	4855 	4323
f 4861 	4323 	4322
f 4701 	4697 	3440
f 3437 	3440 	4697
f 4340 	4339 	4864
f 3446 	3441 	4686
f 3446 	4686 	4685
f 4702 	3445 	4703
f 4858 	4864 	4336
f 4339 	4336 	4864
f 4866 	4868 	4865
f 3440 	3445 	4702
f 4867 	4872 	4866
f 4861 	4322 	4306
f 3446 	4685 	4684
f 4311 	4342 	4870
f 4311 	4870 	4843
f 4706 	3447 	4707
f 4342 	4344 	4871
f 4342 	4871 	4870
f 4892 	4865 	4868
f 4869 	4878 	4867
f 4708 	3448 	3447
f 4708 	3447 	4706
f 4868 	4866 	4872
f 4874 	4872 	4867
f 4873 	4877 	4869
f 4864 	4871 	4340
f 4344 	4340 	4871
f 4708 	4703 	3448
f 3445 	3448 	4703
f 4875 	4862 	4873
f 4874 	4867 	4878
f 3451 	4721 	4720
f 4307 	4350 	4876
f 4307 	4876 	4831
f 4878 	4869 	4877
f 4857 	4860 	4875
f 4877 	4873 	4862
f 3968 	3451 	4720
f 4876 	4350 	4349
f 4876 	4349 	4879
f 3470 	3456 	4723
f 4722 	4723 	3456
f 4881 	4885 	4880
f 3565 	4880 	3916
f 4879 	4349 	4348
f 4879 	4348 	4882
f 3455 	3974 	4726
f 4883 	4888 	4881
f 3916 	4880 	4885
f 4882 	4348 	4347
f 4882 	4347 	4884
f 4726 	4727 	3456
f 4726 	3456 	3455
f 4885 	4881 	4888
f 4886 	4887 	4883
f 4835 	4891 	4316
f 4727 	4722 	3456
f 4887 	4888 	4883
f 4884 	4347 	4346
f 4884 	4346 	4889
f 3459 	4728 	4733
f 3460 	3459 	4733
f 3460 	4733 	4732
f 4352 	4891 	4353
f 3464 	3460 	4732
f 3464 	4732 	4731
f 4352 	4351 	4891
f 4351 	4316 	4891
f 4886 	4890 	4894
f 4887 	4886 	4894
f 4893 	4894 	4890
f 4890 	4863 	4893
f 4892 	4893 	4863
f 4863 	4865 	4892
f 3485 	3465 	4734
f 4889 	4346 	4345
f 3466 	3464 	4731
f 3466 	4731 	4730
f 4736 	4019 	3465
f 4354 	4895 	4356
f 3465 	4019 	4735
f 4735 	4734 	3465
f 4360 	4898 	4895
f 4360 	4895 	4354
f 3468 	3466 	4730
f 3468 	4730 	4729
f 4362 	4899 	4898
f 4362 	4898 	4360
f 4738 	4737 	3467
f 4362 	4353 	4899
f 4891 	4899 	4353
f 3465 	3467 	4736
f 4737 	4736 	3467
f 4345 	4372 	4902
f 4345 	4902 	4889
f 4729 	4721 	3468
f 3451 	3468 	4721
f 4902 	4372 	4371
f 4902 	4371 	4903
f 4723 	4742 	3470
f 4903 	4371 	4370
f 4903 	4370 	4906
f 4742 	4744 	3471
f 4742 	3471 	3470
f 3467 	3471 	4738
f 4744 	4738 	3471
f 4895 	4949 	4356
f 4343 	3641 	4341
f 4748 	4754 	3472
f 4343 	4337 	3641
f 3473 	3472 	4754
f 3473 	4754 	4753
f 3474 	3473 	4753
f 3474 	4753 	4752
f 4330 	3635 	4131
f 3438 	4131 	3635
f 3476 	3474 	4752
f 3476 	4752 	4751
f 3640 	4334 	3442
f 4143 	3442 	4334
f 4756 	4755 	3521
f 4756 	3521 	3478
f 3646 	4358 	4357
f 3479 	3476 	4751
f 3479 	4751 	4750
f 3647 	3646 	4357
f 3647 	4357 	4355
f 4759 	4756 	3478
f 4147 	3480 	3647
f 4147 	3647 	4355
f 3482 	3479 	4750
f 3482 	4750 	4749
f 4361 	3651 	4359
f 4763 	4761 	3481
f 4363 	3652 	3651
f 4363 	3651 	4361
f 3478 	3481 	4759
f 4761 	4759 	3481
f 4364 	3652 	4363
f 4749 	4728 	3482
f 3459 	3482 	4728
f 3651 	3489 	4359
f 4734 	4766 	3485
f 4374 	4365 	3489
f 4365 	4359 	3489
f 4766 	4768 	3486
f 4766 	3486 	3485
f 4768 	4769 	3487
f 4768 	3487 	3486
f 4388 	3655 	4327
f 3636 	4327 	3655
f 3481 	3487 	4763
f 4769 	4763 	3487
f 3655 	4388 	4387
f 3655 	4387 	3657
f 4684 	4775 	3490
f 4684 	3490 	3446
f 3657 	4387 	4386
f 3657 	4386 	3658
f 3490 	4775 	4774
f 3490 	4774 	3491
f 4393 	4341 	3663
f 3641 	3663 	4341
f 3491 	4774 	4773
f 3491 	4773 	3494
f 3498 	4777 	3495
f 4776 	3495 	4777
f 4776 	4707 	3495
f 3447 	3495 	4707
f 3494 	4773 	4772
f 3494 	4772 	3500
f 4779 	3498 	4780
f 3498 	4779 	4777
f 3502 	3500 	4772
f 3502 	4772 	4771
f 4783 	3501 	4784
f 4783 	4780 	3501
f 3498 	3501 	4780
f 3502 	4771 	4770
f 4787 	3504 	4788
f 4789 	3505 	3504
f 4789 	3504 	4787
f 4790 	3506 	3505
f 4790 	3505 	4789
f 4790 	4784 	3506
f 3501 	3506 	4784
f 4798 	4797 	3509
f 4798 	3509 	3508
f 3509 	4797 	4796
f 3509 	4796 	3512
f 3512 	4796 	4795
f 3512 	4795 	3513
f 3513 	4795 	4794
f 3513 	4794 	3516
f 3516 	4794 	4793
f 3516 	4793 	3518
f 3524 	4800 	4801
f 3518 	4793 	4748
f 3518 	4748 	3472
f 4755 	4803 	3521
f 4804 	3522 	3521
f 4804 	3521 	4803
f 4806 	3523 	3522
f 4806 	3522 	4804
f 4809 	3524 	3523
f 4809 	3523 	4806
f 3524 	4809 	4800
f 3502 	4770 	3508
f 4798 	3508 	4770
f 4488 	4788 	3527
f 3504 	3527 	4788
f 4831 	4837 	4827
f 3524 	4801 	3529
f 4812 	3529 	4801
f 4815 	3526 	3529
f 4815 	3529 	4812
f 4840 	4827 	4837
f 4843 	4861 	4840
f 3527 	3526 	4815
f 3527 	4815 	4488
f 4850 	4864 	4847
f 4852 	4871 	4850
f 4855 	4870 	4852
f 4858 	4847 	4864
f 4861 	4843 	4855
f 4864 	4850 	4871
f 4870 	4871 	4852
f 4827 	4840 	4861
f 4870 	4855 	4843
f 4876 	4835 	4831
f 4879 	4891 	4876
f 4882 	4899 	4879
f 4884 	4898 	4882
f 4891 	4835 	4876
f 4837 	4831 	4835
f 4889 	4895 	4884
f 4891 	4879 	4899
f 4898 	4899 	4882
f 4895 	4898 	4884
f 4903 	4949 	4902
f 4902 	4895 	4889
f 4906 	4953 	4903
f 4895 	4902 	4949
f 4949 	4903 	4953
f 4951 	4956 	4906
f 4959 	4961 	4954
f 4953 	4906 	4956
f 4440 	4959 	4957
f 4956 	4951 	4961
f 4951 	4954 	4961
f 4453 	4440 	4430
f 4954 	4957 	4959
f 4965 	4967 	4964
f 4966 	4969 	4965
f 4967 	4965 	4969
f 4972 	4973 	4968
f 4970 	4971 	4968
f 4969 	4966 	4973
f 4966 	4968 	4973
f 4858 	4971 	4847
f 4970 	4847 	4971
f 4972 	4968 	4971
f 4977 	4978 	4975
f 4979 	4974 	4978
f 4974 	4975 	4978
f 4975 	4963 	4977
f 4976 	4977 	4963
f 4967 	4976 	4964
f 4963 	4964 	4976
f 4981 	4983 	4980
f 4421 	4400 	4983
f 4982 	4985 	4981
f 4984 	3937 	4982
f 4983 	4981 	4985
f 4985 	4982 	3937
f 3937 	4984 	4987
f 4974 	4979 	4986
f 4979 	4987 	4986
f 4984 	4986 	4987
f 4201 	4411 	3943
f 3943 	4398 	3942
f 4207 	4428 	4201
f 4395 	4425 	4207
f 4398 	3943 	4411
f 4400 	4421 	4395
f 4428 	4207 	4425
f 4411 	4201 	4428
f 4421 	4425 	4395
f 4980 	4983 	4400
f 4433 	4453 	4430
f 4436 	4461 	4433
f 4957 	4430 	4440
f 4616 	4618 	4450
f 4453 	4433 	4461
f 4612 	4616 	4457
f 4461 	4436 	4618
f 4436 	4450 	4618
f 4450 	4457 	4616
f 4782 	4802 	4781
f 4785 	4799 	4782
f 4791 	4792 	4786
f 4799 	4785 	4792
f 4802 	4782 	4799
f 4786 	4792 	4785
f 4786 	3942 	4791
f 4398 	4791 	3942
f 4906 	4370 	4369
f 4906 	4369 	4951
f 4953 	4376 	4949
f 4375 	4949 	4376
f 4612 	4457 	4805
f 4457 	4778 	4805
f 4778 	4762 	4805
f 4811 	4805 	4762
f 4808 	4762 	4781
f 4802 	4808 	4781
f 4811 	4762 	4808
f 4375 	4373 	4949
f 4373 	4356 	4949
f 4954 	4951 	4369
f 4954 	4369 	4368
f 4377 	4953 	4378
f 4953 	4377 	4376
f 4957 	4954 	4368
f 4957 	4368 	4367
f 4379 	4956 	4380
f 4379 	4378 	4956
f 4953 	4956 	4378
f 4367 	4366 	4957
f 4430 	4957 	4366
f 4440 	4390 	4959
f 4389 	4959 	4390
f 4394 	4961 	4959
f 4394 	4959 	4389
f 4394 	4380 	4961
f 4956 	4961 	4380
f 4963 	4975 	4408
f 3658 	4386 	4385
f 3658 	4385 	3664
f 4484 	3660 	4485
f 4489 	3662 	3660
f 4489 	3660 	4484
f 4492 	3663 	3662
f 4492 	3662 	4489
f 3663 	4492 	4393
f 4385 	4512 	3664
f 3664 	4512 	4510
f 3664 	4510 	3670
f 3670 	4510 	4508
f 3670 	4508 	3672
f 4518 	4485 	3674
f 3660 	3674 	4485
f 3672 	4508 	4506
f 3672 	4506 	3676
f 3680 	4521 	3674
f 4522 	3674 	4521
f 3674 	4522 	4518
f 3676 	4506 	4504
f 4525 	3682 	4524
f 4964 	4963 	4408
f 4964 	4408 	4407
f 4965 	4964 	4407
f 4965 	4407 	4406
f 4966 	4965 	4406
f 4966 	4406 	4404
f 4414 	4413 	4967
f 4968 	4966 	4404
f 4968 	4404 	4402
f 4416 	4415 	4967
f 4416 	4967 	4969
f 4415 	4414 	4967
f 4970 	4968 	4402
f 4970 	4402 	4401
f 4423 	4422 	4969
f 4422 	4416 	4969
f 4401 	4321 	4970
f 4847 	4970 	4321
f 4331 	4303 	4971
f 4858 	4332 	4971
f 4303 	4431 	4972
f 4303 	4972 	4971
f 4431 	4434 	4973
f 4431 	4973 	4972
f 4969 	4973 	4423
f 4434 	4423 	4973
f 4974 	4442 	4445
f 4975 	4974 	4445
f 4975 	4445 	4444
f 4449 	4447 	4979
f 4975 	4444 	4408
f 4413 	4456 	4976
f 4413 	4976 	4967
f 4456 	4459 	4977
f 4456 	4977 	4976
f 4813 	4924 	4923
f 4459 	4462 	4978
f 4459 	4978 	4977
f 4814 	4813 	4923
f 4814 	4923 	4922
f 4462 	4465 	4979
f 4462 	4979 	4978
f 4816 	4814 	4922
f 4816 	4922 	4921
f 4465 	4449 	4979
f 4829 	4817 	4926
f 4925 	4926 	4817
f 4980 	4400 	4417
f 4980 	4417 	4479
f 4981 	4980 	4479
f 4981 	4479 	4478
f 4818 	4816 	4921
f 4818 	4921 	4920
f 4982 	4981 	4478
f 4982 	4478 	4477
f 4927 	4928 	4817
f 4928 	4925 	4817
f 4421 	4983 	4419
f 4551 	4419 	4983
f 4984 	4982 	4477
f 4984 	4477 	4476
f 4418 	4155 	4818
f 4418 	4818 	4920
f 4556 	4554 	4983
f 4556 	4983 	4985
f 4819 	4426 	4929
f 4983 	4554 	4551
f 4929 	4930 	4820
f 4929 	4820 	4819
f 4986 	4984 	4476
f 4986 	4476 	4475
f 4930 	4931 	4821
f 4930 	4821 	4820
f 3936 	4560 	4985
f 3936 	4985 	3937
f 4817 	4821 	4927
f 4931 	4927 	4821
f 4560 	4556 	4985
f 4822 	4946 	4945
f 4475 	4442 	4986
f 4974 	4986 	4442
f 4447 	4567 	4987
f 4447 	4987 	4979
f 4823 	4822 	4945
f 4823 	4945 	4944
f 4567 	3935 	3937
f 4567 	3937 	4987
f 4824 	4823 	4944
f 4824 	4944 	4943
f 4381 	3679 	3682
f 4381 	3682 	4525
f 4947 	4948 	4825
f 4532 	3680 	3679
f 4532 	3679 	4381
f 4826 	4824 	4943
f 4826 	4943 	4942
f 3680 	4532 	4521
f 4950 	4988 	4825
f 4504 	4539 	3683
f 4504 	3683 	3676
f 4988 	4947 	4825
f 3683 	4539 	4538
f 3683 	4538 	3684
f 4942 	4924 	4826
f 4813 	4826 	4924
f 3684 	4538 	4537
f 3684 	4537 	3688
f 4926 	4989 	4829
f 4989 	4990 	4830
f 4989 	4830 	4829
f 4541 	4524 	3691
f 3682 	3691 	4524
f 4990 	4918 	4828
f 4990 	4828 	4830
f 3688 	4537 	4536
f 3688 	4536 	3694
f 4828 	4918 	4950
f 4828 	4950 	4825
f 4543 	3691 	4542
f 4995 	4832 	4437
f 3469 	4437 	4832
f 3691 	4543 	4541
f 4833 	4832 	4995
f 4833 	4995 	4994
f 4358 	3646 	3694
f 4358 	3694 	4536
f 4834 	4833 	4994
f 4834 	4994 	4993
f 4549 	3696 	4548
f 4451 	4836 	4996
f 4549 	4542 	3696
f 3691 	3696 	4542
f 4838 	4834 	4993
f 4838 	4993 	4992
f 4557 	3699 	4553
f 4998 	4997 	4836
f 4557 	4548 	3699
f 3696 	3699 	4548
f 4836 	4997 	4996
f 3652 	4364 	3703
f 4570 	3703 	4364
f 4841 	4838 	4992
f 4841 	4992 	4991
f 4570 	4553 	3703
f 3699 	3703 	4553
f 4999 	5000 	4839
f 3704 	3724 	3571
f 3704 	3571 	3574
f 4836 	4839 	4998
f 5000 	4998 	4839
f 4991 	4946 	4841
f 4822 	4841 	4946
f 4948 	5006 	4842
f 4948 	4842 	4825
f 5006 	5008 	4844
f 5006 	4844 	4842
f 5008 	5009 	4845
f 5008 	4845 	4844
f 4839 	4845 	4999
f 5009 	4999 	4845
f 4846 	5019 	5018
f 4848 	4846 	5018
f 4848 	5018 	5017
f 4849 	4848 	5017
f 4849 	5017 	5016
f 4851 	4849 	5016
f 4851 	5016 	5015
f 5021 	4859 	5020
f 4559 	3546 	4851
f 4559 	4851 	5015
f 5030 	5031 	4853
f 5030 	4853 	4854
f 5031 	5020 	4853
f 5032 	5033 	4854
f 5032 	4854 	4856
f 5033 	5030 	4854
f 5039 	4856 	4564
f 3555 	4564 	4856
f 5039 	5032 	4856
f 4857 	5046 	5047
f 5047 	5019 	4857
f 4846 	4857 	5019
f 5021 	5049 	4859
f 4853 	5020 	4859
f 5049 	5051 	4860
f 5049 	4860 	4859
f 5051 	5053 	4862
f 5051 	4862 	4860
f 5053 	5056 	4862
f 4863 	5057 	5072
f 4865 	4863 	5072
f 4865 	5072 	5071
f 4866 	4865 	5071
f 4866 	5071 	5070
f 4867 	4866 	5070
f 4867 	5070 	5069
f 5074 	5073 	4892
f 4869 	4867 	5069
f 4869 	5069 	5068
f 5081 	5080 	4868
f 4892 	4868 	5074
f 5080 	5074 	4868
f 4873 	4869 	5068
f 4873 	5068 	5067
f 5083 	5082 	4872
f 5083 	4872 	4874
f 4868 	4872 	5081
f 5082 	5081 	4872
f 4875 	4873 	5067
f 4875 	5067 	5066
f 5085 	5084 	4874
f 5085 	4874 	4878
f 4874 	5084 	5083
f 5066 	5046 	4875
f 4857 	4875 	5046
f 5056 	5086 	4877
f 5056 	4877 	4862
f 5086 	5087 	4878
f 5086 	4878 	4877
f 5087 	5085 	4878
f 4880 	3565 	4575
f 4880 	4575 	5092
f 4881 	4880 	5092
f 4881 	5092 	5091
f 4883 	4881 	5091
f 4883 	5091 	5090
f 5093 	4589 	4885
f 3916 	4885 	4589
f 4886 	4883 	5090
f 4886 	5090 	5089
f 4888 	5095 	4885
f 5094 	4885 	5095
f 4885 	5094 	5093
f 4886 	5089 	5088
f 5097 	5096 	4887
f 5098 	4888 	4887
f 5098 	4887 	5096
f 4888 	5098 	5095
f 4890 	4886 	5088
f 4890 	5088 	5099
f 5099 	5057 	4890
f 4863 	4890 	5057
f 5073 	5100 	4892
f 5100 	5101 	4893
f 5100 	4893 	4892
f 5101 	5102 	4894
f 5101 	4894 	4893
f 4887 	4894 	5097
f 5102 	5097 	4894
f 3428 	3433 	3458
f 3572 	3739 	3704
f 3572 	3704 	3574
f 3576 	3575 	3710
f 3580 	3579 	3710
f 3579 	3576 	3710
f 3713 	3586 	3584
f 3710 	3713 	3580
f 3584 	3580 	3713
f 3854 	3648 	3716
f 3716 	3592 	3597
f 3720 	3716 	3597
f 3720 	3597 	3596
f 3721 	3720 	3596
f 3721 	3596 	3594
f 3600 	3599 	3723
f 3724 	3721 	3594
f 3724 	3594 	3593
f 3603 	3602 	3723
f 3602 	3600 	3723
f 3724 	3593 	3571
f 3575 	3607 	3728
f 3575 	3728 	3710
f 3607 	3608 	3726
f 3607 	3726 	3728
f 3608 	3611 	3727
f 3608 	3727 	3726
f 3723 	3727 	3603
f 3611 	3603 	3727
f 3599 	3614 	3730
f 3599 	3730 	3723
f 3614 	3615 	3730
f 3731 	3618 	3625
f 3731 	3625 	3623
f 3731 	3623 	3736
f 3736 	3623 	3622
f 3736 	3622 	3737
f 3698 	3761 	3628
f 3629 	3628 	3761
f 3737 	3622 	3621
f 3739 	3572 	3633
f 3742 	3739 	3633
f 3742 	3633 	3632
f 3744 	3742 	3632
f 3744 	3632 	3631
f 3630 	3591 	3744
f 3630 	3744 	3631
f 3713 	3752 	3586
f 3751 	3637 	3638
f 3638 	3639 	3752
f 3638 	3752 	3751
f 3634 	3586 	3752
f 3639 	3634 	3752
f 3627 	3642 	3645
f 3627 	3645 	3984
f 3643 	3758 	3644
f 3592 	3716 	3648
f 3649 	3759 	3758
f 3649 	3758 	3643
f 3650 	3760 	3759
f 3650 	3759 	3649
f 3653 	3761 	3760
f 3653 	3760 	3650
f 3653 	3629 	3761
f 3764 	3669 	3668
f 3667 	3765 	3764
f 3667 	3764 	3668
f 3671 	3673 	3769
f 3671 	3769 	3776
f 3673 	3675 	3769
f 3775 	3677 	3681
f 3775 	3681 	3776
f 3681 	3671 	3776
f 3779 	3912 	3911
f 3782 	3779 	3911
f 3782 	3911 	3910
f 3787 	3782 	3910
f 3787 	3910 	3909
f 3982 	3983 	3790
f 3791 	3787 	3909
f 3791 	3909 	3908
f 3985 	3986 	3790
f 3985 	3790 	3796
f 3986 	3982 	3790
f 3908 	3669 	3791
f 3764 	3791 	3669
f 3675 	3987 	3798
f 3675 	3798 	3769
f 3987 	3656 	3796
f 3987 	3796 	3798
f 3796 	3656 	3985
f 3825 	3999 	3802
f 3808 	3802 	3999
f 3808 	3999 	3998
f 3813 	3808 	3998
f 3813 	3998 	3996
f 3817 	4002 	3834
f 3819 	3813 	3996
f 3819 	3996 	3995
f 4005 	4004 	3817
f 4004 	4002 	3817
f 3823 	3819 	3995
f 3823 	3995 	3994
f 4083 	4011 	3822
f 3817 	3822 	4005
f 4011 	4005 	3822
f 3994 	3912 	3823
f 3779 	3823 	3912
f 3983 	4149 	3827
f 3983 	3827 	3790
f 4149 	4156 	3828
f 4149 	3828 	3827
f 4156 	4158 	3829
f 4156 	3829 	3828
f 3822 	3829 	4083
f 4158 	4083 	3829
f 3835 	3525 	3654
f 3835 	3654 	3661
f 3659 	3835 	3661
f 3839 	3765 	3667
f 3839 	3667 	3666
f 3835 	3659 	3775
f 3677 	3775 	3678
f 3678 	3775 	3659
f 3665 	3845 	3839
f 3665 	3839 	3666
f 3845 	3665 	3907
f 3729 	4162 	3532
f 3907 	3618 	3845
f 3731 	3845 	3618
f 3848 	3685 	3689
f 3848 	3689 	4167
f 3852 	3848 	4167
f 3852 	4167 	4166
f 3854 	3852 	4166
f 3854 	4166 	4164
f 3693 	3859 	3690
f 4168 	3690 	3859
f 4164 	3648 	3854
f 4171 	3858 	3615
f 3730 	3615 	3858
f 4171 	4172 	3859
f 4171 	3859 	3858
f 4172 	4168 	3859
# 1719 faces

g group_3_16448250

usemtl color_16448250
s 0

f 4542 	4549 	4071
f 4541 	4543 	4071
f 4543 	4542 	4071
f 4524 	4541 	4071
f 4525 	4524 	4071
f 3594 	3596 	3628
f 3596 	3597 	3628
f 3592 	3628 	3597
f 4361 	4359 	3608
f 3602 	3603 	4121
f 3600 	3602 	4121
f 3910 	3911 	3618
f 3618 	3907 	3910
f 3632 	3650 	3631
f 3572 	3653 	3633
f 3633 	3653 	3632
f 3634 	4071 	3586
f 3638 	4071 	3639
f 3639 	4071 	3634
f 3593 	3629 	3571
f 3642 	4263 	3649
f 4382 	3643 	3875
f 3644 	3875 	3643
f 3642 	3649 	3645
f 3648 	3628 	3592
f 3571 	3629 	3574
f 3643 	3645 	3649
f 3572 	3574 	3653
f 3649 	4248 	3650
f 3594 	3629 	3593
f 3629 	3594 	3628
f 3653 	3574 	3629
f 3650 	3632 	3653
f 4526 	4527 	3656
f 3656 	3987 	3654
f 3987 	3675 	3654
f 3667 	3668 	3666
f 3665 	3666 	3668
f 3665 	3668 	3669
f 3659 	3661 	3673
f 3671 	3659 	3673
f 3659 	3681 	3678
f 3677 	3678 	3681
f 3681 	3659 	3671
f 3774 	3773 	3777
f 3774 	3777 	3778
f 3770 	3767 	3783
f 3770 	3783 	3784
f 3794 	3795 	3793
f 3794 	3793 	3792
f 3800 	3801 	3795
f 3800 	3795 	3794
f 3803 	3805 	3807
f 3803 	3807 	3809
f 3810 	3811 	3805
f 3810 	3805 	3803
f 3815 	3816 	3811
f 3815 	3811 	3810
f 3820 	3821 	3816
f 3820 	3816 	3815
f 3824 	3826 	3821
f 3824 	3821 	3820
f 3830 	3831 	3826
f 3830 	3826 	3824
f 3809 	3807 	3801
f 3809 	3801 	3800
f 3841 	3842 	3843
f 3841 	3843 	3844
f 3846 	3847 	3842
f 3846 	3842 	3841
f 3849 	3850 	3847
f 3849 	3847 	3846
f 3849 	3788 	3850
f 3789 	3850 	3788
f 3831 	3830 	3843
f 3844 	3843 	3830
f 3860 	3861 	3862
f 3860 	3862 	3863
f 3864 	3866 	3861
f 3864 	3861 	3860
f 3867 	3868 	3866
f 3867 	3866 	3864
f 3863 	3862 	3874
f 3793 	3868 	3867
f 3793 	3867 	3792
f 3862 	3873 	3874
f 3874 	3873 	3878
f 3874 	3878 	3879
f 3879 	3878 	3881
f 3879 	3881 	3883
f 3887 	3883 	3886
f 3881 	3886 	3883
f 3889 	3890 	4936
f 3898 	3896 	3897
f 3978 	3975 	3896
f 3896 	3898 	3899
f 3900 	3901 	3899
f 3902 	3899 	3901
f 3896 	3899 	3902
f 3904 	4936 	3903
f 4936 	3905 	3906
f 3905 	4936 	3904
f 3907 	3665 	3910
f 3909 	3910 	3665
f 3669 	3908 	3665
f 3908 	3909 	3665
f 3911 	3912 	3618
f 3912 	3994 	3618
f 3994 	3995 	3618
f 3625 	3618 	3995
f 3913 	3914 	4936
f 3917 	3894 	4936
f 3889 	4936 	3892
f 3906 	3913 	4936
f 3917 	4936 	3919
f 3919 	4936 	3914
f 3969 	4660 	3924
f 3925 	4660 	3896
f 3926 	4660 	3925
f 3927 	4660 	3926
f 3928 	4660 	3927
f 3929 	4660 	3928
f 3931 	4660 	3929
f 3924 	4660 	3931
f 4932 	3933 	3934
f 3939 	4932 	3938
f 3938 	4932 	3934
f 4932 	3939 	3945
f 3945 	3946 	4932
f 4936 	4932 	3950
f 4932 	3946 	3962
f 3959 	3950 	4932
f 4086 	3923 	4213
f 4215 	4213 	3923
f 4085 	4086 	4213
f 4084 	4085 	4213
f 4219 	4215 	3923
f 3973 	4219 	3923
f 3968 	4660 	3969
f 3972 	3970 	4932
f 3933 	4932 	3970
f 3972 	4932 	3974
f 4185 	4183 	4208
f 4229 	3979 	3971
f 3980 	4705 	3979
f 3982 	3986 	4527
f 3985 	3656 	4527
f 3986 	3985 	4527
f 3675 	3673 	3654
f 3661 	3654 	3673
f 3654 	4526 	3656
f 3812 	3804 	3623
f 3995 	3996 	3625
f 3623 	3625 	3996
f 3996 	3998 	3623
f 3998 	3999 	3623
f 3999 	3825 	3623
f 3825 	3812 	3623
f 4005 	4578 	4004
f 4023 	4027 	4019
f 4023 	4019 	4022
f 4027 	4028 	4019
f 4022 	4019 	4024
f 3783 	3767 	3878
f 4025 	3918 	4026
f 4024 	3918 	4025
f 4019 	3918 	4024
f 4896 	3777 	3918
f 4029 	4021 	4028
f 4020 	4021 	4029
f 4021 	4019 	4028
f 3777 	4896 	4032
f 4031 	4030 	4896
f 4032 	4896 	4030
f 4036 	4037 	4042
f 4035 	4036 	4042
f 4038 	4042 	4037
f 4034 	4035 	4042
f 4040 	4042 	4039
f 4041 	4042 	4040
f 4038 	4039 	4042
f 3767 	4031 	4896
f 3773 	3918 	3777
f 4026 	3918 	3773
f 3878 	3873 	3783
f 4896 	3878 	3767
f 4047 	4071 	4046
f 4048 	4071 	4047
f 4044 	3783 	3873
f 4056 	4057 	4071
f 3843 	3821 	3831
f 3826 	3831 	3821
f 3811 	3789 	3805
f 3811 	3816 	3789
f 3821 	3789 	3816
f 4051 	4052 	4071
f 4057 	4058 	4071
f 3847 	3850 	3842
f 3789 	3842 	3850
f 3789 	3793 	3795
f 3789 	3795 	3801
f 3789 	3801 	3807
f 3807 	3805 	3789
f 3789 	3821 	3843
f 3843 	3842 	3789
f 3861 	3866 	3789
f 3868 	3789 	3866
f 4059 	4071 	4058
f 4055 	4056 	4071
f 4053 	4055 	4071
f 4052 	4053 	4071
f 4050 	4051 	4071
f 4060 	4071 	4059
f 4049 	4050 	4071
f 4046 	4071 	4045
f 4045 	4071 	4060
f 3789 	4043 	3862
f 3862 	3861 	3789
f 3793 	3789 	3868
f 4054 	4049 	4071
f 3873 	3862 	4043
f 4043 	4044 	3873
f 4042 	4061 	4062
f 4042 	4062 	4063
f 4033 	4034 	4042
f 4063 	4033 	4042
f 4069 	4061 	4042
f 4960 	4962 	4067
f 4071 	4069 	4042
f 5050 	5052 	3778
f 4071 	4048 	4072
f 4071 	4072 	4073
f 4071 	4073 	4074
f 4071 	4074 	4069
f 4962 	4628 	4067
f 4958 	4960 	4067
f 4298 	4299 	3965
f 3770 	3920 	4082
f 4296 	4297 	3965
f 3966 	3967 	3930
f 4079 	4296 	3965
f 4082 	3920 	4081
f 4081 	3920 	4091
f 4090 	4092 	3965
f 4092 	4093 	3965
f 4089 	4090 	3965
f 3964 	3965 	4123
f 5048 	5050 	3921
f 4087 	4088 	3965
f 4088 	4089 	3965
f 4123 	4124 	3922
f 3921 	5050 	4091
f 3778 	4091 	5050
f 4079 	3930 	4100
f 4079 	4100 	4097
f 4098 	3920 	3784
f 3784 	3920 	3770
f 4099 	3920 	4098
f 4104 	4067 	4103
f 3921 	4091 	3920
f 3788 	3863 	4099
f 4099 	3874 	3920
f 3930 	3923 	4105
f 3930 	4105 	4100
f 4106 	4067 	4110
f 4114 	4115 	4067
f 4111 	4105 	4086
f 3923 	4086 	4105
f 4086 	4085 	4112
f 4086 	4112 	4111
f 3820 	3815 	3824
f 3830 	3824 	3815
f 3809 	3788 	3803
f 4107 	4067 	4106
f 4085 	4084 	4113
f 4085 	4113 	4112
f 3844 	3788 	3841
f 3846 	3841 	3849
f 3844 	3815 	3788
f 3849 	3841 	3788
f 4084 	4913 	4113
f 4118 	4067 	4117
f 4117 	4067 	4116
f 4119 	4067 	4118
f 4108 	4067 	4119
f 4109 	4067 	4108
f 4115 	4116 	4067
f 4110 	4067 	4109
f 3830 	3815 	3844
f 3810 	3788 	3815
f 3800 	3788 	3809
f 3794 	3788 	3800
f 3792 	3788 	3794
f 3810 	3803 	3788
f 4121 	4487 	4120
f 4498 	4499 	4566
f 4919 	5039 	4523
f 3860 	3788 	3864
f 3863 	3788 	3860
f 3867 	3864 	3788
f 3874 	4099 	3863
f 3792 	3867 	3788
f 4138 	4126 	4111
f 4125 	3922 	4124
f 4127 	3922 	4125
f 3879 	3920 	3874
f 3879 	3883 	3920
f 3887 	3920 	3883
f 4064 	4020 	4075
f 4126 	4140 	4105
f 4105 	4111 	4126
f 4100 	4105 	4142
f 4142 	4141 	4100
f 4097 	4141 	4146
f 4066 	4065 	4023
f 4066 	4023 	4022
f 4065 	4077 	4023
f 4130 	4101 	4067
f 4101 	4102 	4067
f 4129 	4130 	4067
f 4102 	4103 	4067
f 4399 	4139 	4111
f 4913 	4412 	4113
f 4113 	4405 	4112
f 4111 	4112 	4399
f 4067 	4066 	4022
f 4067 	4022 	4024
f 4067 	4024 	4025
f 4067 	4025 	4068
f 4068 	4025 	4026
f 4068 	4026 	4070
f 4092 	4034 	4033
f 4092 	4033 	4093
f 4070 	4026 	3773
f 4070 	3773 	3774
f 4090 	4035 	4034
f 4090 	4034 	4092
f 4358 	4536 	4137
f 4357 	4358 	4137
f 4355 	4357 	4137
f 4077 	4076 	4028
f 4077 	4028 	4027
f 4089 	4036 	4035
f 4089 	4035 	4090
f 4076 	4075 	4029
f 4076 	4029 	4028
f 4088 	4037 	4036
f 4088 	4036 	4089
f 4020 	4029 	4075
f 4087 	4038 	4037
f 4087 	4037 	4088
f 4038 	4087 	4096
f 4027 	4023 	4077
f 4140 	4142 	4105
f 4038 	4096 	4039
f 4081 	4030 	4031
f 4081 	4031 	4082
f 4095 	4040 	4039
f 4095 	4039 	4096
f 4097 	4100 	4141
f 4094 	4041 	4040
f 4094 	4040 	4095
f 4099 	4043 	3789
f 4099 	3789 	3788
f 4094 	4042 	4041
f 3770 	4082 	4031
f 4123 	4093 	4033
f 4145 	4317 	4146
f 4143 	4310 	4144
f 4083 	4578 	4011
f 4158 	4578 	4083
f 4144 	4313 	4145
f 4114 	4104 	4045
f 4098 	4044 	4043
f 4098 	4043 	4099
f 4104 	4103 	4046
f 4104 	4046 	4045
f 4031 	3767 	3770
f 4103 	4102 	4047
f 4103 	4047 	4046
f 4030 	4081 	4032
f 4091 	4032 	4081
f 4102 	4101 	4048
f 4102 	4048 	4047
f 3777 	4032 	4091
f 3777 	4091 	3778
f 4136 	4137 	4536
f 3784 	3783 	4044
f 3784 	4044 	4098
f 4106 	4050 	4049
f 4106 	4049 	4107
f 4147 	4355 	4137
f 4464 	4466 	4137
f 4147 	4137 	4148
f 4107 	4049 	4054
f 4011 	4578 	4005
f 4109 	4052 	4051
f 4109 	4051 	4110
f 3983 	3982 	4578
f 4108 	4053 	4052
f 4108 	4052 	4109
f 4150 	4151 	4153
f 4152 	4153 	4151
f 4155 	4150 	4154
f 4153 	4154 	4150
f 4149 	3983 	4578
f 4156 	4578 	4158
f 4050 	4106 	4051
f 4110 	4051 	4106
f 4119 	4055 	4053
f 4119 	4053 	4108
f 4914 	4915 	4165
f 4118 	4056 	4055
f 4118 	4055 	4119
f 3599 	3600 	4121
f 4117 	4057 	4056
f 4117 	4056 	4118
f 4163 	4412 	4914
f 4116 	4058 	4057
f 4116 	4057 	4117
f 4164 	4166 	3697
f 4167 	3697 	4166
f 3689 	3697 	4167
f 4165 	4163 	4914
f 4172 	4171 	4121
f 4115 	4059 	4058
f 4115 	4058 	4116
f 3981 	4705 	3980
f 4115 	4114 	4060
f 4115 	4060 	4059
f 4045 	4060 	4114
f 3614 	3599 	4121
f 4170 	4713 	4169
f 4169 	4713 	3981
f 4171 	3615 	4121
f 3615 	3614 	4121
f 4124 	4062 	4061
f 4124 	4061 	4125
f 4123 	4063 	4062
f 4123 	4062 	4124
f 5058 	4713 	4174
f 4033 	4063 	4123
f 3628 	3648 	3697
f 3648 	4164 	3697
f 3687 	3697 	3689
f 3686 	3697 	3687
f 4698 	3979 	4705
f 4101 	4130 	4072
f 4101 	4072 	4048
f 4168 	4172 	4121
f 4069 	4125 	4061
f 3690 	4168 	4121
f 4130 	4129 	4073
f 4130 	4073 	4072
f 4069 	4127 	4125
f 4175 	4909 	4176
f 4175 	4176 	4177
f 4129 	4128 	4074
f 4129 	4074 	4073
f 4176 	4178 	4179
f 4176 	4179 	4177
f 3697 	3686 	3708
f 3686 	3702 	3708
f 3701 	3708 	3702
f 4128 	4127 	4069
f 4128 	4069 	4074
f 4178 	4180 	4181
f 4178 	4181 	4179
f 3707 	3705 	3722
f 3722 	3705 	4121
f 3717 	3722 	4121
f 4180 	4183 	4184
f 4180 	4184 	4181
f 4093 	4123 	3965
f 4096 	4087 	3965
f 3705 	3695 	4121
f 3692 	3690 	4121
f 4183 	4185 	4186
f 4183 	4186 	4184
f 3922 	3963 	4123
f 3963 	3964 	4123
f 3718 	3717 	4121
f 4042 	4094 	4182
f 4042 	4182 	4188
f 4185 	4187 	4189
f 4185 	4189 	4186
f 3712 	3708 	3701
f 4304 	4188 	4182
f 3725 	3707 	3722
f 3695 	3692 	4121
f 4187 	4190 	4191
f 4187 	4191 	4189
f 4190 	4192 	4193
f 4190 	4193 	4191
f 3725 	3714 	3707
f 4188 	4393 	4042
f 4304 	4343 	4188
f 4042 	4525 	4071
f 4192 	4195 	4193
f 4195 	4196 	4193
f 4199 	3650 	4198
f 4194 	3650 	4200
f 4195 	4202 	4204
f 4195 	4204 	4196
f 4202 	4208 	4209
f 4202 	4209 	4204
f 4206 	4071 	4205
f 4211 	4071 	4206
f 4212 	4071 	4211
f 4208 	4213 	4214
f 4208 	4214 	4209
f 4213 	4215 	4217
f 4213 	4217 	4214
f 4054 	4071 	4222
f 4054 	4216 	4218
f 4212 	4223 	4071
f 4216 	4054 	4220
f 4215 	4219 	4221
f 4215 	4221 	4217
f 4220 	4054 	4222
f 4223 	4222 	4071
f 4224 	4226 	4227
f 4224 	4227 	4225
f 4194 	4228 	3650
f 3631 	3650 	3630
f 3630 	3650 	4228
f 4226 	4229 	4230
f 4226 	4230 	4227
f 4229 	3971 	4230
f 4205 	4071 	3637
f 3637 	4071 	3638
f 3967 	4231 	4259
f 4233 	4234 	3650
f 4234 	4235 	3650
f 4235 	4236 	3650
f 4198 	3650 	4197
f 4197 	3650 	4236
f 3967 	3966 	4237
f 3967 	4237 	4231
f 4054 	4218 	4238
f 4239 	4240 	4054
f 4240 	4250 	4054
f 3966 	3965 	4241
f 3966 	4241 	4237
f 4225 	4252 	4224
f 4238 	4242 	4054
f 4078 	4054 	4242
f 3965 	3964 	4243
f 3965 	4243 	4241
f 3922 	4224 	4252
f 4245 	4246 	3649
f 4246 	4247 	3649
f 4247 	4248 	3649
f 4232 	3650 	4248
f 4233 	3650 	4232
f 3964 	3963 	4249
f 3964 	4249 	4243
f 4250 	4251 	4054
f 3963 	3922 	4252
f 3963 	4252 	4249
f 4254 	4932 	4253
f 3971 	4255 	4230
f 4253 	4932 	4256
f 3971 	4257 	4255
f 4932 	4054 	4256
f 4259 	4221 	3973
f 4219 	3973 	4221
f 4251 	4260 	4054
f 4258 	4256 	4054
f 3973 	3967 	4259
f 4260 	4258 	4054
f 3977 	3976 	4261
f 3977 	4261 	4262
f 4263 	4244 	3649
f 4200 	3650 	4199
f 4244 	4245 	3649
f 4264 	4932 	4254
f 3979 	3977 	4262
f 4170 	4266 	4271
f 4265 	4932 	4264
f 4262 	4267 	3979
f 3979 	4267 	4268
f 3979 	4268 	3980
f 4169 	4269 	4266
f 4169 	4266 	4170
f 4268 	4270 	3981
f 4268 	3981 	3980
f 3981 	4270 	4269
f 3981 	4269 	4169
f 5013 	4261 	3976
f 4173 	4271 	4174
f 4271 	4173 	4170
f 4271 	4272 	4174
f 3971 	3979 	4275
f 4275 	3979 	4274
f 4278 	4279 	3979
f 4279 	4280 	3979
f 4280 	4281 	3979
f 4281 	4282 	3979
f 4282 	4283 	3979
f 4283 	4273 	3979
f 4273 	4274 	3979
f 4277 	4278 	3979
f 4699 	3979 	4698
f 4705 	3981 	4704
f 4174 	4713 	4173
f 4173 	4713 	4170
f 4257 	3971 	4275
f 4257 	4275 	4284
f 4275 	4274 	4285
f 4275 	4285 	4284
f 4274 	4273 	4286
f 4274 	4286 	4285
f 4287 	4286 	4283
f 4273 	4283 	4286
f 4283 	4282 	4288
f 4283 	4288 	4287
f 4282 	4281 	4289
f 4282 	4289 	4288
f 4281 	4280 	4290
f 4281 	4290 	4289
f 4280 	4279 	4291
f 4280 	4291 	4290
f 4279 	4278 	4292
f 4279 	4292 	4291
f 4278 	4277 	4293
f 4278 	4293 	4292
f 4276 	4294 	4295
f 4277 	4276 	4295
f 4277 	4295 	4293
f 4288 	4289 	4339
f 4287 	4288 	4339
f 4289 	4290 	4339
f 4290 	4291 	4339
f 4291 	4292 	4339
f 4286 	4287 	4339
f 4336 	4339 	4292
f 4292 	4293 	4336
f 4335 	4336 	4293
f 4295 	4335 	4293
f 4294 	4332 	4295
f 4094 	4095 	3965
f 4095 	4096 	3965
f 4182 	4094 	3965
f 4301 	4182 	3965
f 4300 	4301 	3965
f 4299 	4300 	3965
f 4297 	4298 	3965
f 4302 	4413 	4294
f 4303 	4331 	4294
f 4331 	4332 	4294
f 4320 	4319 	4257
f 4304 	4182 	4301
f 4301 	4300 	4305
f 4301 	4305 	4304
f 4300 	4299 	4310
f 4300 	4310 	4305
f 4299 	4298 	4313
f 4299 	4313 	4310
f 4298 	4297 	4314
f 4298 	4314 	4313
f 4316 	4257 	4315
f 4317 	4314 	4296
f 4297 	4296 	4314
f 4315 	4257 	4318
f 4296 	4079 	4097
f 4296 	4097 	4317
f 4318 	4257 	4319
f 4311 	4312 	4257
f 4320 	4257 	4312
f 4306 	4417 	4309
f 4322 	4323 	4417
f 4323 	4324 	4417
f 4325 	4417 	4324
f 4326 	4417 	4325
f 4321 	4417 	4326
f 4328 	4329 	4536
f 4330 	4536 	4329
f 4131 	4536 	4330
f 4335 	4295 	4332
f 4333 	4310 	4334
f 4284 	4285 	4339
f 4285 	4286 	4339
f 4337 	4304 	4338
f 4340 	4344 	4284
f 4338 	4310 	4333
f 4341 	4188 	4343
f 4313 	4314 	4145
f 4257 	4342 	4311
f 4343 	4304 	4337
f 4339 	4340 	4284
f 4257 	4284 	4344
f 4342 	4257 	4344
f 4097 	4146 	4317
f 4317 	4145 	4314
f 4132 	4536 	4131
f 4133 	4536 	4132
f 4346 	4347 	4417
f 4309 	4417 	4308
f 4308 	4417 	4307
f 4347 	4348 	4417
f 4348 	4349 	4417
f 4349 	4350 	4417
f 4307 	4417 	4350
f 4334 	4310 	4143
f 4135 	4136 	4536
f 4353 	4257 	4352
f 4316 	4351 	4257
f 4352 	4257 	4351
f 4627 	4354 	4356
f 4134 	4135 	4536
f 4536 	4537 	4387
f 4354 	4257 	4360
f 3603 	3611 	4121
f 4362 	4257 	4353
f 4360 	4257 	4362
f 4365 	4121 	4359
f 4636 	4637 	4345
f 4345 	4366 	4367
f 4345 	4367 	4368
f 4345 	4368 	4369
f 4370 	4372 	4369
f 4371 	4372 	4370
f 4345 	4369 	4372
f 4374 	4121 	4365
f 4356 	4373 	4627
f 4376 	4627 	4375
f 4540 	4162 	4121
f 4375 	4627 	4373
f 3611 	3608 	4121
f 4359 	4121 	3608
f 4548 	4557 	4071
f 4549 	4548 	4071
f 4627 	4377 	4378
f 4377 	4627 	4376
f 4380 	4627 	4379
f 4379 	4627 	4378
f 4310 	4338 	4305
f 4313 	4144 	4310
f 4525 	4042 	4381
f 4553 	4570 	4071
f 4557 	4553 	4071
f 3586 	4071 	3584
f 4387 	4388 	4536
f 4388 	4327 	4536
f 4327 	4328 	4536
f 4390 	4627 	4389
f 4394 	4627 	4380
f 4389 	4627 	4394
f 4139 	4138 	4111
f 4160 	4165 	4915
f 4399 	4112 	4405
f 4401 	4417 	4321
f 4402 	4417 	4401
f 4402 	4404 	4417
f 4404 	4406 	4417
f 4407 	4417 	4406
f 4408 	4417 	4407
f 4913 	4914 	4412
f 4405 	4113 	4412
f 4415 	4294 	4414
f 4920 	4137 	4418
f 4418 	4137 	4155
f 4416 	4294 	4415
f 4423 	4294 	4422
f 4422 	4294 	4416
f 4159 	4157 	4175
f 4921 	4922 	4137
f 4150 	4155 	4137
f 4303 	4294 	4431
f 4434 	4294 	4423
f 4431 	4294 	4434
f 4438 	4137 	4437
f 4438 	4493 	4137
f 4444 	4445 	4417
f 4442 	4417 	4445
f 4456 	4413 	4302
f 4414 	4294 	4413
f 4451 	4919 	4455
f 4456 	4302 	4459
f 4447 	4449 	4302
f 4459 	4302 	4462
f 4462 	4302 	4465
f 4466 	4467 	4137
f 4467 	4468 	4137
f 4469 	4137 	4468
f 4148 	4137 	4469
f 4465 	4302 	4449
f 4487 	4121 	4473
f 4471 	4473 	4121
f 4578 	3982 	4527
f 4156 	4149 	4578
f 4121 	4374 	4471
f 4122 	4120 	4474
f 4306 	4322 	4417
f 4345 	4346 	4417
f 4475 	4417 	4442
f 4408 	4444 	4417
f 4417 	4475 	4476
f 4417 	4476 	4477
f 4417 	4477 	4478
f 4417 	4478 	4479
f 4474 	4120 	4483
f 3818 	3838 	4481
f 4482 	3756 	4481
f 4080 	3780 	4482
f 3871 	3785 	4080
f 3869 	3772 	3871
f 3856 	3743 	3869
f 3855 	3740 	3856
f 3772 	3785 	3871
f 4547 	4544 	3832
f 4546 	4547 	3832
f 4483 	4120 	4487
f 4485 	4042 	4484
f 3951 	3952 	4488
f 3949 	3951 	4488
f 3952 	3953 	4488
f 3948 	3949 	4488
f 3953 	3954 	4488
f 3954 	3955 	4488
f 3955 	3956 	4488
f 3956 	3957 	4488
f 3957 	3958 	4488
f 3958 	3960 	4488
f 4486 	4488 	3960
f 3961 	4486 	3960
f 4488 	4021 	3948
f 3947 	3948 	4021
f 4020 	3947 	4021
f 4393 	4188 	4341
f 4484 	4042 	4489
f 4492 	4042 	4393
f 4489 	4042 	4492
f 4493 	4494 	4137
f 4494 	4495 	4137
f 4464 	4137 	4463
f 4495 	4496 	4137
f 4463 	4137 	4496
f 4565 	4572 	4523
f 4568 	4566 	4499
f 5039 	4564 	4523
f 4564 	4565 	4523
f 4506 	4385 	4504
f 4508 	4385 	4506
f 4510 	4385 	4508
f 4512 	4385 	4510
f 4386 	4537 	4385
f 4502 	4503 	4628
f 4501 	4502 	4628
f 4505 	4628 	4503
f 4507 	4628 	4505
f 4509 	4628 	4507
f 4511 	4628 	4509
f 4513 	4628 	4511
f 4516 	4517 	4628
f 4517 	4064 	4628
f 4075 	4076 	4628
f 4076 	4077 	4628
f 4064 	4075 	4628
f 4500 	4501 	4628
f 4518 	4042 	4485
f 4520 	4519 	4919
f 4519 	4446 	4919
f 4443 	4919 	4446
f 4443 	4455 	4919
f 3961 	4500 	3932
f 4491 	3932 	4500
f 4520 	4919 	4523
f 4491 	4625 	3932
f 4305 	4338 	4304
f 4521 	4042 	4522
f 4020 	4064 	3947
f 4517 	3947 	4064
f 4522 	4042 	4518
f 4516 	3948 	3947
f 4516 	3947 	4517
f 4515 	3949 	3948
f 4515 	3948 	4516
f 4530 	4122 	4531
f 4381 	4042 	4532
f 4514 	3951 	3949
f 4514 	3949 	4515
f 4533 	4121 	4120
f 4120 	4122 	4530
f 4532 	4042 	4521
f 4513 	3952 	3951
f 4513 	3951 	4514
f 4534 	4121 	4535
f 4511 	3953 	3952
f 4511 	3952 	4513
f 4535 	4121 	4533
f 4509 	3954 	3953
f 4509 	3953 	4511
f 4133 	4134 	4536
f 4386 	4387 	4537
f 4538 	4385 	4537
f 4539 	4385 	4538
f 4504 	4385 	4539
f 4534 	4540 	4121
f 3729 	3718 	4121
f 4162 	3729 	4121
f 4507 	3955 	3954
f 4507 	3954 	4509
f 4527 	4528 	4578
f 4505 	3956 	3955
f 4505 	3955 	4507
f 3584 	4071 	4570
f 4503 	3957 	3956
f 4503 	3956 	4505
f 4544 	4603 	3832
f 3836 	3832 	4602
f 4570 	4364 	3579
f 3579 	3580 	4570
f 4613 	4419 	4551
f 4552 	4550 	4019
f 3575 	3576 	4363
f 4896 	3918 	4558
f 4554 	4613 	4551
f 3576 	3579 	4363
f 4561 	4562 	5088
f 4559 	5088 	4563
f 4563 	5088 	4562
f 4529 	4561 	5088
f 4560 	4302 	4556
f 4554 	4556 	4302
f 4560 	3936 	4302
f 3580 	3584 	4570
f 4364 	4363 	3579
f 4490 	4497 	4566
f 4122 	4490 	4531
f 4567 	4302 	3935
f 4447 	4302 	4567
f 4566 	4531 	4490
f 3607 	3575 	4363
f 4363 	4361 	3607
f 3608 	3607 	4361
f 5088 	5089 	4529
f 4576 	4577 	4529
f 4577 	4578 	4529
f 4528 	4529 	4578
f 3734 	3851 	3738
f 3621 	3738 	3851
f 3733 	3851 	3734
f 4580 	4896 	4558
f 3743 	3856 	3740
f 3865 	3740 	3855
f 3766 	3869 	3743
f 4582 	4896 	4583
f 3740 	3865 	3745
f 4583 	4896 	4580
f 4586 	4896 	4588
f 3753 	3748 	3622
f 3748 	3747 	3622
f 3747 	3762 	3622
f 3762 	3738 	3622
f 3621 	3622 	3738
f 4582 	4588 	4896
f 4589 	4896 	4591
f 3818 	4481 	3756
f 4591 	4896 	4586
f 3772 	3869 	3766
f 3757 	4482 	3780
f 3756 	4482 	3757
f 3780 	4080 	3785
f 3804 	3797 	3623
f 3797 	3755 	3623
f 3755 	3753 	3623
f 3622 	3623 	3753
f 4002 	4004 	4578
f 3834 	4002 	4578
f 4545 	4546 	3832
f 4578 	4545 	3834
f 3832 	3834 	4545
f 3876 	3875 	3644
f 3891 	4569 	4384
f 3935 	4302 	3936
f 3882 	3893 	3880
f 3888 	3880 	3893
f 3895 	3893 	3882
f 3885 	3895 	3882
f 4932 	4569 	4571
f 3940 	4635 	4345
f 4417 	4403 	4345
f 4403 	4396 	4345
f 4396 	4210 	4345
f 4210 	4203 	4345
f 4203 	3944 	4345
f 3941 	4345 	3944
f 3940 	4345 	3941
f 3645 	3643 	4382
f 4383 	4932 	4265
f 3888 	3891 	3880
f 3880 	3891 	4384
f 4384 	4932 	4383
f 4397 	4613 	4391
f 4932 	4384 	4569
f 4613 	4420 	4419
f 4613 	4397 	4410
f 4410 	4409 	4613
f 4613 	4424 	4420
f 4427 	4613 	4409
f 4424 	4613 	4427
f 4502 	3958 	3957
f 4502 	3957 	4503
f 4501 	3960 	3958
f 4501 	3958 	4502
f 4500 	3961 	3960
f 4500 	3960 	4501
f 4458 	4345 	4470
f 4458 	4448 	4345
f 4448 	4435 	4345
f 4435 	4432 	4345
f 4432 	4429 	4345
f 4366 	4345 	4429
f 4627 	4390 	4439
f 4441 	4627 	4439
f 4454 	4627 	4452
f 4620 	4624 	4619
f 4626 	4624 	4625
f 4621 	4624 	4620
f 4622 	4624 	4621
f 4623 	4938 	4624
f 4622 	4623 	4624
f 4486 	3932 	4624
f 4452 	4627 	4441
f 4619 	4624 	4626
f 4625 	4624 	3932
f 4460 	4627 	4454
f 4617 	4627 	4460
f 3961 	3932 	4486
f 4614 	4627 	4472
f 4472 	4627 	4615
f 4629 	4630 	4628
f 4630 	4631 	4628
f 4631 	4632 	4628
f 4615 	4627 	4617
f 4634 	4491 	4628
f 4500 	4628 	4491
f 4633 	4634 	4628
f 4632 	4633 	4628
f 4631 	4620 	4619
f 4631 	4619 	4632
f 4636 	4345 	4635
f 4638 	4345 	4637
f 4639 	4345 	4638
f 4640 	4345 	4639
f 4470 	4345 	4640
f 4630 	4621 	4620
f 4630 	4620 	4631
f 4629 	4622 	4621
f 4629 	4621 	4630
f 4628 	4623 	4622
f 4628 	4622 	4629
f 4643 	4391 	4613
f 4392 	4391 	4643
f 4392 	4643 	4644
f 4634 	4625 	4491
f 4644 	4643 	4645
f 4633 	4626 	4625
f 4633 	4625 	4634
f 4645 	4643 	4646
f 4633 	4632 	4626
f 4619 	4626 	4632
f 4646 	4643 	4647
f 4077 	4065 	4628
f 4653 	4651 	4936
f 4652 	4936 	4651
f 4936 	3890 	4653
f 4660 	4661 	3896
f 4657 	4302 	4655
f 4658 	4302 	4657
f 4654 	4655 	4302
f 4656 	4654 	4302
f 4294 	4656 	4302
f 3978 	3896 	4650
f 4661 	4662 	3896
f 4650 	3896 	4649
f 4662 	4663 	3896
f 4663 	4664 	3896
f 4649 	3896 	4664
f 4667 	4936 	4652
f 4302 	4658 	4665
f 4302 	4665 	4666
f 4669 	4936 	4668
f 4668 	4936 	4667
f 4486 	4624 	4670
f 4624 	4936 	4671
f 4678 	4936 	4669
f 4671 	4936 	4678
f 4302 	4666 	4672
f 4302 	4672 	4673
f 4302 	4673 	4674
f 4302 	4674 	4675
f 4302 	4675 	4676
f 4302 	4676 	4677
f 4679 	4554 	4677
f 4680 	4554 	4679
f 4681 	4682 	4554
f 4613 	4554 	4682
f 4683 	4613 	4682
f 4680 	4681 	4554
f 4302 	4677 	4554
f 4770 	4771 	4659
f 4659 	4684 	4685
f 4659 	4685 	4686
f 4659 	4686 	4687
f 4688 	4691 	4687
f 4689 	4691 	4688
f 4659 	4687 	4691
f 4613 	4683 	4690
f 4613 	4690 	4692
f 5022 	4643 	4692
f 4613 	4692 	4643
f 4695 	3979 	4694
f 4670 	4693 	4486
f 4486 	4696 	4697
f 4696 	4486 	4693
f 4694 	3979 	4699
f 4700 	4276 	3979
f 4486 	4701 	4702
f 4486 	4697 	4701
f 4276 	4277 	3979
f 4708 	4486 	4703
f 4703 	4486 	4702
f 4700 	3979 	4695
f 4707 	4486 	4706
f 4706 	4486 	4708
f 4720 	4660 	3968
f 4720 	4721 	4660
f 4710 	4724 	4709
f 4711 	4724 	4710
f 4713 	5058 	4712
f 4712 	5060 	4711
f 4714 	3981 	4713
f 4715 	3981 	4714
f 4716 	3981 	4715
f 4717 	3981 	4716
f 4718 	3981 	4717
f 4704 	3981 	4719
f 4719 	3981 	4718
f 5060 	4712 	5059
f 4659 	4660 	4721
f 4725 	4709 	4724
f 4695 	4694 	4655
f 4695 	4655 	4654
f 4694 	4699 	4655
f 3974 	4932 	4726
f 4727 	4932 	4722
f 4726 	4932 	4727
f 4700 	4695 	4654
f 4700 	4654 	4656
f 4699 	4657 	4655
f 4699 	4698 	4658
f 4699 	4658 	4657
f 4721 	4729 	4659
f 4730 	4659 	4729
f 4730 	4731 	4659
f 4731 	4732 	4659
f 4732 	4733 	4659
f 4728 	4659 	4733
f 4019 	4021 	4735
f 4736 	4932 	4019
f 4294 	4276 	4700
f 4294 	4700 	4656
f 4665 	4658 	4698
f 4738 	4932 	4737
f 4932 	4736 	4737
f 4698 	4705 	4665
f 4705 	4704 	4666
f 4705 	4666 	4665
f 4743 	4745 	4896
f 4722 	4932 	4723
f 4742 	4723 	4932
f 4738 	4744 	4932
f 4742 	4932 	4744
f 3881 	3878 	4896
f 4745 	3881 	4896
f 4672 	4666 	4719
f 4704 	4719 	4666
f 4743 	4896 	4746
f 4719 	4718 	4673
f 4719 	4673 	4672
f 4896 	4267 	4746
f 4748 	4793 	4659
f 4728 	4749 	4659
f 4749 	4750 	4659
f 4750 	4751 	4659
f 4751 	4752 	4659
f 4752 	4753 	4659
f 4754 	4659 	4753
f 4748 	4659 	4754
f 4718 	4717 	4674
f 4718 	4674 	4673
f 4717 	4716 	4675
f 4717 	4675 	4674
f 4757 	4743 	4758
f 4757 	4760 	4745
f 4757 	4745 	4743
f 4675 	4716 	4715
f 4675 	4715 	4676
f 3881 	4745 	3886
f 4760 	3886 	4745
f 4756 	4759 	4021
f 4761 	4021 	4759
f 4764 	4758 	4746
f 4743 	4746 	4758
f 4571 	4573 	4932
f 4932 	4573 	4574
f 4764 	4746 	4747
f 4764 	4747 	4765
f 4897 	4767 	4747
f 4765 	4747 	4767
f 4766 	4734 	4021
f 4734 	4735 	4021
f 4587 	4019 	4581
f 4579 	4932 	4574
f 4763 	4021 	4761
f 4766 	4021 	4768
f 4768 	4021 	4769
f 4585 	4019 	4584
f 4769 	4021 	4763
f 4019 	4587 	4584
f 4579 	4581 	4019
f 4771 	4772 	4659
f 4772 	4773 	4659
f 4773 	4774 	4659
f 4774 	4775 	4659
f 4684 	4659 	4775
f 3838 	3836 	4592
f 4592 	4590 	3838
f 4590 	4480 	3838
f 4480 	4481 	3838
f 4776 	4486 	4707
f 4595 	4019 	4594
f 4777 	4486 	4776
f 4780 	4486 	4779
f 4779 	4486 	4777
f 4019 	4597 	4598
f 4598 	4604 	4019
f 4019 	4604 	4605
f 4597 	4019 	4599
f 4784 	4486 	4783
f 4486 	4780 	4783
f 4594 	4019 	4585
f 4600 	4019 	4595
f 4599 	4019 	4600
f 4788 	4486 	4787
f 4787 	4486 	4789
f 4789 	4486 	4790
f 4602 	4601 	3836
f 4603 	4602 	3832
f 4601 	4596 	3836
f 4596 	4593 	3836
f 4593 	4592 	3836
f 4486 	4784 	4790
f 4793 	4794 	4659
f 4794 	4795 	4659
f 4795 	4796 	4659
f 4797 	4659 	4796
f 4798 	4659 	4797
f 4770 	4659 	4798
f 4605 	4606 	4019
f 4607 	4019 	4606
f 4555 	4552 	4019
f 3918 	4019 	4550
f 4755 	4756 	4021
f 4755 	4021 	4803
f 4803 	4021 	4804
f 4804 	4021 	4806
f 4555 	4019 	4608
f 4608 	4019 	4607
f 4800 	4021 	4801
f 4806 	4021 	4809
f 4488 	4486 	4788
f 4812 	4801 	4021
f 4800 	4809 	4021
f 4021 	4488 	4815
f 4021 	4815 	4812
f 4648 	4627 	4614
f 4641 	4643 	4642
f 4807 	4642 	4643
f 4641 	4647 	4643
f 4643 	4810 	4807
f 4643 	4648 	4810
f 4715 	4714 	4677
f 4715 	4677 	4676
f 5013 	5014 	4746
f 5011 	5010 	4897
f 4897 	4747 	5011
f 4900 	4897 	5010
f 4904 	4905 	3921
f 4067 	4068 	3979
f 4229 	4226 	3979
f 4907 	3921 	4905
f 4897 	4905 	4767
f 4904 	4767 	4905
f 4900 	4907 	4897
f 4905 	4897 	4907
f 4907 	4900 	4901
f 4907 	4901 	4908
f 4127 	4067 	3922
f 3930 	4079 	3965
f 3965 	3966 	3930
f 3923 	3930 	3967
f 3967 	3973 	3923
f 4913 	4084 	4912
f 4912 	4911 	4914
f 4912 	4914 	4913
f 4911 	4910 	4915
f 4911 	4915 	4914
f 4910 	4909 	4916
f 4910 	4916 	4915
f 4909 	4175 	4916
f 4918 	4990 	4917
f 4927 	4175 	4928
f 4917 	4990 	4175
f 4931 	4930 	4175
f 4930 	4929 	4175
f 4915 	4916 	4161
f 4161 	4160 	4915
f 4921 	4137 	4920
f 4923 	4137 	4922
f 4924 	4137 	4923
f 4928 	4175 	4925
f 4157 	4161 	4916
f 4929 	4426 	4175
f 4916 	4175 	4157
f 4426 	4159 	4175
f 4931 	4175 	4927
f 4714 	4713 	4679
f 4714 	4679 	4677
f 4713 	4712 	4680
f 4713 	4680 	4679
f 4712 	4711 	4681
f 4712 	4681 	4680
f 4711 	4710 	4682
f 4711 	4682 	4681
f 4710 	4709 	4683
f 4710 	4683 	4682
f 4709 	4725 	4683
f 4725 	4690 	4683
f 4724 	4692 	4690
f 4724 	4690 	4725
f 4724 	5022 	4692
f 4579 	4019 	4932
f 4952 	4955 	4067
f 4104 	4114 	4067
f 3774 	3778 	5055
f 5054 	5055 	3778
f 4127 	4128 	4067
f 4128 	4129 	4067
f 4936 	4933 	4934
f 4935 	4933 	4936
f 4936 	4937 	4935
f 4940 	4937 	4624
f 4936 	4624 	4937
f 4939 	4940 	4624
f 4938 	4939 	4624
f 4942 	4137 	4924
f 4942 	4943 	4137
f 4943 	4944 	4137
f 4944 	4945 	4137
f 4945 	4946 	4137
f 4946 	4991 	4137
f 4948 	4947 	4917
f 4955 	4958 	4067
f 4514 	4515 	4628
f 4515 	4516 	4628
f 4513 	4514 	4628
f 4065 	4066 	4628
f 4066 	4067 	4628
f 4941 	4934 	4933
f 4941 	4933 	4935
f 4941 	4935 	4952
f 4623 	4628 	4938
f 4962 	4938 	4628
f 4960 	4939 	4938
f 4960 	4938 	4962
f 4958 	4940 	4939
f 4958 	4939 	4960
f 4955 	4952 	4937
f 4935 	4937 	4952
f 4955 	4937 	4940
f 4955 	4940 	4958
f 4941 	4067 	4107
f 4952 	4067 	4941
f 4107 	4054 	4934
f 4107 	4934 	4941
f 4054 	4932 	4934
f 4078 	4239 	4054
f 4936 	4934 	4932
f 3962 	3959 	4932
f 3950 	3903 	4936
f 3897 	3896 	3975
f 3894 	3892 	4936
f 4950 	4917 	4988
f 4988 	4917 	4947
f 4925 	4175 	4926
f 4926 	4175 	4989
f 4989 	4175 	4990
f 4918 	4917 	4950
f 4991 	4992 	4137
f 4992 	4993 	4137
f 4993 	4994 	4137
f 4995 	4137 	4994
f 4437 	4137 	4995
f 4996 	4919 	4451
f 4997 	4919 	4996
f 4998 	4917 	4997
f 5000 	4917 	4998
f 5004 	5034 	4901
f 5008 	5006 	4917
f 4999 	4917 	5000
f 4948 	4917 	5006
f 5008 	4917 	5009
f 4901 	4900 	5007
f 4999 	5009 	4917
f 4919 	4997 	4917
f 5012 	5011 	4746
f 4747 	4746 	5011
f 5015 	5088 	4559
f 5019 	5057 	5018
f 5017 	5018 	5057
f 5030 	4919 	5031
f 5025 	4648 	5024
f 5026 	4648 	5025
f 5023 	5024 	4648
f 5027 	4648 	5026
f 5028 	4648 	5027
f 5029 	4648 	5028
f 4272 	4627 	5029
f 4627 	4648 	5029
f 4648 	4643 	5023
f 5022 	5023 	4643
f 5031 	4919 	5020
f 5021 	5020 	4919
f 5032 	4919 	5033
f 5033 	4919 	5030
f 5010 	5007 	4900
f 5007 	5005 	4901
f 4901 	5005 	5001
f 5003 	5004 	4901
f 5035 	4901 	5034
f 5002 	5003 	4901
f 5001 	5002 	4901
f 4901 	5035 	5036
f 5037 	4901 	5036
f 5038 	4901 	5037
f 4572 	4568 	4523
f 4499 	4523 	4568
f 5039 	4919 	5032
f 5042 	4908 	5041
f 5043 	4908 	5042
f 4497 	4498 	4566
f 3921 	4907 	5045
f 5047 	5057 	5019
f 5046 	5057 	5047
f 5021 	4919 	5049
f 5052 	5054 	3778
f 5049 	4919 	5051
f 4070 	3774 	3977
f 4919 	5056 	5053
f 4919 	5053 	5051
f 3977 	3979 	4070
f 3976 	3977 	3774
f 4068 	4070 	3979
f 5055 	3976 	3774
f 5044 	5045 	4908
f 5059 	4712 	5058
f 5062 	4711 	5061
f 5063 	4711 	5062
f 5064 	4711 	5063
f 5060 	5061 	4711
f 5065 	4711 	5064
f 4724 	4711 	5065
f 5066 	5057 	5046
f 5057 	5099 	5017
f 5067 	5072 	5066
f 5068 	5072 	5067
f 5069 	5072 	5068
f 5070 	5072 	5069
f 5071 	5072 	5070
f 5057 	5066 	5072
f 5073 	5074 	4896
f 5081 	4896 	5080
f 4908 	5075 	5076
f 4908 	5076 	5077
f 4908 	5077 	5078
f 5040 	4908 	5079
f 5041 	4908 	5040
f 5078 	5079 	4908
f 4907 	4908 	5045
f 5048 	3921 	5045
f 5043 	5044 	4908
f 4896 	5074 	5080
f 5043 	5042 	5002
f 5043 	5002 	5001
f 4896 	5082 	5083
f 5042 	5041 	5003
f 5042 	5003 	5002
f 4896 	5081 	5082
f 5041 	5040 	5004
f 5041 	5004 	5003
f 5085 	4919 	5084
f 5084 	4896 	5083
f 5044 	5043 	5001
f 5044 	5001 	5005
f 5045 	5044 	5005
f 5045 	5005 	5007
f 5056 	4919 	5086
f 5086 	4919 	5087
f 5013 	3976 	5055
f 4919 	5085 	5087
f 5048 	5045 	5007
f 5048 	5007 	5010
f 5055 	5054 	5014
f 5055 	5014 	5013
f 5099 	5088 	5017
f 5089 	5090 	4529
f 5090 	5091 	4529
f 5091 	5092 	4529
f 5092 	4575 	4529
f 4575 	4576 	4529
f 5050 	5048 	5010
f 5050 	5010 	5011
f 5052 	5050 	5011
f 5052 	5011 	5012
f 5054 	5052 	5012
f 5054 	5012 	5014
f 4589 	5093 	4896
f 5093 	5094 	4896
f 5065 	5022 	4724
f 5098 	4896 	5095
f 5094 	5095 	4896
f 5064 	5023 	5022
f 5064 	5022 	5065
f 5096 	4896 	5098
f 5063 	5024 	5023
f 5063 	5023 	5064
f 5062 	5025 	5024
f 5062 	5024 	5063
f 5016 	5017 	5088
f 5015 	5016 	5088
f 5061 	5026 	5025
f 5061 	5025 	5062
f 5060 	5027 	5026
f 5060 	5026 	5061
f 5096 	5097 	4896
f 5073 	4896 	5100
f 5100 	4896 	5101
f 5059 	5028 	5027
f 5059 	5027 	5060
f 5102 	4896 	5097
f 5101 	4896 	5102
f 5058 	5029 	5028
f 5058 	5028 	5059
f 5029 	5058 	4272
f 4174 	4272 	5058
f 5040 	5079 	5034
f 5040 	5034 	5004
f 5079 	5078 	5035
f 5079 	5035 	5034
f 5078 	5077 	5036
f 5078 	5036 	5035
f 5076 	5037 	5036
f 5076 	5036 	5077
f 5075 	5038 	5037
f 5075 	5037 	5076
f 5038 	5075 	4901
f 4908 	4901 	5075
f 4179 	4917 	4177
f 4181 	4917 	4179
f 4184 	4917 	4181
f 4186 	4917 	4184
f 4189 	4917 	4186
f 4191 	4917 	4189
f 4175 	4177 	4917
f 4204 	4917 	4196
f 4193 	4196 	4917
f 4209 	4917 	4204
f 4214 	4917 	4209
f 4217 	4917 	4214
f 4221 	4917 	4217
f 4225 	4227 	4919
f 4252 	4225 	4919
f 4191 	4193 	4917
f 4917 	4259 	4231
f 4917 	4231 	4237
f 4917 	4237 	4241
f 4917 	4241 	4243
f 4917 	4243 	4249
f 4917 	4249 	4252
f 4917 	4252 	4919
f 4227 	4230 	4919
f 4255 	4257 	4919
f 5084 	4919 	4257
f 4259 	4917 	4221
f 4255 	4919 	4230
f 5014 	5012 	4746
f 5013 	4746 	4261
f 4261 	4746 	4262
f 4262 	4746 	4267
f 4257 	4354 	5084
f 4270 	4268 	4354
f 4268 	4267 	4354
f 4267 	4896 	4354
f 4896 	5084 	4354
f 4269 	4270 	4354
f 4266 	4269 	4354
f 4627 	4272 	4354
f 4266 	4354 	4271
f 4271 	4354 	4272
f 4213 	4208 	4183
f 4183 	4180 	4213
f 4180 	4178 	4213
f 4178 	4176 	4213
f 4176 	4909 	4213
f 4910 	4911 	4213
f 4911 	4912 	4213
f 4912 	4084 	4213
f 4909 	4910 	4213
f 4208 	4202 	4190
f 4192 	4190 	4202
f 4195 	4192 	4202
f 4190 	4187 	4208
f 4187 	4185 	4208
f 4226 	4224 	3979
f 4224 	3922 	3979
f 3922 	4067 	3979
# 1630 faces

 #end of obj_3

o obj_4
v 104.803 		594.25 		71.677
v 105.229 		594.25 		71.649
v 105.649 		594.25 		71.565
v 104.803 		594.25 		71.883
v 106.053 		594.25 		71.427
v 105.256 		594.25 		71.853
v 106.437 		594.25 		71.236
v 106.539 		594.25 		71.414
v 106.131 		594.25 		71.617
v 105.701 		594.25 		71.764
v 102.814 		594.25 		70.997
v 103.169 		594.25 		71.236
v 103.553 		594.25 		71.427
v 102.69 		594.25 		71.16
v 103.957 		594.25 		71.565
v 103.068 		594.25 		71.414
v 104.377 		594.25 		71.649
v 104.35 		594.25 		71.853
v 111.26 		594.35 		34.914
v 111.26 		595.352 		34.914
v 111.019 		594.35 		40.601
v 111.019 		595.352 		40.601
v 111.03 		594.35 		40.2
v 111.03 		595.352 		40.2
v 111.281 		594.35 		34.517
v 111.281 		595.352 		34.517
v 111.293 		595.352 		32.899
v 111.293 		594.35 		32.899
v 110.84 		595.352 		31.66
v 110.84 		594.35 		31.66
v 110.972 		595.352 		31.788
v 110.972 		594.35 		31.788
v 111.127 		595.352 		31.986
v 111.127 		594.35 		31.986
v 111.13 		595.352 		31.99
v 111.13 		594.35 		31.99
v 111.128 		594.35 		31.988
v 111.128 		595.352 		31.988
v 111.147 		595.352 		32.014
v 111.147 		594.35 		32.014
v 111.166 		595.352 		32.045
v 111.166 		594.35 		32.045
v 111.222 		595.352 		32.143
v 111.222 		594.35 		32.143
v 111.25 		595.352 		32.22
v 111.25 		594.35 		32.22
v 111.252 		595.352 		32.23
v 111.252 		594.35 		32.23
v 111.329 		595.352 		32.469
v 111.329 		594.35 		32.469
v 111.253 		594.35 		32.241
v 111.253 		595.352 		32.241
v 111.36 		595.352 		32.64
v 111.36 		594.35 		32.64
v 111.341 		595.352 		32.749
v 111.341 		594.35 		32.749
v 110.027 		595.352 		31.543
v 110.027 		594.35 		31.543
v 109.848 		594.35 		31.629
v 109.848 		595.352 		31.629
v 110.16 		595.352 		31.5
v 110.16 		594.35 		31.5
v 110.508 		595.352 		31.547
v 110.508 		594.35 		31.547
v 108.63 		594.35 		31.664
v 108.63 		595.352 		31.664
v 107.66 		594.35 		31.69
v 107.66 		595.352 		31.69
v 106.8 		594.35 		31.63
v 106.8 		595.352 		31.63
v 106.582 		594.475 		31.6352
v 106.582 		595.352 		31.6352
v 121.73 		594.35 		39.7
v 113.451 		594.35 		38.761
v 113.94 		594.35 		38.48
v 114.434 		594.35 		38.264
v 114.94 		594.35 		38.08
v 115.891 		594.35 		37.877
v 116.85 		594.35 		37.71
v 117.39 		594.35 		37.682
v 117.93 		594.35 		37.69
v 118.499 		594.35 		37.781
v 119.06 		594.35 		37.91
v 119.57 		594.35 		38.135
v 120.06 		594.35 		38.4
v 120.913 		594.35 		39.029
v 120.332 		594.35 		39.883
v 116.861 		594.35 		39.883
v 113.39 		594.35 		39.883
v 121.73 		595.352 		39.7
v 120.913 		595.352 		39.029
v 120.06 		595.352 		38.4
v 119.57 		595.352 		38.135
v 119.06 		595.352 		37.91
v 118.499 		595.352 		37.781
v 117.93 		595.352 		37.69
v 117.39 		595.352 		37.682
v 116.85 		595.352 		37.71
v 115.891 		595.352 		37.877
v 114.94 		595.352 		38.08
v 114.434 		595.352 		38.264
v 113.94 		595.352 		38.48
v 113.451 		595.352 		38.761
v 122.627 		594.35 		41.163
v 122.82 		594.35 		41.69
v 122.934 		594.35 		42.217
v 123 		594.35 		42.75
v 122.889 		594.35 		44.618
v 120.332 		594.35 		43.383
v 122.086 		594.35 		40.159
v 122.4 		594.35 		40.65
v 122.889 		595.352 		44.618
v 123 		595.352 		42.75
v 122.934 		595.352 		42.217
v 122.82 		595.352 		41.69
v 122.627 		595.352 		41.163
v 122.4 		595.352 		40.65
v 122.086 		595.352 		40.159
v 119.2058 		594.35 		45.672
v 119.6728 		594.35 		45.056
v 119.453 		594.35 		45.388
v 119.867 		594.35 		45.133
v 119.9047 		594.35 		45.056
v 119.615 		594.35 		45.514
v 119.4772 		594.35 		45.672
v 120.1036 		594.35 		43.008
v 120.128 		594.35 		43.383
v 120.1 		594.35 		43.813
v 120.017 		594.35 		44.236
v 119.879 		594.35 		44.644
v 119.69 		594.35 		45.03
v 120.0366 		594.35 		44.7861
v 120.068 		594.35 		44.722
v 120.1914 		594.35 		44.3561
v 120.3074 		594.35 		43.008
v 120.302 		594.35 		43.84
v 120.214 		594.35 		44.289
v 119.0651 		594.35 		40.96
v 119.171 		594.35 		41.054
v 119.453 		594.35 		41.378
v 119.69 		594.35 		41.736
v 119.879 		594.35 		42.122
v 120.017 		594.35 		42.53
v 120.1 		594.35 		42.953
v 120.3065 		594.35 		42.9952
v 103.905 		594.25 		71.764
v 103.475 		594.25 		71.617
v 120.302 		594.35 		42.926
v 120.2281 		594.35 		42.5488
v 120.214 		594.35 		42.477
v 102.814 		594.25 		65.769
v 120.068 		594.35 		42.044
v 119.9007 		594.35 		41.7018
v 119.615 		594.35 		41.252
v 119.3603 		594.35 		40.96
v 102.69 		594.25 		65.606
v 119.867 		594.35 		41.633
v 104.803 		594.25 		65.089
v 106.437 		594.25 		65.53
v 106.053 		594.25 		65.339
v 114.5162 		594.35 		45.672
v 114.269 		594.35 		45.388
v 105.649 		594.25 		65.201
v 114.0492 		594.35 		45.056
v 113.8213 		594.35 		45.0642
v 113.8173 		594.35 		45.056
v 105.229 		594.25 		65.117
v 106.539 		594.25 		65.352
v 105.701 		594.25 		65.002
v 106.131 		594.25 		65.149
v 113.39 		594.35 		45.056
v 104.803 		594.25 		64.883
v 105.256 		594.25 		64.913
v 114.2448 		594.35 		45.672
v 114.107 		594.35 		45.514
v 104.377 		594.25 		65.117
v 113.855 		594.35 		45.133
v 103.957 		594.25 		65.201
v 103.553 		594.25 		65.339
v 104.35 		594.25 		64.913
v 103.169 		594.25 		65.53
v 113.6184 		594.35 		43.008
v 103.475 		594.25 		65.149
v 114.032 		594.35 		45.03
v 103.905 		594.25 		65.002
v 113.843 		594.35 		44.644
v 113.705 		594.35 		44.236
v 113.622 		594.35 		43.813
v 113.594 		594.35 		43.383
v 103.068 		594.25 		65.352
v 113.4146 		594.35 		43.008
v 113.3943 		594.35 		43.3174
v 105.037 		594.25 		56.349
v 113.39 		594.35 		43.383
v 105.738 		594.25 		56.305
v 113.4155 		594.35 		43.7708
v 106.427 		594.25 		56.173
v 113.42 		594.35 		43.84
v 113.4939 		594.35 		44.2172
v 105.037 		594.25 		56.672
v 105.782 		594.25 		56.625
v 113.654 		594.35 		44.722
v 106.514 		594.25 		56.485
v 113.508 		594.35 		44.289
v 105.037 		594.25 		45.995
v 106.427 		594.25 		46.172
v 105.738 		594.25 		46.04
v 114.6569 		594.35 		40.96
v 113.622 		594.35 		42.953
v 113.705 		594.35 		42.53
v 113.843 		594.35 		42.122
v 114.032 		594.35 		41.736
v 114.269 		594.35 		41.378
v 114.551 		594.35 		41.054
v 105.037 		594.25 		45.672
v 105.782 		594.25 		45.719
v 106.514 		594.25 		45.86
v 114.3617 		594.35 		40.96
v 114.1564 		594.35 		41.1953
v 102.982 		594.25 		55.955
v 103.647 		594.25 		56.173
v 114.107 		594.35 		41.252
v 104.336 		594.25 		56.305
v 113.855 		594.35 		41.633
v 113.6854 		594.35 		41.9799
v 103.561 		594.25 		56.485
v 102.854 		594.25 		56.254
v 104.293 		594.25 		56.625
v 104.336 		594.25 		46.04
v 113.42 		594.35 		42.926
v 103.647 		594.25 		46.172
v 113.508 		594.35 		42.477
v 113.654 		594.35 		42.044
v 102.982 		594.25 		46.389
v 104.293 		594.25 		45.719
v 103.561 		594.25 		45.86
v 116.91 		594.35 		40.0922
v 117.287 		594.35 		40.117
v 117.707 		594.35 		40.201
v 118.111 		594.35 		40.339
v 118.495 		594.35 		40.53
v 118.85 		594.35 		40.769
v 102.854 		594.25 		46.091
v 119.315 		594.35 		40.908
v 119.0251 		594.35 		40.6512
v 105.037 		594.35 		45.672
v 106.582 		595.352 		32.998
v 102.536 		595.352 		32.998
v 119.315 		594.35 		45.858
v 105.49 		595.352 		76.44
v 118.974 		594.35 		46.16
v 106.02 		595.352 		76.436
v 118.958 		594.35 		46.1707
v 106.55 		595.352 		76.43
v 102.662 		595.352 		76.563
v 103.56 		595.352 		76.64
v 104.525 		595.352 		76.551
v 116.91 		594.35 		46.6738
v 118.958 		594.35 		45.9011
v 118.85 		594.35 		45.997
v 118.495 		594.35 		46.236
v 118.111 		594.35 		46.427
v 117.707 		594.35 		46.565
v 117.287 		594.35 		46.649
v 116.91 		594.35 		46.8798
v 117.2454 		594.35 		46.8575
v 106.55 		594.35 		76.43
v 117.314 		594.35 		46.853
v 117.6903 		594.35 		46.7777
v 106.02 		594.35 		76.436
v 117.759 		594.35 		46.764
v 118.1283 		594.35 		46.6377
v 105.49 		594.35 		76.44
v 118.596 		594.35 		46.414
v 104.525 		594.35 		76.551
v 118.189 		594.35 		46.617
v 103.56 		594.35 		76.64
v 102.662 		594.35 		76.563
v 114.862 		594.35 		45.9881
v 116.861 		594.35 		46.677
v 105.037 		594.35 		56.672
v 116.435 		594.35 		46.649
v 116.015 		594.35 		46.565
v 115.611 		594.35 		46.427
v 115.227 		594.35 		46.236
v 114.872 		594.35 		45.997
v 104.803 		594.35 		64.883
v 114.862 		594.35 		46.2368
v 115.068 		594.35 		46.3756
v 115.125 		594.35 		46.414
v 115.4698 		594.35 		46.5856
v 115.533 		594.35 		46.617
v 115.8944 		594.35 		46.7405
v 104.803 		594.35 		71.883
v 108.02 		594.25 		56.179
v 107.9063 		594.35 		56.0462
v 108.02 		594.35 		56.179
v 108.1775 		594.35 		56.32
v 107.9949 		594.35 		56.32
v 107.935 		594.35 		56.266
v 107.935 		594.25 		56.266
v 107.8135 		594.35 		56.1247
v 108.718 		594.35 		55.3602
v 108.51 		594.35 		55.536
v 106.582 		594.35 		71.1384
v 108.51 		594.25 		55.536
v 106.437 		594.35 		71.236
v 106.053 		594.35 		71.427
v 105.649 		594.35 		71.565
v 105.229 		594.35 		71.649
v 104.803 		594.35 		71.677
v 104.622 		594.35 		71.6651
v 107.853 		594.25 		55.984
v 107.8414 		594.35 		55.9663
v 107.853 		594.35 		55.984
v 104.7318 		594.35 		71.8783
v 104.622 		594.35 		71.871
v 107.757 		594.35 		56.059
v 107.757 		594.25 		56.059
v 105.1874 		594.35 		71.8575
v 107.7394 		594.35 		56.0319
v 107.89 		594.35 		55.935
v 107.89 		594.25 		55.935
v 105.6323 		594.35 		71.7777
v 105.256 		594.35 		71.853
v 107.8374 		594.25 		55.9601
v 107.8374 		594.35 		55.9601
v 107.7269 		594.35 		56.0128
v 107.7269 		594.25 		56.0128
v 107.332 		594.35 		56.2011
v 106.582 		594.35 		71.385
v 107.221 		594.35 		56.254
v 107.221 		594.25 		56.254
v 106.539 		594.35 		71.414
v 106.131 		594.35 		71.617
v 107.6792 		594.35 		56.0355
v 105.701 		594.35 		71.764
v 107.7201 		594.35 		56.016
v 107.1081 		594.35 		56.2909
v 110.0778 		594.25 		52.9284
v 110.0778 		594.35 		52.9284
v 109.891 		594.35 		52.863
v 109.891 		594.25 		52.863
v 106.582 		594.35 		65.6276
v 109.742 		594.35 		52.833
v 106.4459 		594.35 		65.536
v 109.923 		594.35 		52.744
v 109.923 		594.25 		52.744
v 109.742 		594.35 		52.707
v 110.1188 		594.35 		52.8118
v 110.1188 		594.25 		52.8118
v 104.377 		594.35 		71.649
v 103.957 		594.35 		71.565
v 103.553 		594.35 		71.427
v 103.169 		594.35 		71.236
v 109.39 		594.35 		52.796
v 102.814 		594.35 		70.997
v 109.137 		594.35 		52.813
v 102.574 		594.35 		70.7839
v 109.137 		594.25 		52.813
v 109.39 		594.25 		52.796
v 102.6389 		594.35 		71.1148
v 102.574 		594.35 		71.0573
v 108.889 		594.35 		52.863
v 108.889 		594.25 		52.863
v 103.0112 		594.35 		71.3758
v 102.69 		594.35 		71.16
v 108.718 		594.35 		52.9229
v 108.718 		594.35 		52.792
v 108.8177 		594.35 		52.7575
v 103.412 		594.35 		71.5856
v 103.068 		594.35 		71.414
v 109.643 		594.35 		52.813
v 109.643 		594.25 		52.813
v 104.35 		594.35 		71.853
v 109.659 		594.35 		52.69
v 109.659 		594.25 		52.69
v 109.39 		594.25 		52.672
v 109.39 		594.35 		52.672
v 103.905 		594.35 		71.764
v 103.475 		594.35 		71.617
v 108.857 		594.35 		52.744
v 108.857 		594.25 		52.744
v 109.121 		594.35 		52.69
v 109.121 		594.25 		52.69
v 102.536 		594.35 		70.7502
v 102.536 		594.35 		71.0236
v 108.649 		594.35 		52.947
v 108.649 		594.25 		52.947
v 108.421 		594.35 		53.061
v 108.421 		594.25 		53.061
v 108.211 		594.35 		53.205
v 102.814 		594.35 		65.769
v 103.1601 		594.35 		65.536
v 102.7478 		594.35 		65.5672
v 102.7942 		594.35 		65.536
v 102.536 		594.35 		65.7424
v 102.69 		594.35 		65.606
v 98.407 		595.352 		59.342
v 98.208 		595.352 		59.664
v 98.07 		595.352 		59.91
v 97.426 		595.352 		61.261
v 96.82 		595.352 		62.63
v 96.513 		595.352 		63.548
v 104.622 		594.35 		65.1009
v 104.803 		594.35 		65.089
v 105.229 		594.35 		65.117
v 105.649 		594.35 		65.201
v 106.053 		594.35 		65.339
v 106.437 		594.35 		65.53
v 106.539 		594.35 		65.352
v 106.1942 		594.35 		65.1804
v 95.99 		595.352 		59.31
v 106.582 		594.35 		65.381
v 96.26 		595.352 		64.48
v 105.256 		594.35 		64.913
v 105.701 		594.35 		65.002
v 97.76 		595.352 		41.06
v 97.771 		595.352 		41.388
v 106.131 		594.35 		65.149
v 104.622 		594.35 		64.895
v 97.775 		595.352 		41.718
v 97.714 		595.352 		41.677
v 103.169 		594.35 		65.53
v 103.553 		594.35 		65.339
v 103.957 		594.35 		65.201
v 104.377 		594.35 		65.117
v 104.4186 		594.35 		64.9085
v 97.659 		595.352 		41.64
v 104.35 		594.35 		64.913
v 103.9737 		594.35 		64.9883
v 97.413 		595.352 		41.28
v 97.2 		595.352 		40.98
v 103.068 		594.35 		65.352
v 103.475 		594.35 		65.149
v 96.729 		595.352 		40.476
v 103.905 		594.35 		65.002
v 96.22 		595.352 		40.02
v 106.582 		594.35 		56.1222
v 106.427 		594.35 		56.173
v 105.738 		594.35 		56.305
v 105.037 		594.35 		56.349
v 104.622 		594.35 		56.323
v 99.332 		594.35 		75.5667
v 98.92 		595.352 		75.32
v 98.92 		594.35 		75.32
v 104.9262 		594.35 		56.665
v 104.622 		594.35 		56.6458
v 98.46 		595.352 		74.943
v 105.6647 		594.35 		56.6324
v 98.46 		594.35 		74.943
v 98.02 		595.352 		74.54
v 98.02 		594.35 		74.54
v 106.4058 		594.35 		56.5057
v 105.782 		594.35 		56.625
v 97.666 		595.352 		74.128
v 97.666 		594.35 		74.128
v 106.582 		594.35 		56.4628
v 97.33 		595.352 		73.7
v 97.33 		594.35 		73.7
v 106.514 		594.35 		56.485
v 97.058 		595.352 		73.295
v 97.058 		594.35 		73.295
v 96.8 		595.352 		72.88
v 96.8 		594.35 		72.88
v 106.582 		594.35 		46.2226
v 96.492 		595.352 		72.338
v 96.492 		594.35 		72.338
v 105.037 		594.35 		45.995
v 105.738 		594.35 		46.04
v 106.427 		594.35 		46.172
v 105.782 		594.35 		45.719
v 106.514 		594.35 		45.86
v 96.23 		595.352 		71.78
v 96.23 		594.35 		71.78
v 106.582 		594.35 		45.8822
v 96.08 		595.352 		70.787
v 96.08 		594.35 		70.787
v 104.622 		594.35 		45.6982
v 95.99 		595.352 		69.78
v 95.99 		594.35 		69.78
v 102.536 		594.35 		55.7433
v 95.97 		595.352 		68.46
v 95.97 		594.35 		68.46
v 104.336 		594.35 		56.305
v 103.647 		594.35 		56.173
v 102.982 		594.35 		55.955
v 95.99 		595.352 		67.14
v 95.99 		594.35 		67.14
v 102.536 		594.35 		56.1024
v 102.7525 		594.35 		56.2056
v 96.099 		595.352 		65.806
v 96.099 		594.35 		65.806
v 104.293 		594.35 		56.625
v 103.561 		594.35 		56.485
v 97.619 		595.352 		59.372
v 97.619 		594.35 		59.372
v 102.854 		594.35 		56.254
v 97 		595.352 		59.38
v 97 		594.35 		59.38
v 96.493 		595.352 		59.363
v 96.493 		594.35 		59.363
v 96.513 		594.35 		63.548
v 102.536 		594.35 		46.6014
v 102.982 		594.35 		46.389
v 103.647 		594.35 		46.172
v 104.336 		594.35 		46.04
v 104.4037 		594.35 		45.712
v 96.82 		594.35 		62.63
v 103.6731 		594.35 		45.8384
v 104.293 		594.35 		45.719
v 97.426 		594.35 		61.261
v 102.959 		594.35 		46.0567
v 103.561 		594.35 		45.86
v 98.07 		594.35 		59.91
v 102.536 		594.35 		46.2422
v 102.854 		594.35 		46.091
v 116.861 		594.35 		46.883
v 118.974 		594.35 		40.606
v 118.6528 		594.35 		40.3902
v 98.208 		594.35 		59.664
v 118.596 		594.35 		40.352
v 98.407 		594.35 		59.342
v 118.252 		594.35 		40.1804
v 95.99 		594.35 		59.31
v 117.314 		594.35 		39.913
v 116.91 		594.35 		39.8862
v 117.759 		594.35 		40.002
v 95.803 		594.35 		59.26
v 118.189 		594.35 		40.149
v 96.26 		594.35 		64.48
v 97.76 		594.35 		41.06
v 97.771 		594.35 		41.388
v 114.872 		594.35 		40.769
v 115.227 		594.35 		40.53
v 115.611 		594.35 		40.339
v 116.015 		594.35 		40.201
v 116.435 		594.35 		40.117
v 116.861 		594.35 		40.089
v 115.5937 		594.35 		40.1283
v 115.8944 		594.35 		40.0255
v 97.2 		594.35 		40.98
v 114.407 		594.35 		40.908
v 114.748 		594.35 		40.606
v 97.775 		594.35 		41.718
v 115.125 		594.35 		40.352
v 97.714 		594.35 		41.677
v 115.533 		594.35 		40.149
v 97.413 		594.35 		41.28
v 97.659 		594.35 		41.64
v 115.963 		594.35 		40.002
v 116.408 		594.35 		39.913
v 96.729 		594.35 		40.476
v 119.453 		594.25 		45.388
v 96.22 		594.35 		40.02
v 119.867 		594.25 		45.133
v 119.615 		594.25 		45.514
v 92.312 		595.352 		57.913
v 93.2 		595.352 		58.48
v 94.58 		595.352 		58.933
v 119.69 		594.25 		45.03
v 89.106 		595.352 		54.089
v 119.879 		594.25 		44.644
v 120.017 		594.25 		44.236
v 120.1 		594.25 		43.813
v 89.55 		595.352 		54.97
v 89.807 		595.352 		55.38
v 90.08 		595.352 		55.78
v 90.374 		595.352 		56.155
v 90.68 		595.352 		56.52
v 91.061 		595.352 		56.91
v 91.46 		595.352 		57.28
v 120.128 		594.25 		43.383
v 120.068 		594.25 		44.722
v 94.58 		594.35 		58.933
v 120.332 		594.25 		43.383
v 93.2 		594.35 		58.48
v 120.302 		594.25 		43.84
v 92.312 		594.35 		57.913
v 120.214 		594.25 		44.289
v 91.46 		594.35 		57.28
v 120.1 		594.25 		42.953
v 91.061 		594.35 		56.91
v 120.017 		594.25 		42.53
v 90.68 		594.35 		56.52
v 119.879 		594.25 		42.122
v 90.374 		594.35 		56.155
v 90.08 		594.35 		55.78
v 119.69 		594.25 		41.736
v 89.807 		594.35 		55.38
v 120.302 		594.25 		42.926
v 89.55 		594.35 		54.97
v 119.453 		594.25 		41.378
v 88.861 		594.35 		53.6061
v 89.106 		594.35 		54.089
v 120.214 		594.25 		42.477
v 119.171 		594.25 		41.054
v 120.068 		594.25 		42.044
v 119.615 		594.25 		41.252
v 119.867 		594.25 		41.633
v 108.211 		594.25 		53.205
v 114.269 		594.25 		45.388
v 108.6437 		594.35 		52.8176
v 108.163 		594.35 		53.248
v 108.137 		594.35 		53.107
v 108.137 		594.25 		53.107
v 114.107 		594.25 		45.514
v 107.9805 		594.35 		53.248
v 113.855 		594.25 		45.133
v 108.361 		594.35 		52.954
v 108.361 		594.25 		52.954
v 108.602 		594.35 		52.832
v 113.594 		594.25 		43.383
v 108.602 		594.25 		52.832
v 113.622 		594.25 		43.813
v 113.705 		594.25 		44.236
v 109.9504 		594.35 		53.248
v 109.999 		594.35 		53.153
v 109.999 		594.25 		53.153
v 110.1678 		594.35 		52.672
v 110.224 		594.35 		52.512
v 113.843 		594.25 		44.644
v 110.224 		594.25 		52.512
v 113.39 		594.25 		43.383
v 110.1279 		594.35 		52.7859
v 114.032 		594.25 		45.03
v 113.42 		594.25 		43.84
v 110.361 		594.35 		51.848
v 110.361 		594.25 		51.848
v 110.407 		594.35 		51.172
v 110.407 		594.25 		51.172
v 110.5444 		594.35 		53.1882
v 110.3791 		594.35 		53.0754
v 110.3791 		594.25 		53.0754
v 113.654 		594.25 		44.722
v 110.5338 		594.35 		53.0324
v 113.508 		594.25 		44.289
v 110.4511 		594.35 		52.9759
v 110.4213 		594.25 		52.9556
v 110.4213 		594.35 		52.9556
v 114.551 		594.25 		41.054
v 110.3182 		594.35 		53.248
v 114.269 		594.25 		41.378
v 110.4573 		594.35 		52.8533
v 110.5112 		594.35 		52.7005
v 114.032 		594.25 		41.736
v 110.4335 		594.35 		52.9209
v 113.843 		594.25 		42.122
v 110.4214 		594.35 		52.9552
v 113.705 		594.25 		42.53
v 110.361 		594.35 		50.497
v 110.361 		594.25 		50.497
v 114.107 		594.25 		41.252
v 110.617 		594.35 		53.248
v 110.569 		594.35 		53.205
v 110.569 		594.25 		53.205
v 113.622 		594.25 		42.953
v 110.743 		594.35 		53.1971
v 113.855 		594.25 		41.633
v 110.6778 		594.35 		53.1384
v 110.643 		594.35 		53.107
v 110.643 		594.25 		53.107
v 110.548 		594.35 		52.596
v 110.548 		594.25 		52.596
v 113.42 		594.25 		42.926
v 110.6709 		594.35 		52.0015
v 113.508 		594.25 		42.477
v 113.654 		594.25 		42.044
v 110.224 		594.25 		49.832
v 110.224 		594.35 		49.832
v 110.694 		594.35 		51.89
v 110.694 		594.25 		51.89
v 110.7351 		594.35 		51.288
v 118.85 		594.25 		40.769
v 109.999 		594.25 		49.191
v 118.495 		594.25 		40.53
v 109.999 		594.35 		49.191
v 110.743 		594.35 		51.172
v 110.743 		594.25 		51.172
v 118.111 		594.25 		40.339
v 110.7014 		594.35 		50.5618
v 119.315 		594.25 		40.908
v 109.979 		594.35 		49.152
v 117.707 		594.25 		40.201
v 110.548 		594.35 		49.749
v 110.548 		594.25 		49.749
v 110.3379 		594.35 		49.152
v 118.974 		594.25 		40.606
v 110.694 		594.35 		50.454
v 110.694 		594.25 		50.454
v 117.287 		594.25 		40.117
v 109.688 		594.35 		48.584
v 109.688 		594.25 		48.584
v 118.596 		594.25 		40.352
v 109.298 		594.35 		48.021
v 109.298 		594.25 		48.021
v 108.834 		594.35 		47.512
v 108.834 		594.25 		47.512
v 110.308 		594.35 		49.067
v 110.308 		594.25 		49.067
v 110.0308 		594.35 		48.5252
v 117.314 		594.25 		39.913
v 108.718 		594.35 		47.4138
v 117.759 		594.25 		40.002
v 118.189 		594.25 		40.149
v 116.408 		594.35 		46.853
v 115.963 		594.35 		46.764
v 116.435 		594.25 		40.117
v 116.861 		594.25 		40.089
v 116.015 		594.25 		40.201
v 114.551 		594.35 		45.712
v 115.611 		594.25 		40.339
v 115.227 		594.25 		40.53
v 114.748 		594.35 		46.16
v 114.872 		594.25 		40.769
v 114.407 		594.35 		45.858
v 119.171 		594.25 		45.712
v 119.171 		594.35 		45.712
v 114.407 		594.25 		40.908
v 114.748 		594.25 		40.606
v 119.315 		594.25 		45.858
v 115.125 		594.25 		40.352
v 118.974 		594.25 		46.16
v 115.533 		594.25 		40.149
v 117.287 		594.25 		46.649
v 117.707 		594.25 		46.565
v 116.861 		594.25 		39.883
v 118.111 		594.25 		46.427
v 115.963 		594.25 		40.002
v 116.408 		594.25 		39.913
v 118.495 		594.25 		46.236
v 117.314 		594.25 		46.853
v 111.448 		594.35 		52.672
v 118.85 		594.25 		45.997
v 117.759 		594.25 		46.764
v 120.847 		594.35 		50.758
v 120.332 		594.35 		52.4339
v 118.596 		594.25 		46.414
v 121.35 		594.35 		49.19
v 118.189 		594.25 		46.617
v 121.568 		594.35 		48.823
v 114.872 		594.25 		45.997
v 122.68 		594.35 		46.47
v 122.278 		594.35 		47.476
v 121.8 		594.35 		48.46
v 115.227 		594.25 		46.236
v 120.332 		594.35 		46.883
v 115.611 		594.25 		46.427
v 120.847 		595.352 		50.758
v 121.35 		595.352 		49.19
v 116.015 		594.25 		46.565
v 121.568 		595.352 		48.823
v 116.435 		594.25 		46.649
v 121.8 		595.352 		48.46
v 122.278 		595.352 		47.476
v 122.68 		595.352 		46.47
v 115.125 		594.25 		46.414
v 116.861 		594.25 		46.677
v 115.533 		594.25 		46.617
v 116.861 		594.25 		46.883
v 116.408 		594.25 		46.853
v 115.963 		594.25 		46.764
v 114.551 		594.25 		45.712
v 114.748 		594.25 		46.16
v 120.2588 		594.35 		52.672
v 114.407 		594.25 		45.858
v 112.99 		594.35 		66.07
v 113.147 		594.35 		67.423
v 113.26 		594.35 		68.78
v 113.257 		594.35 		69.712
v 113.2 		594.35 		70.64
v 112.979 		594.35 		71.613
v 112.7 		594.35 		72.57
v 112.406 		594.35 		73.194
v 112.05 		594.35 		73.78
v 111.448 		594.35 		74.3339
v 116.312 		594.35 		57.776
v 115.16 		594.35 		58.6
v 114.181 		594.35 		58.946
v 113.17 		594.35 		59.22
v 120.257 		594.35 		52.678
v 120.203 		594.35 		52.894
v 120.139 		594.35 		53.056
v 120.07 		594.35 		53.271
v 120.01 		594.35 		53.45
v 119.798 		594.35 		53.956
v 119.56 		594.35 		54.45
v 119.275 		594.35 		54.926
v 118.96 		594.35 		55.38
v 118.207 		594.35 		56.146
v 117.42 		594.35 		56.88
v 111.809 		594.35 		59.553
v 111.86 		594.35 		59.68
v 112.468 		594.35 		62.861
v 111.719 		594.35 		59.393
v 112.623 		594.35 		59.316
v 112.07 		594.35 		59.38
v 111.917 		594.35 		59.387
v 111.448 		594.35 		56.883
v 111.448 		594.35 		54.778
v 112.979 		595.352 		71.613
v 113.2 		595.352 		70.64
v 113.257 		595.352 		69.712
v 113.26 		595.352 		68.78
v 113.147 		595.352 		67.423
v 112.99 		595.352 		66.07
v 112.05 		595.352 		73.78
v 112.406 		595.352 		73.194
v 112.7 		595.352 		72.57
v 113.17 		595.352 		59.22
v 114.181 		595.352 		58.946
v 115.16 		595.352 		58.6
v 116.312 		595.352 		57.776
v 120.203 		595.352 		52.894
v 120.257 		595.352 		52.678
v 120.01 		595.352 		53.45
v 120.07 		595.352 		53.271
v 120.139 		595.352 		53.056
v 88.861 		594.35 		46.883
v 92.332 		594.35 		46.883
v 94.382 		594.35 		45.9428
v 117.42 		595.352 		56.88
v 118.207 		595.352 		56.146
v 95.1438 		594.35 		45.056
v 118.96 		595.352 		55.38
v 94.924 		594.35 		45.388
v 119.275 		595.352 		54.926
v 94.642 		594.35 		45.712
v 119.56 		595.352 		54.45
v 119.798 		595.352 		53.956
v 94.382 		594.35 		46.2024
v 94.3871 		594.35 		46.199
v 95.338 		594.35 		45.133
v 95.3757 		594.35 		45.056
v 95.086 		594.35 		45.514
v 112.468 		595.352 		62.861
v 111.86 		595.352 		59.68
v 111.809 		595.352 		59.553
v 94.786 		594.35 		45.858
v 94.445 		594.35 		46.16
v 111.719 		595.352 		59.393
v 111.917 		595.352 		59.387
v 112.07 		595.352 		59.38
v 92.334 		594.35 		46.6769
v 112.623 		595.352 		59.316
v 94.321 		594.35 		45.997
v 93.966 		594.35 		46.236
v 93.582 		594.35 		46.427
v 93.178 		594.35 		46.565
v 92.758 		594.35 		46.649
v 92.334 		594.35 		46.8829
v 92.7164 		594.35 		46.8575
v 92.785 		594.35 		46.853
v 93.1613 		594.35 		46.7777
v 93.23 		594.35 		46.764
v 93.5993 		594.35 		46.6377
v 94.068 		594.35 		46.414
v 93.66 		594.35 		46.617
v 95.5746 		594.35 		43.008
v 95.599 		594.35 		43.383
v 95.571 		594.35 		43.813
v 95.488 		594.35 		44.236
v 95.35 		594.35 		44.644
v 95.161 		594.35 		45.03
v 95.5076 		594.35 		44.7861
v 95.539 		594.35 		44.722
v 95.6624 		594.35 		44.3561
v 95.803 		594.35 		43.383
v 95.7784 		594.35 		43.008
v 95.773 		594.35 		43.84
v 95.685 		594.35 		44.289
v 94.5361 		594.35 		40.96
v 94.642 		594.35 		41.054
v 94.924 		594.35 		41.378
v 95.161 		594.35 		41.736
v 95.35 		594.35 		42.122
v 95.488 		594.35 		42.53
v 95.571 		594.35 		42.953
v 95.7775 		594.35 		42.9952
v 95.773 		594.35 		42.926
v 95.6991 		594.35 		42.5488
v 95.685 		594.35 		42.477
v 95.5613 		594.35 		42.1103
v 95.539 		594.35 		42.044
v 95.3717 		594.35 		41.7018
v 95.086 		594.35 		41.252
v 94.8313 		594.35 		40.96
v 111.312 		595.352 		74.459
v 111.312 		594.35 		74.459
v 110.766 		594.35 		56.172
v 111.2593 		594.35 		55.296
v 111.179 		594.35 		55.536
v 111.067 		594.35 		55.768
v 110.927 		594.35 		55.984
v 110.766 		594.35 		56.3372
v 110.8124 		594.35 		56.2954
v 110.845 		594.35 		56.266
v 110.9918 		594.35 		56.0953
v 111.378 		594.35 		55.323
v 111.3832 		594.35 		55.296
v 111.291 		594.35 		55.583
v 111.172 		594.35 		55.83
v 111.023 		594.35 		56.059
v 110.743 		594.35 		56.1942
v 110.76 		594.35 		56.179
v 110.743 		594.35 		56.3579
v 111.2624 		594.35 		54.272
v 111.31 		594.35 		54.519
v 111.327 		594.35 		54.778
v 111.31 		594.35 		55.036
v 111.261 		594.35 		55.291
v 111.4214 		594.35 		55.0966
v 111.43 		594.35 		54.503
v 111.3855 		594.35 		54.272
v 111.43 		594.35 		55.052
v 110.766 		594.35 		53.383
v 110.927 		594.35 		53.571
v 111.067 		594.35 		53.787
v 111.179 		594.35 		54.019
v 111.261 		594.35 		54.265
v 111.378 		594.35 		54.233
v 111.3041 		594.35 		54.0113
v 110.845 		594.35 		53.289
v 110.7995 		594.35 		53.248
v 111.023 		594.35 		53.496
v 111.172 		594.35 		53.725
v 111.291 		594.35 		53.972
v 110.743 		594.35 		53.3608
v 110.76 		594.35 		53.376
v 110.766 		594.35 		53.2178
v 110.927 		594.25 		55.984
v 111.067 		594.25 		55.768
v 111.179 		594.25 		55.536
v 110.845 		594.25 		56.266
v 111.378 		594.25 		55.323
v 111.291 		594.25 		55.583
v 111.172 		594.25 		55.83
v 111.023 		594.25 		56.059
v 110.76 		594.25 		56.179
v 111.261 		594.25 		55.291
v 111.31 		594.25 		55.036
v 111.327 		594.25 		54.778
v 111.31 		594.25 		54.519
v 111.43 		594.25 		54.503
v 111.448 		594.25 		54.778
v 111.43 		594.25 		55.052
v 111.261 		594.25 		54.265
v 111.179 		594.25 		54.019
v 111.067 		594.25 		53.787
v 110.927 		594.25 		53.571
v 111.378 		594.25 		54.233
v 110.845 		594.25 		53.289
v 111.023 		594.25 		53.496
v 111.172 		594.25 		53.725
v 111.291 		594.25 		53.972
v 110.76 		594.25 		53.376
v 107.077 		595.352 		76.363
v 107.6 		595.352 		76.27
v 108.663 		595.352 		75.97
v 109.71 		595.352 		75.63
v 110.13 		595.352 		75.384
v 110.53 		595.352 		75.1
v 110.53 		594.35 		75.1
v 110.13 		594.35 		75.384
v 109.71 		594.35 		75.63
v 108.663 		594.35 		75.97
v 107.6 		594.35 		76.27
v 107.077 		594.35 		76.363
v 107.332 		594.35 		70.4604
v 107.113 		594.35 		70.712
v 106.792 		594.35 		70.997
v 106.67 		594.35 		71.0791
v 106.8581 		594.35 		71.199
v 106.67 		594.35 		71.3257
v 107.2033 		594.35 		70.9056
v 106.916 		594.35 		71.16
v 107.332 		594.35 		70.772
v 107.257 		594.35 		70.858
v 106.792 		594.35 		65.769
v 107.113 		594.35 		66.054
v 107.332 		594.35 		66.3056
v 106.8121 		594.35 		65.536
v 106.916 		594.35 		65.606
v 107.257 		594.35 		65.908
v 107.332 		594.35 		65.994
v 106.596 		594.35 		65.3904
v 95.338 		594.35 		41.633
v 109.39 		594.35 		56.883
v 92.332 		594.35 		46.677
v 91.906 		594.35 		46.649
v 91.486 		594.35 		46.565
v 91.082 		594.35 		46.427
v 90.698 		594.35 		46.236
v 90.343 		594.35 		45.997
v 90.286 		594.35 		46.2051
v 90.539 		594.35 		46.3756
v 90.596 		594.35 		46.414
v 90.9408 		594.35 		46.5856
v 108.274 		594.35 		68.383
v 91.004 		594.35 		46.617
v 91.3654 		594.35 		46.7405
v 91.879 		594.35 		46.853
v 107.8251 		594.35 		69.632
v 107.821 		594.35 		69.644
v 107.632 		594.35 		70.03
v 107.395 		594.35 		70.388
v 91.434 		594.35 		46.764
v 107.5076 		594.35 		70.5707
v 89.5202 		594.35 		45.056
v 90.022 		594.35 		45.712
v 89.74 		594.35 		45.388
v 108.01 		594.35 		69.722
v 108.0403 		594.35 		69.632
v 89.2883 		594.35 		45.056
v 89.2923 		594.35 		45.0642
v 107.809 		594.35 		70.133
v 90.219 		594.35 		46.16
v 107.557 		594.35 		70.514
v 89.878 		594.35 		45.858
v 89.578 		594.35 		45.514
v 89.326 		594.35 		45.133
v 107.9696 		594.35 		67.584
v 108.042 		594.35 		67.953
v 108.07 		594.35 		68.383
v 108.042 		594.35 		68.813
v 107.959 		594.35 		69.236
v 108.1334 		594.35 		69.3561
v 89.0894 		594.35 		43.008
v 89.503 		594.35 		45.03
v 89.314 		594.35 		44.644
v 108.23 		594.35 		68.9113
v 89.176 		594.35 		44.236
v 89.093 		594.35 		43.813
v 89.065 		594.35 		43.383
v 108.156 		594.35 		69.289
v 88.8856 		594.35 		43.008
v 88.8653 		594.35 		43.3174
v 108.177 		594.35 		67.584
v 88.861 		594.35 		43.383
v 88.8865 		594.35 		43.7708
v 108.244 		594.35 		67.926
v 108.244 		594.35 		68.84
v 88.891 		594.35 		43.84
v 88.9649 		594.35 		44.2172
v 89.125 		594.35 		44.722
v 107.395 		594.35 		66.378
v 107.632 		594.35 		66.736
v 107.821 		594.35 		67.122
v 107.959 		594.35 		67.53
v 88.979 		594.35 		44.289
v 108.1701 		594.35 		67.5488
v 108.0323 		594.35 		67.1103
v 90.1279 		594.35 		40.96
v 108.156 		594.35 		67.477
v 89.093 		594.35 		42.953
v 89.176 		594.35 		42.53
v 89.314 		594.35 		42.122
v 89.503 		594.35 		41.736
v 89.74 		594.35 		41.378
v 90.022 		594.35 		41.054
v 89.8327 		594.35 		40.96
v 89.6274 		594.35 		41.1953
v 107.8427 		594.35 		66.7018
v 108.01 		594.35 		67.044
v 89.578 		594.35 		41.252
v 107.5952 		594.35 		66.3097
v 89.326 		594.35 		41.633
v 89.1564 		594.35 		41.9799
v 107.809 		594.35 		66.633
v 88.861 		594.35 		40.96
v 88.891 		594.35 		42.926
v 88.979 		594.35 		42.477
v 89.125 		594.35 		42.044
v 107.557 		594.35 		66.252
v 92.334 		594.35 		40.0891
v 92.758 		594.35 		40.117
v 93.178 		594.35 		40.201
v 93.582 		594.35 		40.339
v 93.966 		594.35 		40.53
v 94.321 		594.35 		40.769
v 94.786 		594.35 		40.908
v 94.4961 		594.35 		40.6512
v 88.979 		594.25 		44.289
v 94.445 		594.35 		40.606
v 94.125 		594.35 		40.3904
v 90.022 		594.25 		41.054
v 89.74 		594.25 		41.378
v 94.068 		594.35 		40.352
v 89.503 		594.25 		41.736
v 89.314 		594.25 		42.122
v 95.803 		594.35 		39.883
v 92.785 		594.35 		39.913
v 92.334 		594.35 		39.8831
v 93.23 		594.35 		40.002
v 89.176 		594.25 		42.53
v 93.66 		594.35 		40.149
v 89.578 		594.25 		41.252
v 89.093 		594.25 		42.953
v 90.343 		594.35 		40.769
v 90.698 		594.35 		40.53
v 91.082 		594.35 		40.339
v 91.486 		594.35 		40.201
v 91.906 		594.35 		40.117
v 92.332 		594.35 		40.089
v 89.326 		594.25 		41.633
v 91.0647 		594.35 		40.1283
v 91.3654 		594.35 		40.0255
v 89.1979 		594.35 		39.883
v 89.878 		594.35 		40.908
v 88.891 		594.25 		42.926
v 90.219 		594.35 		40.606
v 88.979 		594.25 		42.477
v 90.596 		594.35 		40.352
v 89.125 		594.25 		42.044
v 91.004 		594.35 		40.149
v 94.321 		594.25 		40.769
v 92.332 		594.35 		39.883
v 93.966 		594.25 		40.53
v 91.434 		594.35 		40.002
v 93.582 		594.25 		40.339
v 94.786 		594.25 		40.908
v 91.879 		594.35 		39.913
v 94.642 		594.25 		45.712
v 93.178 		594.25 		40.201
v 94.445 		594.25 		40.606
v 94.924 		594.25 		45.388
v 92.758 		594.25 		40.117
v 94.068 		594.25 		40.352
v 95.338 		594.25 		45.133
v 95.086 		594.25 		45.514
v 94.786 		594.25 		45.858
v 92.785 		594.25 		39.913
v 94.445 		594.25 		46.16
v 93.23 		594.25 		40.002
v 93.66 		594.25 		40.149
v 92.758 		594.25 		46.649
v 91.906 		594.25 		40.117
v 93.178 		594.25 		46.565
v 92.332 		594.25 		40.089
v 91.486 		594.25 		40.201
v 93.582 		594.25 		46.427
v 91.082 		594.25 		40.339
v 90.698 		594.25 		40.53
v 93.966 		594.25 		46.236
v 90.343 		594.25 		40.769
v 92.785 		594.25 		46.853
v 94.321 		594.25 		45.997
v 89.878 		594.25 		40.908
v 93.23 		594.25 		46.764
v 90.219 		594.25 		40.606
v 90.596 		594.25 		40.352
v 91.004 		594.25 		40.149
v 94.068 		594.25 		46.414
v 93.66 		594.25 		46.617
v 92.332 		594.25 		39.883
v 95.161 		594.25 		45.03
v 91.434 		594.25 		40.002
v 95.35 		594.25 		44.644
v 91.879 		594.25 		39.913
v 95.488 		594.25 		44.236
v 95.571 		594.25 		43.813
v 101.785 		594.25 		69.644
v 101.974 		594.25 		70.03
v 102.211 		594.25 		70.388
v 95.599 		594.25 		43.383
v 101.596 		594.25 		69.722
v 95.539 		594.25 		44.722
v 102.493 		594.25 		70.712
v 102.349 		594.25 		70.858
v 102.049 		594.25 		70.514
v 101.797 		594.25 		70.133
v 101.564 		594.25 		67.953
v 95.803 		594.25 		43.383
v 101.536 		594.25 		68.383
v 95.773 		594.25 		43.84
v 101.564 		594.25 		68.813
v 95.685 		594.25 		44.289
v 101.362 		594.25 		67.926
v 101.647 		594.25 		69.236
v 101.332 		594.25 		68.383
v 95.571 		594.25 		42.953
v 101.45 		594.25 		69.289
v 101.362 		594.25 		68.84
v 95.488 		594.25 		42.53
v 102.493 		594.25 		66.054
v 95.35 		594.25 		42.122
v 102.211 		594.25 		66.378
v 101.974 		594.25 		66.736
v 95.161 		594.25 		41.736
v 102.349 		594.25 		65.908
v 101.785 		594.25 		67.122
v 95.773 		594.25 		42.926
v 102.049 		594.25 		66.252
v 101.647 		594.25 		67.53
v 101.45 		594.25 		67.477
v 101.596 		594.25 		67.044
v 101.797 		594.25 		66.633
v 94.924 		594.25 		41.378
v 95.685 		594.25 		42.477
v 100.777 		594.25 		54.324
v 101.24 		594.25 		54.833
v 101.768 		594.25 		55.279
v 94.642 		594.25 		41.054
v 102.352 		594.25 		55.656
v 95.539 		594.25 		42.044
v 101.003 		594.25 		55.061
v 101.564 		594.25 		55.536
v 102.185 		594.25 		55.935
v 95.086 		594.25 		41.252
v 100.387 		594.25 		53.761
v 100.511 		594.25 		54.52
v 100.096 		594.25 		53.922
v 99.766 		594.25 		53.277
v 100.076 		594.25 		49.191
v 99.85 		594.25 		49.832
v 99.713 		594.25 		50.497
v 99.667 		594.25 		51.172
v 99.526 		594.25 		49.749
v 99.713 		594.25 		51.848
v 99.381 		594.25 		50.454
v 99.85 		594.25 		52.512
v 99.332 		594.25 		51.172
v 100.076 		594.25 		53.153
v 99.526 		594.25 		52.596
v 99.381 		594.25 		51.89
v 102.352 		594.25 		46.689
v 101.768 		594.25 		47.065
v 101.24 		594.25 		47.512
v 102.185 		594.25 		46.409
v 100.777 		594.25 		48.021
v 101.003 		594.25 		47.283
v 101.564 		594.25 		46.809
v 100.387 		594.25 		48.584
v 99.766 		594.25 		49.067
v 100.096 		594.25 		48.422
v 100.511 		594.25 		47.824
v 99.332 		594.35 		45.672
v 102.17 		594.35 		31.876
v 101.3 		594.35 		31.83
v 99.929 		594.35 		31.655
v 102.536 		595.352 		31.8819
v 102.17 		595.352 		31.876
v 101.3 		595.352 		31.83
v 99.929 		595.352 		31.655
v 102.536 		594.475 		31.8819
v 99.401 		595.352 		75.608
v 99.9 		595.352 		75.86
v 100.828 		595.352 		76.168
v 101.77 		595.352 		76.43
v 101.77 		594.35 		76.43
v 100.828 		594.35 		76.168
v 99.9 		594.35 		75.86
v 99.401 		594.35 		75.608
v 99.332 		594.35 		65.536
v 101.332 		594.35 		68.383
v 99.332 		594.35 		56.672
v 102.493 		594.35 		70.712
v 102.211 		594.35 		70.388
v 101.974 		594.35 		70.03
v 101.785 		594.35 		69.644
v 101.7809 		594.35 		69.632
v 101.5737 		594.35 		69.6557
v 101.5657 		594.35 		69.632
v 101.7633 		594.35 		70.0642
v 101.596 		594.35 		69.722
v 102.349 		594.35 		70.858
v 102.049 		594.35 		70.514
v 101.797 		594.35 		70.133
v 101.647 		594.35 		69.236
v 101.564 		594.35 		68.813
v 101.536 		594.35 		68.383
v 101.564 		594.35 		67.953
v 101.6364 		594.35 		67.584
v 101.376 		594.35 		67.8547
v 101.429 		594.35 		67.584
v 101.3363 		594.35 		68.3174
v 101.362 		594.35 		67.926
v 101.45 		594.35 		69.289
v 101.362 		594.35 		68.84
v 101.647 		594.35 		67.53
v 101.785 		594.35 		67.122
v 101.974 		594.35 		66.736
v 102.211 		594.35 		66.378
v 102.493 		594.35 		66.054
v 106.582 		595.475 		32.998
v 102.536 		595.475 		32.998
v 102.4027 		594.35 		65.8604
v 106.582 		594.475 		17.998
v 102.536 		594.475 		17.998
v 102.536 		595.475 		17.998
v 106.582 		595.475 		17.998
v 104.69 		594.35 		31.7
v 105.745 		594.35 		31.655
v 102.349 		594.35 		65.908
v 109.072 		594.35 		47.283
v 109.072 		594.25 		47.283
v 108.718 		594.35 		46.9844
v 109.564 		594.35 		47.824
v 109.564 		594.25 		47.824
v 109.978 		594.35 		48.422
v 109.978 		594.25 		48.422
v 108.306 		594.35 		47.065
v 108.306 		594.25 		47.065
v 107.722 		594.35 		46.689
v 107.722 		594.25 		46.689
v 107.092 		594.35 		46.389
v 107.092 		594.25 		46.389
v 108.5926 		594.35 		46.8787
v 108.51 		594.35 		46.809
v 108.51 		594.25 		46.809
v 107.9854 		594.35 		46.4706
v 107.89 		594.35 		46.409
v 107.89 		594.25 		46.409
v 107.221 		594.35 		46.091
v 107.221 		594.25 		46.091
v 103.865 		594.35 		31.799
v 103.04 		594.35 		31.89
v 88.326 		594.35 		52.715
v 87.99 		594.35 		52.22
v 104.69 		594.475 		31.7
v 104.622 		594.475 		31.7082
v 105.745 		594.475 		31.655
v 88.66 		594.35 		53.21
v 87.737 		594.35 		51.731
v 87.51 		594.35 		51.23
v 103.865 		594.475 		31.799
v 103.04 		594.475 		31.89
v 87.202 		594.35 		50.3
v 86.93 		594.35 		49.36
v 95.338 		594.25 		41.633
v 90.343 		594.25 		45.997
v 86.766 		594.35 		48.413
v 86.64 		594.35 		47.46
v 86.592 		594.35 		46.491
v 86.57 		594.35 		45.52
v 86.596 		594.35 		45.124
v 86.64 		594.35 		44.73
v 86.796 		594.35 		43.838
v 90.698 		594.25 		46.236
v 86.97 		594.35 		42.95
v 87.201 		594.35 		42.053
v 87.45 		594.35 		41.16
v 87.513 		594.35 		40.982
v 91.082 		594.25 		46.427
v 91.486 		594.25 		46.565
v 87.6 		594.35 		40.82
v 88.467 		594.35 		40.044
v 87.99 		595.352 		52.22
v 88.326 		595.352 		52.715
v 87.51 		595.352 		51.23
v 87.737 		595.352 		51.731
v 88.66 		595.352 		53.21
v 86.93 		595.352 		49.36
v 87.202 		595.352 		50.3
v 87.513 		595.352 		40.982
v 87.45 		595.352 		41.16
v 87.201 		595.352 		42.053
v 86.97 		595.352 		42.95
v 86.796 		595.352 		43.838
v 86.64 		595.352 		44.73
v 86.596 		595.352 		45.124
v 86.57 		595.352 		45.52
v 86.592 		595.352 		46.491
v 86.64 		595.352 		47.46
v 86.766 		595.352 		48.413
v 88.467 		595.352 		40.044
v 87.6 		595.352 		40.82
v 90.596 		594.25 		46.414
v 91.906 		594.25 		46.649
v 91.004 		594.25 		46.617
v 92.332 		594.25 		46.677
v 92.332 		594.25 		46.883
v 91.879 		594.25 		46.853
v 91.434 		594.25 		46.764
v 89.74 		594.25 		45.388
v 90.022 		594.25 		45.712
v 90.219 		594.25 		46.16
v 89.878 		594.25 		45.858
v 89.578 		594.25 		45.514
v 89.326 		594.25 		45.133
v 89.065 		594.25 		43.383
v 89.093 		594.25 		43.813
v 89.176 		594.25 		44.236
v 88.861 		594.25 		43.383
v 89.314 		594.25 		44.644
v 88.891 		594.25 		43.84
v 89.503 		594.25 		45.03
v 89.125 		594.25 		44.722
v 102.0984 		594.35 		66.1953
v 101.834 		594.35 		66.5771
v 102.049 		594.35 		66.252
v 101.45 		594.35 		67.477
v 101.596 		594.35 		67.044
v 101.797 		594.35 		66.633
v 102.352 		594.35 		55.656
v 101.768 		594.35 		55.279
v 101.24 		594.35 		54.833
v 100.777 		594.35 		54.324
v 100.526 		594.35 		53.9617
v 100.9306 		594.35 		54.9814
v 100.526 		594.35 		54.5365
v 101.4756 		594.35 		55.4612
v 101.003 		594.35 		55.061
v 102.0917 		594.35 		55.875
v 101.564 		594.35 		55.536
v 102.185 		594.35 		55.935
v 100.1246 		594.35 		53.248
v 100.387 		594.35 		53.761
v 100.511 		594.35 		54.52
v 100.096 		594.35 		53.922
v 99.766 		594.35 		53.277
v 99.7558 		594.35 		53.248
v 100.096 		594.35 		49.152
v 100.076 		594.35 		53.153
v 99.85 		594.35 		52.512
v 99.713 		594.35 		51.848
v 99.667 		594.35 		51.172
v 99.713 		594.35 		50.497
v 99.85 		594.35 		49.832
v 100.076 		594.35 		49.191
v 99.7361 		594.35 		49.152
v 99.563 		594.35 		49.6438
v 99.526 		594.35 		49.749
v 99.4032 		594.35 		50.3463
v 99.381 		594.35 		50.454
v 99.3394 		594.35 		51.0638
v 99.332 		594.35 		51.172
v 99.3735 		594.35 		51.7795
v 99.526 		594.35 		52.596
v 99.381 		594.35 		51.89
v 100.526 		594.35 		48.3833
v 100.777 		594.35 		48.021
v 101.24 		594.35 		47.512
v 101.768 		594.35 		47.065
v 102.352 		594.35 		46.689
v 102.2877 		594.35 		46.3602
v 102.185 		594.35 		46.409
v 101.6589 		594.35 		46.7479
v 101.003 		594.35 		47.283
v 100.526 		594.35 		47.8075
v 101.564 		594.35 		46.809
v 100.387 		594.35 		48.584
v 99.766 		594.35 		49.067
v 100.096 		594.35 		48.422
v 100.511 		594.35 		47.824
v 98.056 		594.35 		33.193
v 97.986 		594.35 		33.124
v 97.94 		594.35 		33.07
v 97.826 		594.35 		32.812
v 98.09 		594.35 		33.381
v 98.11 		594.35 		33.52
v 98.26 		594.35 		35.081
v 98.35 		594.35 		36.64
v 98.169 		594.35 		37.525
v 97.846 		594.35 		39.733
v 97.96 		594.35 		38.41
v 89.38 		594.35 		39.33
v 90.318 		594.35 		38.952
v 91.29 		594.35 		38.65
v 91.823 		594.35 		38.576
v 92.36 		594.35 		38.55
v 92.945 		594.35 		38.634
v 93.52 		594.35 		38.77
v 94.888 		594.35 		39.361
v 97.76 		594.35 		32.54
v 97.841 		594.35 		32.199
v 97.98 		594.35 		31.88
v 98.255 		594.35 		31.663
v 98.57 		594.35 		31.52
v 97.826 		595.352 		32.812
v 97.94 		595.352 		33.07
v 97.986 		595.352 		33.124
v 98.056 		595.352 		33.193
v 98.09 		595.352 		33.381
v 98.11 		595.352 		33.52
v 98.26 		595.352 		35.081
v 98.35 		595.352 		36.64
v 98.169 		595.352 		37.525
v 97.96 		595.352 		38.41
v 97.846 		595.352 		39.733
v 94.888 		595.352 		39.361
v 93.52 		595.352 		38.77
v 92.945 		595.352 		38.634
v 92.36 		595.352 		38.55
v 91.823 		595.352 		38.576
v 91.29 		595.352 		38.65
v 90.318 		595.352 		38.952
v 89.38 		595.352 		39.33
v 98.57 		595.352 		31.52
v 98.255 		595.352 		31.663
v 97.98 		595.352 		31.88
v 97.841 		595.352 		32.199
v 97.76 		595.352 		32.54
v 109.742 		594.35 		56.722
v 109.9481 		594.35 		56.672
v 109.891 		594.35 		56.692
v 109.742 		594.35 		56.848
v 109.8809 		594.35 		56.8196
v 109.923 		594.35 		56.811
v 110.1368 		594.35 		56.7369
v 110.177 		594.35 		56.723
v 110.2782 		594.35 		56.672
v 108.8319 		594.35 		56.672
v 109.643 		594.35 		56.742
v 109.39 		594.35 		56.759
v 109.137 		594.35 		56.742
v 108.889 		594.35 		56.692
v 108.718 		594.35 		56.763
v 108.8177 		594.35 		56.7975
v 108.857 		594.35 		56.811
v 109.0773 		594.35 		56.8561
v 109.659 		594.35 		56.865
v 109.121 		594.35 		56.865
v 108.602 		594.35 		56.723
v 108.5013 		594.35 		56.672
v 108.718 		594.35 		54.931
v 109.688 		594.35 		53.761
v 109.298 		594.35 		54.324
v 108.834 		594.35 		54.833
v 108.9857 		594.35 		55.1339
v 110.569 		594.35 		56.35
v 110.358 		594.35 		56.494
v 110.131 		594.35 		56.608
v 110.3831 		594.35 		56.6191
v 110.643 		594.35 		56.448
v 110.419 		594.35 		56.601
v 110.308 		594.35 		53.277
v 108.718 		594.35 		56.6321
v 109.978 		594.35 		53.922
v 109.564 		594.35 		54.52
v 109.072 		594.35 		55.061
v 107.332 		594.35 		54.778
v 107.332 		594.35 		55.8411
v 107.092 		594.35 		55.955
v 108.2797 		594.35 		55.296
v 107.722 		594.35 		55.656
v 107.6699 		594.35 		55.6807
v 107.6 		594.35 		55.536
v 107.5207 		594.35 		55.296
v 107.4758 		594.35 		55.5436
v 107.402 		594.35 		55.323
v 107.3968 		594.35 		55.296
v 107.561 		594.35 		55.7324
v 107.535 		594.35 		55.7448
v 107.489 		594.35 		55.583
v 108.306 		594.35 		55.279
v 107.519 		594.35 		55.291
v 107.469 		594.35 		55.036
v 107.453 		594.35 		54.778
v 107.469 		594.35 		54.519
v 107.5176 		594.35 		54.272
v 107.3572 		594.35 		54.4657
v 107.3945 		594.35 		54.272
v 107.3349 		594.35 		54.7341
v 107.35 		594.35 		54.503
v 107.35 		594.35 		55.052
v 107.519 		594.35 		54.265
v 107.6 		594.35 		54.019
v 107.712 		594.35 		53.787
v 107.853 		594.35 		53.571
v 108.02 		594.35 		53.376
v 107.9658 		594.35 		53.2612
v 107.935 		594.35 		53.289
v 107.7816 		594.35 		53.4673
v 107.757 		594.35 		53.496
v 107.6328 		594.35 		53.6869
v 107.402 		594.35 		54.233
v 107.489 		594.35 		53.972
v 107.608 		594.35 		53.725
v 108.649 		594.35 		56.608
v 108.421 		594.35 		56.494
v 108.211 		594.35 		56.35
v 108.1022 		594.35 		56.4166
v 108.361 		594.35 		56.601
v 108.137 		594.35 		56.448
v 106.792 		594.25 		70.997
v 107.113 		594.25 		70.712
v 106.916 		594.25 		71.16
v 107.257 		594.25 		70.858
v 107.113 		594.25 		66.054
v 106.792 		594.25 		65.769
v 106.916 		594.25 		65.606
v 107.257 		594.25 		65.908
v 107.395 		594.25 		70.388
v 107.632 		594.25 		70.03
v 107.821 		594.25 		69.644
v 108.01 		594.25 		69.722
v 107.809 		594.25 		70.133
v 107.557 		594.25 		70.514
v 107.959 		594.25 		69.236
v 108.042 		594.25 		68.813
v 108.07 		594.25 		68.383
v 108.042 		594.25 		67.953
v 108.156 		594.25 		69.289
v 108.244 		594.25 		67.926
v 108.274 		594.25 		68.383
v 108.244 		594.25 		68.84
v 107.959 		594.25 		67.53
v 107.821 		594.25 		67.122
v 107.632 		594.25 		66.736
v 107.395 		594.25 		66.378
v 108.156 		594.25 		67.477
v 108.01 		594.25 		67.044
v 107.809 		594.25 		66.633
v 107.557 		594.25 		66.252
v 109.891 		594.25 		56.692
v 109.923 		594.25 		56.811
v 110.177 		594.25 		56.723
v 108.889 		594.25 		56.692
v 109.137 		594.25 		56.742
v 109.39 		594.25 		56.759
v 109.643 		594.25 		56.742
v 108.857 		594.25 		56.811
v 109.659 		594.25 		56.865
v 109.39 		594.25 		56.883
v 109.121 		594.25 		56.865
v 108.602 		594.25 		56.723
v 108.834 		594.25 		54.833
v 109.298 		594.25 		54.324
v 109.688 		594.25 		53.761
v 110.131 		594.25 		56.608
v 110.358 		594.25 		56.494
v 110.569 		594.25 		56.35
v 110.643 		594.25 		56.448
v 110.419 		594.25 		56.601
v 110.308 		594.25 		53.277
v 109.978 		594.25 		53.922
v 109.564 		594.25 		54.52
v 109.072 		594.25 		55.061
v 107.6 		594.25 		55.536
v 107.6699 		594.25 		55.6807
v 107.402 		594.25 		55.323
v 107.561 		594.25 		55.7324
v 107.489 		594.25 		55.583
v 107.469 		594.25 		54.519
v 107.453 		594.25 		54.778
v 107.469 		594.25 		55.036
v 107.35 		594.25 		54.503
v 107.519 		594.25 		55.291
v 107.332 		594.25 		54.778
v 107.35 		594.25 		55.052
v 108.02 		594.25 		53.376
v 107.853 		594.25 		53.571
v 107.712 		594.25 		53.787
v 107.935 		594.25 		53.289
v 107.6 		594.25 		54.019
v 107.757 		594.25 		53.496
v 107.519 		594.25 		54.265
v 107.402 		594.25 		54.233
v 107.489 		594.25 		53.972
v 107.608 		594.25 		53.725
v 107.092 		594.25 		55.955
v 107.722 		594.25 		55.656
v 108.306 		594.25 		55.279
v 108.211 		594.25 		56.35
v 108.421 		594.25 		56.494
v 108.649 		594.25 		56.608
v 108.361 		594.25 		56.601
v 108.137 		594.25 		56.448
v 112.98 		594.35 		39.07
v 111.355 		594.35 		41.569
v 111.51 		594.35 		41.03
v 111.22 		594.35 		41.97
v 111.115 		594.35 		41.557
v 111.03 		594.35 		41
v 111.757 		594.35 		40.499
v 112.04 		594.35 		39.99
v 112.492 		594.35 		39.513
v 111.35 		594.35 		36.7
v 111.332 		594.35 		35.83
v 111.199 		594.35 		38.45
v 111.296 		594.35 		33.648
v 111.29 		594.35 		34.22
v 112.98 		595.352 		39.07
v 111.51 		595.352 		41.03
v 111.355 		595.352 		41.569
v 111.22 		595.352 		41.97
v 111.115 		595.352 		41.557
v 111.03 		595.352 		41
v 112.492 		595.352 		39.513
v 112.04 		595.352 		39.99
v 111.757 		595.352 		40.499
v 111.35 		595.352 		36.7
v 111.332 		595.352 		35.83
v 111.199 		595.352 		38.45
v 111.29 		595.352 		34.22
v 111.296 		595.352 		33.648
# 1687 vertices

g group_4_14860437

usemtl color_14860437
s 0

f 6387 	6388 	5350
f 6387 	5350 	5349
f 6390 	6391 	6392
f 6390 	6392 	6393
f 5349 	5174 	6387
f 6393 	6387 	5174
f 5173 	6390 	5174
f 6393 	5174 	6390
f 5173 	6424 	6390
f 6423 	6428 	6391
f 6422 	6423 	6391
f 6391 	6390 	6422
f 6424 	6422 	6390
f 6428 	6429 	6391
f 6347 	6391 	6429
f 6387 	6393 	6392
f 6387 	6392 	6388
f 6391 	6343 	6392
f 6392 	6343 	6388
f 6388 	6343 	5350
f 6347 	6343 	6391
# 21 faces

g group_4_15277357

usemtl color_15277357
s 0

f 5105 	5112 	5104
f 5103 	5104 	5106
f 5107 	5111 	5105
f 5106 	5104 	5108
f 5109 	5110 	5107
f 5112 	5105 	5111
f 5108 	5104 	5112
f 5110 	5111 	5107
f 5114 	5116 	5113
f 5115 	5118 	5114
f 5117 	5119 	5248
f 5116 	5114 	5118
f 5120 	5248 	5119
f 5118 	5115 	5249
f 5115 	5117 	5249
f 5248 	5249 	5117
f 5120 	5119 	5106
f 6271 	5113 	5116
f 5258 	5292 	5283
f 6292 	5258 	5253
f 5272 	5270 	5262
f 5265 	5272 	5262
f 5269 	5271 	5265
f 5272 	5265 	5271
f 5260 	5274 	5269
f 5275 	5269 	5274
f 5271 	5269 	5275
f 5280 	5287 	5278
f 5260 	5278 	5274
f 5282 	5274 	5278
f 5281 	5285 	5280
f 5283 	5292 	5281
f 5282 	5278 	5287
f 5285 	5287 	5280
f 5253 	5258 	5283
f 5285 	5281 	5292
f 5297 	5302 	5295
f 5299 	5303 	5297
f 5302 	5297 	5303
f 5309 	5318 	5308
f 5307 	5317 	5309
f 5317 	5318 	5309
f 5319 	5308 	5318
f 5323 	5328 	5322
f 5325 	5330 	5323
f 5329 	5322 	5328
f 5295 	5302 	5325
f 5330 	5325 	5302
f 5328 	5323 	5330
f 5333 	5337 	5331
f 5307 	5331 	5317
f 5317 	5331 	5337
f 5336 	5338 	5333
f 5337 	5333 	5338
f 5338 	5336 	5345
f 5397 	5398 	5399
f 5397 	5399 	5400
f 5401 	5402 	5403
f 5421 	5403 	5404
f 5402 	5404 	5403
f 5405 	5406 	5408
f 5415 	5416 	5417
f 5398 	5397 	5415
f 5398 	5415 	5417
f 5421 	5404 	5420
f 5431 	5421 	5423
f 5420 	5423 	5421
f 5406 	5424 	5425
f 5406 	5425 	5408
f 5416 	5415 	5428
f 5416 	5428 	5429
f 5431 	5423 	5430
f 5434 	5435 	5432
f 5424 	5429 	5428
f 5424 	5428 	5425
f 5435 	5431 	5432
f 5431 	5440 	5438
f 5438 	5432 	5431
f 5431 	5430 	5440
f 5434 	5441 	5435
f 5442 	5443 	5444
f 5442 	5444 	5445
f 5445 	5444 	5447
f 5449 	5450 	5451
f 5452 	5453 	5450
f 5452 	5450 	5449
f 5458 	5460 	5462
f 5458 	5462 	5463
f 5462 	5460 	5466
f 5462 	5466 	5467
f 5467 	5466 	5470
f 5485 	5471 	5472
f 5447 	5475 	5476
f 5447 	5476 	5445
f 5476 	5475 	5458
f 5476 	5458 	5463
f 5478 	5479 	5480
f 5478 	5480 	5481
f 5478 	5451 	5479
f 5450 	5479 	5451
f 5484 	5485 	5472
f 5486 	5487 	5485
f 5486 	5485 	5484
f 5480 	5487 	5486
f 5480 	5486 	5481
f 5470 	5490 	5491
f 5470 	5491 	5467
f 5491 	5490 	5492
f 5491 	5492 	5493
f 5656 	5221 	5223
f 5656 	5223 	5222
f 5676 	5225 	5658
f 5224 	5658 	5225
f 5226 	5659 	5658
f 5226 	5658 	5224
f 5227 	5823 	5659
f 5227 	5659 	5226
f 5222 	5233 	5663
f 5222 	5663 	5656
f 5663 	5233 	5232
f 5663 	5232 	5665
f 5665 	5232 	5231
f 5665 	5231 	5666
f 5666 	5231 	5230
f 5666 	5230 	5667
f 5676 	5234 	5225
f 5667 	5230 	5229
f 5667 	5229 	5675
f 5682 	5236 	5676
f 5235 	5676 	5236
f 5676 	5235 	5234
f 5675 	5229 	5228
f 5211 	5678 	5237
f 5238 	5680 	5678
f 5238 	5678 	5211
f 5239 	5682 	5680
f 5239 	5680 	5238
f 5682 	5239 	5236
f 5228 	5246 	5684
f 5228 	5684 	5675
f 5684 	5246 	5245
f 5684 	5245 	5686
f 5686 	5245 	5244
f 5686 	5244 	5688
f 5678 	5693 	5237
f 5688 	5244 	5243
f 5688 	5243 	5691
f 5698 	5251 	5693
f 5250 	5693 	5251
f 5250 	5247 	5693
f 5247 	5237 	5693
f 5695 	5691 	5243
f 5695 	5243 	5242
f 5252 	5698 	5254
f 5698 	5252 	5251
f 5699 	5695 	5242
f 5699 	5242 	5241
f 5702 	5255 	5700
f 5254 	5700 	5255
f 5698 	5700 	5254
f 5699 	5241 	5240
f 5256 	5701 	5257
f 5259 	5702 	5701
f 5259 	5701 	5256
f 5493 	5492 	5494
f 5493 	5494 	5703
f 5702 	5259 	5255
f 5704 	5266 	5264
f 5705 	5471 	5716
f 5485 	5716 	5471
f 5263 	5865 	5704
f 5263 	5704 	5264
f 5703 	5494 	5706
f 5737 	5711 	5268
f 5709 	5276 	5277
f 5707 	5708 	5710
f 5277 	5279 	5711
f 5277 	5711 	5709
f 5712 	5713 	5708
f 5712 	5708 	5707
f 5267 	5268 	5711
f 5279 	5267 	5711
f 5714 	5716 	5713
f 5714 	5713 	5712
f 5715 	5284 	5291
f 5717 	5715 	5291
f 5717 	5291 	5290
f 5716 	5714 	5705
f 5718 	5717 	5290
f 5718 	5290 	5289
f 5719 	5720 	5721
f 5767 	5726 	5293
f 5725 	5722 	5723
f 5724 	5718 	5289
f 5724 	5289 	5288
f 5721 	5720 	5443
f 5721 	5443 	5442
f 5298 	5296 	5726
f 5726 	5296 	5294
f 5294 	5293 	5726
f 5453 	5727 	5722
f 5453 	5722 	5725
f 5728 	5724 	5288
f 5728 	5288 	5286
f 5453 	5452 	5727
f 5301 	5300 	5729
f 5301 	5729 	5739
f 5725 	5723 	5730
f 5725 	5730 	5731
f 5726 	5729 	5298
f 5300 	5298 	5729
f 5731 	5730 	5732
f 5731 	5732 	5733
f 5286 	5266 	5728
f 5704 	5728 	5266
f 5736 	5734 	5735
f 5268 	5304 	5737
f 5304 	5306 	5739
f 5304 	5739 	5737
f 5764 	5741 	5738
f 5306 	5301 	5739
f 5742 	5740 	5741
f 5740 	5738 	5741
f 5310 	5316 	5743
f 5735 	5744 	5736
f 6728 	5736 	5744
f 5745 	5743 	5316
f 5745 	5316 	5315
f 5746 	5741 	5747
f 5748 	5745 	5315
f 5748 	5315 	5314
f 5749 	5741 	5746
f 5750 	5748 	5314
f 5750 	5314 	5313
f 5766 	5747 	5741
f 5751 	5741 	5749
f 5321 	5320 	5821
f 5742 	5741 	5751
f 5752 	5750 	5313
f 5752 	5313 	5312
f 5733 	5732 	5753
f 5733 	5753 	5754
f 5756 	5757 	5758
f 5821 	5755 	5321
f 5324 	5321 	5755
f 5758 	5757 	5734
f 5758 	5734 	5736
f 5759 	5752 	5312
f 5759 	5312 	5311
f 5327 	5326 	5761
f 5760 	5764 	5762
f 5326 	5324 	5755
f 5326 	5755 	5761
f 5763 	5764 	5738
f 5311 	5284 	5759
f 5715 	5759 	5284
f 5764 	5763 	5762
f 5765 	5766 	5768
f 5293 	5332 	5767
f 5766 	5765 	5747
f 5332 	5334 	5769
f 5332 	5769 	5767
f 5334 	5335 	5770
f 5334 	5770 	5769
f 5771 	5754 	5753
f 5771 	5753 	5772
f 5761 	5770 	5327
f 5335 	5327 	5770
f 5773 	5774 	5775
f 5773 	5768 	5774
f 5766 	5774 	5768
f 5240 	5344 	5776
f 5240 	5776 	5699
f 5776 	5344 	5343
f 5776 	5343 	5778
f 5777 	5771 	5772
f 5777 	5772 	5779
f 5778 	5343 	5342
f 5778 	5342 	5782
f 5780 	5781 	5783
f 5346 	5784 	5347
f 5780 	5775 	5781
f 5774 	5781 	5775
f 5346 	5257 	5784
f 5701 	5784 	5257
f 5777 	5779 	5785
f 5782 	5342 	5341
f 5782 	5341 	5786
f 5787 	5788 	5789
f 5621 	5790 	5622
f 5791 	5792 	5788
f 5791 	5788 	5787
f 5621 	5347 	5790
f 5784 	5790 	5347
f 5791 	5783 	5792
f 5781 	5792 	5783
f 5793 	5786 	5341
f 5793 	5341 	5340
f 5785 	5794 	5795
f 5785 	5795 	5777
f 5795 	5794 	5797
f 5795 	5797 	5798
f 5807 	5626 	5796
f 5624 	5796 	5626
f 5624 	5622 	5796
f 5790 	5796 	5622
f 5798 	5797 	5799
f 5798 	5799 	5800
f 6403 	5803 	5802
f 5801 	5802 	5803
f 5340 	5339 	5793
f 5811 	5793 	5339
f 5801 	5789 	5802
f 5788 	5802 	5789
f 5628 	5804 	5629
f 5800 	5799 	5805
f 5630 	5806 	5804
f 5630 	5804 	5628
f 5632 	5807 	5806
f 5632 	5806 	5630
f 5807 	5632 	5626
f 5641 	5640 	5810
f 5641 	5810 	5811
f 5810 	5640 	5639
f 5810 	5639 	5812
f 5812 	5639 	5638
f 5812 	5638 	5814
f 5814 	5638 	5637
f 5814 	5637 	5815
f 5815 	5637 	5636
f 5815 	5636 	5817
f 5826 	5642 	5643
f 5817 	5636 	5310
f 5817 	5310 	5743
f 5819 	5361 	5820
f 5320 	5645 	5821
f 5819 	5820 	5221
f 5819 	5221 	5656
f 5646 	5822 	5821
f 5646 	5821 	5645
f 5351 	5823 	5227
f 5648 	5824 	5822
f 5648 	5822 	5646
f 5351 	5353 	5825
f 5351 	5825 	5823
f 5650 	5826 	5824
f 5650 	5824 	5648
f 5353 	5355 	5825
f 5826 	5650 	5642
f 5827 	5360 	5366
f 5641 	5811 	5339
f 5828 	5827 	5366
f 5828 	5366 	5365
f 5190 	5629 	5829
f 5804 	5829 	5629
f 5830 	5828 	5365
f 5830 	5365 	5364
f 5826 	5643 	5831
f 5653 	5831 	5643
f 5654 	5832 	5831
f 5654 	5831 	5653
f 5367 	5862 	5368
f 5829 	5832 	5654
f 5829 	5654 	5190
f 5833 	5830 	5364
f 5833 	5364 	5363
f 5371 	5370 	5834
f 5370 	5368 	5834
f 5836 	5833 	5363
f 5836 	5363 	5362
f 5374 	5373 	5837
f 5374 	5837 	5842
f 5834 	5837 	5371
f 5373 	5371 	5837
f 5362 	5361 	5836
f 5819 	5836 	5361
f 5355 	5376 	5840
f 5355 	5840 	5825
f 5376 	5378 	5842
f 5376 	5842 	5840
f 5378 	5374 	5842
f 5844 	5381 	5388
f 5848 	5844 	5388
f 5848 	5388 	5387
f 5850 	5848 	5387
f 5850 	5387 	5386
f 5853 	5850 	5386
f 5853 	5386 	5385
f 5391 	5390 	5859
f 5855 	5853 	5385
f 5855 	5385 	5384
f 5393 	5392 	5859
f 5393 	5859 	5861
f 5392 	5391 	5859
f 5860 	5855 	5384
f 5860 	5384 	5382
f 5395 	5394 	5861
f 5394 	5393 	5861
f 5382 	5360 	5860
f 5827 	5860 	5360
f 5367 	5620 	5862
f 5834 	5368 	5862
f 5620 	5808 	5863
f 5620 	5863 	5862
f 5808 	5809 	5864
f 5808 	5864 	5863
f 5861 	5864 	5395
f 5809 	5395 	5864
f 5865 	5263 	5813
f 5813 	5381 	5865
f 5844 	5865 	5381
f 5390 	5816 	5866
f 5390 	5866 	5859
f 5816 	5818 	5868
f 5816 	5868 	5866
f 5709 	5868 	5276
f 5818 	5276 	5868
f 5103 	5119 	5414
f 5103 	5414 	5413
f 5104 	5103 	5413
f 5104 	5413 	5412
f 5105 	5104 	5412
f 5105 	5412 	5411
f 5120 	5106 	5419
f 5418 	5419 	5106
f 5107 	5105 	5411
f 5107 	5411 	5410
f 5422 	5396 	5106
f 5422 	5106 	5108
f 5396 	5418 	5106
f 5109 	5107 	5410
f 5109 	5410 	5409
f 5426 	5427 	5108
f 5427 	5422 	5108
f 5407 	5109 	5409
f 5110 	5433 	5436
f 5436 	5437 	5111
f 5436 	5111 	5110
f 5437 	5439 	5112
f 5437 	5112 	5111
f 5108 	5112 	5426
f 5439 	5426 	5112
f 5261 	5446 	5448
f 5113 	5461 	5459
f 5114 	5113 	5459
f 5114 	5459 	5457
f 5115 	5114 	5457
f 5115 	5457 	5456
f 5464 	5465 	5116
f 5117 	5115 	5456
f 5117 	5456 	5455
f 5992 	5996 	6033
f 6033 	5996 	5995
f 6033 	5995 	6034
f 5997 	6036 	5998
f 6034 	5995 	5994
f 6034 	5994 	6035
f 5999 	6036 	6000
f 5999 	5998 	6036
f 6035 	5994 	5993
f 6001 	6037 	6002
f 6003 	6038 	6037
f 6003 	6037 	6001
f 6004 	6039 	6038
f 6004 	6038 	6003
f 6005 	6040 	6039
f 6005 	6039 	6004
f 6005 	6000 	6040
f 6036 	6040 	6000
f 6041 	6006 	6007
f 6041 	6007 	5992
f 6041 	5992 	6033
f 5997 	6008 	6036
f 5993 	6013 	6042
f 5993 	6042 	6035
f 6042 	6013 	6012
f 6042 	6012 	6043
f 6043 	6012 	6011
f 6043 	6011 	6044
f 6044 	6011 	6010
f 6044 	6010 	6045
f 6037 	6048 	6014
f 6037 	6014 	6002
f 6045 	6010 	6009
f 6015 	6046 	6016
f 5902 	6047 	6046
f 5902 	6046 	6015
f 6017 	6048 	6047
f 6017 	6047 	5902
f 6048 	6017 	6014
f 6009 	6022 	6049
f 6009 	6049 	6045
f 6049 	6022 	6021
f 6049 	6021 	6050
f 6050 	6021 	6020
f 6050 	6020 	6051
f 6051 	6020 	6019
f 6051 	6019 	6052
f 6057 	6024 	6053
f 6023 	6053 	6024
f 6023 	6016 	6053
f 6046 	6053 	6016
f 6052 	6019 	6018
f 6025 	6054 	6026
f 6027 	6055 	6054
f 6027 	6054 	6025
f 6028 	6056 	6055
f 6028 	6055 	6027
f 6029 	6057 	6056
f 6029 	6056 	6028
f 6057 	6029 	6024
f 6018 	6031 	6058
f 6018 	6058 	6052
f 6058 	6031 	6030
f 6026 	6054 	6032
f 5764 	5760 	6054
f 6032 	6054 	5760
f 6152 	6146 	6185
f 6155 	6162 	6188
f 6189 	6188 	6162
f 6189 	6162 	6161
f 6191 	6189 	6161
f 6191 	6161 	6160
f 6192 	6191 	6160
f 6192 	6160 	6159
f 6164 	6163 	6250
f 6197 	6192 	6159
f 6197 	6159 	6158
f 6250 	6199 	6164
f 6167 	6164 	6199
f 6200 	6197 	6158
f 6200 	6158 	6157
f 6170 	6169 	6207
f 6170 	6207 	6216
f 6169 	6167 	6199
f 6169 	6199 	6207
f 6200 	6157 	6130
f 6138 	6173 	6212
f 6173 	6174 	6214
f 6173 	6214 	6212
f 6174 	6175 	6216
f 6174 	6216 	6214
f 6175 	6170 	6216
f 5974 	6182 	6218
f 5974 	6218 	6305
f 6218 	6182 	6181
f 6218 	6181 	6220
f 6220 	6181 	6180
f 6220 	6180 	6222
f 6183 	6223 	6184
f 6223 	6183 	5989
f 6222 	6180 	6179
f 6222 	6179 	6226
f 6225 	6249 	5923
f 6225 	5923 	5930
f 6186 	6227 	6187
f 6225 	5930 	5928
f 6225 	5928 	6228
f 6186 	6184 	6227
f 6223 	6227 	6184
f 5934 	5933 	6235
f 6229 	6226 	6179
f 6229 	6179 	6178
f 6228 	5928 	5926
f 6190 	6230 	6198
f 5935 	6231 	5936
f 6190 	6187 	6230
f 6227 	6230 	6187
f 5937 	6232 	6231
f 5937 	6231 	5935
f 6229 	6178 	6177
f 5941 	6233 	6232
f 5941 	6232 	5937
f 6194 	6234 	6195
f 5941 	5942 	6235
f 5941 	6235 	6233
f 6196 	6236 	6234
f 6196 	6234 	6194
f 5942 	5934 	6235
f 6198 	6237 	6236
f 6198 	6236 	6196
f 6230 	6237 	6198
f 6238 	5946 	5952
f 6206 	6205 	6239
f 6206 	6239 	6241
f 6240 	6238 	5952
f 6240 	5952 	5951
f 6239 	6205 	6204
f 6239 	6204 	6242
f 6243 	6240 	5951
f 6243 	5951 	5950
f 6242 	6204 	6203
f 6242 	6203 	6244
f 5953 	6474 	5954
f 6244 	6203 	6202
f 6244 	6202 	6245
f 6246 	6243 	5950
f 6246 	5950 	5949
f 6245 	6202 	6201
f 6245 	6201 	6247
f 5956 	5955 	6248
f 6254 	6208 	6209
f 5955 	5954 	6248
f 6247 	6201 	6155
f 6247 	6155 	6188
f 6249 	6246 	5949
f 6249 	5949 	5948
f 6163 	6211 	6250
f 5958 	5957 	6251
f 6213 	6252 	6250
f 6213 	6250 	6211
f 6248 	6251 	5956
f 5957 	5956 	6251
f 6215 	6253 	6252
f 6215 	6252 	6213
f 6249 	5948 	5923
f 6217 	6254 	6253
f 6217 	6253 	6215
f 5933 	5959 	6255
f 5933 	6255 	6235
f 6254 	6217 	6208
f 5959 	5960 	6256
f 5959 	6256 	6255
f 6229 	6177 	6241
f 6206 	6241 	6177
f 6251 	6256 	5958
f 5960 	5958 	6256
f 6219 	6195 	6257
f 6234 	6257 	6195
f 5926 	5966 	6258
f 5926 	6258 	6228
f 6254 	6209 	6259
f 6221 	6259 	6209
f 6258 	5966 	5965
f 6258 	5965 	6260
f 6224 	6261 	6259
f 6224 	6259 	6221
f 6260 	5965 	5964
f 6260 	5964 	6262
f 6257 	6261 	6224
f 6257 	6224 	6219
f 6262 	5964 	5963
f 6262 	5963 	6263
f 6265 	6268 	6264
f 6231 	6269 	5936
f 6266 	6273 	6265
f 6263 	5963 	5962
f 6263 	5962 	6267
f 6270 	6272 	6266
f 5968 	6269 	5969
f 5968 	5967 	6269
f 5967 	5936 	6269
f 6273 	6266 	6272
f 6268 	6265 	6273
f 6271 	6272 	6270
f 6271 	6270 	5113
f 6267 	5962 	5961
f 5970 	6275 	5971
f 6276 	6282 	6274
f 5972 	6277 	6275
f 5972 	6275 	5970
f 6278 	6282 	6276
f 5973 	6279 	6277
f 5973 	6277 	5972
f 6281 	6264 	6284
f 5973 	5969 	6279
f 6269 	6279 	5969
f 5961 	5980 	6283
f 5961 	6283 	6267
f 6280 	6274 	6282
f 6268 	6284 	6264
f 6281 	6285 	6278
f 6285 	6281 	6284
f 6282 	6278 	6285
f 6283 	5980 	5979
f 6283 	5979 	6286
f 6286 	5979 	5978
f 6286 	5978 	6288
f 6289 	6295 	6287
f 6275 	6294 	5971
f 6290 	6299 	6289
f 5253 	6287 	6292
f 6288 	5978 	5977
f 6288 	5977 	6291
f 6293 	6298 	6290
f 6301 	5983 	6294
f 5982 	6294 	5983
f 6292 	6287 	6295
f 6296 	6297 	6293
f 5982 	5981 	6294
f 5981 	5971 	6294
f 6300 	6291 	5977
f 6300 	5977 	5976
f 6299 	6290 	6298
f 6295 	6289 	6299
f 6297 	6298 	6293
f 6274 	6280 	6296
f 6297 	6296 	6280
f 5984 	6301 	5985
f 6303 	6308 	6302
f 6301 	5984 	5983
f 6304 	6309 	6303
f 6305 	6300 	5976
f 6305 	5976 	5975
f 6306 	6310 	6304
f 6432 	5987 	6307
f 5986 	6307 	5987
f 5986 	5985 	6307
f 6301 	6307 	5985
f 6308 	6303 	6309
f 5322 	5329 	6306
f 6309 	6304 	6310
f 6305 	5975 	5974
f 6310 	6306 	5329
f 6223 	5989 	6311
f 5988 	6311 	5989
f 5468 	5469 	5116
f 6302 	6313 	6312
f 6308 	6313 	6302
f 6314 	6312 	6313
f 6315 	6325 	6314
f 5469 	5464 	5116
f 5119 	5117 	5455
f 5119 	5455 	5454
f 6318 	6320 	6317
f 6319 	6322 	6318
f 5473 	5474 	5118
f 6336 	6317 	6320
f 6321 	6327 	6319
f 5116 	5118 	5468
f 5474 	5468 	5118
f 6320 	6318 	6322
f 6324 	6322 	6319
f 6323 	6326 	6321
f 6325 	6315 	6323
f 6324 	6319 	6327
f 5119 	5454 	5414
f 6327 	6321 	6326
f 6312 	6314 	6325
f 6326 	6323 	6315
f 5419 	5477 	5120
f 6329 	6331 	6328
f 5336 	6328 	5345
f 5477 	5482 	5248
f 5477 	5248 	5120
f 6330 	6334 	6329
f 5345 	6328 	6331
f 6331 	6329 	6334
f 6332 	6333 	6330
f 5482 	5483 	5249
f 5482 	5249 	5248
f 6333 	6334 	6330
f 5118 	5249 	5473
f 5483 	5473 	5249
f 6332 	6335 	6338
f 6333 	6332 	6338
f 6337 	6338 	6335
f 6335 	6316 	6337
f 6336 	6337 	6316
f 6316 	6317 	6336
f 5113 	6270 	5461
f 6271 	5116 	5489
f 5465 	5489 	5116
f 5496 	5495 	5253
f 6386 	5253 	5495
f 5258 	5497 	5498
f 6292 	5499 	5258
f 5500 	5258 	5499
f 5500 	5497 	5258
f 5508 	5507 	5260
f 5448 	5512 	5261
f 5261 	5512 	5511
f 5261 	5511 	5262
f 5262 	5511 	5510
f 5262 	5510 	5265
f 5265 	5510 	5509
f 5265 	5509 	5269
f 5272 	5514 	5270
f 5513 	5270 	5514
f 5516 	5270 	5513
f 5508 	5260 	5269
f 5508 	5269 	5509
f 5518 	5275 	5274
f 5518 	5274 	5389
f 5519 	5271 	5275
f 5519 	5275 	5518
f 5522 	5272 	5271
f 5522 	5271 	5519
f 5272 	5522 	5514
f 5274 	5523 	5389
f 5507 	5529 	5278
f 5507 	5278 	5260
f 5278 	5529 	5528
f 5278 	5528 	5280
f 5280 	5528 	5527
f 5280 	5527 	5281
f 5530 	5523 	5282
f 5274 	5282 	5523
f 5283 	5281 	5527
f 5283 	5527 	5526
f 5532 	5282 	5533
f 5282 	5532 	5530
f 5526 	5496 	5283
f 5253 	5283 	5496
f 5258 	5498 	5292
f 5536 	5292 	5498
f 5537 	5285 	5292
f 5537 	5292 	5536
f 5539 	5287 	5285
f 5539 	5285 	5537
f 5539 	5533 	5287
f 5282 	5287 	5533
f 5295 	5545 	5544
f 5297 	5295 	5544
f 5297 	5544 	5543
f 5299 	5297 	5543
f 5299 	5543 	5542
f 5549 	5550 	5302
f 5541 	5299 	5542
f 5552 	5383 	5302
f 5383 	5549 	5302
f 5556 	5557 	5303
f 5302 	5303 	5552
f 5557 	5552 	5303
f 5305 	5560 	5563
f 5303 	5305 	5556
f 5563 	5556 	5305
f 5308 	5568 	5573
f 5308 	5573 	5572
f 5308 	5572 	5309
f 5309 	5572 	5571
f 5309 	5571 	5307
f 5574 	5318 	5317
f 5574 	5317 	5348
f 5575 	5319 	5318
f 5575 	5318 	5574
f 5578 	6417 	5319
f 5578 	5319 	5575
f 5317 	5581 	5348
f 5322 	5584 	5589
f 5323 	5322 	5589
f 5323 	5589 	5588
f 5325 	5323 	5588
f 5325 	5588 	5587
f 5593 	5592 	5329
f 5587 	5545 	5325
f 5295 	5325 	5545
f 5550 	5596 	5330
f 5550 	5330 	5302
f 5596 	5597 	5328
f 5596 	5328 	5330
f 5597 	5600 	5329
f 5597 	5329 	5328
f 5600 	5593 	5329
f 5571 	5609 	5331
f 5571 	5331 	5307
f 5331 	5609 	5608
f 5331 	5608 	5333
f 5333 	5608 	5607
f 5333 	5607 	5336
f 5610 	5581 	5337
f 5317 	5337 	5581
f 5606 	5336 	5607
f 5613 	5337 	5612
f 5337 	5613 	5610
f 5616 	5338 	5615
f 5616 	5612 	5338
f 5337 	5338 	5612
f 6331 	5618 	5345
f 5619 	5345 	5618
f 5619 	5615 	5345
f 5338 	5345 	5615
f 6397 	6398 	6399
f 6400 	6401 	6398
f 6400 	6398 	6397
f 6402 	6403 	6401
f 6402 	6401 	6400
f 6403 	6402 	5803
f 5805 	6404 	6405
f 5805 	6405 	5800
f 6405 	6404 	6406
f 6405 	6406 	6407
f 6407 	6406 	6408
f 6407 	6408 	6409
f 6410 	6399 	6412
f 6398 	6412 	6399
f 6409 	6408 	5568
f 6409 	5568 	5308
f 6411 	6412 	6413
f 6412 	6411 	6410
f 6414 	6413 	6415
f 6412 	6415 	6413
f 6416 	6417 	5578
f 6415 	6417 	6416
f 6415 	6416 	6414
f 6089 	6432 	6311
f 6089 	6311 	5988
f 6432 	6089 	5987
f 6433 	6478 	6096
f 6441 	6433 	6096
f 6441 	6096 	6095
f 6446 	6441 	6095
f 6446 	6095 	6094
f 6447 	6446 	6094
f 6447 	6094 	6093
f 6228 	6232 	6225
f 6233 	6225 	6232
f 6235 	6249 	6233
f 6240 	6251 	6238
f 6243 	6256 	6240
f 6246 	6255 	6243
f 6248 	6238 	6251
f 6249 	6235 	6246
f 6251 	6240 	6256
f 6255 	6256 	6243
f 6225 	6233 	6249
f 6255 	6246 	6235
f 6258 	6231 	6228
f 6260 	6269 	6258
f 6262 	6279 	6260
f 6263 	6277 	6262
f 6269 	6231 	6258
f 6232 	6228 	6231
f 6267 	6275 	6263
f 6269 	6260 	6279
f 6277 	6279 	6262
f 6275 	6277 	6263
f 6286 	6294 	6283
f 6283 	6275 	6267
f 6288 	6301 	6286
f 6275 	6283 	6294
f 6294 	6286 	6301
f 6432 	6307 	6291
f 6311 	6432 	6300
f 6301 	6288 	6307
f 6288 	6291 	6307
f 6223 	6311 	6305
f 6291 	6300 	6432
f 6300 	6305 	6311
f 6446 	6470 	6441
f 6447 	6472 	6446
f 6470 	6446 	6472
f 6475 	6476 	6471
f 6473 	6474 	6471
f 6472 	6447 	6476
f 6447 	6471 	6476
f 6248 	6474 	6238
f 6473 	6238 	6474
f 6475 	6471 	6474
f 6480 	6481 	6478
f 6482 	6477 	6481
f 6477 	6478 	6481
f 6478 	6433 	6480
f 6479 	6480 	6433
f 6470 	6479 	6441
f 6433 	6441 	6479
f 6484 	6486 	6483
f 6212 	6200 	6486
f 6485 	6488 	6484
f 6487 	6185 	6485
f 6486 	6484 	6488
f 6488 	6485 	6185
f 6185 	6487 	6490
f 6477 	6482 	6489
f 6482 	6490 	6489
f 6487 	6489 	6490
f 6189 	6199 	6188
f 6191 	6207 	6189
f 6192 	6216 	6191
f 6250 	6188 	6199
f 6197 	6214 	6192
f 6199 	6189 	6207
f 6207 	6191 	6216
f 6200 	6212 	6197
f 6098 	6097 	6470
f 6471 	6447 	6093
f 6471 	6093 	6092
f 6100 	6099 	6470
f 6100 	6470 	6472
f 6099 	6098 	6470
f 6473 	6471 	6092
f 6473 	6092 	6091
f 6103 	6102 	6472
f 6102 	6100 	6472
f 6091 	5946 	6473
f 6238 	6473 	5946
f 5953 	5922 	6474
f 6248 	5954 	6474
f 5922 	6104 	6475
f 5922 	6475 	6474
f 6104 	6109 	6476
f 6104 	6476 	6475
f 6472 	6476 	6103
f 6109 	6103 	6476
f 6477 	6111 	6113
f 6478 	6477 	6113
f 6478 	6113 	6112
f 6117 	6116 	6482
f 6478 	6112 	6096
f 6097 	6119 	6479
f 6097 	6479 	6470
f 6119 	6121 	6480
f 6119 	6480 	6479
f 6121 	6122 	6481
f 6121 	6481 	6480
f 6122 	6123 	6482
f 6122 	6482 	6481
f 6123 	6117 	6482
f 6483 	6200 	6130
f 6483 	6130 	6136
f 6484 	6483 	6136
f 6484 	6136 	6135
f 6485 	6484 	6135
f 6485 	6135 	6134
f 6212 	6486 	6138
f 6139 	6138 	6486
f 6487 	6485 	6134
f 6487 	6134 	6132
f 6142 	6141 	6486
f 6142 	6486 	6488
f 6486 	6141 	6139
f 6489 	6487 	6132
f 6489 	6132 	6131
f 6146 	6145 	6488
f 6146 	6488 	6185
f 6145 	6142 	6488
f 6131 	6111 	6489
f 6477 	6489 	6111
f 6116 	6147 	6490
f 6116 	6490 	6482
f 6147 	6152 	6185
f 6147 	6185 	6490
f 6264 	6363 	6362
f 6265 	6264 	6362
f 6265 	6362 	6361
f 6266 	6265 	6361
f 6266 	6361 	6360
f 6284 	6268 	6365
f 6364 	6365 	6268
f 6270 	6266 	6360
f 6270 	6360 	6359
f 6366 	6367 	6268
f 6367 	6364 	6268
f 5488 	5461 	6270
f 5488 	6270 	6359
f 6271 	5489 	6368
f 6368 	6369 	6272
f 6368 	6272 	6271
f 6369 	6370 	6273
f 6369 	6273 	6272
f 6268 	6273 	6366
f 6370 	6366 	6273
f 6274 	6375 	6374
f 6276 	6274 	6374
f 6276 	6374 	6373
f 6278 	6276 	6373
f 6278 	6373 	6372
f 6376 	6377 	6280
f 6281 	6278 	6372
f 6281 	6372 	6371
f 6378 	6379 	6280
f 6379 	6376 	6280
f 6371 	6363 	6281
f 6264 	6281 	6363
f 6365 	6380 	6284
f 6380 	6381 	6285
f 6380 	6285 	6284
f 6381 	6357 	6282
f 6381 	6282 	6285
f 6282 	6357 	6378
f 6282 	6378 	6280
f 5253 	6386 	6287
f 6289 	6287 	6386
f 6289 	6386 	6385
f 6290 	6289 	6385
f 6290 	6385 	6384
f 5499 	6292 	6389
f 6293 	6290 	6384
f 6293 	6384 	6383
f 6491 	6396 	6292
f 6292 	6396 	6389
f 6296 	6293 	6383
f 6296 	6383 	6382
f 6492 	6493 	6295
f 6292 	6295 	6491
f 6493 	6491 	6295
f 6382 	6375 	6296
f 6274 	6296 	6375
f 6377 	6494 	6297
f 6377 	6297 	6280
f 6494 	6495 	6298
f 6494 	6298 	6297
f 6495 	6496 	6299
f 6495 	6299 	6298
f 6295 	6299 	6492
f 6496 	6492 	6299
f 6302 	6501 	6500
f 6303 	6302 	6500
f 6303 	6500 	6499
f 6304 	6303 	6499
f 6304 	6499 	6498
f 6306 	6304 	6498
f 6306 	6498 	6497
f 6503 	6313 	6502
f 5584 	5322 	6306
f 5584 	6306 	6497
f 6504 	6505 	6308
f 6504 	6308 	6309
f 6505 	6502 	6308
f 6506 	6507 	6309
f 6506 	6309 	6310
f 6507 	6504 	6309
f 6508 	6310 	5592
f 5329 	5592 	6310
f 6508 	6506 	6310
f 6312 	6509 	6510
f 6510 	6501 	6312
f 6302 	6312 	6501
f 6503 	6511 	6313
f 6308 	6502 	6313
f 6511 	6512 	6314
f 6511 	6314 	6313
f 6512 	6513 	6315
f 6512 	6315 	6314
f 6513 	6514 	6315
f 6316 	6515 	6522
f 6317 	6316 	6522
f 6317 	6522 	6521
f 6318 	6317 	6521
f 6318 	6521 	6520
f 6319 	6318 	6520
f 6319 	6520 	6519
f 6524 	6523 	6336
f 6321 	6319 	6519
f 6321 	6519 	6518
f 6526 	6525 	6320
f 6336 	6320 	6524
f 6525 	6524 	6320
f 6323 	6321 	6518
f 6323 	6518 	6517
f 6528 	6527 	6322
f 6528 	6322 	6324
f 6320 	6322 	6526
f 6527 	6526 	6322
f 6325 	6323 	6517
f 6325 	6517 	6516
f 6530 	6529 	6324
f 6530 	6324 	6327
f 6324 	6529 	6528
f 6516 	6509 	6325
f 6312 	6325 	6509
f 6514 	6531 	6326
f 6514 	6326 	6315
f 6531 	6532 	6327
f 6531 	6327 	6326
f 6532 	6530 	6327
f 6328 	5336 	5606
f 6328 	5606 	6537
f 6329 	6328 	6537
f 6329 	6537 	6536
f 6330 	6329 	6536
f 6330 	6536 	6535
f 5618 	6331 	6538
f 6332 	6330 	6535
f 6332 	6535 	6534
f 6334 	6540 	6331
f 6539 	6331 	6540
f 6331 	6539 	6538
f 6332 	6534 	6533
f 6542 	6541 	6333
f 6543 	6334 	6333
f 6543 	6333 	6541
f 6334 	6543 	6540
f 6335 	6332 	6533
f 6335 	6533 	6544
f 6544 	6515 	6335
f 6316 	6335 	6515
f 6523 	6545 	6336
f 6545 	6546 	6337
f 6545 	6337 	6336
f 6546 	6547 	6338
f 6546 	6338 	6337
f 6333 	6338 	6542
f 6547 	6542 	6338
f 5103 	5106 	5119
f 6216 	6192 	6214
f 6212 	6214 	6197
f 6483 	6486 	6200
f 6305 	6218 	6223
f 6220 	6227 	6218
f 6218 	6227 	6223
f 6222 	6230 	6220
f 6236 	6237 	6226
f 6227 	6220 	6230
f 6234 	6236 	6229
f 6230 	6222 	6237
f 6222 	6226 	6237
f 6226 	6229 	6236
f 6244 	6254 	6242
f 6245 	6253 	6244
f 6250 	6252 	6247
f 6253 	6245 	6252
f 6254 	6244 	6253
f 6247 	6252 	6245
f 6247 	6188 	6250
f 6234 	6229 	6257
f 6229 	6241 	6257
f 6241 	6239 	6257
f 6261 	6257 	6239
f 6259 	6239 	6242
f 6254 	6259 	6242
f 6261 	6239 	6259
f 6678 	6074 	6073
f 6679 	6678 	6073
f 6679 	6073 	6072
f 6679 	6072 	6071
f 6679 	6071 	6686
f 6075 	6076 	6680
f 6077 	6078 	6680
f 6078 	6075 	6680
f 6691 	6079 	6681
f 6080 	6681 	6079
f 6680 	6681 	6077
f 6080 	6077 	6681
f 6074 	6678 	5407
f 5109 	5407 	6678
f 6076 	5433 	5110
f 6076 	5110 	6680
f 6682 	6083 	6082
f 6683 	6682 	6082
f 6683 	6082 	6081
f 5446 	5261 	6683
f 5446 	6683 	6081
f 6085 	6684 	6084
f 6086 	6685 	6684
f 6086 	6684 	6085
f 6087 	6707 	6685
f 6087 	6685 	6086
f 6088 	6084 	5270
f 6684 	5270 	6084
f 5270 	5516 	6088
f 6686 	6071 	6108
f 6686 	6108 	6107
f 6686 	6107 	6687
f 6687 	6107 	6106
f 6687 	6106 	6688
f 6079 	6691 	6110
f 6688 	6106 	6105
f 6114 	6689 	6115
f 6118 	6690 	6689
f 6118 	6689 	6114
f 6120 	6691 	6690
f 6120 	6690 	6118
f 6691 	6120 	6110
f 6105 	6128 	6692
f 6105 	6692 	6688
f 6692 	6128 	6127
f 6692 	6127 	6693
f 6693 	6127 	6126
f 6693 	6126 	6694
f 6689 	6696 	6115
f 6694 	6126 	6125
f 6694 	6125 	6695
f 6137 	6696 	6133
f 6137 	6129 	6696
f 6129 	6115 	6696
f 6695 	6125 	6124
f 6143 	6697 	6140
f 6101 	6698 	6697
f 6101 	6697 	6143
f 6144 	6699 	6698
f 6144 	6698 	6101
f 6144 	6133 	6699
f 6696 	6699 	6133
f 6124 	6151 	6700
f 6124 	6700 	6695
f 6700 	6151 	6150
f 6700 	6150 	6701
f 6701 	6150 	6149
f 6701 	6149 	6702
f 6697 	6704 	6140
f 6702 	6149 	6148
f 6702 	6148 	6703
f 6705 	6154 	6704
f 6156 	6704 	6154
f 6156 	6153 	6704
f 6153 	6140 	6704
f 6083 	6682 	6703
f 6083 	6703 	6148
f 6166 	6705 	6165
f 6705 	6166 	6154
f 6171 	6706 	6168
f 6171 	6165 	6706
f 6705 	6706 	6165
f 6176 	6707 	6087
f 6176 	6168 	6707
f 6706 	6707 	6168
f 6708 	6714 	6596
f 6708 	6596 	6598
f 6597 	6708 	6598
f 6716 	6709 	6599
f 6602 	6601 	6709
f 6600 	6599 	6709
f 6601 	6600 	6709
f 6710 	6604 	6603
f 6709 	6710 	6602
f 6603 	6602 	6710
f 6711 	6605 	6609
f 6712 	6711 	6609
f 6712 	6609 	6608
f 6713 	6712 	6608
f 6713 	6608 	6607
f 6719 	6715 	6610
f 6714 	6713 	6607
f 6714 	6607 	6606
f 6613 	6612 	6715
f 6611 	6610 	6715
f 6612 	6611 	6715
f 6714 	6606 	6596
f 6599 	6614 	6716
f 6614 	6090 	6717
f 6614 	6717 	6716
f 6090 	6615 	6718
f 6090 	6718 	6717
f 6715 	6718 	6613
f 6615 	6613 	6718
f 6610 	6616 	6719
f 6616 	6617 	6719
f 6720 	6618 	6621
f 6720 	6621 	6620
f 6720 	6620 	6721
f 6721 	6620 	6619
f 6721 	6619 	6722
f 5408 	6731 	5405
f 6622 	5405 	6731
f 5656 	5663 	5658
f 5658 	5659 	5656
f 5823 	5819 	5659
f 5665 	5676 	5663
f 5666 	5682 	5665
f 5667 	5680 	5666
f 5658 	5663 	5676
f 5676 	5665 	5682
f 5675 	5678 	5667
f 5682 	5666 	5680
f 5678 	5680 	5667
f 5686 	5693 	5684
f 5684 	5678 	5675
f 5688 	5698 	5686
f 5678 	5684 	5693
f 5693 	5686 	5698
f 5702 	5700 	5691
f 5701 	5702 	5695
f 5698 	5688 	5700
f 5688 	5691 	5700
f 5699 	5701 	5695
f 5691 	5695 	5702
f 5865 	5709 	5704
f 5724 	5728 	5737
f 5717 	5726 	5715
f 5718 	5729 	5717
f 5767 	5759 	5726
f 5724 	5739 	5718
f 5726 	5717 	5729
f 5729 	5718 	5739
f 5728 	5704 	5711
f 5739 	5724 	5737
f 5709 	5711 	5704
f 5711 	5737 	5728
f 5745 	5755 	5743
f 5750 	5770 	5748
f 5748 	5761 	5745
f 5821 	5743 	5755
f 5752 	5769 	5750
f 5755 	5745 	5761
f 5759 	5767 	5752
f 5770 	5750 	5769
f 5761 	5748 	5770
f 5767 	5769 	5752
f 5715 	5726 	5759
f 5699 	5776 	5784
f 5778 	5790 	5776
f 5776 	5790 	5784
f 5782 	5796 	5778
f 5701 	5699 	5784
f 5786 	5807 	5782
f 5790 	5778 	5796
f 5807 	5796 	5782
f 5804 	5806 	5793
f 5807 	5786 	5806
f 5786 	5793 	5806
f 5811 	5829 	5793
f 5815 	5824 	5814
f 5821 	5822 	5817
f 5812 	5814 	5826
f 5824 	5815 	5822
f 5826 	5814 	5824
f 5817 	5822 	5815
f 5817 	5743 	5821
f 5804 	5793 	5829
f 5811 	5810 	5829
f 5832 	5829 	5810
f 5812 	5831 	5810
f 5826 	5831 	5812
f 5832 	5810 	5831
f 5656 	5659 	5819
f 5825 	5836 	5823
f 5828 	5837 	5827
f 5830 	5842 	5828
f 5833 	5840 	5830
f 5834 	5827 	5837
f 5837 	5828 	5842
f 5836 	5825 	5833
f 5842 	5830 	5840
f 5819 	5823 	5836
f 5840 	5833 	5825
f 5850 	5859 	5848
f 5859 	5866 	5848
f 5853 	5861 	5850
f 5859 	5850 	5861
f 5863 	5864 	5855
f 5860 	5862 	5855
f 5861 	5853 	5864
f 5853 	5855 	5864
f 5862 	5863 	5855
f 5862 	5860 	5827
f 5862 	5827 	5834
f 5844 	5848 	5866
f 5866 	5868 	5844
f 5865 	5844 	5868
f 5865 	5868 	5709
f 6034 	6039 	6033
f 6037 	6038 	6035
f 6040 	6033 	6039
f 6038 	6039 	6034
f 6036 	6041 	6040
f 6034 	6035 	6038
f 6033 	6040 	6041
f 6043 	6048 	6042
f 6035 	6042 	6037
f 6044 	6047 	6043
f 6037 	6042 	6048
f 6045 	6047 	6044
f 6048 	6043 	6047
f 6047 	6045 	6046
f 6057 	6053 	6050
f 6045 	6049 	6046
f 6051 	6057 	6050
f 6046 	6049 	6053
f 6049 	6050 	6053
f 6052 	6056 	6051
f 6056 	6057 	6051
f 6052 	6058 	6055
f 6056 	6052 	6055
f 6054 	6055 	6058
f 6679 	6681 	6678
f 6680 	6678 	6681
f 6686 	6691 	6679
f 5110 	5109 	6680
f 6678 	6680 	5109
f 6684 	6685 	6683
f 6683 	5261 	6684
f 6682 	6683 	6685
f 6707 	6682 	6685
f 5261 	5262 	5270
f 6684 	5261 	5270
f 6687 	6690 	6686
f 6688 	6689 	6687
f 6681 	6679 	6691
f 6691 	6686 	6690
f 6690 	6687 	6689
f 6693 	6699 	6692
f 6694 	6698 	6693
f 6692 	6696 	6688
f 6689 	6688 	6696
f 6695 	6698 	6694
f 6696 	6692 	6699
f 6699 	6693 	6698
f 6698 	6695 	6697
f 6700 	6697 	6695
f 6701 	6704 	6700
f 6702 	6705 	6701
f 6697 	6700 	6704
f 6704 	6701 	6705
f 6703 	6706 	6702
f 6682 	6707 	6703
f 6705 	6702 	6706
f 6706 	6703 	6707
f 6716 	6714 	6709
f 6709 	6708 	6710
f 6712 	6715 	6711
f 6713 	6718 	6712
f 6759 	6711 	6719
f 6714 	6716 	6713
f 6715 	6712 	6718
f 6717 	6718 	6713
f 6708 	6709 	6714
f 6717 	6713 	6716
f 6721 	6731 	6720
f 6722 	6730 	6721
f 6720 	6731 	5408
f 6723 	6710 	6708
f 6725 	6726 	6724
f 6724 	6727 	6723
f 6041 	6036 	6725
f 6727 	6724 	6726
f 6710 	6723 	6727
f 6726 	6725 	6036
f 6058 	5758 	6054
f 6715 	6719 	6711
f 6730 	6722 	6729
f 6731 	6721 	6730
f 6722 	5721 	6729
f 6733 	6735 	6732
f 6736 	6732 	6735
f 6738 	6742 	6737
f 6739 	6742 	6738
f 6741 	6732 	6734
f 6740 	6737 	6742
f 6736 	6734 	6732
f 6739 	6741 	6743
f 6743 	6741 	6734
f 6742 	6739 	6743
f 6745 	6749 	6744
f 6746 	6753 	6745
f 5708 	5703 	6747
f 6748 	6752 	6746
f 6747 	6744 	6749
f 6749 	6745 	6753
f 6753 	6746 	6752
f 6751 	6752 	6748
f 6751 	6748 	6750
f 6737 	6740 	6750
f 6751 	6750 	6740
f 5435 	5305 	6754
f 6735 	5435 	6754
f 5425 	5428 	6755
f 6756 	5425 	6755
f 5299 	6754 	5305
f 5303 	5299 	5305
f 6758 	6761 	6757
f 6719 	6760 	6759
f 6761 	6758 	6760
f 6758 	6759 	6760
f 6761 	5403 	6757
f 5397 	6757 	5403
f 5421 	5397 	5403
f 5421 	5415 	5397
f 6735 	6733 	5431
f 5415 	5421 	5428
f 5431 	5428 	5421
f 5431 	5435 	6735
f 5428 	5431 	6733
f 6733 	6755 	5428
f 6720 	5408 	6756
f 5425 	6756 	5408
f 5442 	5445 	5453
f 5453 	5445 	5450
f 5445 	5476 	5450
f 5480 	5479 	5463
f 5485 	5487 	5462
f 5462 	5467 	5485
f 5463 	5462 	5487
f 5487 	5480 	5463
f 5476 	5463 	5479
f 5450 	5476 	5479
f 5491 	5716 	5467
f 5493 	5713 	5491
f 5485 	5467 	5716
f 5703 	5708 	5493
f 5716 	5491 	5713
f 5713 	5493 	5708
f 6744 	6747 	5703
f 5453 	5741 	5442
f 5725 	5766 	5453
f 5731 	5766 	5725
f 5741 	5736 	5442
f 5733 	5774 	5731
f 5766 	5741 	5453
f 5721 	5442 	5736
f 5736 	6728 	5721
f 6729 	5721 	6728
f 5741 	5764 	5736
f 5758 	5736 	5764
f 6054 	5758 	5764
f 5754 	5792 	5733
f 5766 	5731 	5774
f 5771 	5788 	5754
f 5774 	5733 	5781
f 5777 	5802 	5771
f 5781 	5733 	5792
f 5792 	5754 	5788
f 5798 	6401 	5795
f 5795 	6403 	5777
f 5788 	5771 	5802
f 6403 	5802 	5777
f 5800 	6398 	5798
f 6403 	5795 	6401
f 6401 	5798 	6398
f 6407 	6415 	6405
f 6409 	6417 	6407
f 5800 	6405 	6412
f 5800 	6412 	6398
f 5308 	5319 	6409
f 6412 	6405 	6415
f 6417 	6409 	5319
f 6415 	6407 	6417
f 6722 	6619 	5719
f 6722 	5719 	5721
f 6723 	6708 	6597
f 6723 	6597 	6625
f 6724 	6723 	6625
f 6724 	6625 	6624
f 6725 	6724 	6624
f 6725 	6624 	6623
f 6006 	6041 	6725
f 6006 	6725 	6623
f 6710 	6727 	6604
f 6627 	6726 	6008
f 6036 	6008 	6726
f 6627 	6628 	6727
f 6627 	6727 	6726
f 6626 	6604 	6727
f 6628 	6626 	6727
f 6058 	6030 	5756
f 6058 	5756 	5758
f 6629 	6728 	5744
f 6759 	6630 	6711
f 6605 	6711 	6630
f 6631 	6729 	6728
f 6631 	6728 	6629
f 6632 	6730 	6729
f 6632 	6729 	6631
f 6633 	6731 	6730
f 6633 	6730 	6632
f 6633 	6622 	6731
f 6732 	6641 	6640
f 6639 	6733 	6732
f 6639 	6732 	6640
f 6642 	6643 	6734
f 6642 	6734 	6736
f 6643 	6644 	6734
f 6735 	6645 	6647
f 6735 	6647 	6736
f 6647 	6642 	6736
f 6737 	6653 	6652
f 6738 	6737 	6652
f 6738 	6652 	6651
f 6739 	6738 	6651
f 6739 	6651 	6650
f 6654 	6655 	6740
f 6741 	6739 	6650
f 6741 	6650 	6649
f 6656 	6657 	6740
f 6657 	6654 	6740
f 6649 	6641 	6741
f 6732 	6741 	6641
f 6644 	6658 	6743
f 6644 	6743 	6734
f 6658 	6634 	6742
f 6658 	6742 	6743
f 6742 	6634 	6656
f 6742 	6656 	6740
f 5706 	6663 	6744
f 5706 	6744 	5703
f 6745 	6744 	6663
f 6745 	6663 	6662
f 6746 	6745 	6662
f 6746 	6662 	6661
f 6664 	5710 	6747
f 5708 	6747 	5710
f 6748 	6746 	6661
f 6748 	6661 	6660
f 6666 	6665 	6747
f 6666 	6747 	6749
f 6747 	6665 	6664
f 6750 	6748 	6660
f 6750 	6660 	6659
f 6668 	6667 	6749
f 6668 	6749 	6753
f 6667 	6666 	6749
f 6659 	6653 	6750
f 6737 	6750 	6653
f 6655 	6669 	6751
f 6655 	6751 	6740
f 6669 	6670 	6752
f 6669 	6752 	6751
f 6670 	6671 	6753
f 6670 	6753 	6752
f 6671 	6668 	6753
f 6754 	5299 	5541
f 6754 	5541 	6636
f 6635 	6754 	6636
f 6755 	6733 	6639
f 6755 	6639 	6638
f 6754 	6635 	6735
f 6645 	6735 	6646
f 6646 	6735 	6635
f 6637 	6756 	6755
f 6637 	6755 	6638
f 6756 	6637 	6648
f 5435 	5441 	5305
f 5560 	5305 	5441
f 6648 	6618 	6756
f 6720 	6756 	6618
f 6757 	5397 	5400
f 6757 	5400 	6674
f 6758 	6757 	6674
f 6758 	6674 	6673
f 6759 	6758 	6673
f 6759 	6673 	6672
f 5403 	6761 	5401
f 6675 	5401 	6761
f 6759 	6672 	6630
f 6676 	6760 	6617
f 6719 	6617 	6760
f 6676 	6677 	6761
f 6676 	6761 	6760
f 6677 	6675 	6761
# 1719 faces

g group_4_16448250

usemtl color_16448250
s 0

f 5124 	5123 	5125
f 5124 	5125 	5126
f 5122 	5121 	5127
f 5122 	5127 	5128
f 5133 	5134 	5132
f 5133 	5132 	5131
f 5135 	5136 	5134
f 5135 	5134 	5133
f 5137 	5138 	5139
f 5137 	5139 	5140
f 5141 	5142 	5138
f 5141 	5138 	5137
f 5143 	5144 	5142
f 5143 	5142 	5141
f 5145 	5146 	5144
f 5145 	5144 	5143
f 5147 	5148 	5146
f 5147 	5146 	5145
f 5149 	5150 	5148
f 5149 	5148 	5147
f 5140 	5139 	5136
f 5140 	5136 	5135
f 5151 	5152 	5153
f 5151 	5153 	5154
f 5155 	5156 	5152
f 5155 	5152 	5151
f 5157 	5158 	5156
f 5157 	5156 	5155
f 5157 	5129 	5158
f 5130 	5158 	5129
f 5150 	5149 	5153
f 5154 	5153 	5149
f 5159 	5160 	5161
f 5159 	5161 	5162
f 5163 	5164 	5160
f 5163 	5160 	5159
f 5165 	5166 	5164
f 5165 	5164 	5163
f 5162 	5161 	5168
f 5132 	5166 	5165
f 5132 	5165 	5131
f 5161 	5167 	5168
f 5168 	5167 	5169
f 5168 	5169 	5170
f 5170 	5169 	5171
f 5170 	5171 	5172
f 5174 	5172 	5173
f 5171 	5173 	5172
f 5179 	5180 	5190
f 5180 	5181 	5190
f 5178 	5179 	5190
f 5181 	5182 	5190
f 5182 	5183 	5190
f 5183 	5184 	5190
f 5184 	5185 	5190
f 5185 	5186 	5190
f 5186 	5187 	5190
f 5189 	5190 	5187
f 5188 	5189 	5187
f 5177 	5178 	5190
f 5190 	5191 	5177
f 5176 	5177 	5191
f 5195 	5197 	5194
f 5193 	5194 	5197
f 5196 	5197 	5195
f 5197 	5198 	5193
f 5193 	5198 	5199
f 5200 	5218 	5199
f 5201 	5218 	5200
f 5202 	5218 	5201
f 5203 	5218 	5202
f 5204 	5218 	5203
f 5205 	5218 	5204
f 5188 	5193 	5175
f 5192 	5175 	5193
f 5192 	5212 	5175
f 5204 	5177 	5176
f 5204 	5176 	5205
f 5203 	5178 	5177
f 5203 	5177 	5204
f 5202 	5179 	5178
f 5202 	5178 	5203
f 5201 	5180 	5179
f 5201 	5179 	5202
f 5200 	5181 	5180
f 5200 	5180 	5201
f 5199 	5182 	5181
f 5199 	5181 	5200
f 5198 	5183 	5182
f 5198 	5182 	5199
f 5197 	5184 	5183
f 5197 	5183 	5198
f 5196 	5185 	5184
f 5196 	5184 	5197
f 5195 	5186 	5185
f 5195 	5185 	5196
f 5194 	5187 	5186
f 5194 	5186 	5195
f 5193 	5188 	5187
f 5193 	5187 	5194
f 5207 	5211 	5206
f 5213 	5211 	5212
f 5208 	5211 	5207
f 5209 	5211 	5208
f 5849 	5211 	5210
f 5209 	5210 	5211
f 5189 	5175 	5211
f 5206 	5211 	5213
f 5212 	5211 	5175
f 5188 	5175 	5189
f 5216 	6778 	5215
f 5217 	6778 	5216
f 5218 	6778 	5217
f 5220 	5192 	5199
f 5193 	5199 	5192
f 5219 	5220 	5199
f 5219 	5199 	5218
f 5217 	5207 	5206
f 5217 	5206 	5218
f 5216 	5208 	5207
f 5216 	5207 	5217
f 5215 	5209 	5208
f 5215 	5208 	5216
f 5214 	5210 	5209
f 5214 	5209 	5215
f 5220 	5212 	5192
f 5219 	5213 	5212
f 5219 	5212 	5220
f 5219 	5218 	5213
f 5206 	5213 	5218
f 5226 	5224 	5849
f 5849 	5224 	5225
f 5230 	5231 	5263
f 5221 	5263 	5223
f 5223 	5263 	5222
f 5231 	5232 	5263
f 5232 	5233 	5263
f 5222 	5263 	5233
f 5225 	5234 	5849
f 5235 	5849 	5234
f 5189 	5211 	5237
f 5211 	5849 	5238
f 5235 	5236 	5849
f 5238 	5849 	5239
f 5239 	5849 	5236
f 5341 	5228 	5340
f 5229 	5310 	5228
f 5228 	5240 	5241
f 5228 	5241 	5242
f 5228 	5242 	5243
f 5244 	5246 	5243
f 5245 	5246 	5244
f 5228 	5243 	5246
f 5237 	5247 	5189
f 5251 	5189 	5250
f 5250 	5189 	5247
f 5189 	5252 	5254
f 5252 	5189 	5251
f 5255 	5189 	5254
f 5189 	5259 	5256
f 5259 	5189 	5255
f 5266 	5230 	5264
f 5390 	5391 	5787
f 5789 	5801 	5816
f 5268 	5267 	5273
f 5279 	5273 	5267
f 5264 	5230 	5263
f 5311 	5229 	5284
f 5288 	5230 	5286
f 5286 	5230 	5266
f 5289 	5230 	5288
f 5290 	5230 	5289
f 5290 	5291 	5230
f 5284 	5230 	5291
f 5296 	5191 	5294
f 5273 	5296 	5298
f 5298 	5300 	5273
f 5301 	5273 	5300
f 5268 	5273 	5304
f 5304 	5273 	5306
f 5306 	5273 	5301
f 5636 	5228 	5310
f 5230 	5284 	5229
f 5311 	5312 	5229
f 5312 	5313 	5229
f 5313 	5314 	5229
f 5314 	5315 	5229
f 5316 	5229 	5315
f 5310 	5229 	5316
f 5324 	5191 	5321
f 5327 	5191 	5326
f 5332 	5293 	5191
f 5293 	5294 	5191
f 5324 	5326 	5191
f 5191 	5334 	5332
f 5335 	5191 	5327
f 5334 	5191 	5335
f 5341 	5342 	5228
f 5342 	5343 	5228
f 5343 	5344 	5228
f 5240 	5228 	5344
f 5346 	5189 	5257
f 5347 	5189 	5346
f 5353 	5849 	5355
f 5227 	5849 	5351
f 5351 	5849 	5353
f 5356 	6059 	5504
f 5354 	5356 	5504
f 5362 	5263 	5361
f 5221 	5820 	5263
f 5362 	5363 	5263
f 5363 	5364 	5263
f 5365 	5263 	5364
f 5366 	5263 	5365
f 5360 	5263 	5366
f 5835 	5367 	5368
f 5835 	5368 	5370
f 5835 	5370 	5371
f 5352 	5377 	5375
f 5356 	5354 	5372
f 5356 	5372 	5369
f 5373 	5835 	5371
f 5354 	5352 	5375
f 5354 	5375 	5372
f 5374 	5378 	5849
f 5352 	5359 	5377
f 5376 	5849 	5378
f 5359 	5358 	5379
f 5359 	5379 	5377
f 5358 	5357 	5380
f 5358 	5380 	5379
f 5357 	6352 	5380
f 5382 	5381 	5360
f 5384 	5381 	5382
f 5385 	5381 	5384
f 5813 	5360 	5381
f 5381 	5385 	5386
f 5381 	5386 	5387
f 5381 	5387 	5388
f 5518 	5557 	5519
f 5532 	5533 	5596
f 6358 	6508 	5539
f 5780 	5783 	5393
f 5419 	5418 	5377
f 5418 	5396 	5377
f 5775 	5780 	5393
f 5395 	5835 	5394
f 5393 	5394 	5835
f 5396 	5422 	5375
f 5375 	5377 	5396
f 5372 	5375 	5427
f 5427 	5426 	5372
f 5369 	5426 	5439
f 6352 	5483 	5380
f 5380 	5482 	5379
f 5377 	5379 	5477
f 5410 	6126 	5409
f 6149 	6150 	5414
f 6148 	6149 	5414
f 6083 	6148 	5414
f 5422 	5427 	5375
f 5369 	5372 	5426
f 6069 	6070 	5437
f 5433 	6067 	5436
f 5436 	6068 	5437
f 6150 	6151 	5414
f 5446 	6081 	5414
f 5508 	5509 	5414
f 5446 	5414 	5448
f 5454 	5455 	5457
f 5456 	5457 	5455
f 5461 	5454 	5459
f 5457 	5459 	5454
f 6353 	6354 	5474
f 5473 	5483 	6353
f 5474 	5473 	6353
f 5419 	5377 	5477
f 5468 	5474 	6354
f 5477 	5379 	5482
f 6352 	6353 	5483
f 5482 	5380 	5483
f 5488 	5414 	5461
f 5465 	5464 	5546
f 6360 	5414 	6359
f 5495 	5414 	6386
f 5496 	5414 	5495
f 5496 	5526 	5414
f 5454 	5461 	5414
f 5499 	6358 	5500
f 5359 	5352 	5585
f 5590 	5585 	5352
f 5358 	5359 	5585
f 5357 	5358 	5585
f 5594 	5590 	5352
f 5517 	5594 	5352
f 5509 	5510 	5414
f 5510 	5511 	5414
f 5512 	5414 	5511
f 5448 	5414 	5512
f 5389 	5383 	5518
f 5561 	5558 	5582
f 5383 	5552 	5518
f 5603 	5524 	5515
f 6611 	6612 	5522
f 5522 	5519 	6611
f 6616 	6610 	5519
f 6610 	6611 	5519
f 5525 	6456 	5524
f 5526 	5527 	5414
f 5527 	5528 	5414
f 5508 	5414 	5507
f 5528 	5529 	5414
f 5507 	5414 	5529
f 5593 	5600 	5539
f 5597 	5596 	5533
f 5531 	6456 	5525
f 6508 	5592 	5539
f 5592 	5593 	5539
f 5535 	6461 	5534
f 5534 	6461 	5531
f 5537 	5536 	6358
f 5536 	5498 	6358
f 5497 	6358 	5498
f 5497 	5500 	6358
f 6779 	6780 	5524
f 5537 	6358 	5539
f 6460 	6461 	6583
f 6452 	5524 	6456
f 5544 	5606 	5543
f 5546 	6348 	5547
f 5546 	5547 	5548
f 5549 	5389 	5550
f 5547 	5551 	5553
f 5547 	5553 	5548
f 5552 	5557 	5518
f 5383 	5389 	5549
f 5551 	5554 	5555
f 5551 	5555 	5553
f 5563 	5560 	5519
f 5556 	5563 	5519
f 5554 	5558 	5559
f 5554 	5559 	5555
f 5557 	5556 	5519
f 5558 	5561 	5562
f 5558 	5562 	5559
f 5561 	5564 	5565
f 5561 	5565 	5562
f 5564 	5566 	5567
f 5564 	5567 	5565
f 5566 	5569 	5570
f 5566 	5570 	5567
f 5572 	5707 	5571
f 6404 	5805 	5568
f 5569 	5576 	5570
f 5574 	5273 	5575
f 5576 	5577 	5570
f 5576 	5579 	5580
f 5576 	5580 	5577
f 6339 	5348 	5581
f 5579 	5582 	5583
f 5579 	5583 	5580
f 5582 	5585 	5586
f 5582 	5586 	5583
f 6516 	6517 	5587
f 5587 	5588 	6509
f 5589 	6509 	5588
f 5584 	6509 	5589
f 5585 	5590 	5591
f 5585 	5591 	5586
f 5590 	5594 	5595
f 5590 	5595 	5591
f 5523 	5530 	5596
f 5389 	5523 	5550
f 5596 	5550 	5523
f 5598 	5601 	5602
f 5598 	5602 	5599
f 5601 	5603 	5604
f 5601 	5604 	5602
f 6544 	6533 	5587
f 5603 	5515 	5604
f 5506 	5605 	5633
f 5608 	6665 	5607
f 5609 	6665 	5608
f 5571 	5710 	5609
f 5607 	6665 	5606
f 5610 	6339 	5581
f 5506 	5505 	5611
f 5506 	5611 	5605
f 5612 	6339 	5613
f 5613 	6339 	5610
f 5505 	5504 	5614
f 5505 	5614 	5611
f 5615 	6339 	5616
f 5599 	5625 	5598
f 5504 	5503 	5617
f 5504 	5617 	5614
f 5612 	5616 	6339
f 5618 	6339 	5619
f 5501 	5598 	5625
f 5256 	5257 	5189
f 5622 	5189 	5621
f 5503 	5502 	5623
f 5503 	5623 	5617
f 5621 	5189 	5347
f 5624 	5189 	5622
f 5502 	5501 	5625
f 5502 	5625 	5623
f 5515 	5627 	5604
f 5190 	5189 	5629
f 5628 	5629 	5189
f 5628 	5189 	5630
f 5515 	5631 	5627
f 5624 	5626 	5189
f 5630 	5189 	5632
f 5633 	5595 	5517
f 5594 	5517 	5595
f 5632 	5189 	5626
f 5517 	5506 	5633
f 5521 	5520 	5634
f 5521 	5634 	5635
f 5637 	5228 	5636
f 5638 	5228 	5637
f 5639 	5228 	5638
f 5640 	5228 	5639
f 5641 	5228 	5640
f 5641 	5339 	5228
f 5340 	5228 	5339
f 5535 	5644 	5655
f 5320 	5321 	5191
f 5320 	5191 	5645
f 5645 	5191 	5646
f 5635 	5647 	5521
f 5524 	5521 	5647
f 5646 	5191 	5648
f 5524 	5647 	5649
f 5524 	5649 	5525
f 5648 	5191 	5650
f 5650 	5191 	5642
f 5534 	5651 	5644
f 5534 	5644 	5535
f 5649 	5652 	5531
f 5649 	5531 	5525
f 5653 	5643 	5191
f 5642 	5191 	5643
f 5531 	5652 	5651
f 5531 	5651 	5534
f 5191 	5190 	5654
f 5653 	5191 	5654
f 5538 	5655 	5540
f 5655 	5538 	5535
f 5655 	5657 	5540
f 5515 	5524 	5662
f 5662 	5524 	5661
f 5669 	5670 	5524
f 5670 	5671 	5524
f 5671 	5672 	5524
f 5672 	5673 	5524
f 5673 	5674 	5524
f 5674 	5660 	5524
f 5660 	5661 	5524
f 5668 	5669 	5524
f 6453 	5524 	6452
f 5538 	5540 	6461
f 5540 	6583 	6461
f 6456 	5531 	6455
f 5631 	5515 	5662
f 5631 	5662 	5677
f 5662 	5661 	5679
f 5662 	5679 	5677
f 5661 	5660 	5681
f 5661 	5681 	5679
f 5683 	5681 	5674
f 5660 	5674 	5681
f 5674 	5673 	5685
f 5674 	5685 	5683
f 5673 	5672 	5687
f 5673 	5687 	5685
f 5672 	5671 	5689
f 5672 	5689 	5687
f 5671 	5670 	5690
f 5671 	5690 	5689
f 5670 	5669 	5692
f 5670 	5692 	5690
f 5669 	5668 	5694
f 5669 	5694 	5692
f 5664 	5696 	5697
f 5668 	5664 	5697
f 5668 	5697 	5694
f 5685 	5687 	5957
f 5683 	5685 	5957
f 5687 	5689 	5957
f 5689 	5690 	5957
f 5690 	5692 	5957
f 5681 	5683 	5957
f 5956 	5957 	5692
f 5692 	5694 	5956
f 5955 	5956 	5694
f 5697 	5955 	5694
f 5696 	5954 	5697
f 5835 	5395 	5809
f 5835 	5809 	5808
f 5263 	5360 	5813
f 5392 	5393 	5791
f 5791 	5787 	5392
f 5835 	5775 	5393
f 5391 	5392 	5787
f 5839 	5835 	5838
f 5841 	5838 	5835
f 5835 	5849 	5841
f 5846 	5847 	5849
f 5847 	5843 	5849
f 5843 	5841 	5849
f 5845 	5846 	5849
f 5210 	5845 	5849
f 5215 	6778 	5214
f 5858 	6779 	5857
f 5214 	6779 	5858
f 5857 	6779 	5856
f 5856 	6779 	5854
f 5851 	5839 	5838
f 5851 	5838 	5841
f 5851 	5841 	5852
f 5852 	5841 	5854
f 5210 	5214 	5845
f 5858 	5845 	5214
f 5857 	5846 	5845
f 5857 	5845 	5858
f 5856 	5847 	5846
f 5856 	5846 	5857
f 5841 	5843 	5854
f 5854 	5843 	5847
f 5854 	5847 	5856
f 5851 	6779 	5917
f 5852 	6779 	5851
f 5944 	5945 	6779
f 5854 	6779 	5852
f 5917 	5867 	5839
f 5917 	5839 	5851
f 5901 	5835 	5867
f 5839 	5867 	5835
f 5872 	5873 	5878
f 5871 	5872 	5878
f 5874 	5878 	5873
f 5870 	5871 	5878
f 5818 	5816 	5801
f 5808 	5620 	5835
f 5620 	5367 	5835
f 5374 	5849 	5373
f 5835 	5373 	5849
f 5876 	5878 	5875
f 5877 	5878 	5876
f 5874 	5875 	5878
f 5361 	5263 	5820
f 5376 	5355 	5849
f 5227 	5226 	5849
f 5881 	5901 	5880
f 5882 	5901 	5881
f 5619 	6339 	5615
f 5885 	5901 	5884
f 5883 	5884 	5901
f 5886 	5901 	5885
f 5867 	5883 	5901
f 5886 	5887 	5901
f 5888 	5901 	5887
f 5901 	5888 	5889
f 5901 	5889 	5890
f 5901 	5890 	5891
f 5901 	5891 	5892
f 5893 	5901 	5892
f 5879 	5880 	5901
f 5893 	5879 	5901
f 5878 	5894 	5895
f 5878 	5895 	5896
f 5869 	5870 	5878
f 5896 	5869 	5878
f 5897 	5894 	5878
f 5901 	5897 	5878
f 5901 	5882 	5898
f 5901 	5898 	5899
f 5901 	5899 	5900
f 5901 	5900 	5897
f 5835 	5901 	5902
f 5906 	5907 	5504
f 5907 	5908 	5504
f 5905 	5906 	5504
f 5908 	5938 	5504
f 5903 	5904 	5504
f 5904 	5905 	5504
f 5938 	5939 	5501
f 5945 	5947 	6779
f 5915 	6779 	5914
f 5916 	6779 	5920
f 5925 	6779 	5924
f 5917 	6779 	5916
f 5921 	6097 	5696
f 5922 	5953 	5696
f 5953 	5954 	5696
f 5942 	5941 	5631
f 5931 	6779 	5929
f 5929 	6779 	5927
f 5932 	6779 	5931
f 5918 	6779 	5932
f 5920 	6779 	5919
f 5927 	6779 	5925
f 5919 	6779 	5918
f 5912 	5913 	6779
f 5936 	5631 	5935
f 5935 	5631 	5937
f 5940 	5501 	5939
f 5501 	5502 	5938
f 5937 	5631 	5941
f 5943 	5501 	5940
f 5933 	5934 	5631
f 5942 	5631 	5934
f 6059 	6060 	5504
f 5947 	5912 	6779
f 5924 	6779 	5915
f 5923 	6130 	5930
f 5948 	5949 	6130
f 5949 	5950 	6130
f 5951 	6130 	5950
f 5952 	6130 	5951
f 5946 	6130 	5952
f 5913 	5914 	6779
f 5955 	5697 	5954
f 5907 	5870 	5869
f 5907 	5869 	5908
f 5677 	5679 	5957
f 5906 	5871 	5870
f 5906 	5870 	5907
f 5679 	5681 	5957
f 5905 	5872 	5871
f 5905 	5871 	5906
f 5958 	5960 	5677
f 5904 	5873 	5872
f 5904 	5872 	5905
f 5903 	5874 	5873
f 5903 	5873 	5904
f 5874 	5903 	5911
f 5631 	5959 	5933
f 5874 	5911 	5875
f 5957 	5958 	5677
f 5631 	5677 	5960
f 5959 	5631 	5960
f 5910 	5876 	5875
f 5910 	5875 	5911
f 5909 	5877 	5876
f 5909 	5876 	5910
f 5909 	5878 	5877
f 5938 	5908 	5869
f 5962 	5963 	6130
f 5930 	6130 	5928
f 5928 	6130 	5926
f 5963 	5964 	6130
f 5964 	5965 	6130
f 5965 	5966 	6130
f 5926 	6130 	5966
f 5924 	5915 	5879
f 5915 	5914 	5880
f 5915 	5880 	5879
f 5914 	5913 	5881
f 5914 	5881 	5880
f 5969 	5631 	5968
f 5936 	5967 	5631
f 5913 	5912 	5882
f 5913 	5882 	5881
f 5968 	5631 	5967
f 5912 	5947 	5882
f 6193 	5970 	5971
f 5916 	5884 	5883
f 5916 	5883 	5917
f 5970 	5631 	5972
f 5973 	5631 	5969
f 5972 	5631 	5973
f 5917 	5883 	5867
f 5919 	5886 	5885
f 5919 	5885 	5920
f 5918 	5887 	5886
f 5918 	5886 	5919
f 5884 	5916 	5885
f 5920 	5885 	5916
f 6177 	6178 	5961
f 5961 	5974 	5975
f 5961 	5975 	5976
f 5961 	5976 	5977
f 5978 	5980 	5977
f 5979 	5980 	5978
f 5961 	5977 	5980
f 5932 	5888 	5887
f 5932 	5887 	5918
f 5931 	5889 	5888
f 5931 	5888 	5932
f 5971 	5981 	6193
f 5983 	6193 	5982
f 5929 	5890 	5889
f 5929 	5889 	5931
f 5982 	6193 	5981
f 5927 	5891 	5890
f 5927 	5890 	5929
f 5925 	5892 	5891
f 5925 	5891 	5927
f 6193 	5984 	5985
f 5984 	6193 	5983
f 5925 	5924 	5893
f 5925 	5893 	5892
f 5879 	5893 	5924
f 5987 	6193 	5986
f 5986 	6193 	5985
f 5939 	5895 	5894
f 5939 	5894 	5940
f 5989 	6193 	5988
f 5987 	6089 	6193
f 5938 	5896 	5895
f 5938 	5895 	5939
f 5869 	5896 	5938
f 5947 	5898 	5882
f 5897 	5940 	5894
f 5947 	5945 	5899
f 5947 	5899 	5898
f 5897 	5943 	5940
f 5945 	5944 	5900
f 5945 	5900 	5899
f 5944 	5943 	5897
f 5944 	5897 	5900
f 6061 	6062 	5504
f 5911 	5903 	5504
f 5910 	5911 	5504
f 5502 	5503 	5938
f 6060 	6061 	5504
f 5503 	5504 	5938
f 5878 	5909 	5990
f 5878 	5990 	5991
f 6065 	5991 	6064
f 5990 	6064 	5991
f 5991 	6110 	5878
f 6065 	6080 	5991
f 6628 	5901 	6171
f 5995 	6632 	5994
f 5996 	6632 	5995
f 5992 	6632 	5996
f 5998 	5901 	5997
f 5999 	5901 	5998
f 6000 	5901 	5999
f 6003 	6001 	5901
f 5901 	6001 	6002
f 6003 	5901 	6004
f 6004 	5901 	6005
f 6005 	5901 	6000
f 6006 	6632 	6007
f 5997 	5901 	6008
f 6018 	6019 	6631
f 6013 	6632 	6012
f 5993 	6632 	6013
f 5994 	6632 	5993
f 5901 	6002 	6014
f 5835 	5902 	6015
f 5835 	6015 	6016
f 6014 	6017 	5901
f 5902 	5901 	6017
f 6019 	6020 	6631
f 6010 	6632 	6009
f 6020 	6021 	6631
f 6021 	6022 	6631
f 6009 	6632 	6022
f 6016 	6023 	5835
f 6024 	5835 	6023
f 6026 	5835 	6025
f 6025 	5835 	6027
f 6027 	5835 	6028
f 6028 	5835 	6029
f 6029 	5835 	6024
f 6007 	6632 	5992
f 6012 	6632 	6011
f 6011 	6632 	6010
f 5835 	6026 	6032
f 5760 	5835 	6032
f 5763 	5835 	5762
f 5760 	5762 	5835
f 5909 	5910 	5504
f 6064 	5990 	5504
f 5990 	5909 	5504
f 6063 	6064 	5504
f 6062 	6063 	5504
f 6582 	5520 	5124
f 6064 	6063 	6066
f 6064 	6066 	6065
f 6063 	6062 	6067
f 6063 	6067 	6066
f 6062 	6061 	6068
f 6062 	6068 	6067
f 6061 	6060 	6069
f 6061 	6069 	6068
f 6070 	6069 	6059
f 6060 	6059 	6069
f 6059 	5356 	5369
f 6059 	5369 	6070
f 5369 	5439 	6070
f 6074 	6126 	6073
f 6072 	6073 	6126
f 6075 	6067 	6076
f 6077 	6065 	6078
f 6078 	6067 	6075
f 6079 	5991 	6080
f 6080 	6065 	6077
f 5407 	6126 	6074
f 5409 	6126 	5407
f 6076 	6067 	5433
f 5439 	5437 	6070
f 6151 	6124 	5414
f 5410 	5411 	6126
f 6081 	6082 	5414
f 6083 	5414 	6082
f 5514 	5522 	6613
f 5988 	6193 	6089
f 6612 	6613 	5522
f 6615 	6090 	5513
f 6626 	6628 	6171
f 6156 	6154 	5901
f 6091 	6130 	5946
f 6092 	6130 	6091
f 6092 	6093 	6130
f 6093 	6094 	6130
f 6095 	6130 	6094
f 6096 	6130 	6095
f 6067 	6078 	6066
f 6068 	5436 	6067
f 6066 	6078 	6065
f 6144 	5878 	6133
f 6143 	5878 	6101
f 6168 	6176 	6603
f 6602 	6603 	6176
f 6601 	6602 	6176
f 6171 	6168 	6603
f 6614 	6599 	6086
f 6099 	5696 	6098
f 6100 	5696 	6099
f 6103 	5696 	6102
f 6102 	5696 	6100
f 5922 	5696 	6104
f 6105 	6106 	6071
f 6106 	6107 	6071
f 6071 	6107 	6108
f 6109 	5696 	6103
f 6104 	5696 	6109
f 6112 	6113 	6130
f 6111 	6130 	6113
f 6069 	5437 	6068
f 6115 	5878 	6114
f 6110 	5991 	6079
f 6114 	5878 	6118
f 6119 	6097 	5921
f 6098 	5696 	6097
f 6120 	5878 	6110
f 6118 	5878 	6120
f 6119 	5921 	6121
f 6116 	6117 	5921
f 6121 	5921 	6122
f 6122 	5921 	6123
f 6123 	5921 	6117
f 6071 	6072 	6126
f 6071 	6126 	6127
f 6071 	6127 	6128
f 6071 	6128 	6105
f 5923 	5948 	6130
f 5961 	5962 	6130
f 6131 	6130 	6111
f 6096 	6112 	6130
f 6130 	6131 	6132
f 6130 	6132 	6134
f 6130 	6134 	6135
f 6130 	6135 	6136
f 6129 	5878 	6115
f 6137 	5878 	6129
f 6133 	5878 	6137
f 6172 	6138 	6139
f 6141 	6172 	6139
f 6101 	5878 	6144
f 6145 	5921 	6142
f 6141 	6142 	5921
f 6145 	6146 	5921
f 6147 	5921 	6152
f 6116 	5921 	6147
f 6124 	6125 	5414
f 6125 	6126 	5414
f 5413 	5414 	6126
f 5412 	5413 	6126
f 5411 	5412 	6126
f 6152 	5921 	6146
f 6155 	6201 	5961
f 6130 	6157 	5961
f 6157 	6158 	5961
f 6158 	6159 	5961
f 6159 	6160 	5961
f 6160 	6161 	5961
f 6162 	5961 	6161
f 6155 	5961 	6162
f 6600 	6601 	6086
f 6087 	6086 	6601
f 6167 	6172 	6164
f 6170 	6172 	6169
f 6086 	6085 	6614
f 6599 	6600 	6086
f 6172 	6173 	6138
f 6167 	6169 	6172
f 6172 	6174 	6173
f 6175 	6172 	6170
f 6174 	6172 	6175
f 6084 	6088 	6090
f 6176 	6087 	6601
f 6090 	6614 	6085
f 6085 	6084 	6090
f 6178 	6179 	5961
f 6179 	6180 	5961
f 6180 	6181 	5961
f 6181 	6182 	5961
f 5974 	5961 	6182
f 5516 	5513 	6090
f 6088 	5516 	6090
f 6193 	5989 	6183
f 6184 	6193 	6183
f 6190 	6193 	6187
f 6187 	6193 	6186
f 6186 	6193 	6184
f 6198 	6193 	6190
f 6219 	6193 	6195
f 6194 	6195 	6193
f 6194 	6193 	6196
f 6196 	6193 	6198
f 6201 	6202 	5961
f 6202 	6203 	5961
f 6203 	6204 	5961
f 6205 	5961 	6204
f 6206 	5961 	6205
f 6177 	5961 	6206
f 6210 	6164 	6172
f 6163 	6164 	6210
f 6163 	6210 	6211
f 6211 	6210 	6213
f 6213 	6210 	6215
f 6215 	6210 	6217
f 6208 	6210 	6209
f 6221 	6209 	6210
f 6208 	6217 	6210
f 6210 	6224 	6221
f 6210 	6219 	6224
f 6557 	6558 	6418
f 6340 	6419 	6555
f 6419 	6418 	6555
f 6341 	6553 	6342
f 6343 	6344 	5350
f 5524 	5501 	6779
f 5603 	5601 	5524
f 6591 	6573 	6346
f 6340 	6344 	6347
f 6343 	6347 	6344
f 6341 	6345 	6340
f 6344 	6340 	6345
f 6571 	6591 	6342
f 6346 	6342 	6591
f 6345 	6341 	6342
f 6345 	6342 	6346
f 5505 	5506 	5354
f 5504 	5505 	5354
f 5352 	5354 	5506
f 5943 	6779 	5501
f 5506 	5517 	5352
f 6352 	5357 	6351
f 6351 	6350 	6353
f 6351 	6353 	6352
f 6350 	6349 	6354
f 6350 	6354 	6353
f 6349 	6348 	6355
f 6349 	6355 	6354
f 6348 	5546 	6355
f 6357 	6381 	6356
f 6366 	5546 	6367
f 6356 	6381 	5546
f 6370 	6369 	5546
f 6369 	6368 	5546
f 6354 	6355 	5469
f 5469 	5468 	6354
f 6359 	5414 	5488
f 6361 	5414 	6360
f 6362 	5414 	6361
f 6363 	5414 	6362
f 6367 	5546 	6364
f 5464 	5469 	6355
f 6368 	5489 	5546
f 6355 	5546 	5464
f 5489 	5465 	5546
f 6370 	5546 	6366
f 6371 	5414 	6363
f 6372 	5414 	6371
f 6373 	5414 	6372
f 6374 	5414 	6373
f 6375 	5414 	6374
f 6377 	6376 	6356
f 6378 	6356 	6379
f 6379 	6356 	6376
f 6364 	5546 	6365
f 6365 	5546 	6380
f 6380 	5546 	6381
f 6357 	6356 	6378
f 6382 	5414 	6375
f 6383 	5414 	6382
f 6384 	5414 	6383
f 6385 	5414 	6384
f 6386 	5414 	6385
f 6389 	6358 	5499
f 5171 	5169 	6339
f 6339 	6395 	5171
f 6394 	6339 	6418
f 6339 	5647 	6418
f 5634 	6557 	6418
f 6395 	6339 	6394
f 6422 	6394 	6423
f 6422 	6424 	6395
f 6422 	6395 	6394
f 5171 	6395 	5173
f 6424 	5173 	6395
f 6426 	5921 	6421
f 6427 	5921 	6426
f 6420 	6421 	5921
f 6428 	6423 	6418
f 6394 	6418 	6423
f 6428 	6418 	6419
f 6428 	6419 	6429
f 6340 	6347 	6419
f 6429 	6419 	6347
f 6425 	6420 	5921
f 5696 	6425 	5921
f 5921 	6427 	6430
f 5921 	6430 	6431
f 5921 	6431 	6434
f 5921 	6434 	6435
f 5921 	6435 	6436
f 5921 	6436 	6437
f 5921 	6437 	6438
f 5921 	6438 	6439
f 6440 	6141 	6439
f 6442 	6141 	6440
f 6443 	6444 	6141
f 6172 	6141 	6444
f 6445 	6172 	6444
f 6442 	6443 	6141
f 5921 	6439 	6141
f 6172 	6445 	6448
f 6172 	6448 	6449
f 6559 	6210 	6449
f 6172 	6449 	6210
f 6451 	5524 	6450
f 6450 	5524 	6453
f 6454 	5664 	5524
f 5664 	5668 	5524
f 6454 	5524 	6451
f 6459 	6583 	6458
f 5535 	5538 	6461
f 6460 	6583 	6459
f 6462 	5531 	6461
f 6463 	5531 	6462
f 6464 	5531 	6463
f 6465 	5531 	6464
f 6466 	5531 	6465
f 6455 	5531 	6467
f 6467 	5531 	6466
f 6458 	6583 	6457
f 6457 	6583 	6469
f 6451 	6450 	6421
f 6451 	6421 	6420
f 6450 	6453 	6421
f 6454 	6451 	6420
f 6454 	6420 	6425
f 6453 	6426 	6421
f 6453 	6452 	6427
f 6453 	6427 	6426
f 5696 	5664 	6454
f 5696 	6454 	6425
f 6430 	6427 	6452
f 6452 	6456 	6430
f 6456 	6455 	6431
f 6456 	6431 	6430
f 6434 	6431 	6467
f 6455 	6467 	6431
f 6467 	6466 	6435
f 6467 	6435 	6434
f 6466 	6465 	6436
f 6466 	6436 	6435
f 6465 	6464 	6437
f 6465 	6437 	6436
f 6437 	6464 	6463
f 6437 	6463 	6438
f 6463 	6462 	6439
f 6463 	6439 	6438
f 6462 	6461 	6440
f 6462 	6440 	6439
f 6461 	6460 	6442
f 6461 	6442 	6440
f 6460 	6459 	6443
f 6460 	6443 	6442
f 6459 	6458 	6444
f 6459 	6444 	6443
f 6458 	6457 	6445
f 6458 	6445 	6444
f 6448 	6445 	6469
f 6457 	6469 	6445
f 6468 	6449 	6448
f 6468 	6448 	6469
f 6468 	6559 	6449
f 6396 	6358 	6389
f 6491 	6356 	6396
f 6493 	6356 	6491
f 6495 	6494 	6356
f 6492 	6356 	6493
f 6377 	6356 	6494
f 6495 	6356 	6496
f 6492 	6496 	6356
f 6358 	6396 	6356
f 6498 	6509 	6497
f 6500 	6501 	6499
f 6498 	6499 	6501
f 6504 	6358 	6505
f 6505 	6358 	6502
f 6503 	6502 	6358
f 6506 	6358 	6507
f 6507 	6358 	6504
f 5600 	5597 	5539
f 5533 	5539 	5597
f 6508 	6358 	6506
f 5530 	5532 	5596
f 6501 	6510 	6498
f 6509 	6498 	6510
f 6503 	6358 	6511
f 6511 	6358 	6512
f 6358 	6514 	6513
f 6358 	6513 	6512
f 6533 	6534 	5545
f 6497 	6509 	5584
f 6516 	5587 	6509
f 6517 	6518 	5587
f 6518 	6519 	5587
f 6519 	6520 	5587
f 6520 	6521 	5587
f 6522 	5587 	6521
f 6515 	5587 	6522
f 6545 	6523 	6339
f 6524 	6339 	6523
f 6526 	6339 	6525
f 6339 	6524 	6525
f 6339 	6527 	6528
f 6339 	6526 	6527
f 6530 	6358 	6529
f 6529 	6339 	6528
f 6514 	6358 	6531
f 6531 	6358 	6532
f 6358 	6530 	6532
f 6534 	6535 	5545
f 6535 	6536 	5545
f 6536 	6537 	5545
f 6537 	5606 	5545
f 5544 	5545 	5606
f 6339 	5618 	6538
f 6538 	6539 	6339
f 6339 	6543 	6541
f 6539 	6540 	6339
f 6543 	6339 	6540
f 6544 	5587 	6515
f 5545 	5587 	6533
f 6541 	6542 	6339
f 6545 	6339 	6546
f 6547 	6339 	6542
f 6546 	6339 	6547
f 6550 	6342 	6549
f 6548 	6342 	6552
f 6341 	6340 	6554
f 6556 	6555 	6418
f 6558 	6556 	6418
f 6555 	6554 	6340
f 6562 	6219 	6561
f 6563 	6219 	6562
f 6560 	6561 	6219
f 6564 	6219 	6563
f 6565 	6219 	6564
f 6566 	6219 	6565
f 5657 	6193 	6566
f 6193 	6219 	6566
f 6219 	6210 	6560
f 6559 	6560 	6210
f 6553 	6341 	6554
f 6552 	6342 	6553
f 6549 	6342 	6548
f 6568 	6342 	6567
f 6551 	6567 	6342
f 6550 	6551 	6342
f 6569 	6342 	6568
f 6570 	6342 	6569
f 6571 	6342 	6570
f 6574 	6346 	6573
f 6575 	6346 	6574
f 6577 	6346 	6576
f 6580 	6581 	5126
f 6344 	6345 	5350
f 6781 	5124 	5521
f 5521 	5524 	6781
f 5520 	5521 	5124
f 6780 	6781 	5524
f 6578 	5350 	6577
f 6468 	6469 	6583
f 6468 	6583 	6584
f 6468 	6584 	6585
f 6468 	6585 	6586
f 6468 	6586 	6587
f 6468 	6587 	6588
f 6468 	6588 	6589
f 6468 	6589 	6590
f 6594 	6573 	6593
f 6592 	6593 	6573
f 6595 	6572 	6594
f 6572 	6573 	6594
f 6591 	6592 	6573
f 6576 	6346 	6575
f 6345 	6346 	6577
f 6345 	6577 	5350
f 6575 	6574 	6549
f 6575 	6549 	6548
f 6574 	6573 	6550
f 6574 	6550 	6549
f 6573 	6572 	6551
f 6573 	6551 	6550
f 6576 	6575 	6548
f 6576 	6548 	6552
f 6577 	6576 	6552
f 6577 	6552 	6553
f 6582 	6557 	5520
f 5634 	5520 	6557
f 6578 	6577 	6553
f 6582 	6581 	6558
f 6582 	6558 	6557
f 6578 	6553 	6554
f 6579 	6578 	6554
f 6579 	6554 	6555
f 6580 	6579 	6555
f 6580 	6555 	6556
f 6581 	6580 	6556
f 6581 	6556 	6558
f 6590 	6559 	6468
f 6589 	6560 	6559
f 6589 	6559 	6590
f 6588 	6561 	6560
f 6588 	6560 	6589
f 6587 	6562 	6561
f 6587 	6561 	6588
f 6586 	6563 	6562
f 6586 	6562 	6587
f 6585 	6564 	6563
f 6585 	6563 	6586
f 6584 	6565 	6564
f 6584 	6564 	6585
f 6583 	6566 	6565
f 6583 	6565 	6584
f 6566 	6583 	5657
f 5540 	5657 	6583
f 6572 	6595 	6567
f 6572 	6567 	6551
f 6595 	6594 	6568
f 6595 	6568 	6567
f 6594 	6593 	6569
f 6594 	6569 	6568
f 6592 	6570 	6569
f 6592 	6569 	6593
f 6591 	6571 	6570
f 6591 	6570 	6592
f 5553 	6356 	5548
f 5555 	6356 	5553
f 5559 	6356 	5555
f 5562 	6356 	5559
f 5565 	6356 	5562
f 5567 	6356 	5565
f 5546 	5548 	6356
f 5580 	6356 	5577
f 5570 	5577 	6356
f 5583 	6356 	5580
f 5586 	6356 	5583
f 5591 	6356 	5586
f 5595 	6356 	5591
f 6529 	6358 	5631
f 5625 	5599 	6358
f 5567 	5570 	6356
f 6356 	5633 	5605
f 6356 	5605 	5611
f 6356 	5611 	5614
f 6356 	5614 	5617
f 6356 	5617 	5623
f 6356 	5623 	5625
f 6356 	5625 	6358
f 5627 	5631 	6358
f 5602 	5604 	6358
f 5602 	6358 	5599
f 5633 	6356 	5595
f 5970 	6529 	5631
f 5634 	6418 	5635
f 5635 	6418 	5647
f 6339 	5970 	5647
f 6529 	5970 	6339
f 5652 	5649 	5970
f 5649 	5647 	5970
f 5604 	5627 	6358
f 5651 	5652 	5970
f 6193 	5657 	5970
f 5651 	5970 	5644
f 5644 	5970 	5655
f 5655 	5970 	5657
f 5585 	5582 	5558
f 5558 	5554 	5585
f 5554 	5551 	5585
f 5551 	5547 	5585
f 5547 	6348 	5585
f 6349 	6350 	5585
f 6350 	6351 	5585
f 6351 	5357 	5585
f 6348 	6349 	5585
f 5582 	5579 	5566
f 5569 	5566 	5579
f 5576 	5569 	5579
f 5566 	5564 	5582
f 5564 	5561 	5582
f 5601 	5598 	5524
f 5501 	5524 	5598
f 6154 	6166 	5901
f 6153 	6156 	5901
f 6140 	6153 	5901
f 6143 	6140 	5901
f 6607 	6608 	5405
f 6608 	6609 	5405
f 6605 	5405 	6609
f 6613 	6615 	5513
f 6603 	6604 	6171
f 6165 	6171 	5901
f 6166 	6165 	5901
f 6604 	6626 	6171
f 6616 	5519 	6617
f 5513 	5514 	6613
f 6651 	6652 	6618
f 6618 	6648 	6651
f 6624 	6632 	6623
f 6623 	6632 	6006
f 6625 	6633 	6624
f 6597 	6633 	6625
f 6628 	6627 	5901
f 6008 	5901 	6627
f 5878 	6143 	5901
f 6606 	6622 	6596
f 6031 	6018 	6631
f 6030 	6031 	6631
f 5744 	5734 	6629
f 6030 	6631 	5756
f 6630 	5405 	6605
f 6596 	6622 	6598
f 6629 	5756 	6631
f 6598 	6633 	6597
f 6672 	5406 	6630
f 6631 	6022 	6632
f 6607 	6622 	6606
f 6622 	6607 	5405
f 6633 	6598 	6622
f 6632 	6624 	6633
f 6657 	6656 	5543
f 6656 	6634 	5543
f 6634 	6658 	5541
f 6658 	6644 	5541
f 6639 	6640 	6638
f 6637 	6638 	6640
f 6637 	6640 	6641
f 6635 	6636 	6643
f 6642 	6635 	6643
f 6635 	6647 	6646
f 6645 	6646 	6647
f 6647 	6635 	6642
f 6648 	6637 	6651
f 6650 	6651 	6637
f 6641 	6649 	6637
f 6649 	6650 	6637
f 6652 	6653 	6618
f 6653 	6659 	6618
f 6659 	6660 	6618
f 6621 	6618 	6660
f 6654 	6657 	5606
f 5542 	5543 	6634
f 6644 	6643 	5541
f 6636 	5541 	6643
f 5541 	5542 	6634
f 5494 	5492 	6620
f 6660 	6661 	6621
f 6620 	6621 	6661
f 6661 	6662 	6620
f 6662 	6663 	6620
f 6663 	5706 	6620
f 5706 	5494 	6620
f 6667 	5606 	6666
f 6655 	6654 	5606
f 6668 	5606 	6667
f 6671 	5606 	6668
f 6669 	6655 	5606
f 6671 	6670 	5606
f 6670 	6669 	5606
f 5441 	5519 	5560
f 6674 	5406 	6673
f 5400 	5406 	6674
f 5519 	5401 	6675
f 6617 	5519 	6676
f 6677 	5519 	6675
f 6676 	5519 	6677
f 5405 	6630 	5406
f 6673 	5406 	6672
f 5399 	5406 	5400
f 5398 	5406 	5399
f 5401 	5519 	5402
f 5519 	5404 	5402
f 5519 	5441 	5434
f 5406 	5398 	5424
f 5398 	5417 	5424
f 5416 	5424 	5417
f 5423 	5420 	5438
f 5432 	5438 	5519
f 5519 	5438 	5420
f 5420 	5404 	5519
f 5432 	5519 	5434
f 5429 	5424 	5416
f 5440 	5423 	5438
f 5440 	5430 	5423
f 6657 	5543 	5606
f 5573 	5568 	5805
f 5572 	5785 	5779
f 5572 	5779 	5772
f 5572 	5772 	5753
f 5572 	5753 	5732
f 5730 	5478 	5572
f 5723 	5451 	5730
f 5722 	5449 	5723
f 5732 	5730 	5572
f 5572 	5481 	5486
f 5572 	5486 	5484
f 5484 	5472 	5572
f 5444 	5720 	5447
f 5719 	5447 	5720
f 5443 	5720 	5444
f 5451 	5723 	5449
f 5727 	5449 	5722
f 5478 	5730 	5451
f 5449 	5727 	5452
f 5466 	5460 	6619
f 5460 	5458 	6619
f 5458 	5475 	6619
f 5475 	5447 	6619
f 5719 	6619 	5447
f 5471 	5572 	5472
f 5481 	5572 	5478
f 5492 	5490 	6620
f 5490 	5470 	6620
f 5470 	5466 	6620
f 6619 	6620 	5466
f 5705 	5572 	5471
f 6665 	5609 	6664
f 6666 	5606 	6665
f 6664 	5609 	5710
f 5714 	5712 	5572
f 5710 	5571 	5707
f 5707 	5572 	5712
f 5714 	5572 	5705
f 5735 	5734 	5744
f 5746 	5738 	5749
f 5751 	5749 	5740
f 5742 	5751 	5740
f 5747 	5765 	5835
f 5835 	5765 	5768
f 5757 	6629 	5734
f 5756 	6629 	5757
f 5740 	5749 	5738
f 5747 	5835 	5746
f 5738 	5746 	5835
f 5763 	5738 	5835
f 5768 	5773 	5835
f 5835 	5773 	5775
f 5787 	5789 	5816
f 5783 	5791 	5393
f 5276 	5818 	5801
f 5273 	5279 	5801
f 5279 	5277 	5801
f 5277 	5276 	5801
f 5816 	5390 	5787
f 5799 	5797 	5572
f 5805 	5799 	5572
f 5794 	5572 	5797
f 5785 	5572 	5794
f 5803 	5273 	5801
f 5273 	6397 	6399
f 5803 	6402 	5273
f 6397 	5273 	6400
f 6400 	5273 	6402
f 6408 	6406 	5568
f 6406 	6404 	5568
f 5572 	5573 	5805
f 6413 	5273 	6411
f 6411 	5273 	6410
f 6414 	5273 	6413
f 6399 	6410 	5273
f 5348 	5273 	5574
f 5575 	5273 	5578
f 5578 	5273 	6416
f 6416 	5273 	6414
f 5273 	5348 	5296
f 6762 	5191 	6770
f 5176 	5191 	6762
f 6768 	6769 	5296
f 6763 	5296 	6765
f 6764 	5296 	6763
f 5127 	5121 	5169
f 6766 	5348 	6767
f 6765 	5348 	6766
f 6765 	5296 	5348
f 6339 	5125 	5348
f 6770 	5191 	6769
f 6764 	6768 	5296
f 5191 	5296 	6769
f 5125 	6339 	6773
f 6772 	6771 	6339
f 6773 	6339 	6771
f 5121 	6772 	6339
f 5123 	5348 	5125
f 6767 	5348 	5123
f 5169 	5167 	5127
f 6339 	5169 	5121
f 6775 	5127 	5167
f 5153 	5146 	5150
f 5148 	5150 	5146
f 5142 	5130 	5138
f 5142 	5144 	5130
f 5146 	5130 	5144
f 5156 	5158 	5152
f 5130 	5152 	5158
f 5130 	5132 	5134
f 5130 	5134 	5136
f 5130 	5136 	5139
f 5139 	5138 	5130
f 5130 	5146 	5153
f 5153 	5152 	5130
f 5160 	5164 	5130
f 5166 	5130 	5164
f 5130 	6774 	5161
f 5161 	5160 	5130
f 5132 	5130 	5166
f 5167 	5161 	6774
f 6774 	6775 	5167
f 6776 	6782 	5218
f 6776 	5218 	5205
f 6778 	5218 	6777
f 6784 	5218 	6783
f 6779 	5214 	6778
f 5943 	5944 	6779
f 6581 	6582 	5126
f 6579 	6580 	5126
f 5124 	5126 	6582
f 6777 	5218 	6784
f 6782 	6783 	5218
f 6786 	5349 	6785
f 5122 	5349 	6786
f 6785 	5349 	6787
f 6578 	6579 	5350
f 5350 	6579 	6787
f 5126 	6787 	6579
f 6788 	5349 	5128
f 5128 	5349 	5122
f 6789 	5349 	6788
f 5350 	6787 	5349
f 5129 	5162 	6789
f 5145 	5143 	5147
f 5149 	5147 	5143
f 5140 	5129 	5137
f 5154 	5129 	5151
f 5155 	5151 	5157
f 5154 	5143 	5129
f 5157 	5151 	5129
f 5149 	5143 	5154
f 5141 	5129 	5143
f 5135 	5129 	5140
f 5133 	5129 	5135
f 5131 	5129 	5133
f 5141 	5137 	5129
f 5159 	5129 	5163
f 5162 	5129 	5159
f 5165 	5163 	5129
f 5168 	6789 	5162
f 5131 	5165 	5129
f 5170 	5349 	5168
f 6789 	5168 	5349
f 5349 	5170 	5172
f 5349 	5172 	5174
f 6770 	6776 	6762
f 5205 	5176 	6762
f 5205 	6762 	6776
f 6778 	6777 	6764
f 6778 	6764 	6763
f 6779 	6778 	6763
f 6779 	6763 	6765
f 6779 	6765 	6766
f 6779 	6766 	6780
f 6780 	6766 	6767
f 6780 	6767 	6781
f 6781 	6767 	5123
f 6781 	5123 	5124
f 6784 	6783 	6769
f 6784 	6769 	6768
f 6783 	6782 	6770
f 6783 	6770 	6769
f 6770 	6782 	6776
f 6764 	6777 	6768
f 6784 	6768 	6777
f 6785 	6771 	6772
f 6785 	6772 	6786
f 6771 	6785 	6787
f 6789 	6774 	5130
f 6789 	5130 	5129
f 5122 	6786 	6772
f 6788 	6775 	6774
f 6788 	6774 	6789
f 6772 	5121 	5122
f 6771 	6787 	6773
f 5125 	6773 	6787
f 5125 	6787 	5126
f 5128 	5127 	6775
f 5128 	6775 	6788
# 1630 faces

 #end of obj_4

o obj_5
v -36.047 		489.25 		45.388
v -35.633 		489.25 		45.133
v -35.885 		489.25 		45.514
v -35.81 		489.25 		45.03
v -35.621 		489.25 		44.644
v -35.483 		489.25 		44.236
v -35.4 		489.25 		43.813
v -35.432 		489.25 		44.722
v -35.372 		489.25 		43.383
v -50.697 		489.25 		71.677
v -50.271 		489.25 		71.649
v -35.168 		489.25 		43.383
v -35.198 		489.25 		43.84
v -35.286 		489.25 		44.289
v -49.851 		489.25 		71.565
v -35.4 		489.25 		42.953
v -50.697 		489.25 		71.883
v -35.483 		489.25 		42.53
v -49.447 		489.25 		71.427
v -35.621 		489.25 		42.122
v -50.244 		489.25 		71.853
v -49.063 		489.25 		71.236
v -35.198 		489.25 		42.926
v -35.81 		489.25 		41.736
v -48.961 		489.25 		71.414
v -49.369 		489.25 		71.617
v -49.799 		489.25 		71.764
v -35.286 		489.25 		42.477
v -36.047 		489.25 		41.378
v -35.432 		489.25 		42.044
v -36.329 		489.25 		41.054
v -52.686 		489.25 		70.997
v -35.885 		489.25 		41.252
v -35.633 		489.25 		41.633
v -52.331 		489.25 		71.236
v -41.231 		489.25 		45.388
v -51.947 		489.25 		71.427
v -52.81 		489.25 		71.16
v -51.543 		489.25 		71.565
v -52.432 		489.25 		71.414
v -41.393 		489.25 		45.514
v -41.645 		489.25 		45.133
v -51.123 		489.25 		71.649
v -41.906 		489.25 		43.383
v -51.15 		489.25 		71.853
v -51.595 		489.25 		71.764
v -41.878 		489.25 		43.813
v -52.025 		489.25 		71.617
v -41.795 		489.25 		44.236
v -42.11 		489.25 		43.383
v -41.657 		489.25 		44.644
v -42.08 		489.25 		43.84
v -52.686 		489.25 		65.769
v -41.468 		489.25 		45.03
v -41.846 		489.25 		44.722
v -41.992 		489.25 		44.289
v -40.949 		489.25 		41.054
v -41.231 		489.25 		41.378
v -41.468 		489.25 		41.736
v -52.81 		489.25 		65.606
v -41.657 		489.25 		42.122
v -50.697 		489.25 		65.089
v -41.393 		489.25 		41.252
v -49.063 		489.25 		65.53
v -41.795 		489.25 		42.53
v -41.645 		489.25 		41.633
v -49.447 		489.25 		65.339
v -41.878 		489.25 		42.953
v -49.851 		489.25 		65.201
v -42.08 		489.25 		42.926
v -41.992 		489.25 		42.477
v -41.846 		489.25 		42.044
v -36.65 		489.25 		40.769
v -50.271 		489.25 		65.117
v -48.961 		489.25 		65.352
v -37.005 		489.25 		40.53
v -49.799 		489.25 		65.002
v -37.389 		489.25 		40.339
v -49.369 		489.25 		65.149
v -36.185 		489.25 		40.908
v -50.697 		489.25 		64.883
v -50.244 		489.25 		64.913
v -36.526 		489.25 		40.606
v -37.793 		489.25 		40.201
v -51.123 		489.25 		65.117
v -36.904 		489.25 		40.352
v -38.213 		489.25 		40.117
v -51.543 		489.25 		65.201
v -38.186 		489.25 		39.913
v -37.741 		489.25 		40.002
v -37.311 		489.25 		40.149
v -51.947 		489.25 		65.339
v -38.639 		489.25 		40.089
v -39.065 		489.25 		40.117
v -51.15 		489.25 		64.913
v -39.485 		489.25 		40.201
v -52.331 		489.25 		65.53
v -39.889 		489.25 		40.339
v -52.025 		489.25 		65.149
v -40.273 		489.25 		40.53
v -51.595 		489.25 		65.002
v -52.432 		489.25 		65.352
v -40.628 		489.25 		40.769
v -50.463 		489.25 		56.349
v -49.762 		489.25 		56.305
v -41.093 		489.25 		40.908
v -40.752 		489.25 		40.606
v -40.375 		489.25 		40.352
v -39.967 		489.25 		40.149
v -49.073 		489.25 		56.173
v -39.092 		489.25 		39.913
v -38.639 		489.25 		39.883
v -50.463 		489.25 		56.672
v -39.537 		489.25 		40.002
v -36.329 		489.25 		45.712
v -49.718 		489.25 		56.625
v -48.986 		489.25 		56.485
v -50.463 		489.25 		45.995
v -36.185 		489.25 		45.858
v -36.526 		489.25 		46.16
v -49.073 		489.25 		46.172
v -38.213 		489.25 		46.649
v -49.762 		489.25 		46.04
v -37.793 		489.25 		46.565
v -37.389 		489.25 		46.427
v -50.463 		489.25 		45.672
v -49.718 		489.25 		45.719
v -48.986 		489.25 		45.86
v -38.186 		489.25 		46.853
v -37.005 		489.25 		46.236
v -52.518 		489.25 		55.955
v -37.741 		489.25 		46.764
v -51.853 		489.25 		56.173
v -36.65 		489.25 		45.997
v -36.904 		489.25 		46.414
v -37.311 		489.25 		46.617
v -51.164 		489.25 		56.305
v -40.628 		489.25 		45.997
v -51.939 		489.25 		56.485
v -52.646 		489.25 		56.254
v -40.273 		489.25 		46.236
v -51.207 		489.25 		56.625
v -39.889 		489.25 		46.427
v -51.164 		489.25 		46.04
v -39.485 		489.25 		46.565
v -51.853 		489.25 		46.172
v -40.375 		489.25 		46.414
v -39.065 		489.25 		46.649
v -52.518 		489.25 		46.389
v -39.967 		489.25 		46.617
v -38.639 		489.25 		46.677
v -51.207 		489.25 		45.719
v -38.639 		489.25 		46.883
v -39.092 		489.25 		46.853
v -39.537 		489.25 		46.764
v -51.939 		489.25 		45.86
v -40.949 		489.25 		45.712
v -52.646 		489.25 		46.091
v -40.752 		489.25 		46.16
v -41.093 		489.25 		45.858
v -50.463 		489.35 		45.672
v -44.573 		489.25 		55.984
v -48.918 		490.352 		32.998
v -52.964 		490.352 		32.998
v -50.01 		490.352 		76.44
v -44.433 		489.25 		55.768
v -49.48 		490.352 		76.436
v -44.655 		489.25 		56.266
v -48.95 		490.352 		76.43
v -44.321 		489.25 		55.536
v -44.122 		489.25 		55.323
v -44.209 		489.25 		55.583
v -52.838 		490.352 		76.563
v -44.328 		489.25 		55.83
v -51.94 		490.352 		76.64
v -44.477 		489.25 		56.059
v -50.975 		490.352 		76.551
v -44.74 		489.25 		56.179
v -48.95 		489.35 		76.43
v -44.239 		489.25 		55.291
v -44.19 		489.25 		55.036
v -44.173 		489.25 		54.778
v -49.48 		489.35 		76.436
v -44.19 		489.25 		54.519
v -50.01 		489.35 		76.44
v -44.052 		489.25 		54.778
v -44.07 		489.25 		55.052
v -44.07 		489.25 		54.503
v -50.975 		489.35 		76.551
v -44.239 		489.25 		54.265
v -51.94 		489.35 		76.64
v -44.321 		489.25 		54.019
v -52.838 		489.35 		76.563
v -44.433 		489.25 		53.787
v -44.122 		489.25 		54.233
v -44.573 		489.25 		53.571
v -50.463 		489.35 		56.672
v -44.328 		489.25 		53.725
v -44.209 		489.25 		53.972
v -50.697 		489.35 		64.883
v -44.655 		489.25 		53.289
v -44.477 		489.25 		53.496
v -44.74 		489.25 		53.376
v -44.24 		489.35 		34.914
v -44.24 		490.352 		34.914
v -44.481 		489.35 		40.601
v -44.481 		490.352 		40.601
v -44.47 		489.35 		40.2
v -44.47 		490.352 		40.2
v -48.708 		489.25 		70.997
v -50.697 		489.35 		71.883
v -48.387 		489.25 		70.712
v -36.185 		489.35 		45.858
v -36.0228 		489.35 		45.672
v -48.584 		489.25 		71.16
v -36.526 		489.35 		46.16
v -48.243 		489.25 		70.858
v -36.542 		489.35 		46.1707
v -48.918 		489.35 		71.1384
v -49.063 		489.35 		71.236
v -38.59 		489.35 		46.6738
v -49.447 		489.35 		71.427
v -48.387 		489.25 		66.054
v -49.851 		489.35 		71.565
v -36.542 		489.35 		45.9011
v -50.271 		489.35 		71.649
v -36.65 		489.35 		45.997
v -50.697 		489.35 		71.677
v -37.005 		489.35 		46.236
v -37.389 		489.35 		46.427
v -50.878 		489.35 		71.6651
v -37.793 		489.35 		46.565
v -38.213 		489.35 		46.649
v -48.708 		489.25 		65.769
v -38.59 		489.35 		46.8798
v -38.2546 		489.35 		46.8575
v -50.7682 		489.35 		71.8783
v -50.878 		489.35 		71.871
v -38.186 		489.35 		46.853
v -37.8097 		489.35 		46.7777
v -48.584 		489.25 		65.606
v -48.243 		489.25 		65.908
v -50.3126 		489.35 		71.8575
v -37.741 		489.35 		46.764
v -37.3717 		489.35 		46.6377
v -49.8677 		489.35 		71.7777
v -36.904 		489.35 		46.414
v -50.244 		489.35 		71.853
v -48.105 		489.25 		70.388
v -37.311 		489.35 		46.617
v -47.868 		489.25 		70.03
v -48.918 		489.35 		71.385
v -47.679 		489.25 		69.644
v -48.961 		489.35 		71.414
v -49.369 		489.35 		71.617
v -40.638 		489.35 		45.9881
v -47.49 		489.25 		69.722
v -47.691 		489.25 		70.133
v -47.943 		489.25 		70.514
v -38.639 		489.35 		46.677
v -39.065 		489.35 		46.649
v -39.485 		489.35 		46.565
v -39.889 		489.35 		46.427
v -40.273 		489.35 		46.236
v -40.628 		489.35 		45.997
v -49.799 		489.35 		71.764
v -47.541 		489.25 		69.236
v -40.638 		489.35 		46.2368
v -40.432 		489.35 		46.3756
v -47.458 		489.25 		68.813
v -40.375 		489.35 		46.414
v -40.0302 		489.35 		46.5856
v -47.43 		489.25 		68.383
v -47.344 		489.25 		69.289
v -47.458 		489.25 		67.953
v -39.967 		489.35 		46.617
v -39.6056 		489.35 		46.7405
v -48.918 		489.35 		65.6276
v -47.226 		489.25 		68.383
v -47.256 		489.25 		68.84
v -49.0541 		489.35 		65.536
v -38.639 		489.35 		46.883
v -47.256 		489.25 		67.926
v -47.541 		489.25 		67.53
v -39.092 		489.35 		46.853
v -47.679 		489.25 		67.122
v -39.537 		489.35 		46.764
v -51.123 		489.35 		71.649
v -51.543 		489.35 		71.565
v -47.868 		489.25 		66.736
v -51.947 		489.35 		71.427
v -52.331 		489.35 		71.236
v -52.686 		489.35 		70.997
v -52.926 		489.35 		70.7839
v -40.9838 		489.35 		45.672
v -40.949 		489.35 		45.712
v -47.344 		489.25 		67.477
v -52.8611 		489.35 		71.1148
v -48.105 		489.25 		66.378
v -52.926 		489.35 		71.0573
v -40.752 		489.35 		46.16
v -47.49 		489.25 		67.044
v -52.4888 		489.35 		71.3758
v -52.81 		489.35 		71.16
v -41.093 		489.35 		45.858
v -47.691 		489.25 		66.633
v -41.2552 		489.35 		45.672
v -47.943 		489.25 		66.252
v -52.088 		489.35 		71.5856
v -36.329 		489.35 		45.712
v -45.609 		489.25 		56.692
v -52.432 		489.35 		71.414
v -44.219 		489.35 		34.517
v -44.219 		490.352 		34.517
v -44.207 		490.352 		32.899
v -44.207 		489.35 		32.899
v -44.66 		490.352 		31.66
v -44.66 		489.35 		31.66
v -51.15 		489.35 		71.853
v -44.528 		490.352 		31.788
v -44.528 		489.35 		31.788
v -45.577 		489.25 		56.811
v -44.373 		490.352 		31.986
v -44.373 		489.35 		31.986
v -45.323 		489.25 		56.723
v -51.595 		489.35 		71.764
v -44.37 		490.352 		31.99
v -44.37 		489.35 		31.99
v -46.611 		489.25 		56.692
v -44.372 		489.35 		31.988
v -44.372 		490.352 		31.988
v -52.025 		489.35 		71.617
v -46.363 		489.25 		56.742
v -44.353 		490.352 		32.014
v -44.353 		489.35 		32.014
v -46.11 		489.25 		56.759
v -44.334 		490.352 		32.045
v -44.334 		489.35 		32.045
v -46.643 		489.25 		56.811
v -52.964 		489.35 		70.7502
v -45.857 		489.25 		56.742
v -44.278 		490.352 		32.143
v -44.278 		489.35 		32.143
v -46.11 		489.25 		56.883
v -46.379 		489.25 		56.865
v -44.25 		490.352 		32.22
v -44.25 		489.35 		32.22
v -45.841 		489.25 		56.865
v -52.964 		489.35 		71.0236
v -44.248 		490.352 		32.23
v -44.248 		489.35 		32.23
v -46.898 		489.25 		56.723
v -46.666 		489.25 		54.833
v -46.202 		489.25 		54.324
v -45.812 		489.25 		53.761
v -44.171 		490.352 		32.469
v -44.171 		489.35 		32.469
v -44.247 		489.35 		32.241
v -44.247 		490.352 		32.241
v -45.369 		489.25 		56.608
v -44.14 		490.352 		32.64
v -44.14 		489.35 		32.64
v -45.142 		489.25 		56.494
v -52.686 		489.35 		65.769
v -52.3399 		489.35 		65.536
v -44.931 		489.25 		56.35
v -44.159 		490.352 		32.749
v -44.159 		489.35 		32.749
v -52.7522 		489.35 		65.5672
v -52.7058 		489.35 		65.536
v -44.857 		489.25 		56.448
v -45.081 		489.25 		56.601
v -52.964 		489.35 		65.7424
v -45.473 		490.352 		31.543
v -45.473 		489.35 		31.543
v -45.652 		489.35 		31.629
v -45.652 		490.352 		31.629
v -52.81 		489.35 		65.606
v -45.34 		490.352 		31.5
v -45.34 		489.35 		31.5
v -44.992 		490.352 		31.547
v -44.992 		489.35 		31.547
v -45.192 		489.25 		53.277
v -45.522 		489.25 		53.922
v -45.936 		489.25 		54.52
v -46.428 		489.25 		55.061
v -50.878 		489.35 		65.1009
v -46.87 		489.35 		31.664
v -50.697 		489.35 		65.089
v -46.87 		490.352 		31.664
v -50.271 		489.35 		65.117
v -49.851 		489.35 		65.201
v -47.9 		489.25 		55.536
v -49.447 		489.35 		65.339
v -49.063 		489.35 		65.53
v -47.84 		489.35 		31.69
v -47.84 		490.352 		31.69
v -48.7 		489.35 		31.63
v -48.961 		489.35 		65.352
v -47.8301 		489.25 		55.6807
v -48.7 		490.352 		31.63
v -49.3058 		489.35 		65.1804
v -48.918 		489.35 		65.381
v -48.918 		489.475 		31.6352
v -48.098 		489.25 		55.323
v -48.918 		490.352 		31.6352
v -50.244 		489.35 		64.913
v -47.939 		489.25 		55.7324
v -48.011 		489.25 		55.583
v -33.77 		489.35 		39.7
v -49.799 		489.35 		65.002
v -48.031 		489.25 		54.519
v -48.047 		489.25 		54.778
v -49.369 		489.35 		65.149
v -48.031 		489.25 		55.036
v -50.878 		489.35 		64.895
v -48.15 		489.25 		54.503
v -47.981 		489.25 		55.291
v -42.049 		489.35 		38.761
v -41.56 		489.35 		38.48
v -41.066 		489.35 		38.264
v -40.56 		489.35 		38.08
v -39.609 		489.35 		37.877
v -38.65 		489.35 		37.71
v -38.11 		489.35 		37.682
v -37.57 		489.35 		37.69
v -37.001 		489.35 		37.781
v -36.44 		489.35 		37.91
v -35.93 		489.35 		38.135
v -48.168 		489.25 		54.778
v -35.44 		489.35 		38.4
v -34.587 		489.35 		39.029
v -52.331 		489.35 		65.53
v -35.168 		489.35 		39.883
v -51.947 		489.35 		65.339
v -51.543 		489.35 		65.201
v -48.15 		489.25 		55.052
v -38.639 		489.35 		39.883
v -51.123 		489.35 		65.117
v -42.11 		489.35 		39.883
v -47.48 		489.25 		53.376
v -51.0814 		489.35 		64.9085
v -33.77 		490.352 		39.7
v -47.647 		489.25 		53.571
v -51.15 		489.35 		64.913
v -51.5263 		489.35 		64.9883
v -47.788 		489.25 		53.787
v -47.565 		489.25 		53.289
v -47.9 		489.25 		54.019
v -52.432 		489.35 		65.352
v -34.587 		490.352 		39.029
v -47.743 		489.25 		53.496
v -35.44 		490.352 		38.4
v -52.025 		489.35 		65.149
v -35.93 		490.352 		38.135
v -36.44 		490.352 		37.91
v -47.981 		489.25 		54.265
v -37.001 		490.352 		37.781
v -37.57 		490.352 		37.69
v -38.11 		490.352 		37.682
v -38.65 		490.352 		37.71
v -39.609 		490.352 		37.877
v -40.56 		490.352 		38.08
v -41.066 		490.352 		38.264
v -41.56 		490.352 		38.48
v -42.049 		490.352 		38.761
v -51.595 		489.35 		65.002
v -48.098 		489.25 		54.233
v -48.011 		489.25 		53.972
v -47.892 		489.25 		53.725
v -48.408 		489.25 		55.955
v -48.918 		489.35 		56.1222
v -49.073 		489.35 		56.173
v -49.762 		489.35 		56.305
v -50.463 		489.35 		56.349
v -50.878 		489.35 		56.323
v -47.778 		489.25 		55.656
v -50.5738 		489.35 		56.665
v -47.194 		489.25 		55.279
v -50.878 		489.35 		56.6458
v -49.8353 		489.35 		56.6324
v -47.289 		489.25 		56.35
v -47.079 		489.25 		56.494
v -49.0942 		489.35 		56.5057
v -46.851 		489.25 		56.608
v -49.718 		489.35 		56.625
v -47.139 		489.25 		56.601
v -47.363 		489.25 		56.448
v -48.918 		489.35 		56.4628
v -47.48 		489.25 		56.179
v -48.986 		489.35 		56.485
v -47.565 		489.25 		56.266
v -47.647 		489.25 		55.984
v -48.918 		489.35 		46.2226
v -50.463 		489.35 		45.995
v -49.762 		489.35 		46.04
v -47.743 		489.25 		56.059
v -49.073 		489.35 		46.172
v -49.718 		489.35 		45.719
v -47.6626 		489.25 		55.9601
v -48.986 		489.35 		45.86
v -48.918 		489.35 		45.8822
v -47.7731 		489.25 		56.0128
v -50.878 		489.35 		45.6982
v -47.61 		489.25 		55.935
v -48.279 		489.25 		56.254
v -52.964 		489.35 		55.7433
v -46.99 		489.25 		55.536
v -51.164 		489.35 		56.305
v -51.853 		489.35 		56.173
v -52.518 		489.35 		55.955
v -45.4222 		489.25 		52.9284
v -45.609 		489.25 		52.863
v -52.964 		489.35 		56.1024
v -52.7475 		489.35 		56.2056
v -45.577 		489.25 		52.744
v -45.3812 		489.25 		52.8118
v -51.207 		489.35 		56.625
v -32.873 		489.35 		41.163
v -46.11 		489.25 		52.796
v -32.68 		489.35 		41.69
v -32.566 		489.35 		42.217
v -46.363 		489.25 		52.813
v -32.5 		489.35 		42.75
v -32.611 		489.35 		44.618
v -51.939 		489.35 		56.485
v -35.168 		489.35 		43.383
v -46.611 		489.25 		52.863
v -52.646 		489.35 		56.254
v -33.414 		489.35 		40.159
v -33.1 		489.35 		40.65
v -45.857 		489.25 		52.813
v -52.964 		489.35 		46.6014
v -52.518 		489.35 		46.389
v -51.853 		489.35 		46.172
v -51.164 		489.35 		46.04
v -32.611 		490.352 		44.618
v -32.5 		490.352 		42.75
v -32.566 		490.352 		42.217
v -46.643 		489.25 		52.744
v -32.68 		490.352 		41.69
v -46.379 		489.25 		52.69
v -32.873 		490.352 		41.163
v -46.11 		489.25 		52.672
v -45.841 		489.25 		52.69
v -51.0963 		489.35 		45.712
v -46.851 		489.25 		52.947
v -33.1 		490.352 		40.65
v -33.414 		490.352 		40.159
v -51.8269 		489.35 		45.8384
v -47.079 		489.25 		53.061
v -51.207 		489.35 		45.719
v -36.2942 		489.35 		45.672
v -47.289 		489.25 		53.205
v -52.541 		489.35 		46.0567
v -51.939 		489.35 		45.86
v -47.363 		489.25 		53.107
v -47.139 		489.25 		52.954
v -46.898 		489.25 		52.832
v -52.964 		489.35 		46.2422
v -52.646 		489.35 		46.091
v -45.501 		489.25 		53.153
v -45.276 		489.25 		52.512
v -45.139 		489.25 		51.848
v -45.1209 		489.25 		53.0754
v -45.0787 		489.25 		52.9556
v -45.093 		489.25 		51.172
v -44.931 		489.25 		53.205
v -44.857 		489.25 		53.107
v -44.952 		489.25 		52.596
v -45.139 		489.25 		50.497
v -44.806 		489.25 		51.89
v -45.276 		489.25 		49.832
v -44.757 		489.25 		51.172
v -45.501 		489.25 		49.191
v -44.952 		489.25 		49.749
v -44.806 		489.25 		50.454
v -45.812 		489.25 		48.584
v -46.202 		489.25 		48.021
v -45.192 		489.25 		49.067
v -46.666 		489.25 		47.512
v -45.936 		489.25 		47.824
v -45.522 		489.25 		48.422
v -46.428 		489.25 		47.283
v -47.194 		489.25 		47.065
v -47.778 		489.25 		46.689
v -48.408 		489.25 		46.389
v -46.99 		489.25 		46.809
v -47.61 		489.25 		46.409
v -48.279 		489.25 		46.091
v -42.11 		489.35 		43.383
v -42.52 		489.35 		39.07
v -44.145 		489.35 		41.569
v -43.99 		489.35 		41.03
v -44.28 		489.35 		41.97
v -44.385 		489.35 		41.557
v -44.47 		489.35 		41
v -42.51 		489.35 		66.07
v -42.353 		489.35 		67.423
v -42.24 		489.35 		68.78
v -42.243 		489.35 		69.712
v -42.3 		489.35 		70.64
v -42.521 		489.35 		71.613
v -42.8 		489.35 		72.57
v -43.094 		489.35 		73.194
v -43.45 		489.35 		73.78
v -44.052 		489.35 		74.3339
v -43.743 		489.35 		40.499
v -43.46 		489.35 		39.99
v -43.008 		489.35 		39.513
v -39.188 		489.35 		57.776
v -44.15 		489.35 		36.7
v -40.34 		489.35 		58.6
v -41.319 		489.35 		58.946
v -42.33 		489.35 		59.22
v -44.168 		489.35 		35.83
v -35.243 		489.35 		52.678
v -35.297 		489.35 		52.894
v -44.301 		489.35 		38.45
v -35.361 		489.35 		53.056
v -35.43 		489.35 		53.271
v -35.49 		489.35 		53.45
v -35.2412 		489.35 		52.672
v -44.204 		489.35 		33.648
v -44.21 		489.35 		34.22
v -35.702 		489.35 		53.956
v -35.94 		489.35 		54.45
v -36.225 		489.35 		54.926
v -36.54 		489.35 		55.38
v -37.293 		489.35 		56.146
v -38.08 		489.35 		56.88
v -43.691 		489.35 		59.553
v -43.64 		489.35 		59.68
v -43.032 		489.35 		62.861
v -43.781 		489.35 		59.393
v -42.877 		489.35 		59.316
v -43.43 		489.35 		59.38
v -43.583 		489.35 		59.387
v -44.052 		489.35 		56.883
v -44.052 		489.35 		54.778
v -42.52 		490.352 		39.07
v -42.521 		490.352 		71.613
v -42.3 		490.352 		70.64
v -42.243 		490.352 		69.712
v -42.24 		490.352 		68.78
v -42.353 		490.352 		67.423
v -42.51 		490.352 		66.07
v -43.99 		490.352 		41.03
v -44.145 		490.352 		41.569
v -43.45 		490.352 		73.78
v -43.094 		490.352 		73.194
v -44.28 		490.352 		41.97
v -42.8 		490.352 		72.57
v -44.385 		490.352 		41.557
v -44.47 		490.352 		41
v -42.33 		490.352 		59.22
v -41.319 		490.352 		58.946
v -40.34 		490.352 		58.6
v -39.188 		490.352 		57.776
v -35.297 		490.352 		52.894
v -35.243 		490.352 		52.678
v -43.008 		490.352 		39.513
v -43.46 		490.352 		39.99
v -43.743 		490.352 		40.499
v -35.49 		490.352 		53.45
v -35.43 		490.352 		53.271
v -35.361 		490.352 		53.056
v -44.15 		490.352 		36.7
v -44.168 		490.352 		35.83
v -44.301 		490.352 		38.45
v -38.08 		490.352 		56.88
v -37.293 		490.352 		56.146
v -36.54 		490.352 		55.38
v -36.225 		490.352 		54.926
v -35.94 		490.352 		54.45
v -35.702 		490.352 		53.956
v -47.5937 		489.35 		56.0462
v -47.48 		489.35 		56.179
v -44.21 		490.352 		34.22
v -44.204 		490.352 		33.648
v -43.032 		490.352 		62.861
v -43.64 		490.352 		59.68
v -43.691 		490.352 		59.553
v -43.781 		490.352 		59.393
v -43.583 		490.352 		59.387
v -43.43 		490.352 		59.38
v -42.877 		490.352 		59.316
v -45.758 		489.35 		56.722
v -45.5519 		489.35 		56.672
v -45.609 		489.35 		56.692
v -45.758 		489.35 		56.848
v -45.6191 		489.35 		56.8196
v -45.577 		489.35 		56.811
v -45.3632 		489.35 		56.7369
v -45.323 		489.35 		56.723
v -45.2218 		489.35 		56.672
v -48.918 		490.475 		32.998
v -52.964 		490.475 		32.998
v -48.918 		489.475 		17.998
v -52.964 		489.475 		17.998
v -52.964 		490.475 		17.998
v -48.918 		490.475 		17.998
v -46.6681 		489.35 		56.672
v -45.857 		489.35 		56.742
v -46.11 		489.35 		56.759
v -66.521 		489.35 		44.289
v -66.5351 		489.35 		44.2172
v -66.521 		489.25 		44.289
v -65.3721 		489.35 		40.96
v -65.478 		489.35 		41.054
v -50.81 		489.35 		31.7
v -49.755 		489.35 		31.655
v -57.093 		490.352 		59.342
v -51.635 		489.35 		31.799
v -52.46 		489.35 		31.89
v -57.292 		490.352 		59.664
v -57.43 		490.352 		59.91
v -58.074 		490.352 		61.261
v -58.68 		490.352 		62.63
v -58.987 		490.352 		63.548
v -44.188 		490.352 		74.459
v -50.81 		489.475 		31.7
v -50.878 		489.475 		31.7082
v -59.51 		490.352 		59.31
v -44.188 		489.35 		74.459
v -49.755 		489.475 		31.655
v -59.24 		490.352 		64.48
v -51.635 		489.475 		31.799
v -57.74 		490.352 		41.06
v -57.729 		490.352 		41.388
v -52.46 		489.475 		31.89
v -52.964 		489.475 		31.8819
v -57.725 		490.352 		41.718
v -57.786 		490.352 		41.677
v -44.734 		489.35 		56.172
v -44.2407 		489.35 		55.296
v -44.321 		489.35 		55.536
v -44.433 		489.35 		55.768
v -44.573 		489.35 		55.984
v -44.734 		489.35 		56.3372
v -44.6876 		489.35 		56.2954
v -57.841 		490.352 		41.64
v -44.655 		489.35 		56.266
v -44.5082 		489.35 		56.0953
v -58.087 		490.352 		41.28
v -58.3 		490.352 		40.98
v -44.122 		489.35 		55.323
v -44.1168 		489.35 		55.296
v -44.209 		489.35 		55.583
v -58.771 		490.352 		40.476
v -47.3225 		489.35 		56.32
v -44.328 		489.35 		55.83
v -47.5051 		489.35 		56.32
v -47.565 		489.35 		56.266
v -44.477 		489.35 		56.059
v -47.6865 		489.35 		56.1247
v -59.28 		490.352 		40.02
v -46.782 		489.35 		55.3602
v -44.757 		489.35 		56.1942
v -46.99 		489.35 		55.536
v -56.168 		489.35 		75.5667
v -44.74 		489.35 		56.179
v -56.58 		490.352 		75.32
v -56.58 		489.35 		75.32
v -47.6586 		489.35 		55.9663
v -47.647 		489.35 		55.984
v -57.04 		490.352 		74.943
v -57.04 		489.35 		74.943
v -44.757 		489.35 		56.3579
v -57.48 		490.352 		74.54
v -57.48 		489.35 		74.54
v -47.743 		489.35 		56.059
v -57.834 		490.352 		74.128
v -44.2376 		489.35 		54.272
v -57.834 		489.35 		74.128
v -44.19 		489.35 		54.519
v -47.7606 		489.35 		56.0319
v -44.173 		489.35 		54.778
v -44.19 		489.35 		55.036
v -44.239 		489.35 		55.291
v -58.17 		490.352 		73.7
v -58.17 		489.35 		73.7
v -47.61 		489.35 		55.935
v -44.0786 		489.35 		55.0966
v -58.442 		490.352 		73.295
v -58.442 		489.35 		73.295
v -44.07 		489.35 		54.503
v -47.6626 		489.35 		55.9601
v -44.1145 		489.35 		54.272
v -58.7 		490.352 		72.88
v -47.7731 		489.35 		56.0128
v -58.7 		489.35 		72.88
v -48.168 		489.35 		56.2011
v -44.07 		489.35 		55.052
v -48.279 		489.35 		56.254
v -59.008 		490.352 		72.338
v -59.008 		489.35 		72.338
v -47.8208 		489.35 		56.0355
v -44.734 		489.35 		53.383
v -44.573 		489.35 		53.571
v -59.27 		490.352 		71.78
v -44.433 		489.35 		53.787
v -59.27 		489.35 		71.78
v -44.321 		489.35 		54.019
v -44.239 		489.35 		54.265
v -47.7799 		489.35 		56.016
v -59.42 		490.352 		70.787
v -59.42 		489.35 		70.787
v -44.122 		489.35 		54.233
v -44.1959 		489.35 		54.0113
v -59.51 		490.352 		69.78
v -59.51 		489.35 		69.78
v -48.3919 		489.35 		56.2909
v -59.53 		490.352 		68.46
v -59.53 		489.35 		68.46
v -44.655 		489.35 		53.289
v -44.7005 		489.35 		53.248
v -45.4222 		489.35 		52.9284
v -59.51 		490.352 		67.14
v -45.609 		489.35 		52.863
v -59.51 		489.35 		67.14
v -44.477 		489.35 		53.496
v -59.401 		490.352 		65.806
v -59.401 		489.35 		65.806
v -44.328 		489.35 		53.725
v -45.758 		489.35 		52.833
v -44.209 		489.35 		53.972
v -45.577 		489.35 		52.744
v -57.881 		490.352 		59.372
v -57.881 		489.35 		59.372
v -45.758 		489.35 		52.707
v -58.5 		490.352 		59.38
v -58.5 		489.35 		59.38
v -45.3812 		489.35 		52.8118
v -59.007 		490.352 		59.363
v -59.007 		489.35 		59.363
v -44.757 		489.35 		53.3608
v -44.74 		489.35 		53.376
v -46.11 		489.35 		52.796
v -46.363 		489.35 		52.813
v -44.734 		489.35 		53.2178
v -58.987 		489.35 		63.548
v -46.611 		489.35 		52.863
v -44.757 		489.35 		53.1971
v -46.782 		489.35 		52.9229
v -58.68 		489.35 		62.63
v -46.782 		489.35 		52.792
v -46.6823 		489.35 		52.7575
v -58.074 		489.35 		61.261
v -45.857 		489.35 		52.813
v -57.43 		489.35 		59.91
v -45.841 		489.35 		52.69
v -57.292 		489.35 		59.664
v -46.11 		489.35 		52.672
v -57.093 		489.35 		59.342
v -46.643 		489.35 		52.744
v -59.51 		489.35 		59.31
v -59.697 		489.35 		59.26
v -46.379 		489.35 		52.69
v -59.24 		489.35 		64.48
v -57.74 		489.35 		41.06
v -57.729 		489.35 		41.388
v -46.851 		489.35 		52.947
v -47.079 		489.35 		53.061
v -47.289 		489.35 		53.205
v -58.3 		489.35 		40.98
v -46.8563 		489.35 		52.8176
v -57.725 		489.35 		41.718
v -57.786 		489.35 		41.677
v -47.337 		489.35 		53.248
v -58.087 		489.35 		41.28
v -47.363 		489.35 		53.107
v -47.5195 		489.35 		53.248
v -57.841 		489.35 		41.64
v -47.139 		489.35 		52.954
v -46.898 		489.35 		52.832
v -58.771 		489.35 		40.476
v -59.28 		489.35 		40.02
v -45.5496 		489.35 		53.248
v -45.501 		489.35 		53.153
v -45.3322 		489.35 		52.672
v -45.276 		489.35 		52.512
v -63.188 		490.352 		57.913
v -62.3 		490.352 		58.48
v -60.92 		490.352 		58.933
v -45.3721 		489.35 		52.7859
v -66.394 		490.352 		54.089
v -45.139 		489.35 		51.848
v -65.95 		490.352 		54.97
v -65.693 		490.352 		55.38
v -65.42 		490.352 		55.78
v -65.126 		490.352 		56.155
v -64.82 		490.352 		56.52
v -64.439 		490.352 		56.91
v -64.04 		490.352 		57.28
v -45.093 		489.35 		51.172
v -44.9556 		489.35 		53.1882
v -45.1209 		489.35 		53.0754
v -44.9662 		489.35 		53.0324
v -45.0489 		489.35 		52.9759
v -60.92 		489.35 		58.933
v -45.0787 		489.35 		52.9556
v -62.3 		489.35 		58.48
v -45.1818 		489.35 		53.248
v -63.188 		489.35 		57.913
v -45.0427 		489.35 		52.8533
v -44.9888 		489.35 		52.7005
v -45.0665 		489.35 		52.9209
v -64.04 		489.35 		57.28
v -45.0786 		489.35 		52.9552
v -64.439 		489.35 		56.91
v -64.82 		489.35 		56.52
v -48.423 		490.352 		76.363
v -47.9 		490.352 		76.27
v -46.837 		490.352 		75.97
v -45.79 		490.352 		75.63
v -45.37 		490.352 		75.384
v -44.97 		490.352 		75.1
v -65.126 		489.35 		56.155
v -45.139 		489.35 		50.497
v -65.42 		489.35 		55.78
v -44.883 		489.35 		53.248
v -44.931 		489.35 		53.205
v -65.693 		489.35 		55.38
v -44.97 		489.35 		75.1
v -65.95 		489.35 		54.97
v -45.37 		489.35 		75.384
v -44.8222 		489.35 		53.1384
v -66.639 		489.35 		53.6061
v -66.394 		489.35 		54.089
v -45.79 		489.35 		75.63
v -44.857 		489.35 		53.107
v -46.837 		489.35 		75.97
v -47.9 		489.35 		76.27
v -44.952 		489.35 		52.596
v -44.8291 		489.35 		52.0015
v -48.423 		489.35 		76.363
v -45.276 		489.35 		49.832
v -44.806 		489.35 		51.89
v -44.7649 		489.35 		51.288
v -45.501 		489.35 		49.191
v -44.757 		489.35 		51.172
v -44.7986 		489.35 		50.5618
v -66.639 		489.35 		46.883
v -63.168 		489.35 		46.883
v -48.168 		489.35 		70.4604
v -48.387 		489.35 		70.712
v -48.708 		489.35 		70.997
v -48.83 		489.35 		71.0791
v -45.521 		489.35 		49.152
v -61.118 		489.35 		45.9428
v -60.3562 		489.35 		45.056
v -60.576 		489.35 		45.388
v -60.858 		489.35 		45.712
v -44.952 		489.35 		49.749
v -48.6419 		489.35 		71.199
v -45.1621 		489.35 		49.152
v -48.83 		489.35 		71.3257
v -61.118 		489.35 		46.2024
v -61.1129 		489.35 		46.199
v -44.806 		489.35 		50.454
v -48.2967 		489.35 		70.9056
v -60.162 		489.35 		45.133
v -60.1243 		489.35 		45.056
v -45.812 		489.35 		48.584
v -48.584 		489.35 		71.16
v -60.414 		489.35 		45.514
v -46.202 		489.35 		48.021
v -46.666 		489.35 		47.512
v -60.714 		489.35 		45.858
v -45.192 		489.35 		49.067
v -48.168 		489.35 		70.772
v -45.4692 		489.35 		48.5252
v -61.055 		489.35 		46.16
v -48.243 		489.35 		70.858
v -46.782 		489.35 		47.4138
v -46.428 		489.35 		47.283
v -46.782 		489.35 		46.9844
v -45.936 		489.35 		47.824
v -63.166 		489.35 		46.6769
v -45.522 		489.35 		48.422
v -61.179 		489.35 		45.997
v -61.534 		489.35 		46.236
v -61.918 		489.35 		46.427
v -62.322 		489.35 		46.565
v -62.742 		489.35 		46.649
v -63.166 		489.35 		46.8829
v -62.7836 		489.35 		46.8575
v -47.194 		489.35 		47.065
v -62.715 		489.35 		46.853
v -47.778 		489.35 		46.689
v -62.3387 		489.35 		46.7777
v -48.408 		489.35 		46.389
v -46.9074 		489.35 		46.8787
v -62.27 		489.35 		46.764
v -61.9007 		489.35 		46.6377
v -46.99 		489.35 		46.809
v -47.5146 		489.35 		46.4706
v -61.432 		489.35 		46.414
v -48.708 		489.35 		65.769
v -48.387 		489.35 		66.054
v -48.168 		489.35 		66.3056
v -47.61 		489.35 		46.409
v -61.84 		489.35 		46.617
v -48.6879 		489.35 		65.536
v -48.584 		489.35 		65.606
v -48.279 		489.35 		46.091
v -48.243 		489.35 		65.908
v -48.168 		489.35 		65.994
v -59.9254 		489.35 		43.008
v -59.901 		489.35 		43.383
v -59.929 		489.35 		43.813
v -60.012 		489.35 		44.236
v -48.904 		489.35 		65.3904
v -60.15 		489.35 		44.644
v -60.339 		489.35 		45.03
v -59.9924 		489.35 		44.7861
v -59.961 		489.35 		44.722
v -59.8376 		489.35 		44.3561
v -59.697 		489.35 		43.383
v -59.7216 		489.35 		43.008
v -47.226 		489.35 		64.883
v -67.174 		489.35 		52.715
v -59.727 		489.35 		43.84
v -67.51 		489.35 		52.22
v -46.11 		489.35 		56.883
v -59.815 		489.35 		44.289
v -66.84 		489.35 		53.21
v -67.763 		489.35 		51.731
v -67.99 		489.35 		51.23
v -47.226 		489.35 		68.383
v -60.9639 		489.35 		40.96
v -60.858 		489.35 		41.054
v -60.576 		489.35 		41.378
v -60.339 		489.35 		41.736
v -46.363 		489.35 		56.742
v -46.611 		489.35 		56.692
v -46.782 		489.35 		56.763
v -68.298 		489.35 		50.3
v -46.6823 		489.35 		56.7975
v -68.57 		489.35 		49.36
v -46.643 		489.35 		56.811
v -46.4227 		489.35 		56.8561
v -45.841 		489.35 		56.865
v -47.6749 		489.35 		69.632
v -47.679 		489.35 		69.644
v -47.868 		489.35 		70.03
v -46.379 		489.35 		56.865
v -48.105 		489.35 		70.388
v -68.734 		489.35 		48.413
v -68.86 		489.35 		47.46
v -68.908 		489.35 		46.491
v -68.93 		489.35 		45.52
v -68.904 		489.35 		45.124
v -47.9924 		489.35 		70.5707
v -68.86 		489.35 		44.73
v -68.704 		489.35 		43.838
v -68.53 		489.35 		42.95
v -68.299 		489.35 		42.053
v -68.05 		489.35 		41.16
v -46.898 		489.35 		56.723
v -67.987 		489.35 		40.982
v -46.9987 		489.35 		56.672
v -66.639 		489.35 		43.383
v -47.49 		489.35 		69.722
v -47.4597 		489.35 		69.632
v -47.691 		489.35 		70.133
v -67.9 		489.35 		40.82
v -67.033 		489.35 		40.044
v -66.639 		489.35 		39.883
v -47.943 		489.35 		70.514
v -67.51 		490.352 		52.22
v -67.174 		490.352 		52.715
v -67.99 		490.352 		51.23
v -67.763 		490.352 		51.731
v -66.84 		490.352 		53.21
v -47.5304 		489.35 		67.584
v -47.458 		489.35 		67.953
v -47.43 		489.35 		68.383
v -47.458 		489.35 		68.813
v -47.541 		489.35 		69.236
v -47.3666 		489.35 		69.3561
v -68.57 		490.352 		49.36
v -68.298 		490.352 		50.3
v -47.27 		489.35 		68.9113
v -47.344 		489.35 		69.289
v -35.8272 		489.35 		45.056
v -36.047 		489.35 		45.388
v -47.323 		489.35 		67.584
v -35.633 		489.35 		45.133
v -35.5953 		489.35 		45.056
v -47.256 		489.35 		67.926
v -67.987 		490.352 		40.982
v -68.05 		490.352 		41.16
v -35.885 		489.35 		45.514
v -68.299 		490.352 		42.053
v -68.53 		490.352 		42.95
v -68.704 		490.352 		43.838
v -68.86 		490.352 		44.73
v -68.904 		490.352 		45.124
v -68.93 		490.352 		45.52
v -68.908 		490.352 		46.491
v -68.86 		490.352 		47.46
v -68.734 		490.352 		48.413
v -47.256 		489.35 		68.84
v -67.033 		490.352 		40.044
v -67.9 		490.352 		40.82
v -35.3964 		489.35 		43.008
v -35.372 		489.35 		43.383
v -35.4 		489.35 		43.813
v -35.483 		489.35 		44.236
v -35.621 		489.35 		44.644
v -35.81 		489.35 		45.03
v -35.4634 		489.35 		44.7861
v -48.105 		489.35 		66.378
v -47.868 		489.35 		66.736
v -47.679 		489.35 		67.122
v -47.541 		489.35 		67.53
v -35.432 		489.35 		44.722
v -35.3086 		489.35 		44.3561
v -47.3299 		489.35 		67.5488
v -35.1926 		489.35 		43.008
v -35.198 		489.35 		43.84
v -47.4677 		489.35 		67.1103
v -35.286 		489.35 		44.289
v -47.344 		489.35 		67.477
v -47.6573 		489.35 		66.7018
v -36.4349 		489.35 		40.96
v -47.49 		489.35 		67.044
v -65.478 		489.25 		41.054
v -36.329 		489.35 		41.054
v -36.047 		489.35 		41.378
v -35.81 		489.35 		41.736
v -35.621 		489.35 		42.122
v -35.483 		489.35 		42.53
v -35.4 		489.35 		42.953
v -65.76 		489.25 		41.378
v -65.76 		489.35 		41.378
v -35.1935 		489.35 		42.9952
v -47.9048 		489.35 		66.3097
v -65.997 		489.25 		41.736
v -35.198 		489.35 		42.926
v -47.691 		489.35 		66.633
v -65.997 		489.35 		41.736
v -35.2719 		489.35 		42.5488
v -35.286 		489.35 		42.477
v -35.432 		489.35 		42.044
v -35.5993 		489.35 		41.7018
v -35.885 		489.35 		41.252
v -47.943 		489.35 		66.252
v -36.1397 		489.35 		40.96
v -35.633 		489.35 		41.633
v -41.231 		489.35 		45.388
v -41.4508 		489.35 		45.056
v -41.6787 		489.35 		45.0642
v -60.15 		489.35 		42.122
v -46.782 		489.35 		54.931
v -60.012 		489.35 		42.53
v -59.929 		489.35 		42.953
v -45.812 		489.35 		53.761
v -46.202 		489.35 		54.324
v -59.7225 		489.35 		42.9952
v -46.666 		489.35 		54.833
v -66.186 		489.25 		42.122
v -46.5143 		489.35 		55.1339
v -59.727 		489.35 		42.926
v -66.186 		489.35 		42.122
v -59.8009 		489.35 		42.5488
v -65.8726 		489.35 		41.1953
v -65.6673 		489.35 		40.96
v -44.931 		489.35 		56.35
v -45.142 		489.35 		56.494
v -45.369 		489.35 		56.608
v -59.815 		489.35 		42.477
v -66.324 		489.25 		42.53
v -59.9387 		489.35 		42.1103
v -45.1169 		489.35 		56.6191
v -44.857 		489.35 		56.448
v -59.961 		489.35 		42.044
v -60.1283 		489.35 		41.7018
v -45.081 		489.35 		56.601
v -60.414 		489.35 		41.252
v -60.6687 		489.35 		40.96
v -60.162 		489.35 		41.633
v -45.192 		489.35 		53.277
v -46.782 		489.35 		56.6321
v -63.168 		489.35 		46.677
v -63.594 		489.35 		46.649
v -64.014 		489.35 		46.565
v -64.418 		489.35 		46.427
v -64.802 		489.35 		46.236
v -65.157 		489.35 		45.997
v -45.522 		489.35 		53.922
v -65.214 		489.35 		46.2051
v -64.961 		489.35 		46.3756
v -45.936 		489.35 		54.52
v -64.904 		489.35 		46.414
v -64.5592 		489.35 		46.5856
v -46.428 		489.35 		55.061
v -64.496 		489.35 		46.617
v -64.1346 		489.35 		46.7405
v -60.858 		489.25 		45.712
v -48.168 		489.35 		54.778
v -48.168 		489.35 		55.8411
v -48.408 		489.35 		55.955
v -60.576 		489.25 		45.388
v -47.2203 		489.35 		55.296
v -47.778 		489.35 		55.656
v -47.8301 		489.35 		55.6807
v -47.9 		489.35 		55.536
v -47.9793 		489.35 		55.296
v -60.162 		489.25 		45.133
v -60.414 		489.25 		45.514
v -60.714 		489.25 		45.858
v -61.055 		489.25 		46.16
v -48.0242 		489.35 		55.5436
v -48.098 		489.35 		55.323
v -48.1032 		489.35 		55.296
v -62.742 		489.25 		46.649
v -47.939 		489.35 		55.7324
v -47.965 		489.35 		55.7448
v -62.322 		489.25 		46.565
v -48.011 		489.35 		55.583
v -61.918 		489.25 		46.427
v -63.621 		489.35 		46.853
v -64.066 		489.35 		46.764
v -62.715 		489.25 		46.853
v -61.534 		489.25 		46.236
v -62.27 		489.25 		46.764
v -65.9798 		489.35 		45.056
v -61.179 		489.25 		45.997
v -47.194 		489.35 		55.279
v -65.478 		489.35 		45.712
v -65.76 		489.35 		45.388
v -47.981 		489.35 		55.291
v -48.031 		489.35 		55.036
v -48.047 		489.35 		54.778
v -61.432 		489.25 		46.414
v -48.031 		489.35 		54.519
v -61.84 		489.25 		46.617
v -47.9824 		489.35 		54.272
v -66.2117 		489.35 		45.056
v -66.2077 		489.35 		45.0642
v -48.1428 		489.35 		54.4657
v -48.1055 		489.35 		54.272
v -66.324 		489.35 		42.53
v -65.281 		489.35 		46.16
v -60.339 		489.25 		45.03
v -41.6827 		489.35 		45.056
v -48.1651 		489.35 		54.7341
v -60.15 		489.25 		44.644
v -48.15 		489.35 		54.503
v -65.622 		489.35 		45.858
v -60.012 		489.25 		44.236
v -65.922 		489.35 		45.514
v -48.15 		489.35 		55.052
v -59.929 		489.25 		43.813
v -41.393 		489.35 		45.514
v -66.174 		489.35 		45.133
v -59.961 		489.25 		44.722
v -59.901 		489.25 		43.383
v -41.645 		489.35 		45.133
v -59.697 		489.25 		43.383
v -59.727 		489.25 		43.84
v -59.815 		489.25 		44.289
v -47.981 		489.35 		54.265
v -59.929 		489.25 		42.953
v -47.9 		489.35 		54.019
v -66.4106 		489.35 		43.008
v -41.8816 		489.35 		43.008
v -47.788 		489.35 		53.787
v -47.647 		489.35 		53.571
v -47.48 		489.35 		53.376
v -41.468 		489.35 		45.03
v -65.997 		489.35 		45.03
v -41.657 		489.35 		44.644
v -66.186 		489.35 		44.644
v -41.795 		489.35 		44.236
v -66.324 		489.35 		44.236
v -60.012 		489.25 		42.53
v -41.878 		489.35 		43.813
v -66.407 		489.35 		43.813
v -41.906 		489.35 		43.383
v -66.435 		489.35 		43.383
v -60.15 		489.25 		42.122
v -66.6144 		489.35 		43.008
v -66.6347 		489.35 		43.3174
v -42.0854 		489.35 		43.008
v -42.1057 		489.35 		43.3174
v -59.727 		489.25 		42.926
v -60.339 		489.25 		41.736
v -66.6135 		489.35 		43.7708
v -42.0845 		489.35 		43.7708
v -59.815 		489.25 		42.477
v -60.576 		489.25 		41.378
v -59.961 		489.25 		42.044
v -42.08 		489.35 		43.84
v -60.858 		489.25 		41.054
v -42.0061 		489.35 		44.2172
v -66.609 		489.35 		43.84
v -60.414 		489.25 		41.252
v -60.162 		489.25 		41.633
v -41.846 		489.35 		44.722
v -66.375 		489.35 		44.722
v -65.157 		489.25 		45.997
v -41.992 		489.35 		44.289
v -64.802 		489.25 		46.236
v -64.418 		489.25 		46.427
v -64.014 		489.25 		46.565
v -40.8431 		489.35 		40.96
v -41.878 		489.35 		42.953
v -41.795 		489.35 		42.53
v -41.657 		489.35 		42.122
v -41.468 		489.35 		41.736
v -64.904 		489.25 		46.414
v -41.231 		489.35 		41.378
v -40.949 		489.35 		41.054
v -63.594 		489.25 		46.649
v -41.1383 		489.35 		40.96
v -41.3436 		489.35 		41.1953
v -64.496 		489.25 		46.617
v -66.407 		489.35 		42.953
v -63.168 		489.25 		46.677
v -41.393 		489.35 		41.252
v -63.168 		489.25 		46.883
v -63.621 		489.25 		46.853
v -64.066 		489.25 		46.764
v -41.645 		489.35 		41.633
v -41.8146 		489.35 		41.9799
v -65.922 		489.35 		41.252
v -65.76 		489.25 		45.388
v -65.478 		489.25 		45.712
v -42.08 		489.35 		42.926
v -66.174 		489.35 		41.633
v -66.3436 		489.35 		41.9799
v -41.992 		489.35 		42.477
v -65.281 		489.25 		46.16
v -65.622 		489.25 		45.858
v -65.922 		489.25 		45.514
v -66.174 		489.25 		45.133
v -41.846 		489.35 		42.044
v -66.435 		489.25 		43.383
v -66.609 		489.35 		42.926
v -66.407 		489.25 		43.813
v -38.59 		489.35 		40.0922
v -38.213 		489.35 		40.117
v -37.793 		489.35 		40.201
v -37.389 		489.35 		40.339
v -66.521 		489.35 		42.477
v -37.005 		489.35 		40.53
v -36.65 		489.35 		40.769
v -66.324 		489.25 		44.236
v -36.185 		489.35 		40.908
v -66.375 		489.35 		42.044
v -36.4749 		489.35 		40.6512
v -66.639 		489.25 		43.383
v -66.186 		489.25 		44.644
v -66.609 		489.25 		43.84
v -65.997 		489.25 		45.03
v -36.526 		489.35 		40.606
v -36.8472 		489.35 		40.3902
v -66.375 		489.25 		44.722
v -63.166 		489.35 		40.0891
v -62.742 		489.35 		40.117
v -62.322 		489.35 		40.201
v -61.918 		489.35 		40.339
v -61.534 		489.35 		40.53
v -61.179 		489.35 		40.769
v -36.904 		489.35 		40.352
v -37.248 		489.35 		40.1804
v -60.714 		489.35 		40.908
v -61.0039 		489.35 		40.6512
v -38.186 		489.35 		39.913
v -38.59 		489.35 		39.8862
v -37.741 		489.35 		40.002
v -61.055 		489.35 		40.606
v -61.375 		489.35 		40.3904
v -37.311 		489.35 		40.149
v -65.922 		489.25 		41.252
v -61.432 		489.35 		40.352
v -66.174 		489.25 		41.633
v -66.407 		489.25 		42.953
v -40.628 		489.35 		40.769
v -40.273 		489.35 		40.53
v -39.889 		489.35 		40.339
v -39.485 		489.35 		40.201
v -39.065 		489.35 		40.117
v -38.639 		489.35 		40.089
v -66.609 		489.25 		42.926
v -39.9063 		489.35 		40.1283
v -66.521 		489.25 		42.477
v -59.697 		489.35 		39.883
v -66.375 		489.25 		42.044
v -62.715 		489.35 		39.913
v -39.6056 		489.35 		40.0255
v -63.166 		489.35 		39.8831
v -61.179 		489.25 		40.769
v -62.27 		489.35 		40.002
v -61.534 		489.25 		40.53
v -41.093 		489.35 		40.908
v -40.752 		489.35 		40.606
v -61.918 		489.25 		40.339
v -60.714 		489.25 		40.908
v -40.375 		489.35 		40.352
v -61.055 		489.25 		40.606
v -62.322 		489.25 		40.201
v -39.967 		489.35 		40.149
v -61.432 		489.25 		40.352
v -62.742 		489.25 		40.117
v -62.715 		489.25 		39.913
v -62.27 		489.25 		40.002
v -61.84 		489.25 		40.149
v -39.537 		489.35 		40.002
v -63.168 		489.25 		40.089
v -63.594 		489.25 		40.117
v -39.092 		489.35 		39.913
v -64.014 		489.25 		40.201
v -64.418 		489.25 		40.339
v -64.802 		489.25 		40.53
v -65.157 		489.25 		40.769
v -65.622 		489.25 		40.908
v -65.281 		489.25 		40.606
v -64.904 		489.25 		40.352
v -64.496 		489.25 		40.149
v -63.621 		489.25 		39.913
v -63.168 		489.25 		39.883
v -64.066 		489.25 		40.002
v -57.444 		489.35 		33.193
v -57.514 		489.35 		33.124
v -57.56 		489.35 		33.07
v -57.674 		489.35 		32.812
v -57.41 		489.35 		33.381
v -57.39 		489.35 		33.52
v -57.24 		489.35 		35.081
v -57.15 		489.35 		36.64
v -57.331 		489.35 		37.525
v -57.654 		489.35 		39.733
v -57.54 		489.35 		38.41
v -61.84 		489.35 		40.149
v -66.12 		489.35 		39.33
v -65.182 		489.35 		38.952
v -64.21 		489.35 		38.65
v -63.677 		489.35 		38.576
v -63.14 		489.35 		38.55
v -62.555 		489.35 		38.634
v -61.98 		489.35 		38.77
v -60.612 		489.35 		39.361
v -63.168 		489.35 		40.089
v -63.594 		489.35 		40.117
v -63.168 		489.35 		39.883
v -64.014 		489.35 		40.201
v -64.418 		489.35 		40.339
v -64.802 		489.35 		40.53
v -57.74 		489.35 		32.54
v -57.659 		489.35 		32.199
v -57.52 		489.35 		31.88
v -57.245 		489.35 		31.663
v -56.93 		489.35 		31.52
v -65.157 		489.35 		40.769
v -57.674 		490.352 		32.812
v -57.56 		490.352 		33.07
v -57.514 		490.352 		33.124
v -57.444 		490.352 		33.193
v -57.41 		490.352 		33.381
v -57.39 		490.352 		33.52
v -64.4353 		489.35 		40.1283
v -64.1346 		489.35 		40.0255
v -57.24 		490.352 		35.081
v -57.15 		490.352 		36.64
v -65.622 		489.35 		40.908
v -57.331 		490.352 		37.525
v -65.281 		489.35 		40.606
v -57.54 		490.352 		38.41
v -57.654 		490.352 		39.733
v -64.904 		489.35 		40.352
v -64.496 		489.35 		40.149
v -60.612 		490.352 		39.361
v -61.98 		490.352 		38.77
v -62.555 		490.352 		38.634
v -63.14 		490.352 		38.55
v -63.677 		490.352 		38.576
v -64.21 		490.352 		38.65
v -65.182 		490.352 		38.952
v -66.12 		490.352 		39.33
v -64.066 		489.35 		40.002
v -56.93 		490.352 		31.52
v -57.245 		490.352 		31.663
v -63.621 		489.35 		39.913
v -57.52 		490.352 		31.88
v -57.659 		490.352 		32.199
v -57.74 		490.352 		32.54
v -53.715 		489.25 		69.644
v -53.526 		489.25 		70.03
v -53.289 		489.25 		70.388
v -53.904 		489.25 		69.722
v -53.007 		489.25 		70.712
v -53.151 		489.25 		70.858
v -53.451 		489.25 		70.514
v -53.703 		489.25 		70.133
v -53.936 		489.25 		67.953
v -53.964 		489.25 		68.383
v -53.936 		489.25 		68.813
v -54.138 		489.25 		67.926
v -53.853 		489.25 		69.236
v -54.168 		489.25 		68.383
v -54.05 		489.25 		69.289
v -54.138 		489.25 		68.84
v -53.007 		489.25 		66.054
v -53.289 		489.25 		66.378
v -53.526 		489.25 		66.736
v -53.151 		489.25 		65.908
v -53.715 		489.25 		67.122
v -53.451 		489.25 		66.252
v -53.853 		489.25 		67.53
v -54.05 		489.25 		67.477
v -53.904 		489.25 		67.044
v -53.703 		489.25 		66.633
v -54.723 		489.25 		54.324
v -54.26 		489.25 		54.833
v -53.732 		489.25 		55.279
v -53.148 		489.25 		55.656
v -54.497 		489.25 		55.061
v -53.936 		489.25 		55.536
v -53.315 		489.25 		55.935
v -56.168 		489.35 		65.536
v -55.113 		489.25 		53.761
v -54.989 		489.25 		54.52
v -55.404 		489.25 		53.922
v -55.734 		489.25 		53.277
v -55.424 		489.25 		49.191
v -55.65 		489.25 		49.832
v -55.787 		489.25 		50.497
v -55.833 		489.25 		51.172
v -55.974 		489.25 		49.749
v -55.787 		489.25 		51.848
v -56.119 		489.25 		50.454
v -55.65 		489.25 		52.512
v -56.168 		489.25 		51.172
v -55.424 		489.25 		53.153
v -55.974 		489.25 		52.596
v -56.119 		489.25 		51.89
v -53.148 		489.25 		46.689
v -53.732 		489.25 		47.065
v -54.26 		489.25 		47.512
v -53.315 		489.25 		46.409
v -54.723 		489.25 		48.021
v -54.497 		489.25 		47.283
v -53.936 		489.25 		46.809
v -55.113 		489.25 		48.584
v -55.734 		489.25 		49.067
v -55.404 		489.25 		48.422
v -54.989 		489.25 		47.824
v -56.168 		489.35 		45.672
v -53.33 		489.35 		31.876
v -54.2 		489.35 		31.83
v -55.571 		489.35 		31.655
v -52.964 		490.352 		31.8819
v -53.33 		490.352 		31.876
v -54.2 		490.352 		31.83
v -55.571 		490.352 		31.655
v -56.099 		490.352 		75.608
v -55.6 		490.352 		75.86
v -54.672 		490.352 		76.168
v -53.73 		490.352 		76.43
v -53.73 		489.35 		76.43
v -54.672 		489.35 		76.168
v -55.6 		489.35 		75.86
v -56.099 		489.35 		75.608
v -56.168 		489.35 		57.8453
v -54.168 		489.35 		68.383
v -56.168 		489.35 		51.172
v -53.007 		489.35 		70.712
v -53.289 		489.35 		70.388
v -53.526 		489.35 		70.03
v -53.715 		489.35 		69.644
v -53.7191 		489.35 		69.632
v -53.9263 		489.35 		69.6557
v -53.9343 		489.35 		69.632
v -53.7367 		489.35 		70.0642
v -53.904 		489.35 		69.722
v -53.151 		489.35 		70.858
v -53.451 		489.35 		70.514
v -53.703 		489.35 		70.133
v -53.853 		489.35 		69.236
v -53.936 		489.35 		68.813
v -53.964 		489.35 		68.383
v -53.936 		489.35 		67.953
v -53.8636 		489.35 		67.584
v -54.124 		489.35 		67.8547
v -54.071 		489.35 		67.584
v -54.1637 		489.35 		68.3174
v -54.138 		489.35 		67.926
v -54.05 		489.35 		69.289
v -54.138 		489.35 		68.84
v -53.853 		489.35 		67.53
v -53.715 		489.35 		67.122
v -53.526 		489.35 		66.736
v -53.289 		489.35 		66.378
v -53.007 		489.35 		66.054
v -53.0973 		489.35 		65.8604
v -53.151 		489.35 		65.908
v -53.4016 		489.35 		66.1953
v -53.666 		489.35 		66.5771
v -53.451 		489.35 		66.252
v -54.05 		489.35 		67.477
v -53.904 		489.35 		67.044
v -53.703 		489.35 		66.633
v -53.148 		489.35 		55.656
v -53.732 		489.35 		55.279
v -54.26 		489.35 		54.833
v -54.723 		489.35 		54.324
v -54.974 		489.35 		53.9617
v -54.5694 		489.35 		54.9814
v -54.974 		489.35 		54.5365
v -54.0244 		489.35 		55.4612
v -54.497 		489.35 		55.061
v -53.4083 		489.35 		55.875
v -53.936 		489.35 		55.536
v -53.315 		489.35 		55.935
v -55.3754 		489.35 		53.248
v -55.113 		489.35 		53.761
v -34.653 		489.35 		50.758
v -35.168 		489.35 		52.4339
v -34.15 		489.35 		49.19
v -54.989 		489.35 		54.52
v -35.168 		489.35 		49.152
v -33.932 		489.35 		48.823
v -55.404 		489.35 		53.922
v -55.734 		489.35 		53.277
v -32.82 		489.35 		46.47
v -33.222 		489.35 		47.476
v -55.7442 		489.35 		53.248
v -33.7 		489.35 		48.46
v -34.653 		490.352 		50.758
v -34.15 		490.352 		49.19
v -55.404 		489.35 		49.152
v -55.424 		489.35 		53.153
v -55.65 		489.35 		52.512
v -55.787 		489.35 		51.848
v -55.833 		489.35 		51.172
v -55.787 		489.35 		50.497
v -33.932 		490.352 		48.823
v -55.65 		489.35 		49.832
v -55.424 		489.35 		49.191
v -55.7639 		489.35 		49.152
v -55.937 		489.35 		49.6438
v -33.7 		490.352 		48.46
v -33.222 		490.352 		47.476
v -32.82 		490.352 		46.47
v -55.974 		489.35 		49.749
v -56.0968 		489.35 		50.3463
v -56.119 		489.35 		50.454
v -56.1606 		489.35 		51.0638
v -56.1265 		489.35 		51.7795
v -55.974 		489.35 		52.596
v -56.119 		489.35 		51.89
v -54.974 		489.35 		48.3833
v -54.723 		489.35 		48.021
v -54.26 		489.35 		47.512
v -53.732 		489.35 		47.065
v -53.148 		489.35 		46.689
v -53.2123 		489.35 		46.3602
v -53.315 		489.35 		46.409
v -53.8411 		489.35 		46.7479
v -54.497 		489.35 		47.283
v -54.974 		489.35 		47.8075
v -53.936 		489.35 		46.809
v -55.113 		489.35 		48.584
v -55.734 		489.35 		49.067
v -55.404 		489.35 		48.422
v -54.989 		489.35 		47.824
v -47.5342 		489.35 		53.2612
v -47.565 		489.35 		53.289
v -47.7184 		489.35 		53.4673
v -47.743 		489.35 		53.496
v -47.8672 		489.35 		53.6869
v -48.098 		489.35 		54.233
v -48.011 		489.35 		53.972
v -47.892 		489.35 		53.725
v -46.851 		489.35 		56.608
v -47.079 		489.35 		56.494
v -47.289 		489.35 		56.35
v -47.3978 		489.35 		56.4166
v -47.139 		489.35 		56.601
v -47.363 		489.35 		56.448
# 1685 vertices

g group_5_14860437

usemtl color_14860437
s 0

f 7486 	7487 	6953
f 7486 	6953 	6952
f 7488 	7489 	7490
f 7488 	7490 	7491
f 7512 	7489 	7511
f 7489 	7488 	7511
f 7515 	7511 	7488
f 7193 	7515 	7488
f 7489 	7512 	7517
f 7489 	7517 	7520
f 7521 	7489 	7520
f 7491 	7490 	7486
f 7490 	7487 	7486
f 6952 	7195 	7486
f 7486 	7195 	7491
f 7193 	7488 	7195
f 7491 	7195 	7488
f 7489 	8346 	7490
f 7487 	7490 	8346
f 7487 	8346 	6953
f 8346 	7489 	7521
# 21 faces

g group_5_15277357

usemtl color_15277357
s 0

f 6793 	6791 	6790
f 6792 	6790 	6791
f 6795 	6803 	6794
f 6794 	6797 	6793
f 6796 	6802 	6795
f 6791 	6793 	6797
f 6797 	6794 	6803
f 6798 	6801 	6796
f 6803 	6795 	6802
f 6801 	6802 	6796
f 6804 	6816 	6800
f 6799 	6800 	6806
f 6807 	6812 	6805
f 6798 	6805 	6801
f 6808 	6815 	6804
f 6806 	6800 	6810
f 6809 	6817 	6807
f 6801 	6805 	6812
f 6811 	6814 	6808
f 6813 	6819 	6809
f 6816 	6804 	6815
f 6810 	6800 	6816
f 6814 	6815 	6808
f 6812 	6807 	6817
f 6822 	6823 	6818
f 6817 	6809 	6819
f 6820 	6822 	6818
f 6824 	6827 	6821
f 6819 	6813 	6823
f 6813 	6818 	6823
f 6826 	6829 	6824
f 6828 	6832 	6835
f 6827 	6824 	6829
f 6834 	6835 	6832
f 6844 	6843 	6831
f 6836 	6839 	6833
f 6829 	6826 	6837
f 6826 	6828 	6837
f 6835 	6837 	6828
f 6834 	6832 	6806
f 6838 	6841 	6836
f 6859 	6857 	6839
f 6840 	6845 	6838
f 8286 	6821 	6827
f 6839 	6836 	6841
f 6843 	6844 	6840
f 6841 	6838 	6845
f 6844 	6845 	6840
f 6825 	6831 	6843
f 6849 	6891 	6886
f 6847 	6852 	6846
f 8300 	6849 	6842
f 6850 	6861 	6848
f 6848 	6855 	6847
f 6895 	6846 	6852
f 6854 	6860 	6850
f 6852 	6847 	6855
f 6857 	6859 	6854
f 6868 	6864 	6856
f 6858 	6868 	6856
f 6861 	6850 	6860
f 6855 	6848 	6861
f 6859 	6860 	6854
f 6833 	6839 	6857
f 6863 	6866 	6858
f 6865 	6872 	6862
f 6872 	6869 	6862
f 6867 	6875 	6865
f 6820 	6862 	6869
f 6822 	6820 	6869
f 6868 	6858 	6866
f 6851 	6870 	6863
f 6871 	6863 	6870
f 6866 	6863 	6871
f 6873 	6876 	6879
f 6872 	6865 	6875
f 6878 	6879 	6876
f 6877 	6890 	6874
f 6875 	6867 	6880
f 6867 	6873 	6880
f 6879 	6880 	6873
f 6851 	6874 	6870
f 6884 	6870 	6874
f 6881 	6888 	6877
f 6886 	6891 	6881
f 6887 	6898 	6885
f 6889 	6897 	6887
f 6884 	6874 	6890
f 6888 	6890 	6877
f 6842 	6849 	6886
f 6888 	6881 	6891
f 6895 	6896 	6892
f 6894 	6902 	6893
f 6897 	6889 	6896
f 6898 	6887 	6897
f 6892 	6896 	6889
f 6895 	6892 	6846
f 6899 	6905 	6894
f 6878 	6876 	6901
f 6876 	6882 	6901
f 6882 	6883 	6901
f 6900 	6901 	6883
f 6885 	6903 	6883
f 6903 	6885 	6898
f 6900 	6883 	6903
f 6902 	6894 	6905
f 6792 	6904 	6790
f 6909 	6923 	6908
f 6792 	6908 	6904
f 6912 	6916 	6910
f 6913 	6921 	6911
f 6914 	6925 	6913
f 6907 	6915 	6912
f 6915 	6916 	6912
f 6917 	6910 	6916
f 6919 	6924 	6914
f 6918 	6911 	6921
f 6921 	6913 	6925
f 6923 	6909 	6919
f 6922 	6928 	6920
f 6926 	6931 	6922
f 6925 	6914 	6924
f 6904 	6908 	6923
f 6924 	6919 	6909
f 6929 	6920 	6928
f 6893 	6902 	6926
f 6931 	6926 	6902
f 6928 	6922 	6931
f 6932 	6936 	6930
f 6934 	6939 	6932
f 6936 	6948 	6930
f 6935 	6941 	6933
f 6907 	6933 	6915
f 6942 	6943 	6937
f 6915 	6933 	6941
f 6938 	6945 	6935
f 6936 	6932 	6939
f 6940 	6942 	6937
f 6939 	6934 	6944
f 6934 	6937 	6944
f 6943 	6944 	6937
f 6942 	6940 	6911
f 6942 	6911 	6918
f 6941 	6935 	6945
f 6945 	6938 	6947
f 6949 	6830 	6946
f 6948 	6949 	6927
f 6927 	6930 	6948
f 6946 	6927 	6949
f 6825 	6946 	6830
f 6831 	6825 	6830
f 6955 	6963 	6951
f 6957 	6967 	6965
f 6960 	6961 	6959
f 6965 	6951 	6963
f 6961 	6963 	6955
f 6955 	6959 	6961
f 6960 	6969 	6976
f 6951 	6965 	6967
f 7160 	7155 	6957
f 6970 	6976 	6969
f 6959 	6969 	6960
f 6971 	6975 	6970
f 6973 	6975 	6971
f 6976 	6970 	6975
f 6975 	6973 	6977
f 6981 	6984 	6979
f 6973 	6979 	6977
f 6983 	6988 	6981
f 6977 	6979 	6984
f 6984 	6981 	6988
f 6985 	6987 	6983
f 6988 	6983 	6987
f 6990 	6991 	6992
f 6985 	6992 	6991
f 6987 	6985 	6991
f 7001 	7006 	6999
f 6814 	6811 	7004
f 6999 	7004 	6811
f 6853 	7030 	7023
f 7023 	7031 	7012
f 7031 	7023 	7030
f 7030 	6853 	6864
f 6853 	6856 	6864
f 7038 	7048 	7001
f 7040 	7047 	7038
f 7004 	6999 	7006
f 7042 	7046 	7040
f 7006 	7001 	7048
f 7048 	7038 	7047
f 7046 	7047 	7040
f 7059 	7069 	7056
f 7062 	7068 	7059
f 7042 	7056 	7063
f 7042 	7063 	7046
f 7063 	7056 	7069
f 7064 	7068 	7062
f 7069 	7059 	7068
f 7068 	7064 	7072
f 7075 	7086 	7073
f 7079 	7091 	7075
f 7086 	7072 	7073
f 7064 	7073 	7072
f 7088 	7095 	7079
f 7086 	7075 	7091
f 7012 	7097 	7088
f 7091 	7079 	7095
f 7095 	7088 	7097
f 7097 	7012 	7031
f 7149 	7114 	7100
f 7137 	7130 	7111
f 7122 	7128 	7118
f 7125 	7134 	7122
f 7130 	7137 	7125
f 7128 	7122 	7134
f 7133 	7134 	7125
f 7100 	7111 	7130
f 7133 	7125 	7137
f 7141 	7118 	7128
f 7143 	7175 	7142
f 7144 	7174 	7143
f 7152 	7161 	7149
f 7155 	7160 	7152
f 7111 	7100 	7114
f 7114 	7149 	7161
f 7161 	7152 	7160
f 6967 	6957 	7155
f 7357 	6990 	6992
f 7174 	7144 	7173
f 7175 	7143 	7174
f 7144 	7351 	7173
f 7189 	7197 	7182
f 7198 	7182 	7197
f 7202 	7219 	7201
f 7204 	7219 	7202
f 7206 	7201 	7219
f 7207 	7182 	7194
f 7198 	7194 	7182
f 7204 	7207 	7226
f 7226 	7207 	7194
f 7219 	7204 	7226
f 7233 	7241 	7230
f 7236 	7259 	7233
f 7238 	7258 	7236
f 7237 	7230 	7241
f 7241 	7233 	7259
f 7258 	7259 	7236
f 7257 	7258 	7238
f 7257 	7238 	7246
f 7201 	7206 	7246
f 7257 	7246 	7206
f 7260 	6906 	6899
f 7289 	7292 	7189
f 7189 	7266 	7289
f 7294 	7289 	7266
f 7268 	7294 	7266
f 6905 	6899 	6906
f 7272 	7277 	7271
f 7141 	7276 	7274
f 7277 	7272 	7276
f 7272 	7274 	7276
f 7118 	7141 	7274
f 7277 	7281 	7271
f 7279 	7271 	7281
f 7281 	7286 	7279
f 7282 	7279 	7286
f 7282 	7286 	7289
f 7292 	7289 	7286
f 7260 	7197 	7295
f 6906 	7260 	7295
f 7292 	7295 	7197
f 7197 	7189 	7292
f 7175 	7297 	7142
f 7268 	7142 	7297
f 7294 	7268 	7297
f 7305 	7306 	7302
f 7301 	7302 	7306
f 7317 	7329 	7312
f 7302 	7321 	7305
f 7333 	7334 	7309
f 7329 	7331 	7312
f 7309 	7312 	7331
f 7331 	7333 	7309
f 7321 	7309 	7334
f 7305 	7321 	7334
f 6904 	7014 	7099
f 7340 	7347 	7336
f 7336 	7348 	7317
f 6904 	7099 	7342
f 6904 	7342 	6790
f 7237 	7346 	7343
f 7329 	7317 	7348
f 6792 	7003 	6908
f 7002 	6908 	7003
f 7002 	7005 	6909
f 7002 	6909 	6908
f 7005 	7007 	6909
f 7347 	7340 	7346
f 7348 	7336 	7347
f 7343 	7346 	7340
f 7237 	7343 	7230
f 6911 	7010 	7022
f 7172 	7173 	7351
f 6913 	6911 	7022
f 6913 	7022 	7021
f 7301 	7354 	7351
f 7306 	7355 	7301
f 7352 	7359 	7306
f 6914 	6913 	7021
f 6914 	7021 	7019
f 7353 	7359 	7352
f 6799 	6832 	7020
f 6799 	7020 	7017
f 7024 	6942 	7025
f 6800 	6799 	7017
f 6800 	7017 	7015
f 6919 	6914 	7019
f 6919 	7019 	7018
f 7029 	7028 	6918
f 6804 	6800 	7015
f 6804 	7015 	7013
f 7028 	7025 	6918
f 6834 	6806 	7027
f 7026 	7027 	6806
f 6923 	6919 	7018
f 6923 	7018 	7016
f 6808 	6804 	7013
f 6808 	7013 	7011
f 7034 	7033 	6921
f 7034 	6921 	6925
f 7356 	7361 	7353
f 7354 	7301 	7355
f 7172 	7351 	7354
f 6918 	6921 	7029
f 7033 	7029 	6921
f 7032 	7000 	6806
f 7032 	6806 	6810
f 7016 	7014 	6923
f 6904 	6923 	7014
f 7000 	7026 	6806
f 7357 	7354 	7358
f 7355 	7358 	7354
f 7007 	7036 	6924
f 7007 	6924 	6909
f 6811 	6808 	7011
f 6811 	7011 	7009
f 7036 	7039 	6925
f 7036 	6925 	6924
f 7358 	6990 	7357
f 7035 	7037 	6810
f 7039 	7034 	6925
f 7037 	7032 	6810
f 6927 	7045 	7054
f 7355 	7306 	7359
f 7360 	7366 	7356
f 6930 	6927 	7054
f 6930 	7054 	7053
f 7359 	7353 	7361
f 7363 	7361 	7356
f 7362 	7365 	7360
f 7008 	6811 	7009
f 6932 	6930 	7053
f 6932 	7053 	7052
f 7364 	7369 	7362
f 7363 	7356 	7366
f 6934 	6932 	7052
f 6934 	7052 	7051
f 6814 	7041 	7043
f 7366 	7360 	7365
f 7058 	7057 	6936
f 7043 	7044 	6815
f 7043 	6815 	6814
f 7368 	7371 	7367
f 6937 	6934 	7051
f 6937 	7051 	7050
f 7044 	7055 	6816
f 7044 	6816 	6815
f 7365 	7362 	7369
f 7372 	7369 	7364
f 7364 	7367 	7372
f 7370 	7373 	7368
f 7061 	7060 	6936
f 6810 	6816 	7035
f 7055 	7035 	6816
f 7060 	7058 	6936
f 7372 	7367 	7371
f 7371 	7368 	7373
f 6853 	7067 	7070
f 6940 	6937 	7050
f 6940 	7050 	7049
f 7066 	7065 	6939
f 7375 	7378 	7374
f 6821 	7083 	7082
f 6936 	6939 	7061
f 7065 	7061 	6939
f 7376 	7379 	7375
f 7370 	7374 	7377
f 7370 	7377 	7373
f 6824 	6821 	7082
f 6824 	7082 	7081
f 7049 	7010 	6940
f 6911 	6940 	7010
f 6910 	6917 	7376
f 6826 	6824 	7081
f 6826 	7081 	7080
f 7024 	7071 	6942
f 6918 	7025 	6942
f 7378 	7375 	7379
f 7377 	7374 	7378
f 7087 	7089 	6827
f 7071 	7074 	6943
f 7071 	6943 	6942
f 7379 	7376 	6917
f 7074 	7076 	6944
f 7074 	6944 	6943
f 6828 	6826 	7080
f 6828 	7080 	7078
f 6939 	6944 	7066
f 7076 	7066 	6944
f 7092 	7093 	6827
f 6946 	6825 	7084
f 6946 	7084 	7085
f 7093 	7087 	6827
f 7085 	7045 	6946
f 6927 	6946 	7045
f 6832 	6828 	7078
f 6832 	7078 	7077
f 7057 	7090 	6948
f 7057 	6948 	6936
f 7090 	7094 	6949
f 7090 	6949 	6948
f 7098 	7101 	6829
f 6830 	6949 	7096
f 7094 	7096 	6949
f 6827 	6829 	7092
f 7101 	7092 	6829
f 6832 	7077 	7020
f 7027 	7108 	6834
f 7108 	7115 	6835
f 7108 	6835 	6834
f 7115 	7121 	6837
f 7115 	6837 	6835
f 6829 	6837 	7098
f 7121 	7098 	6837
f 6821 	8285 	7083
f 8286 	6827 	7138
f 7089 	7138 	6827
f 7154 	7153 	6842
f 8388 	6842 	7153
f 6849 	7158 	7159
f 8300 	7162 	6849
f 7167 	6849 	7162
f 7167 	7158 	6849
f 7178 	7176 	6851
f 7070 	7184 	6853
f 6853 	7184 	7183
f 6853 	7183 	6856
f 6856 	7183 	7181
f 6856 	7181 	6858
f 6858 	7181 	7180
f 6858 	7180 	6863
f 6868 	7191 	6864
f 7188 	6864 	7191
f 7192 	6864 	7188
f 7178 	6851 	6863
f 7178 	6863 	7180
f 7196 	6871 	6870
f 7196 	6870 	6989
f 7200 	6866 	6871
f 7200 	6871 	7196
f 7203 	6868 	6866
f 7203 	6866 	7200
f 6868 	7203 	7191
f 6870 	7205 	6989
f 7176 	7228 	6874
f 7176 	6874 	6851
f 6874 	7228 	7225
f 6874 	7225 	6877
f 6877 	7225 	7224
f 6877 	7224 	6881
f 7231 	7205 	6884
f 6870 	6884 	7205
f 6886 	6881 	7224
f 6886 	7224 	7222
f 7234 	6884 	7235
f 6884 	7234 	7231
f 7222 	7154 	6886
f 6842 	6886 	7154
f 7279 	7466 	7467
f 6849 	7159 	6891
f 7239 	6891 	7159
f 7243 	6888 	6891
f 7243 	6891 	7239
f 7256 	6890 	6888
f 7256 	6888 	7243
f 7256 	7235 	6890
f 6884 	6890 	7235
f 6893 	7265 	7264
f 6894 	6893 	7264
f 6894 	7264 	7263
f 6899 	6894 	7263
f 6899 	7263 	7262
f 7267 	7269 	6902
f 7261 	6899 	7262
f 7270 	6986 	6902
f 6986 	7267 	6902
f 7273 	7275 	6905
f 6902 	6905 	7270
f 7275 	7270 	6905
f 6906 	7278 	7280
f 6905 	6906 	7273
f 7280 	7273 	6906
f 6910 	7283 	7287
f 6910 	7287 	7285
f 6910 	7285 	6912
f 6912 	7285 	7284
f 6912 	7284 	6907
f 7288 	6916 	6915
f 7288 	6915 	6950
f 7290 	6917 	6916
f 7290 	6916 	7288
f 7291 	6917 	7290
f 6915 	7293 	6950
f 6920 	7296 	7300
f 6922 	6920 	7300
f 6922 	7300 	7299
f 6926 	6922 	7299
f 6926 	7299 	7298
f 7304 	7303 	6929
f 7298 	7265 	6926
f 6893 	6926 	7265
f 7269 	7307 	6931
f 7269 	6931 	6902
f 7307 	7315 	6928
f 7307 	6928 	6931
f 7315 	7318 	6929
f 7315 	6929 	6928
f 7318 	7304 	6929
f 7284 	7325 	6933
f 7284 	6933 	6907
f 6933 	7325 	7324
f 6933 	7324 	6935
f 6935 	7324 	7323
f 6935 	7323 	6938
f 7335 	7293 	6941
f 6915 	6941 	7293
f 7322 	6938 	7323
f 7341 	6941 	7339
f 6941 	7341 	7335
f 7345 	6945 	7344
f 7345 	7339 	6945
f 6941 	6945 	7339
f 7350 	6947 	7349
f 7350 	7344 	6947
f 6945 	6947 	7344
f 7495 	7496 	7497
f 7467 	7540 	7279
f 7271 	7279 	7540
f 7542 	7543 	7281
f 7543 	7545 	7281
f 7547 	7549 	7297
f 7282 	7554 	7555
f 7466 	7279 	7282
f 7466 	7282 	7555
f 7561 	7286 	7545
f 7281 	7545 	7286
f 7561 	7566 	7286
f 7549 	7572 	7294
f 7549 	7294 	7297
f 7554 	7282 	7289
f 7554 	7289 	7577
f 7580 	7292 	7566
f 7286 	7566 	7292
f 7584 	7295 	7582
f 7292 	7582 	7295
f 7572 	7577 	7289
f 7572 	7289 	7294
f 7292 	7587 	7582
f 7587 	7292 	7595
f 7292 	7580 	7595
f 6906 	7295 	7602
f 7584 	7602 	7295
f 7301 	7607 	7609
f 7301 	7609 	7302
f 7302 	7609 	7615
f 7617 	7305 	7620
f 7623 	7306 	7305
f 7623 	7305 	7617
f 7628 	7629 	7312
f 7628 	7312 	7309
f 7312 	7629 	7632
f 7312 	7632 	7317
f 7317 	7632 	7634
f 7329 	7636 	7637
f 7524 	7528 	6951
f 6951 	7528 	7527
f 6951 	7527 	6955
f 7615 	7639 	7321
f 7615 	7321 	7302
f 7530 	7529 	6957
f 6955 	7527 	7526
f 6955 	7526 	6959
f 7321 	7639 	7628
f 7321 	7628 	7309
f 6965 	7533 	6957
f 7532 	6957 	7533
f 7641 	7334 	7333
f 7641 	7333 	7643
f 7532 	7530 	6957
f 6959 	7526 	7525
f 7641 	7620 	7334
f 7305 	7334 	7620
f 7536 	6960 	7537
f 7645 	7329 	7637
f 7538 	6961 	6960
f 7538 	6960 	7536
f 7541 	6963 	6961
f 7541 	6961 	7538
f 7648 	7331 	7329
f 7648 	7329 	7645
f 7544 	6965 	6963
f 7544 	6963 	7541
f 7333 	7331 	7648
f 7333 	7648 	7643
f 6965 	7544 	7533
f 6967 	7548 	7551
f 7634 	7652 	7336
f 7634 	7336 	7317
f 6967 	7551 	7524
f 6967 	7524 	6951
f 7336 	7652 	7653
f 7336 	7653 	7340
f 7160 	6957 	7558
f 7529 	7558 	6957
f 7525 	7569 	6969
f 7525 	6969 	6959
f 7340 	7653 	7654
f 7340 	7654 	7343
f 6969 	7569 	7568
f 6969 	7568 	6970
f 7656 	7636 	7348
f 7329 	7348 	7636
f 6970 	7568 	7567
f 6970 	7567 	6971
f 6971 	7567 	7565
f 6971 	7565 	6973
f 7343 	7654 	7659
f 7343 	7659 	7230
f 6960 	6976 	7573
f 6960 	7573 	7537
f 7237 	7662 	7346
f 7661 	7346 	7662
f 6973 	7565 	7563
f 7576 	6977 	7578
f 7664 	7347 	7346
f 7664 	7346 	7661
f 7429 	6975 	6977
f 7429 	6977 	7576
f 7665 	7348 	7347
f 7665 	7347 	7664
f 7583 	6976 	6975
f 7583 	6975 	7429
f 6976 	7583 	7573
f 7348 	7665 	7656
f 7563 	7594 	6979
f 7563 	6979 	6973
f 7668 	7669 	7351
f 7668 	7351 	7144
f 6979 	7594 	7593
f 6979 	7593 	6981
f 7352 	7670 	7671
f 6981 	7593 	7591
f 6981 	7591 	6983
f 7351 	7669 	7607
f 7351 	7607 	7301
f 6983 	7591 	7589
f 6983 	7589 	6985
f 6988 	7599 	6984
f 7598 	6984 	7599
f 7306 	7675 	7670
f 7306 	7670 	7352
f 7598 	7578 	6984
f 6977 	6984 	7578
f 7306 	7623 	7675
f 6985 	7589 	7588
f 7352 	7671 	7677
f 7352 	7677 	7353
f 7605 	6990 	7606
f 7353 	7677 	7685
f 7353 	7685 	7356
f 7611 	6991 	6990
f 7611 	6990 	7605
f 7354 	7686 	7687
f 7614 	6987 	6991
f 7614 	6991 	7611
f 7358 	7355 	7688
f 7616 	6988 	6987
f 7616 	6987 	7614
f 7691 	7689 	7355
f 7689 	7688 	7355
f 6988 	7616 	7599
f 7588 	7627 	6992
f 7588 	6992 	6985
f 7687 	7693 	7354
f 7172 	7354 	7693
f 6992 	7627 	7626
f 7695 	7355 	7696
f 7630 	7606 	6990
f 7697 	7355 	7695
f 6990 	7633 	7630
f 7699 	7355 	7697
f 7691 	7355 	7699
f 7356 	7685 	7709
f 7356 	7709 	7360
f 7711 	7712 	7357
f 7357 	7712 	7686
f 7357 	7686 	7354
f 7717 	7633 	7358
f 6990 	7358 	7633
f 7721 	7358 	7688
f 7358 	7721 	7717
f 7724 	7359 	7725
f 7724 	7696 	7359
f 7355 	7359 	7696
f 7362 	7360 	7709
f 7362 	7709 	7727
f 7363 	7729 	7361
f 7728 	7361 	7729
f 7728 	7725 	7361
f 7359 	7361 	7725
f 7364 	7362 	7727
f 7364 	7727 	7730
f 7366 	7732 	7363
f 7731 	7363 	7732
f 7363 	7731 	7729
f 7364 	7730 	7739
f 7744 	7365 	7746
f 7750 	7366 	7365
f 7750 	7365 	7744
f 7366 	7750 	7732
f 7739 	7754 	7367
f 7739 	7367 	7364
f 7367 	7754 	7757
f 7367 	7757 	7368
f 7368 	7757 	7758
f 7368 	7758 	7370
f 7372 	7762 	7369
f 7760 	7369 	7762
f 7760 	7746 	7369
f 7365 	7369 	7746
f 7370 	7758 	7765
f 7766 	7373 	7767
f 7768 	7371 	7373
f 7768 	7373 	7766
f 7770 	7372 	7371
f 7770 	7371 	7768
f 7372 	7770 	7762
f 7765 	7778 	7374
f 7765 	7374 	7370
f 7374 	7778 	7780
f 7374 	7780 	7375
f 7375 	7780 	7782
f 7375 	7782 	7376
f 7783 	7767 	7377
f 7373 	7377 	7767
f 7376 	7782 	7283
f 7376 	7283 	6910
f 7786 	7377 	7787
f 7377 	7786 	7783
f 7792 	7378 	7379
f 7792 	7787 	7378
f 7377 	7378 	7787
f 6917 	7291 	7379
f 7796 	7379 	7291
f 7379 	7796 	7792
f 7498 	7499 	7919
f 7926 	7919 	7499
f 7926 	7499 	7927
f 7930 	7926 	7927
f 7930 	7927 	7933
f 7953 	7930 	7933
f 7953 	7933 	7956
f 7959 	8210 	7958
f 7995 	8002 	7991
f 8003 	7991 	8002
f 8004 	8020 	8003
f 8001 	8002 	7995
f 7995 	8037 	8001
f 8011 	8018 	8008
f 8013 	8029 	8011
f 8017 	8027 	8013
f 8016 	8008 	8018
f 8020 	8004 	8017
f 8018 	8011 	8029
f 8027 	8029 	8013
f 7991 	8003 	8020
f 8027 	8017 	8004
f 8040 	8049 	8037
f 8043 	8054 	8040
f 8046 	8053 	8043
f 8001 	8037 	8049
f 8049 	8040 	8054
f 8050 	8052 	8046
f 8054 	8043 	8053
f 8052 	8053 	8046
f 8069 	8079 	8056
f 8056 	8052 	8050
f 8074 	8083 	8069
f 8052 	8056 	8079
f 8079 	8069 	8083
f 8080 	8085 	8074
f 8090 	8091 	8084
f 8083 	8074 	8085
f 8087 	8090 	8084
f 8085 	8080 	8091
f 8080 	8084 	8091
f 8097 	8104 	8096
f 8098 	8110 	8097
f 8104 	8097 	8110
f 8115 	8116 	8107
f 8112 	8114 	8107
f 8110 	8098 	8116
f 8098 	8107 	8116
f 8016 	8114 	8008
f 8112 	8008 	8114
f 8115 	8107 	8114
f 8127 	8128 	8121
f 8129 	8120 	8128
f 8120 	8121 	8128
f 8121 	8094 	8127
f 8126 	8127 	8094
f 8104 	8126 	8096
f 8094 	8096 	8126
f 8133 	8145 	8131
f 8141 	8147 	8133
f 8146 	7497 	8141
f 8145 	8133 	8147
f 8147 	8141 	7497
f 7497 	8146 	8151
f 8120 	8129 	8148
f 8129 	8151 	8148
f 8146 	8148 	8151
f 7930 	8170 	7926
f 7926 	8168 	7919
f 7953 	8182 	7930
f 8168 	7926 	8170
f 7964 	8180 	7953
f 8170 	7930 	8182
f 8171 	8178 	7964
f 8182 	7953 	8180
f 8178 	8180 	7964
f 8131 	8145 	8171
f 8178 	8171 	8145
f 8188 	8194 	8186
f 8194 	8192 	8186
f 7964 	7953 	7956
f 7964 	7956 	8035
f 8119 	8168 	8170
f 8191 	8197 	8188
f 8087 	8186 	8192
f 8090 	8087 	8192
f 8119 	7958 	8168
f 8195 	8201 	8191
f 8194 	8188 	8197
f 8201 	8197 	8191
f 8199 	8200 	8198
f 8171 	7964 	8035
f 8171 	8035 	8111
f 8124 	8123 	8170
f 8124 	8170 	8182
f 8201 	8195 	8200
f 8195 	8198 	8200
f 8123 	8119 	8170
f 8111 	8058 	8171
f 8131 	8171 	8058
f 8207 	8213 	8206
f 8075 	8132 	8178
f 8075 	8178 	8145
f 8208 	8212 	8207
f 6790 	7342 	7877
f 8132 	8138 	8180
f 8132 	8180 	8178
f 8210 	8211 	8209
f 6790 	7877 	7876
f 6790 	7876 	6793
f 8138 	8143 	8182
f 8138 	8182 	8180
f 7879 	6791 	7880
f 8143 	8124 	8182
f 7884 	6792 	6791
f 7884 	6791 	7879
f 7821 	8157 	8186
f 7821 	8186 	8087
f 8212 	8208 	8211
f 8213 	8207 	8212
f 8209 	8211 	8208
f 8209 	7919 	8210
f 8168 	8210 	7919
f 7003 	6792 	7884
f 8186 	8157 	8156
f 8186 	8156 	8188
f 7876 	7902 	6793
f 8188 	8156 	8155
f 8188 	8155 	8191
f 6793 	7902 	7901
f 6793 	7901 	6794
f 8199 	8198 	8215
f 8198 	8203 	8215
f 8203 	8204 	8215
f 8214 	8215 	8204
f 8206 	8216 	8204
f 8216 	8206 	8213
f 8214 	8204 	8216
f 8194 	8161 	8192
f 8160 	8192 	8161
f 6794 	7901 	7900
f 6794 	7900 	6795
f 6795 	7900 	7899
f 6795 	7899 	6796
f 8160 	7972 	8192
f 8090 	8192 	7972
f 7903 	7880 	6797
f 6791 	6797 	7880
f 8191 	8155 	8154
f 8191 	8154 	8195
f 6796 	7899 	7898
f 6796 	7898 	6798
f 8165 	8194 	8166
f 6803 	7909 	6797
f 7908 	6797 	7909
f 8194 	8165 	8161
f 6797 	7908 	7903
f 8198 	8195 	8154
f 8198 	8154 	8153
f 6798 	7898 	7897
f 8201 	8169 	8197
f 7316 	6801 	7911
f 8169 	8166 	8197
f 8194 	8197 	8166
f 7912 	6802 	6801
f 7912 	6801 	7316
f 8198 	8153 	8152
f 7914 	6803 	6802
f 7914 	6802 	7912
f 8183 	8199 	8185
f 6803 	7914 	7909
f 8187 	8200 	8199
f 8187 	8199 	8183
f 7897 	7925 	6805
f 7897 	6805 	6798
f 8228 	8201 	8200
f 8228 	8200 	8187
f 6805 	7925 	7924
f 6805 	7924 	6807
f 8201 	8228 	8169
f 6807 	7924 	7923
f 6807 	7923 	6809
f 8237 	8238 	8204
f 8237 	8204 	8203
f 7928 	7911 	6812
f 6801 	6812 	7911
f 8204 	8238 	8240
f 8204 	8240 	8206
f 6809 	7923 	7922
f 6809 	7922 	6813
f 8206 	8240 	8241
f 8206 	8241 	8207
f 7931 	6812 	7934
f 8207 	8241 	8242
f 8207 	8242 	8208
f 6812 	7931 	7928
f 6818 	6813 	7922
f 6818 	7922 	7921
f 7935 	6817 	7936
f 7935 	7934 	6817
f 6812 	6817 	7934
f 6820 	6818 	7921
f 6820 	7921 	7920
f 7936 	6819 	7937
f 6817 	6819 	7936
f 6820 	7920 	7917
f 7938 	6822 	7940
f 7941 	6823 	6822
f 7941 	6822 	7938
f 7941 	7937 	6823
f 6819 	6823 	7937
f 6825 	7943 	7942
f 8208 	8242 	8248
f 8208 	8248 	8209
f 8213 	8255 	8256
f 8209 	8248 	7498
f 8209 	7498 	7919
f 7959 	8259 	8210
f 8168 	7958 	8210
f 8261 	8211 	8210
f 8261 	8210 	8259
f 8264 	8212 	8211
f 8264 	8211 	8261
f 8265 	8213 	8212
f 8265 	8212 	8264
f 7991 	7740 	7743
f 8213 	8265 	8255
f 7991 	7743 	7742
f 7991 	7742 	7995
f 8198 	8152 	8203
f 8237 	8203 	8152
f 7749 	7748 	8004
f 8239 	8185 	8215
f 8199 	8215 	8185
f 7995 	7742 	7741
f 8213 	8256 	8216
f 8274 	8216 	8256
f 7752 	8001 	7753
f 8277 	8214 	8216
f 8277 	8216 	8274
f 7756 	8002 	8001
f 7756 	8001 	7752
f 8215 	8214 	8277
f 8215 	8277 	8239
f 7759 	8003 	8002
f 7759 	8002 	7756
f 7759 	7763 	8004
f 7759 	8004 	8003
f 8282 	8284 	8281
f 7763 	7749 	8004
f 8283 	8288 	8282
f 8008 	7769 	7775
f 8285 	8287 	8283
f 8011 	8008 	7775
f 8011 	7775 	7774
f 8013 	8011 	7774
f 8013 	7774 	7773
f 8288 	8283 	8287
f 8284 	8282 	8288
f 8286 	8287 	8285
f 8286 	8285 	6821
f 7776 	8114 	7777
f 8290 	8294 	8289
f 8017 	8013 	7773
f 8017 	7773 	7772
f 8291 	8294 	8290
f 7781 	7779 	8016
f 8293 	8281 	8295
f 7779 	7777 	8016
f 8020 	8017 	7772
f 8020 	7772 	7771
f 8292 	8289 	8294
f 8284 	8295 	8281
f 8293 	8296 	8291
f 8296 	8293 	8295
f 8294 	8291 	8296
f 7785 	7784 	8018
f 8016 	8018 	7781
f 7784 	7781 	8018
f 8298 	8302 	8297
f 7771 	7740 	8020
f 7991 	8020 	7740
f 8299 	8306 	8298
f 6842 	8297 	8300
f 7748 	7788 	8027
f 7748 	8027 	8004
f 8301 	8305 	8299
f 7788 	7793 	8029
f 7788 	8029 	8027
f 8018 	8029 	7785
f 7793 	7785 	8029
f 8300 	8297 	8302
f 8303 	8304 	8301
f 7741 	7805 	8037
f 7741 	8037 	7995
f 8306 	8299 	8305
f 8302 	8298 	8306
f 8304 	8305 	8301
f 8289 	8292 	8303
f 8304 	8303 	8292
f 8037 	7805 	7804
f 8037 	7804 	8040
f 8040 	7804 	7802
f 8040 	7802 	8043
f 8308 	8311 	8307
f 8043 	7802 	7801
f 8043 	7801 	8046
f 8309 	8312 	8308
f 7806 	7753 	8049
f 8001 	8049 	7753
f 8310 	8313 	8309
f 8046 	7801 	7800
f 8046 	7800 	8050
f 8311 	8308 	8312
f 6920 	6929 	8310
f 8054 	7808 	8049
f 7807 	8049 	7808
f 8312 	8309 	8313
f 8049 	7807 	7806
f 8313 	8310 	6929
f 7084 	6825 	7942
f 6844 	6831 	8038
f 7944 	8038 	6831
f 6830 	7096 	8047
f 8307 	8316 	8315
f 8311 	8316 	8307
f 8317 	8315 	8316
f 8318 	8328 	8317
f 8047 	8051 	6831
f 8047 	6831 	6830
f 8051 	7944 	6831
f 8321 	8323 	8320
f 6833 	8059 	8072
f 8322 	8325 	8321
f 6836 	6833 	8072
f 6836 	8072 	8070
f 8339 	8320 	8323
f 8324 	8330 	8322
f 6838 	6836 	8070
f 6838 	8070 	8067
f 8323 	8321 	8325
f 8327 	8325 	8322
f 8326 	8329 	8324
f 6859 	6839 	8077
f 8328 	8318 	8326
f 8327 	8322 	8330
f 6840 	6838 	8067
f 6840 	8067 	8065
f 8082 	7380 	6839
f 8330 	8324 	8329
f 8315 	8317 	8328
f 8329 	8326 	8318
f 6839 	7380 	8078
f 8078 	8077 	6839
f 8332 	8334 	8331
f 6938 	8331 	6947
f 6843 	6840 	8065
f 6843 	8065 	8063
f 8088 	8086 	6841
f 8333 	8337 	8332
f 6947 	8331 	8334
f 6839 	6841 	8082
f 8086 	8082 	6841
f 8334 	8332 	8337
f 8335 	8336 	8333
f 8063 	7943 	6843
f 6825 	6843 	7943
f 8336 	8337 	8333
f 8038 	8092 	6844
f 8092 	8095 	6845
f 8092 	6845 	6844
f 6841 	6845 	8088
f 8095 	8088 	6845
f 8335 	8338 	8341
f 8336 	8335 	8341
f 8340 	8341 	8338
f 8338 	8319 	8340
f 8339 	8340 	8319
f 8319 	8320 	8339
f 8099 	8106 	6846
f 6847 	6846 	8106
f 6847 	8106 	8105
f 6848 	6847 	8105
f 6848 	8105 	8103
f 6850 	6848 	8103
f 6850 	8103 	8102
f 8109 	8108 	6895
f 8109 	6895 	6852
f 6854 	6850 	8102
f 6854 	8102 	8101
f 8113 	8109 	6852
f 6857 	6854 	8101
f 6857 	8101 	8100
f 8118 	8117 	6855
f 6852 	6855 	8113
f 8117 	8113 	6855
f 8100 	8059 	6857
f 6833 	6857 	8059
f 8077 	8122 	6859
f 8122 	8125 	6860
f 8122 	6860 	6859
f 8125 	8130 	6861
f 8125 	6861 	6860
f 6855 	6861 	8118
f 8130 	8118 	6861
f 7917 	8140 	6862
f 7917 	6862 	6820
f 6862 	8140 	8139
f 6862 	8139 	6865
f 6865 	8139 	8137
f 6865 	8137 	6867
f 6872 	8144 	6869
f 8142 	6869 	8144
f 8142 	7940 	6869
f 6822 	6869 	7940
f 6867 	8137 	8136
f 6867 	8136 	6873
f 8149 	6872 	8150
f 6872 	8149 	8144
f 6876 	6873 	8136
f 6876 	8136 	8135
f 8158 	6875 	8159
f 8158 	8150 	6875
f 6872 	6875 	8150
f 6876 	8135 	8134
f 8162 	6878 	8163
f 8050 	7800 	7799
f 7809 	8052 	7810
f 7813 	8053 	8052
f 7813 	8052 	7809
f 7816 	8054 	8053
f 7816 	8053 	7813
f 8054 	7816 	7808
f 7799 	7948 	8056
f 7799 	8056 	8050
f 8056 	7948 	7947
f 8056 	7947 	8069
f 8069 	7947 	7945
f 8069 	7945 	8074
f 8052 	8079 	7810
f 8074 	7945 	7824
f 8074 	7824 	8080
f 8083 	7957 	8079
f 7955 	8079 	7957
f 7955 	7951 	8079
f 7951 	7810 	8079
f 8084 	8080 	7824
f 8084 	7824 	7823
f 7963 	8083 	7965
f 8083 	7963 	7957
f 8087 	8084 	7823
f 8087 	7823 	7822
f 7968 	8085 	7969
f 7968 	7965 	8085
f 8083 	8085 	7965
f 8087 	7822 	7821
f 7971 	8090 	7972
f 7973 	8091 	8090
f 7973 	8090 	7971
f 7973 	7969 	8091
f 8085 	8091 	7969
f 8094 	8121 	7981
f 8096 	8094 	7981
f 8096 	7981 	7980
f 8097 	8096 	7980
f 8097 	7980 	7979
f 8098 	8097 	7979
f 8098 	7979 	7978
f 7984 	7983 	8104
f 8107 	8098 	7978
f 8107 	7978 	7977
f 7987 	7986 	8104
f 7987 	8104 	8110
f 7986 	7984 	8104
f 8112 	8107 	7977
f 8112 	7977 	7976
f 8164 	6879 	6878
f 8164 	6878 	8162
f 7990 	7989 	8110
f 8167 	6880 	6879
f 8167 	6879 	8164
f 7989 	7987 	8110
f 8167 	8159 	6880
f 6875 	6880 	8159
f 8177 	8176 	6883
f 8177 	6883 	6882
f 7976 	7769 	8112
f 8008 	8112 	7769
f 6883 	8176 	8175
f 6883 	8175 	6885
f 7776 	7734 	8114
f 8016 	7777 	8114
f 6885 	8175 	8174
f 6885 	8174 	6887
f 7734 	8014 	8115
f 7734 	8115 	8114
f 6887 	8174 	8173
f 6887 	8173 	6889
f 8014 	8015 	8116
f 8014 	8116 	8115
f 6889 	8173 	8172
f 6889 	8172 	6892
f 8110 	8116 	7990
f 8015 	7990 	8116
f 6898 	8179 	8184
f 8120 	8019 	8023
f 6892 	8172 	8099
f 6892 	8099 	6846
f 8121 	8120 	8023
f 8121 	8023 	8022
f 8108 	8189 	6895
f 8032 	8031 	8129
f 8190 	6896 	6895
f 8190 	6895 	8189
f 8193 	6897 	6896
f 8193 	6896 	8190
f 8121 	8022 	7981
f 8196 	6898 	6897
f 8196 	6897 	8193
f 7983 	8036 	8126
f 7983 	8126 	8104
f 6898 	8196 	8179
f 8036 	8042 	8127
f 8036 	8127 	8126
f 6876 	8134 	6882
f 8177 	6882 	8134
f 8042 	8044 	8128
f 8042 	8128 	8127
f 7227 	8163 	6901
f 6878 	6901 	8163
f 8044 	8048 	8129
f 8044 	8129 	8128
f 6898 	8184 	6903
f 8202 	6903 	8184
f 8048 	8032 	8129
f 8205 	6900 	6903
f 8205 	6903 	8202
f 8131 	8058 	8073
f 6901 	6900 	8205
f 6901 	8205 	7227
f 8133 	8131 	8073
f 8133 	8073 	8071
f 8141 	8133 	8071
f 8141 	8071 	8068
f 8076 	8075 	8145
f 8146 	8141 	8068
f 8146 	8068 	8066
f 8081 	7853 	8145
f 8145 	7853 	8076
f 8148 	8146 	8066
f 8148 	8066 	8064
f 7496 	8089 	8147
f 7496 	8147 	7497
f 8145 	8147 	8081
f 8089 	8081 	8147
f 8064 	8019 	8148
f 8120 	8148 	8019
f 8031 	8093 	8151
f 8031 	8151 	8129
f 8093 	7495 	7497
f 8093 	7497 	8151
f 8281 	8365 	8364
f 8282 	8281 	8364
f 8282 	8364 	8363
f 8283 	8282 	8363
f 8283 	8363 	8362
f 8295 	8284 	8367
f 8366 	8367 	8284
f 8285 	8283 	8362
f 8285 	8362 	8361
f 8368 	8369 	8284
f 8369 	8366 	8284
f 7129 	7083 	8285
f 7129 	8285 	8361
f 8286 	7138 	8370
f 8370 	8371 	8287
f 8370 	8287 	8286
f 8371 	8372 	8288
f 8371 	8288 	8287
f 8284 	8288 	8368
f 8372 	8368 	8288
f 8289 	8377 	8376
f 8290 	8289 	8376
f 8290 	8376 	8375
f 8291 	8290 	8375
f 8291 	8375 	8374
f 8378 	8379 	8292
f 8293 	8291 	8374
f 8293 	8374 	8373
f 8380 	8381 	8292
f 8381 	8378 	8292
f 8373 	8365 	8293
f 8281 	8293 	8365
f 8367 	8382 	8295
f 8382 	8383 	8296
f 8382 	8296 	8295
f 8383 	8359 	8294
f 8383 	8294 	8296
f 8294 	8359 	8380
f 8294 	8380 	8292
f 6842 	8388 	8297
f 8298 	8297 	8388
f 8298 	8388 	8387
f 8299 	8298 	8387
f 8299 	8387 	8386
f 7162 	8300 	8389
f 8301 	8299 	8386
f 8301 	8386 	8385
f 8391 	8390 	8300
f 8300 	8390 	8389
f 8303 	8301 	8385
f 8303 	8385 	8384
f 8392 	8393 	8302
f 8300 	8302 	8391
f 8393 	8391 	8302
f 8384 	8377 	8303
f 8289 	8303 	8377
f 8379 	8394 	8304
f 8379 	8304 	8292
f 8394 	8395 	8305
f 8394 	8305 	8304
f 8395 	8396 	8306
f 8395 	8306 	8305
f 8302 	8306 	8392
f 8396 	8392 	8306
f 8307 	8401 	8400
f 8308 	8307 	8400
f 8308 	8400 	8399
f 8309 	8308 	8399
f 8309 	8399 	8398
f 8310 	8309 	8398
f 8310 	8398 	8397
f 8403 	8316 	8402
f 7296 	6920 	8310
f 7296 	8310 	8397
f 8404 	8405 	8311
f 8404 	8311 	8312
f 8405 	8402 	8311
f 8406 	8407 	8312
f 8406 	8312 	8313
f 8407 	8404 	8312
f 8408 	8313 	7303
f 6929 	7303 	8313
f 8408 	8406 	8313
f 8315 	8409 	8410
f 8410 	8401 	8315
f 8307 	8315 	8401
f 8403 	8414 	8316
f 8311 	8402 	8316
f 8414 	8417 	8317
f 8414 	8317 	8316
f 8417 	8418 	8318
f 8417 	8318 	8317
f 8418 	8421 	8318
f 8319 	8425 	8433
f 8320 	8319 	8433
f 8320 	8433 	8432
f 8321 	8320 	8432
f 8321 	8432 	8430
f 8322 	8321 	8430
f 8322 	8430 	8429
f 8435 	8434 	8339
f 8324 	8322 	8429
f 8324 	8429 	8428
f 8440 	8439 	8323
f 8339 	8323 	8435
f 8439 	8435 	8323
f 8326 	8324 	8428
f 8326 	8428 	8427
f 8442 	8441 	8325
f 8442 	8325 	8327
f 8323 	8325 	8440
f 8441 	8440 	8325
f 8328 	8326 	8427
f 8328 	8427 	8426
f 8443 	8360 	8327
f 8443 	8327 	8330
f 8327 	8360 	8442
f 8426 	8409 	8328
f 8315 	8328 	8409
f 8421 	8444 	8329
f 8421 	8329 	8318
f 8444 	8445 	8330
f 8444 	8330 	8329
f 8445 	8443 	8330
f 8331 	6938 	7322
f 8331 	7322 	8450
f 8332 	8331 	8450
f 8332 	8450 	8449
f 8333 	8332 	8449
f 8333 	8449 	8448
f 8451 	7349 	8334
f 6947 	8334 	7349
f 8335 	8333 	8448
f 8335 	8448 	8447
f 8337 	8453 	8334
f 8452 	8334 	8453
f 8334 	8452 	8451
f 8335 	8447 	8446
f 8455 	8454 	8336
f 8456 	8337 	8336
f 8456 	8336 	8454
f 8337 	8456 	8453
f 8338 	8335 	8446
f 8338 	8446 	8457
f 8457 	8425 	8338
f 8319 	8338 	8425
f 8434 	8458 	8339
f 8458 	8459 	8340
f 8458 	8340 	8339
f 8459 	8460 	8341
f 8459 	8341 	8340
f 8336 	8341 	8455
f 8460 	8455 	8341
f 6799 	6806 	6832
f 6999 	7738 	7737
f 7001 	6999 	7737
f 7001 	7737 	7736
f 7001 	7736 	7735
f 7745 	7747 	7004
f 7751 	7755 	7004
f 7751 	7004 	7006
f 7755 	7745 	7004
f 7764 	7006 	7761
f 7764 	7751 	7006
f 7738 	6999 	7008
f 6811 	7008 	6999
f 7004 	7747 	6814
f 7041 	6814 	7747
f 7012 	7791 	7790
f 7023 	7012 	7790
f 7023 	7790 	7789
f 7067 	6853 	7023
f 7067 	7023 	7789
f 7795 	7030 	7794
f 7797 	7031 	7030
f 7797 	7030 	7795
f 7798 	7031 	7797
f 7030 	6864 	7794
f 7192 	7803 	6864
f 7803 	7794 	6864
f 7838 	7038 	7735
f 7001 	7735 	7038
f 7038 	7838 	7836
f 7038 	7836 	7040
f 7040 	7836 	7835
f 7040 	7835 	7042
f 7844 	7761 	7048
f 7006 	7048 	7761
f 7042 	7835 	7834
f 7042 	7834 	7056
f 7854 	7046 	7855
f 7856 	7047 	7046
f 7856 	7046 	7854
f 7860 	7048 	7047
f 7860 	7047 	7856
f 7048 	7860 	7844
f 7834 	7870 	7056
f 7056 	7870 	7869
f 7056 	7869 	7059
f 7059 	7869 	7868
f 7059 	7868 	7062
f 7871 	7855 	7063
f 7046 	7063 	7855
f 7062 	7868 	7867
f 7062 	7867 	7064
f 7069 	7874 	7063
f 7875 	7063 	7874
f 7063 	7875 	7871
f 7064 	7867 	7866
f 7881 	7072 	7878
f 7820 	7068 	7072
f 7820 	7072 	7881
f 7894 	7069 	7068
f 7894 	7068 	7820
f 7069 	7894 	7874
f 7866 	7907 	7073
f 7866 	7073 	7064
f 7073 	7907 	7906
f 7073 	7906 	7075
f 7075 	7906 	7905
f 7075 	7905 	7079
f 7910 	7878 	7086
f 7072 	7086 	7878
f 7079 	7905 	7904
f 7079 	7904 	7088
f 7915 	7086 	7913
f 7086 	7915 	7910
f 7791 	7012 	7088
f 7791 	7088 	7904
f 7918 	7091 	7916
f 7918 	7913 	7091
f 7086 	7091 	7913
f 7932 	7095 	7929
f 7932 	7916 	7095
f 7091 	7095 	7916
f 7031 	7798 	7097
f 7939 	7097 	7798
f 7939 	7929 	7097
f 7095 	7097 	7929
f 7100 	7477 	7479
f 7478 	7149 	7100
f 7478 	7100 	7479
f 7137 	7111 	7480
f 7483 	7482 	7111
f 7483 	7111 	7114
f 7481 	7480 	7111
f 7482 	7481 	7111
f 7114 	7485 	7484
f 7484 	7483 	7114
f 7118 	7492 	7826
f 7122 	7118 	7826
f 7122 	7826 	7825
f 7125 	7122 	7825
f 7125 	7825 	7494
f 7829 	7827 	7128
f 7130 	7125 	7494
f 7130 	7494 	7493
f 7832 	7831 	7128
f 7831 	7829 	7128
f 7493 	7477 	7130
f 7100 	7130 	7477
f 7480 	7833 	7137
f 7833 	7815 	7133
f 7833 	7133 	7137
f 7815 	7837 	7134
f 7815 	7134 	7133
f 7128 	7134 	7832
f 7837 	7832 	7134
f 7827 	7850 	7141
f 7827 	7141 	7128
f 7850 	7852 	7141
f 7142 	7946 	7952
f 7142 	7952 	7950
f 7142 	7950 	7143
f 7143 	7950 	7949
f 7143 	7949 	7144
f 7297 	7175 	7547
f 7954 	7547 	7175
f 7144 	7949 	7668
f 7149 	7478 	7962
f 7152 	7149 	7962
f 7152 	7962 	7961
f 7155 	7152 	7961
f 7155 	7961 	7960
f 7548 	6967 	7155
f 7548 	7155 	7960
f 7114 	7161 	7485
f 7966 	7485 	7161
f 7160 	7558 	7967
f 7967 	7970 	7161
f 7967 	7161 	7160
f 7970 	7966 	7161
f 6992 	7626 	7711
f 6992 	7711 	7357
f 7974 	7172 	7693
f 7492 	7118 	7975
f 7982 	7173 	7172
f 7982 	7172 	7974
f 7985 	7174 	7173
f 7985 	7173 	7982
f 7988 	7175 	7174
f 7988 	7174 	7985
f 7988 	7954 	7175
f 7182 	8000 	7999
f 7998 	7189 	7182
f 7998 	7182 	7999
f 8005 	8006 	7194
f 8005 	7194 	7198
f 8006 	8007 	7194
f 7197 	8009 	8012
f 7197 	8012 	7198
f 8012 	8005 	7198
f 7201 	8030 	8028
f 7202 	7201 	8028
f 7202 	8028 	8026
f 7204 	7202 	8026
f 7204 	8026 	8025
f 8033 	8034 	7206
f 7207 	7204 	8025
f 7207 	8025 	8024
f 8039 	8041 	7206
f 8039 	7206 	7219
f 8041 	8033 	7206
f 8024 	8000 	7207
f 7182 	7207 	8000
f 8007 	8045 	7226
f 8007 	7226 	7194
f 8045 	7992 	7219
f 8045 	7219 	7226
f 7219 	7992 	8039
f 7659 	8062 	7230
f 7233 	7230 	8062
f 7233 	8062 	8061
f 7236 	7233 	8061
f 7236 	8061 	8060
f 7237 	8461 	7662
f 7238 	7236 	8060
f 7238 	8060 	8057
f 8463 	8462 	7237
f 8462 	8461 	7237
f 7246 	7238 	8057
f 7246 	8057 	8055
f 8465 	8464 	7241
f 7237 	7241 	8463
f 8464 	8463 	7241
f 8055 	8030 	7246
f 7201 	7246 	8030
f 8034 	8466 	7257
f 8034 	7257 	7206
f 8466 	8467 	7258
f 8466 	7258 	7257
f 8467 	8468 	7259
f 8467 	7259 	7258
f 7241 	7259 	8465
f 8468 	8465 	7259
f 7260 	6899 	7261
f 7260 	7261 	7994
f 7993 	7260 	7994
f 7266 	7189 	7998
f 7266 	7998 	7997
f 7260 	7993 	7197
f 8009 	7197 	8010
f 8010 	7197 	7993
f 7996 	7268 	7266
f 7996 	7266 	7997
f 7268 	7996 	8021
f 7602 	7278 	6906
f 8021 	7946 	7268
f 7142 	7268 	7946
f 7271 	7540 	8471
f 7272 	7271 	8471
f 7272 	8471 	8470
f 7274 	7272 	8470
f 7274 	8470 	8469
f 7281 	7277 	7542
f 8472 	7542 	7277
f 8469 	7975 	7274
f 7118 	7274 	7975
f 8473 	7276 	7852
f 7141 	7852 	7276
f 8473 	8474 	7277
f 8473 	7277 	7276
f 8474 	8472 	7277
# 1719 faces

g group_5_16448250

usemtl color_16448250
s 0

f 7703 	7704 	7507
f 6958 	7702 	7507
f 7506 	7507 	7470
f 6958 	6956 	6972
f 6958 	6972 	6968
f 6956 	6954 	6974
f 6956 	6974 	6972
f 6978 	6974 	6966
f 6954 	6966 	6974
f 6966 	6964 	6980
f 6966 	6980 	6978
f 6964 	6962 	6982
f 6964 	6982 	6980
f 6962 	8354 	6982
f 7196 	7275 	7200
f 7307 	7269 	7205
f 7235 	7256 	7315
f 7026 	7000 	6978
f 6996 	6995 	6997
f 6996 	6997 	6998
f 7000 	7032 	6974
f 6974 	6978 	7000
f 6972 	6974 	7037
f 7037 	7035 	6972
f 6968 	7035 	7055
f 7002 	7003 	8415
f 7108 	7027 	6978
f 8354 	7121 	6982
f 6982 	7115 	6980
f 6978 	6980 	7108
f 7016 	7010 	7014
f 7342 	7099 	7010
f 7010 	7016 	7018
f 7019 	7021 	7018
f 7022 	7018 	7021
f 7010 	7018 	7022
f 7011 	7835 	7009
f 7015 	7835 	7013
f 7017 	7835 	7015
f 7028 	8415 	7025
f 8415 	7028 	7029
f 7731 	7071 	8415
f 7032 	7037 	6974
f 7033 	7034 	8415
f 6968 	6972 	7035
f 7036 	7007 	8415
f 7002 	8415 	7005
f 7029 	7033 	8415
f 7036 	8415 	7039
f 7039 	8415 	7034
f 7044 	7726 	7055
f 7041 	7720 	7043
f 7043 	7722 	7044
f 7085 	7898 	7045
f 7049 	7898 	7010
f 7050 	7898 	7049
f 7051 	7898 	7050
f 7052 	7898 	7051
f 7053 	7898 	7052
f 7054 	7898 	7053
f 7045 	7898 	7054
f 7060 	7061 	7750
f 7065 	7066 	7750
f 7061 	7065 	7750
f 7020 	7835 	7017
f 7732 	7750 	7066
f 7731 	7732 	7066
f 7180 	7181 	8361
f 7789 	7081 	7067
f 7024 	8415 	7071
f 7731 	7066 	7076
f 7074 	7071 	7731
f 7077 	7078 	7789
f 7080 	7789 	7078
f 7083 	7067 	7082
f 7082 	7067 	7081
f 7084 	7898 	7085
f 7058 	7060 	7744
f 7750 	7744 	7060
f 8355 	8356 	7101
f 7057 	7058 	7744
f 7098 	7121 	8355
f 6994 	6993 	7102
f 6994 	7102 	7103
f 7101 	7098 	8355
f 7027 	7026 	6978
f 7109 	7110 	7107
f 7109 	7107 	7106
f 7112 	7113 	7110
f 7112 	7110 	7109
f 7092 	7101 	8356
f 7108 	6980 	7115
f 7116 	7117 	7119
f 7116 	7119 	7120
f 8354 	8355 	7121
f 7115 	6982 	7121
f 7123 	7124 	7117
f 7123 	7117 	7116
f 7126 	7127 	7124
f 7126 	7124 	7123
f 7129 	7067 	7083
f 7131 	7132 	7127
f 7131 	7127 	7126
f 7135 	7136 	7132
f 7135 	7132 	7131
f 7139 	7140 	7136
f 7139 	7136 	7135
f 7089 	7087 	7550
f 7120 	7119 	7113
f 7120 	7113 	7112
f 7020 	7077 	7789
f 7080 	7081 	7789
f 7145 	7146 	7147
f 7145 	7147 	7148
f 7150 	7151 	7146
f 7150 	7146 	7145
f 7153 	7154 	8361
f 7154 	7222 	8361
f 7222 	7224 	8361
f 8388 	7153 	8361
f 7156 	7157 	7151
f 7156 	7151 	7150
f 7156 	7104 	7157
f 7105 	7157 	7104
f 7140 	7139 	7147
f 7148 	7147 	7139
f 7163 	7164 	7165
f 7163 	7165 	7166
f 7168 	7169 	7164
f 7168 	7164 	7163
f 7162 	8314 	7167
f 7170 	7171 	7169
f 7170 	7169 	7168
f 7166 	7165 	7179
f 7107 	7171 	7170
f 7107 	7170 	7106
f 7165 	7177 	7179
f 7067 	8361 	7070
f 7181 	7183 	8361
f 7184 	8361 	7183
f 7070 	8361 	7184
f 7179 	7177 	7185
f 7179 	7185 	7186
f 7186 	7185 	7187
f 7186 	7187 	7190
f 7195 	7190 	7193
f 7187 	7193 	7190
f 6989 	6986 	7196
f 6986 	7270 	7196
f 7191 	7273 	7188
f 7200 	7273 	7203
f 7203 	7273 	7191
f 7224 	7225 	8361
f 7225 	7228 	8361
f 7178 	7180 	8361
f 7228 	7176 	8361
f 7176 	7178 	8361
f 7211 	7212 	7227
f 7212 	7213 	7227
f 7210 	7211 	7227
f 7213 	7214 	7227
f 7214 	7215 	7227
f 7215 	7216 	7227
f 7216 	7217 	7227
f 7217 	7218 	7227
f 7218 	7220 	7227
f 7223 	7227 	7220
f 7221 	7223 	7220
f 7209 	7210 	7227
f 7227 	7229 	7209
f 7208 	7209 	7229
f 7231 	7234 	7307
f 7205 	7231 	7307
f 7315 	7307 	7235
f 7234 	7235 	7307
f 7243 	7239 	7315
f 7239 	7159 	7315
f 7158 	7315 	7159
f 7158 	7167 	7315
f 7243 	7315 	7256
f 7244 	7247 	7242
f 7240 	7242 	7247
f 7245 	7247 	7244
f 7247 	7248 	7240
f 7240 	7248 	7249
f 7250 	7332 	7249
f 7251 	7332 	7250
f 7252 	7332 	7251
f 7253 	7332 	7252
f 7254 	7332 	7253
f 7255 	7332 	7254
f 7221 	7240 	7199
f 7232 	7199 	7240
f 7232 	7319 	7199
f 7264 	7322 	7263
f 7267 	6989 	7269
f 7254 	7209 	7208
f 7254 	7208 	7255
f 7270 	7275 	7196
f 6986 	6989 	7267
f 7253 	7210 	7209
f 7253 	7209 	7254
f 7811 	7803 	7273
f 7252 	7211 	7210
f 7252 	7210 	7253
f 7273 	7200 	7275
f 7251 	7212 	7211
f 7251 	7211 	7252
f 7250 	7213 	7212
f 7250 	7212 	7251
f 7249 	7214 	7213
f 7249 	7213 	7250
f 7248 	7215 	7214
f 7248 	7214 	7249
f 7285 	7661 	7284
f 7778 	7765 	7283
f 7247 	7216 	7215
f 7247 	7215 	7248
f 7245 	7217 	7216
f 7245 	7216 	7247
f 7244 	7218 	7217
f 7244 	7217 	7245
f 8342 	6950 	7293
f 7242 	7220 	7218
f 7242 	7218 	7244
f 7240 	7221 	7220
f 7240 	7220 	7242
f 8426 	8427 	7298
f 7298 	7299 	8409
f 7300 	8409 	7299
f 7296 	8409 	7300
f 6989 	7205 	7269
f 7310 	7316 	7308
f 7320 	7316 	7319
f 7311 	7316 	7310
f 7313 	7316 	7311
f 7314 	8419 	7316
f 7313 	7314 	7316
f 7223 	7199 	7316
f 7308 	7316 	7320
f 7319 	7316 	7199
f 8457 	8446 	7298
f 7221 	7199 	7223
f 7324 	8462 	7323
f 7325 	8462 	7324
f 7284 	7662 	7325
f 7323 	8462 	7322
f 7328 	7438 	7327
f 7330 	7438 	7328
f 7332 	7438 	7330
f 7335 	8342 	7293
f 7338 	7232 	7249
f 7240 	7249 	7232
f 7337 	7338 	7249
f 7339 	8342 	7341
f 7341 	8342 	7335
f 7345 	8342 	7339
f 7344 	8342 	7345
f 7350 	7349 	8342
f 7350 	8342 	7344
f 7208 	7229 	7381
f 7383 	7397 	7380
f 7383 	7380 	7382
f 7397 	7398 	7380
f 7382 	7380 	7384
f 7390 	7391 	7396
f 7389 	7390 	7396
f 7392 	7396 	7391
f 7388 	7389 	7396
f 7102 	6993 	7185
f 7385 	6950 	7386
f 7384 	6950 	7385
f 7380 	6950 	7384
f 8342 	6997 	6950
f 7394 	7396 	7393
f 7395 	7396 	7394
f 7392 	7393 	7396
f 7399 	7229 	7398
f 7381 	7229 	7399
f 7229 	7380 	7398
f 7403 	7428 	7402
f 7404 	7428 	7403
f 6997 	8342 	7408
f 7405 	7401 	8342
f 7408 	8342 	7401
f 7416 	7417 	7429
f 7409 	7410 	7429
f 7417 	7418 	7429
f 6993 	7405 	8342
f 6995 	6950 	6997
f 7386 	6950 	6995
f 7185 	7177 	7102
f 8342 	7185 	6993
f 7414 	7102 	7177
f 7419 	7429 	7418
f 7415 	7416 	7429
f 7411 	7415 	7429
f 7410 	7411 	7429
f 7407 	7409 	7429
f 7420 	7429 	7419
f 7406 	7407 	7429
f 7428 	7429 	7402
f 7400 	7402 	7429
f 7420 	7400 	7429
f 7147 	7132 	7140
f 7136 	7140 	7132
f 7124 	7105 	7117
f 7124 	7127 	7105
f 7132 	7105 	7127
f 7396 	7421 	7422
f 7396 	7422 	7423
f 7387 	7388 	7396
f 7423 	7387 	7396
f 7151 	7157 	7146
f 7105 	7146 	7157
f 7424 	7421 	7396
f 7428 	7424 	7396
f 7105 	7107 	7110
f 7105 	7110 	7113
f 7105 	7113 	7119
f 7119 	7117 	7105
f 7105 	7132 	7147
f 7147 	7146 	7105
f 7164 	7169 	7105
f 7171 	7105 	7169
f 7105 	7413 	7165
f 7165 	7164 	7105
f 7107 	7105 	7171
f 7428 	7404 	7425
f 7428 	7425 	7426
f 7428 	7426 	7427
f 7428 	7427 	7424
f 7177 	7165 	7413
f 7413 	7414 	7177
f 7412 	7406 	7429
f 7430 	7332 	7255
f 7451 	7452 	7332
f 7433 	7434 	7507
f 7434 	7435 	7507
f 7432 	7433 	7507
f 7436 	7470 	7507
f 7442 	7431 	7507
f 7431 	7432 	7507
f 7470 	7471 	7502
f 7446 	7441 	7445
f 7441 	7326 	7438
f 7453 	7332 	7452
f 7453 	7437 	7332
f 7438 	7332 	7437
f 7450 	7441 	7449
f 7460 	7461 	7441
f 7458 	6952 	7457
f 6994 	6952 	7458
f 8423 	7441 	7450
f 7457 	6952 	7459
f 6998 	7459 	8258
f 7464 	7441 	7463
f 7463 	7441 	7462
f 7465 	7441 	7464
f 7454 	7441 	7465
f 7455 	7441 	7454
f 7461 	7462 	7441
f 7456 	7441 	7455
f 6953 	8258 	7459
f 7447 	7441 	7446
f 7445 	7441 	7476
f 7468 	6952 	7103
f 7469 	6952 	7468
f 7103 	6952 	6994
f 8258 	8260 	6998
f 6953 	7459 	6952
f 7104 	7166 	7469
f 7469 	7179 	6952
f 7472 	7502 	7471
f 7473 	7502 	7472
f 7131 	7126 	7135
f 7139 	7135 	7126
f 7120 	7104 	7116
f 7148 	7104 	7145
f 7150 	7145 	7156
f 7148 	7126 	7104
f 7156 	7145 	7104
f 7474 	7475 	7441
f 7476 	7441 	7475
f 7139 	7126 	7148
f 7123 	7104 	7126
f 7112 	7104 	7120
f 7109 	7104 	7112
f 7106 	7104 	7109
f 7123 	7116 	7104
f 7163 	7104 	7168
f 7166 	7104 	7163
f 7170 	7168 	7104
f 7179 	7469 	7166
f 7106 	7170 	7104
f 7435 	7388 	7387
f 7435 	7387 	7436
f 7434 	7389 	7388
f 7434 	7388 	7435
f 7186 	6952 	7179
f 7186 	7190 	6952
f 7195 	6952 	7190
f 7433 	7390 	7389
f 7433 	7389 	7434
f 7430 	7381 	7451
f 7432 	7391 	7390
f 7432 	7390 	7433
f 7255 	7208 	7381
f 7255 	7381 	7430
f 7431 	7392 	7391
f 7431 	7391 	7432
f 7438 	7437 	7383
f 7438 	7383 	7382
f 7392 	7431 	7442
f 7453 	7397 	7437
f 7441 	7438 	7382
f 7441 	7382 	7384
f 7392 	7442 	7393
f 7441 	7384 	7385
f 7441 	7385 	7443
f 7440 	7394 	7393
f 7440 	7393 	7442
f 7443 	7385 	7386
f 7443 	7386 	7444
f 7439 	7395 	7394
f 7439 	7394 	7440
f 7444 	7386 	6995
f 7444 	6995 	6996
f 7439 	7396 	7395
f 7470 	7436 	7387
f 7453 	7452 	7398
f 7453 	7398 	7397
f 7460 	7448 	7400
f 7452 	7451 	7399
f 7452 	7399 	7398
f 7448 	7447 	7402
f 7448 	7402 	7400
f 7381 	7399 	7451
f 7447 	7446 	7403
f 7447 	7403 	7402
f 7446 	7445 	7404
f 7446 	7404 	7403
f 7383 	7437 	7397
f 7457 	7401 	7405
f 7457 	7405 	7458
f 7445 	7476 	7404
f 7401 	7457 	7459
f 7449 	7407 	7406
f 7449 	7406 	7450
f 7469 	7413 	7105
f 7469 	7105 	7104
f 6994 	7458 	7405
f 7450 	7406 	7412
f 7468 	7414 	7413
f 7468 	7413 	7469
f 7455 	7410 	7409
f 7455 	7409 	7456
f 7405 	6993 	6994
f 7454 	7411 	7410
f 7454 	7410 	7455
f 7401 	7459 	7408
f 6997 	7408 	7459
f 6997 	7459 	6998
f 7407 	7449 	7409
f 7456 	7409 	7449
f 7103 	7102 	7414
f 7103 	7414 	7468
f 7465 	7415 	7411
f 7465 	7411 	7454
f 7464 	7416 	7415
f 7464 	7415 	7465
f 7463 	7417 	7416
f 7463 	7416 	7464
f 7462 	7418 	7417
f 7462 	7417 	7463
f 7481 	7482 	7811
f 7461 	7419 	7418
f 7461 	7418 	7462
f 7483 	7484 	7811
f 7482 	7483 	7811
f 7461 	7460 	7420
f 7461 	7420 	7419
f 7400 	7420 	7460
f 7485 	7966 	7811
f 7484 	7485 	7811
f 7471 	7422 	7421
f 7471 	7421 	7472
f 7470 	7423 	7422
f 7470 	7422 	7471
f 7387 	7423 	7470
f 7476 	7425 	7404
f 7424 	7472 	7421
f 7503 	7500 	8342
f 7476 	7475 	7426
f 7476 	7426 	7425
f 7424 	7473 	7472
f 7187 	7185 	8342
f 7501 	7187 	8342
f 7475 	7474 	7427
f 7475 	7427 	7426
f 7501 	8342 	7500
f 7474 	7473 	7424
f 7474 	7424 	7427
f 7509 	7516 	6954
f 6954 	6956 	7509
f 7516 	7612 	6954
f 7612 	7608 	6954
f 7508 	7509 	6956
f 8342 	7657 	7503
f 7435 	7436 	7507
f 7440 	7442 	7507
f 7502 	7505 	7470
f 7505 	7506 	7470
f 7702 	7703 	7507
f 7511 	7500 	7512
f 7396 	7439 	7510
f 7396 	7510 	7514
f 7511 	7515 	7501
f 7511 	7501 	7500
f 7570 	7562 	7600
f 7714 	7514 	7510
f 7187 	7501 	7193
f 7515 	7193 	7501
f 7861 	7862 	7522
f 7863 	7864 	7522
f 7517 	7512 	7503
f 7500 	7503 	7512
f 7714 	7764 	7514
f 7441 	7443 	7522
f 7517 	7503 	7504
f 7517 	7504 	7520
f 8343 	7521 	7504
f 7520 	7504 	7521
f 7514 	7844 	7396
f 7428 	7396 	7811
f 7523 	7873 	7522
f 7527 	7985 	7526
f 7524 	7985 	7528
f 7873 	7863 	7522
f 7531 	7873 	7523
f 7532 	7428 	7530
f 7533 	7428 	7532
f 7535 	7887 	7534
f 7534 	7887 	7531
f 7443 	7444 	7522
f 7428 	7536 	7537
f 7536 	7428 	7538
f 7538 	7428 	7541
f 7539 	7887 	7535
f 7541 	7428 	7544
f 7544 	7428 	7533
f 7551 	7985 	7524
f 7960 	7985 	7548
f 7548 	7985 	7551
f 7550 	8350 	7552
f 7550 	7552 	7553
f 7552 	7556 	7557
f 7552 	7557 	7553
f 7529 	7428 	7558
f 7530 	7428 	7529
f 7556 	7559 	7560
f 7556 	7560 	7557
f 7559 	7562 	7564
f 7559 	7564 	7560
f 7565 	7567 	7985
f 7567 	7568 	7985
f 7568 	7569 	7985
f 7526 	7985 	7525
f 7525 	7985 	7569
f 7562 	7570 	7571
f 7562 	7571 	7564
f 7428 	7537 	7573
f 7570 	7574 	7575
f 7570 	7575 	7571
f 7576 	7578 	7412
f 7578 	7598 	7412
f 7574 	7579 	7581
f 7574 	7581 	7575
f 7573 	7583 	7428
f 7429 	7428 	7583
f 7579 	7585 	7586
f 7579 	7586 	7581
f 7585 	7590 	7586
f 7589 	7591 	7982
f 7591 	7593 	7982
f 7593 	7594 	7982
f 7563 	7985 	7594
f 7565 	7985 	7563
f 7590 	7592 	7586
f 7590 	7596 	7597
f 7590 	7597 	7592
f 7598 	7599 	7412
f 7596 	7600 	7601
f 7596 	7601 	7597
f 7600 	7603 	7604
f 7600 	7604 	7601
f 7606 	7630 	7412
f 7603 	7608 	7610
f 7603 	7610 	7604
f 7605 	7606 	7412
f 7608 	7612 	7613
f 7608 	7613 	7610
f 7728 	7412 	7725
f 7599 	7616 	7412
f 7614 	7611 	7412
f 7616 	7614 	7412
f 7618 	7621 	7622
f 7618 	7622 	7619
f 7621 	7624 	7625
f 7621 	7625 	7622
f 7627 	7588 	7982
f 7528 	7985 	7527
f 7588 	7589 	7982
f 7624 	7513 	7625
f 7630 	7633 	7412
f 7509 	7631 	7649
f 7717 	7721 	7412
f 7509 	7508 	7635
f 7509 	7635 	7631
f 7633 	7717 	7412
f 7508 	7507 	7638
f 7508 	7638 	7635
f 7619 	7644 	7618
f 7507 	7506 	7640
f 7507 	7640 	7638
f 7502 	7618 	7644
f 7506 	7505 	7642
f 7506 	7642 	7640
f 7505 	7502 	7644
f 7505 	7644 	7642
f 7513 	7646 	7625
f 7513 	7647 	7646
f 7649 	7613 	7516
f 7612 	7516 	7613
f 7516 	7509 	7649
f 7519 	7518 	7650
f 7519 	7650 	7651
f 7651 	7657 	7519
f 7522 	7519 	7657
f 7522 	7657 	7658
f 7522 	7658 	7523
f 7534 	7660 	7655
f 7534 	7655 	7535
f 7658 	7663 	7531
f 7658 	7531 	7523
f 7531 	7663 	7660
f 7531 	7660 	7534
f 8226 	7650 	7518
f 7539 	7666 	7546
f 7655 	7666 	7539
f 7655 	7539 	7535
f 7666 	7667 	7546
f 7513 	7522 	7674
f 7674 	7522 	7673
f 7679 	7680 	7522
f 7680 	7681 	7522
f 7681 	7682 	7522
f 7682 	7683 	7522
f 7683 	7684 	7522
f 7684 	7672 	7522
f 7672 	7673 	7522
f 7678 	7679 	7522
f 7873 	7531 	7872
f 8266 	7887 	7546
f 7546 	7887 	7539
f 7647 	7513 	7674
f 7647 	7674 	7690
f 7674 	7673 	7692
f 7674 	7692 	7690
f 7673 	7672 	7694
f 7673 	7694 	7692
f 7698 	7694 	7684
f 7672 	7684 	7694
f 7684 	7683 	7700
f 7684 	7700 	7698
f 7683 	7682 	7701
f 7683 	7701 	7700
f 7682 	7681 	7708
f 7682 	7708 	7701
f 7510 	7439 	7507
f 7439 	7440 	7507
f 7707 	7510 	7507
f 7706 	7707 	7507
f 7705 	7706 	7507
f 7704 	7705 	7507
f 7681 	7680 	7710
f 7681 	7710 	7708
f 8260 	8262 	6998
f 6996 	6998 	8263
f 7680 	7679 	7713
f 7680 	7713 	7710
f 7714 	7510 	7707
f 7679 	7678 	7715
f 7679 	7715 	7713
f 7707 	7706 	7716
f 7707 	7716 	7714
f 7676 	7718 	7719
f 7706 	7705 	7720
f 7706 	7720 	7716
f 7678 	7676 	7719
f 7678 	7719 	7715
f 7705 	7704 	7722
f 7705 	7722 	7720
f 7704 	7703 	7723
f 7704 	7723 	7722
f 7700 	7701 	7784
f 7698 	7700 	7784
f 7726 	7723 	7702
f 7703 	7702 	7723
f 7702 	6958 	6968
f 7702 	6968 	7726
f 7701 	7708 	7784
f 7708 	7710 	7784
f 7710 	7713 	7784
f 7694 	7698 	7784
f 7781 	7784 	7713
f 7713 	7715 	7781
f 7779 	7781 	7715
f 7719 	7779 	7715
f 7718 	7777 	7719
f 7733 	7983 	7718
f 7734 	7776 	7718
f 7776 	7777 	7718
f 7763 	7759 	7647
f 7835 	7735 	7736
f 7835 	7736 	7737
f 7835 	7737 	7738
f 7745 	7720 	7747
f 7753 	7647 	7752
f 7751 	7714 	7755
f 7752 	7647 	7756
f 7755 	7720 	7745
f 7756 	7647 	7759
f 7748 	7749 	7647
f 7761 	7514 	7764
f 7722 	7723 	7044
f 7763 	7647 	7749
f 7764 	7714 	7751
f 6968 	7055 	7726
f 7726 	7044 	7723
f 7740 	8058 	7743
f 7771 	7772 	8058
f 7772 	7773 	8058
f 7774 	8058 	7773
f 7775 	8058 	7774
f 7769 	8058 	7775
f 7738 	7008 	7835
f 7008 	7009 	7835
f 7779 	7719 	7777
f 7690 	7692 	7784
f 7747 	7720 	7041
f 7692 	7694 	7784
f 7785 	7793 	7690
f 7011 	7013 	7835
f 7647 	7788 	7748
f 7791 	7020 	7790
f 7789 	7790 	7020
f 7791 	7904 	7020
f 7784 	7785 	7690
f 7647 	7690 	7793
f 7788 	7647 	7793
f 7800 	7801 	8058
f 7743 	8058 	7742
f 7742 	8058 	7741
f 7801 	7802 	8058
f 7802 	7804 	8058
f 7804 	7805 	8058
f 7741 	8058 	7805
f 7795 	7811 	7797
f 7803 	7811 	7794
f 7808 	7647 	7807
f 7753 	7806 	7647
f 7807 	7647 	7806
f 7192 	7273 	7803
f 8181 	7809 	7810
f 7188 	7273 	7192
f 7809 	7647 	7813
f 7815 	7833 	7811
f 7816 	7647 	7808
f 7813 	7647 	7816
f 7818 	7733 	7814
f 7819 	7733 	7818
f 7812 	7814 	7733
f 7817 	7812 	7733
f 7718 	7817 	7733
f 7720 	7755 	7716
f 7722 	7043 	7720
f 7881 	7396 	7820
f 7878 	7910 	7396
f 7881 	7878 	7396
f 7494 	7825 	7547
f 7825 	7826 	7547
f 7492 	7547 	7826
f 7829 	7811 	7827
f 7733 	7819 	7828
f 7733 	7828 	7830
f 7839 	7733 	7830
f 7832 	7811 	7831
f 7811 	7829 	7831
f 7833 	7480 	7811
f 7480 	7481 	7811
f 7815 	7811 	7837
f 7835 	7020 	7834
f 7735 	7835 	7836
f 7735 	7836 	7838
f 7811 	7832 	7837
f 7852 	7850 	7811
f 7850 	7827 	7811
f 7855 	7396 	7854
f 7733 	7839 	7840
f 7733 	7840 	7841
f 7733 	7841 	7842
f 7733 	7842 	7843
f 7733 	7843 	7845
f 7846 	7853 	7845
f 7847 	7853 	7846
f 7848 	7853 	7847
f 7849 	7853 	7848
f 7851 	7853 	7849
f 7857 	7853 	7851
f 7733 	7845 	7853
f 7337 	7249 	7332
f 7844 	7514 	7761
f 7854 	7396 	7856
f 7858 	7853 	7857
f 7859 	7853 	7858
f 8229 	7859 	7858
f 7330 	7310 	7308
f 7330 	7308 	7332
f 7860 	7396 	7844
f 7856 	7396 	7860
f 7328 	7311 	7310
f 7328 	7310 	7330
f 7862 	7865 	7522
f 7327 	7313 	7311
f 7327 	7311 	7328
f 7326 	7314 	7313
f 7326 	7313 	7327
f 7624 	7522 	7513
f 7865 	7676 	7522
f 7338 	7319 	7232
f 7867 	7868 	7020
f 7868 	7869 	7020
f 7869 	7870 	7020
f 7834 	7020 	7870
f 7676 	7678 	7522
f 7337 	7320 	7319
f 7337 	7319 	7338
f 7871 	7396 	7855
f 7337 	7332 	7320
f 7308 	7320 	7332
f 7864 	7861 	7522
f 7430 	7451 	7332
f 7716 	7755 	7714
f 7874 	7396 	7875
f 7875 	7396 	7871
f 7884 	7879 	8415
f 7880 	8415 	7879
f 8415 	7003 	7884
f 7885 	8268 	7883
f 7887 	8266 	7886
f 7886 	8268 	7885
f 7888 	7531 	7887
f 7889 	7531 	7888
f 7890 	7531 	7889
f 7891 	7531 	7890
f 7892 	7531 	7891
f 7872 	7531 	7893
f 7893 	7531 	7892
f 7820 	7396 	7894
f 7898 	7899 	7010
f 7894 	7396 	7874
f 7882 	8268 	7896
f 7883 	8268 	7882
f 7342 	7010 	7877
f 7899 	7900 	7010
f 7877 	7010 	7876
f 7900 	7901 	7010
f 7901 	7902 	7010
f 7876 	7010 	7902
f 7862 	7861 	7814
f 7862 	7814 	7812
f 7903 	8415 	7880
f 7861 	7864 	7814
f 7905 	7906 	7020
f 7904 	7905 	7020
f 7906 	7907 	7020
f 7907 	7866 	7020
f 7866 	7867 	7020
f 7909 	8415 	7908
f 7908 	8415 	7903
f 7865 	7862 	7812
f 7865 	7812 	7817
f 7223 	7316 	7911
f 7864 	7818 	7814
f 7316 	8415 	7912
f 7914 	8415 	7909
f 7912 	8415 	7914
f 7910 	7915 	7396
f 7913 	7811 	7915
f 7864 	7863 	7819
f 7864 	7819 	7818
f 7811 	7396 	7915
f 7916 	7811 	7918
f 8134 	8135 	7897
f 7897 	7917 	7920
f 7897 	7920 	7921
f 7897 	7921 	7922
f 7923 	7925 	7922
f 7924 	7925 	7923
f 7897 	7922 	7925
f 7918 	7811 	7913
f 7929 	7811 	7932
f 7911 	7928 	7223
f 7223 	7931 	7934
f 7718 	7676 	7865
f 7718 	7865 	7817
f 7932 	7811 	7916
f 7931 	7223 	7928
f 7828 	7819 	7863
f 7223 	7935 	7936
f 7863 	7873 	7828
f 7223 	7934 	7935
f 7941 	7223 	7937
f 7937 	7223 	7936
f 7873 	7872 	7830
f 7873 	7830 	7828
f 7929 	7939 	7811
f 7798 	7811 	7939
f 7872 	7839 	7830
f 7940 	7223 	7938
f 7938 	7223 	7941
f 7872 	7893 	7839
f 7811 	7798 	7797
f 7893 	7892 	7840
f 7893 	7840 	7839
f 7942 	7898 	7084
f 7942 	7943 	7898
f 7892 	7891 	7841
f 7892 	7841 	7840
f 7897 	7898 	7943
f 7891 	7890 	7842
f 7891 	7842 	7841
f 8152 	8153 	7799
f 7799 	7821 	7822
f 7799 	7822 	7823
f 7799 	7823 	7824
f 7945 	7948 	7824
f 7947 	7948 	7945
f 7799 	7824 	7948
f 8026 	8028 	7946
f 7946 	8021 	8026
f 7810 	7951 	8181
f 7957 	8181 	7955
f 7955 	8181 	7951
f 7961 	7985 	7960
f 7479 	7988 	7478
f 7477 	7954 	7479
f 7478 	7988 	7962
f 8181 	7963 	7965
f 7842 	7890 	7889
f 7842 	7889 	7843
f 7963 	8181 	7957
f 7558 	7428 	7967
f 7889 	7888 	7845
f 7889 	7845 	7843
f 7969 	8181 	7968
f 7966 	7970 	7811
f 7967 	7428 	7970
f 7968 	8181 	7965
f 7888 	7887 	7846
f 7888 	7846 	7845
f 7428 	7811 	7970
f 7972 	8181 	7971
f 7969 	7973 	8181
f 7887 	7886 	7847
f 7887 	7847 	7846
f 7971 	8181 	7973
f 7886 	7885 	7848
f 7886 	7848 	7847
f 7962 	7988 	7961
f 7982 	7594 	7985
f 7626 	7627 	7982
f 7712 	7974 	7686
f 7693 	7686 	7974
f 7626 	7982 	7711
f 7885 	7883 	7849
f 7885 	7849 	7848
f 7975 	8469 	7549
f 7494 	7954 	7493
f 7883 	7882 	7851
f 7883 	7851 	7849
f 7976 	8058 	7769
f 7977 	8058 	7976
f 7977 	7978 	8058
f 7978 	7979 	8058
f 7980 	8058 	7979
f 7981 	8058 	7980
f 7974 	7711 	7982
f 7975 	7547 	7492
f 7493 	7954 	7477
f 7882 	7896 	7857
f 7882 	7857 	7851
f 7954 	7494 	7547
f 7988 	7479 	7954
f 7985 	7961 	7988
f 7895 	7858 	7857
f 7895 	7857 	7896
f 7895 	8229 	7858
f 7987 	7718 	7986
f 7990 	7718 	7989
f 7989 	7718 	7987
f 7262 	7263 	7992
f 7992 	8045 	7261
f 8045 	8007 	7261
f 7998 	7999 	7997
f 7996 	7997 	7999
f 7996 	7999 	8000
f 7993 	7994 	8006
f 8005 	7993 	8006
f 7993 	8012 	8010
f 8009 	8010 	8012
f 8012 	7993 	8005
f 7734 	7718 	8014
f 8015 	7718 	7990
f 8014 	7718 	8015
f 8022 	8023 	8058
f 8019 	8058 	8023
f 8021 	7996 	8026
f 8025 	8026 	7996
f 8000 	8024 	7996
f 8024 	8025 	7996
f 8028 	8030 	7946
f 8030 	8055 	7946
f 8055 	8057 	7946
f 7952 	7946 	8057
f 8034 	8033 	7322
f 8041 	8039 	7263
f 8036 	7983 	7733
f 7984 	7718 	7983
f 7986 	7718 	7984
f 8039 	7992 	7263
f 8036 	7733 	8042
f 8042 	7733 	8044
f 8007 	8006 	7261
f 7994 	7261 	8006
f 7090 	7057 	7744
f 8044 	7733 	8048
f 7746 	7760 	7090
f 7744 	7746 	7090
f 7261 	7262 	7992
f 8032 	7733 	8031
f 8048 	7733 	8032
f 7654 	7653 	7950
f 8057 	8060 	7952
f 7950 	7952 	8060
f 8060 	8061 	7950
f 8061 	8062 	7950
f 8062 	7659 	7950
f 7659 	7654 	7950
f 7943 	8063 	7897
f 8065 	7897 	8063
f 8065 	8067 	7897
f 8067 	8070 	7897
f 8070 	8072 	7897
f 8059 	7897 	8072
f 7740 	7771 	8058
f 7799 	7800 	8058
f 8064 	8058 	8019
f 7981 	8022 	8058
f 8058 	8064 	8066
f 8058 	8066 	8068
f 8058 	8068 	8071
f 8058 	8071 	8073
f 7859 	8075 	8076
f 7380 	7229 	8078
f 7853 	7859 	8076
f 8047 	7096 	7770
f 7733 	7853 	8081
f 7733 	8081 	8089
f 7733 	8089 	7496
f 7770 	7768 	8047
f 7094 	7090 	7760
f 7760 	7762 	7094
f 8031 	7733 	8093
f 7762 	7770 	7096
f 7096 	7094 	7762
f 8093 	7733 	7495
f 7495 	7733 	7496
f 8099 	8172 	7897
f 8059 	8100 	7897
f 8100 	8101 	7897
f 8101 	8102 	7897
f 8102 	8103 	7897
f 8103 	8105 	7897
f 8106 	7897 	8105
f 8099 	7897 	8106
f 7498 	8248 	7799
f 8058 	8111 	7799
f 8111 	8035 	7799
f 8035 	7956 	7799
f 7956 	7933 	7799
f 7933 	7927 	7799
f 7499 	7799 	7927
f 7498 	7799 	7499
f 8109 	8113 	7229
f 7229 	8113 	8117
f 8122 	8077 	7229
f 8077 	8078 	7229
f 8119 	7859 	7958
f 8117 	8118 	7229
f 8122 	7229 	8125
f 8125 	7229 	8130
f 8130 	7229 	8118
f 7859 	8132 	8075
f 7859 	8119 	8123
f 8123 	8124 	7859
f 8132 	7859 	8138
f 8135 	8136 	7897
f 8136 	8137 	7897
f 8137 	8139 	7897
f 8139 	8140 	7897
f 7917 	7897 	8140
f 8143 	7859 	8124
f 8138 	7859 	8143
f 8142 	7223 	7940
f 8144 	7223 	8142
f 8150 	7223 	8149
f 8149 	7223 	8144
f 8153 	8154 	7799
f 8154 	8155 	7799
f 8155 	8156 	7799
f 8156 	8157 	7799
f 7821 	7799 	8157
f 8159 	7223 	8158
f 8160 	8181 	7972
f 8161 	8181 	8160
f 7223 	8150 	8158
f 7227 	7223 	8163
f 8162 	8163 	7223
f 8162 	7223 	8164
f 8169 	8181 	8166
f 8166 	8181 	8165
f 8164 	7223 	8167
f 8165 	8181 	8161
f 7223 	8159 	8167
f 8172 	8173 	7897
f 8173 	8174 	7897
f 8174 	8175 	7897
f 8176 	7897 	8175
f 8177 	7897 	8176
f 8134 	7897 	8177
f 8179 	7229 	8184
f 8185 	8181 	8183
f 8169 	8228 	8181
f 8183 	8181 	8187
f 8109 	7229 	8108
f 8108 	7229 	8189
f 8189 	7229 	8190
f 8190 	7229 	8193
f 8202 	8184 	7229
f 8193 	7229 	8196
f 8196 	7229 	8179
f 7229 	7227 	8205
f 8202 	7229 	8205
f 8218 	8219 	8246
f 8246 	8247 	8217
f 8217 	8218 	8246
f 8247 	8345 	8217
f 8222 	8221 	8345
f 8225 	8224 	7503
f 8343 	7504 	8224
f 8232 	8239 	8231
f 8233 	8239 	8232
f 8234 	8239 	8233
f 8235 	8239 	8234
f 8230 	8231 	8239
f 8236 	8239 	8235
f 7667 	8181 	8236
f 8181 	8239 	8236
f 7859 	8229 	8239
f 8230 	8239 	8229
f 8221 	8217 	8345
f 8246 	8220 	8244
f 8220 	8246 	8219
f 8243 	8244 	8220
f 8246 	8244 	8245
f 8187 	8181 	8228
f 8251 	8252 	8349
f 8252 	8253 	8349
f 8248 	8242 	7799
f 8242 	8241 	7799
f 8241 	8240 	7799
f 8238 	7799 	8240
f 8237 	7799 	8238
f 8152 	7799 	8237
f 6953 	8348 	8254
f 8258 	6953 	8257
f 7959 	7958 	7859
f 7959 	7859 	8259
f 7518 	7519 	6996
f 8259 	7859 	8261
f 8261 	7859 	8264
f 7444 	6996 	7519
f 8263 	7518 	6996
f 7519 	7522 	7444
f 8264 	7859 	8265
f 8265 	7859 	8255
f 8239 	8181 	8185
f 8267 	7886 	8266
f 8268 	7886 	8267
f 7895 	7896 	8268
f 7895 	8268 	8269
f 7895 	8269 	8270
f 7895 	8270 	8271
f 7895 	8271 	8272
f 7895 	8272 	8273
f 8274 	8256 	7859
f 8255 	7859 	8256
f 7859 	8239 	8277
f 8274 	7859 	8277
f 8279 	8280 	8349
f 8278 	8279 	8349
f 8249 	8250 	8349
f 8280 	8249 	8349
f 8250 	8251 	8349
f 8348 	8349 	8254
f 8257 	6953 	8254
f 8253 	8254 	8349
f 8252 	8251 	8218
f 8252 	8218 	8217
f 8251 	8250 	8219
f 8251 	8219 	8218
f 8250 	8249 	8220
f 8250 	8220 	8219
f 8253 	8252 	8217
f 8253 	8217 	8221
f 8254 	8253 	8221
f 8254 	8221 	8222
f 8254 	8222 	8223
f 8226 	7518 	8263
f 8257 	8254 	8223
f 8263 	8262 	8227
f 8263 	8227 	8226
f 8258 	8257 	8223
f 8258 	8223 	8224
f 8260 	8258 	8224
f 8260 	8224 	8225
f 8262 	8260 	8225
f 8262 	8225 	8227
f 8273 	8229 	7895
f 8272 	8230 	8229
f 8272 	8229 	8273
f 8271 	8231 	8230
f 8271 	8230 	8272
f 8270 	8232 	8231
f 8270 	8231 	8271
f 8269 	8233 	8232
f 8269 	8232 	8270
f 8268 	8234 	8233
f 8268 	8233 	8269
f 8267 	8235 	8234
f 8267 	8234 	8268
f 8266 	8236 	8235
f 8266 	8235 	8267
f 8236 	8266 	7667
f 7546 	7667 	8266
f 8243 	8220 	8280
f 8249 	8280 	8220
f 8280 	8279 	8244
f 8280 	8244 	8243
f 8279 	8278 	8245
f 8279 	8245 	8244
f 8276 	8246 	8245
f 8276 	8245 	8278
f 8275 	8247 	8246
f 8275 	8246 	8276
f 7557 	8314 	7553
f 7560 	8314 	7557
f 7564 	8314 	7560
f 7571 	8314 	7564
f 7575 	8314 	7571
f 7581 	8314 	7575
f 7550 	7553 	8314
f 7597 	8314 	7592
f 7586 	7592 	8314
f 7601 	8314 	7597
f 7604 	8314 	7601
f 7610 	8314 	7604
f 7613 	8314 	7610
f 7625 	7646 	8358
f 8344 	8343 	8223
f 8226 	8227 	7503
f 8224 	8223 	8343
f 7504 	7503 	8224
f 8223 	8222 	8344
f 8345 	8344 	8222
f 7473 	7441 	7502
f 8348 	6953 	8347
f 8346 	8347 	6953
f 8275 	8276 	8349
f 8276 	8278 	8349
f 8343 	8347 	7521
f 8346 	7521 	8347
f 8344 	8348 	8343
f 8347 	8343 	8348
f 8349 	8345 	8247
f 8349 	8247 	8275
f 8348 	8344 	8345
f 8348 	8345 	8349
f 6966 	6954 	7603
f 7608 	7603 	6954
f 6964 	6966 	7603
f 8351 	8352 	7603
f 6956 	6958 	7507
f 7507 	7508 	6956
f 8354 	6962 	8353
f 8353 	8352 	8355
f 8353 	8355 	8354
f 8352 	8351 	8356
f 8352 	8356 	8355
f 8351 	8350 	8357
f 8351 	8357 	8356
f 8350 	7550 	8357
f 7644 	7619 	8358
f 7581 	7586 	8314
f 8314 	7649 	7631
f 8314 	7631 	7635
f 8314 	7635 	7638
f 8314 	7638 	7640
f 8314 	7640 	7642
f 8314 	7642 	7644
f 8314 	7644 	8358
f 8359 	8383 	8314
f 8368 	7550 	8369
f 8314 	8383 	7550
f 8372 	8371 	7550
f 8371 	8370 	7550
f 8358 	7303 	8314
f 7318 	7315 	8314
f 7647 	7809 	8360
f 7622 	7625 	8358
f 7619 	7622 	8358
f 8356 	8357 	7093
f 7093 	7092 	8356
f 7649 	8314 	7613
f 7647 	8358 	7646
f 8342 	8360 	7809
f 8361 	7067 	7129
f 8361 	8362 	8363
f 8361 	8363 	8364
f 8361 	8364 	8365
f 8226 	7503 	7650
f 8227 	8225 	7503
f 7651 	7503 	7657
f 8369 	7550 	8366
f 7650 	7503 	7651
f 7087 	7093 	8357
f 8370 	7138 	7550
f 8357 	7550 	7087
f 7138 	7089 	7550
f 7663 	7658 	7809
f 7658 	7657 	7809
f 8342 	7809 	7657
f 8372 	7550 	8368
f 7655 	7809 	7666
f 8181 	7667 	7809
f 7663 	7809 	7660
f 7660 	7809 	7655
f 8365 	8373 	8361
f 8361 	8373 	8374
f 8361 	8374 	8375
f 8361 	8375 	8376
f 8361 	8376 	8377
f 8379 	8378 	8314
f 7666 	7809 	7667
f 8380 	8314 	8381
f 8381 	8314 	8378
f 8366 	7550 	8367
f 8367 	7550 	8382
f 7603 	7600 	7562
f 7562 	7559 	7603
f 7559 	7556 	7603
f 7556 	7552 	7603
f 7552 	8350 	7603
f 8350 	8351 	7603
f 8352 	8353 	7603
f 8353 	6962 	7603
f 6962 	6964 	7603
f 8382 	7550 	8383
f 7600 	7596 	7579
f 7585 	7579 	7596
f 7590 	7585 	7596
f 7579 	7574 	7600
f 7574 	7570 	7600
f 8359 	8314 	8380
f 7621 	7618 	7522
f 7624 	7621 	7522
f 7618 	7502 	7522
f 8377 	8384 	8361
f 8384 	8385 	8361
f 8385 	8386 	8361
f 8386 	8387 	8361
f 8388 	8361 	8387
f 8389 	8314 	7162
f 8390 	8314 	8389
f 8391 	8314 	8390
f 8393 	8314 	8391
f 8395 	8394 	8314
f 8392 	8314 	8393
f 8379 	8314 	8394
f 8395 	8314 	8396
f 7315 	7167 	8314
f 8392 	8396 	8314
f 8398 	8409 	8397
f 8400 	8401 	8399
f 8398 	8399 	8401
f 8404 	8358 	8405
f 8402 	8358 	8403
f 8405 	8358 	8402
f 8407 	8358 	8404
f 8408 	8358 	8406
f 8407 	8406 	8358
f 7304 	8314 	7303
f 7473 	7474 	7441
f 8262 	8263 	6998
f 7522 	7502 	7441
f 7318 	8314 	7304
f 7303 	8358 	8408
f 8401 	8410 	8398
f 8409 	8398 	8410
f 8415 	8411 	8412
f 8413 	8411 	8415
f 8403 	8358 	8414
f 7647 	8417 	8358
f 8415 	8416 	8413
f 8414 	8358 	8417
f 7647 	8421 	8418
f 8417 	7647 	8418
f 8422 	8416 	7316
f 8415 	7316 	8416
f 8420 	8422 	7316
f 8419 	8420 	7316
f 8436 	8437 	7441
f 8446 	8447 	7265
f 8397 	8409 	7296
f 8426 	7298 	8409
f 8427 	8428 	7298
f 8428 	8429 	7298
f 8429 	8430 	7298
f 8430 	8432 	7298
f 8433 	7298 	8432
f 8425 	7298 	8433
f 8435 	8342 	8434
f 8458 	8434 	8342
f 8440 	8342 	8439
f 8424 	8431 	7441
f 8431 	8436 	7441
f 7326 	7441 	8438
f 7327 	7438 	7326
f 8437 	8438 	7441
f 8439 	8342 	8435
f 8342 	8441 	8442
f 8423 	8412 	8411
f 8342 	8440 	8441
f 8443 	7647 	8360
f 8423 	8411 	8413
f 8423 	8413 	8424
f 8360 	8342 	8442
f 8421 	7647 	8444
f 7647 	8445 	8444
f 7314 	7326 	8419
f 8438 	8419 	7326
f 7647 	8443 	8445
f 8437 	8420 	8419
f 8437 	8419 	8438
f 8447 	8448 	7265
f 8448 	8449 	7265
f 8449 	8450 	7265
f 8450 	7322 	7265
f 7264 	7265 	7322
f 8436 	8422 	8420
f 8436 	8420 	8437
f 7349 	8451 	8342
f 8431 	8424 	8416
f 8413 	8416 	8424
f 8431 	8416 	8422
f 8431 	8422 	8436
f 8451 	8452 	8342
f 8342 	8456 	8454
f 8452 	8453 	8342
f 8456 	8342 	8453
f 8457 	7298 	8425
f 7265 	7298 	8446
f 7448 	7460 	7441
f 8454 	8455 	8342
f 8458 	8342 	8459
f 8460 	8342 	8455
f 8459 	8342 	8460
f 7449 	7441 	7456
f 8424 	7441 	8423
f 7447 	7448 	7441
f 7450 	7412 	8412
f 7450 	8412 	8423
f 7412 	7731 	8412
f 7429 	7576 	7412
f 8415 	8412 	7731
f 8051 	8047 	7768
f 7076 	7074 	7731
f 7025 	8415 	7024
f 7014 	7010 	7099
f 7007 	7005 	8415
f 8463 	7322 	8462
f 8464 	7322 	8463
f 8033 	8041 	7322
f 8465 	7322 	8464
f 8468 	7322 	8465
f 8466 	8034 	7322
f 8468 	8467 	7322
f 8467 	8466 	7322
f 7811 	7273 	7280
f 7602 	7811 	7278
f 8469 	8470 	7549
f 8471 	7549 	8470
f 7852 	7811 	8473
f 7542 	8472 	7811
f 8473 	7811 	8474
f 8474 	7811 	8472
f 7547 	7975 	7549
f 8471 	7540 	7549
f 7466 	7549 	7467
f 7540 	7467 	7549
f 7811 	7543 	7542
f 7811 	7545 	7543
f 7795 	7794 	7811
f 7549 	7466 	7572
f 7466 	7555 	7572
f 7554 	7572 	7555
f 7566 	7561 	7587
f 7545 	7811 	7561
f 7280 	7278 	7811
f 7584 	7811 	7602
f 7582 	7811 	7584
f 7577 	7572 	7554
f 7595 	7566 	7587
f 7811 	7582 	7587
f 7811 	7587 	7561
f 7580 	7566 	7595
f 8041 	7263 	7322
f 7758 	7757 	7285
f 7285 	7739 	7730
f 7285 	7730 	7727
f 7285 	7727 	7709
f 7285 	7709 	7685
f 7677 	7641 	7285
f 7671 	7620 	7677
f 7670 	7617 	7671
f 7685 	7677 	7285
f 7285 	7643 	7648
f 7285 	7648 	7645
f 7645 	7637 	7285
f 7609 	7669 	7615
f 7668 	7615 	7669
f 7607 	7669 	7609
f 7620 	7671 	7617
f 7675 	7617 	7670
f 7641 	7677 	7620
f 7617 	7675 	7623
f 7632 	7629 	7949
f 7629 	7628 	7949
f 7628 	7639 	7949
f 7639 	7615 	7949
f 7668 	7949 	7615
f 7643 	7285 	7641
f 7636 	7285 	7637
f 7653 	7652 	7950
f 7652 	7634 	7950
f 7634 	7632 	7950
f 7949 	7950 	7632
f 8462 	7325 	8461
f 8461 	7325 	7662
f 7664 	7661 	7285
f 7662 	7284 	7661
f 7656 	7285 	7636
f 7656 	7665 	7285
f 7664 	7285 	7665
f 7687 	7686 	7693
f 7724 	7412 	7696
f 7688 	7689 	7697
f 7699 	7697 	7689
f 7691 	7699 	7689
f 7711 	7974 	7712
f 7611 	7605 	7412
f 7688 	7696 	7721
f 7721 	7696 	7412
f 7697 	7695 	7688
f 7695 	7696 	7688
f 7725 	7412 	7724
f 7729 	7412 	7728
f 7944 	8051 	7768
f 7731 	7412 	7729
f 7768 	7766 	8092
f 8038 	7944 	7768
f 8092 	8038 	7768
f 7754 	7285 	7757
f 7739 	7285 	7754
f 8095 	8092 	7766
f 7766 	7767 	8095
f 7783 	7786 	8086
f 7786 	7787 	8086
f 8082 	8086 	7787
f 7767 	7783 	8086
f 8088 	8095 	7767
f 8086 	8088 	7767
f 7782 	7780 	7283
f 7780 	7778 	7283
f 7287 	7283 	7765
f 7285 	7287 	7765
f 7758 	7285 	7765
f 7380 	8082 	7787
f 7792 	7380 	7787
f 7291 	7290 	7380
f 6950 	7380 	7288
f 7290 	7288 	7380
f 7380 	7796 	7291
f 7796 	7380 	7792
# 1626 faces

 #end of obj_5

o obj_6
v 23.953 		344.5 		45.388
v 15.76 		344.6 		34.914
v 15.76 		345.602 		34.914
v 24.367 		344.5 		45.133
v 24.115 		344.5 		45.514
v 15.519 		344.6 		40.601
v 15.519 		345.602 		40.601
v 12.52 		344.5 		56.179
v 15.53 		344.6 		40.2
v 15.53 		345.602 		40.2
v 12.4063 		344.6 		56.0462
v 12.52 		344.6 		56.179
v 12.6775 		344.6 		56.32
v 12.4949 		344.6 		56.32
v 12.435 		344.6 		56.266
v 12.435 		344.5 		56.266
v -6.521 		344.6 		44.289
v -6.5351 		344.6 		44.2172
v 24.19 		344.5 		45.03
v -6.521 		344.5 		44.289
v -5.3721 		344.6 		40.96
v 24.379 		344.5 		44.644
v -5.478 		344.6 		41.054
v -5.478 		344.5 		41.054
v 2.907 		345.602 		59.342
v 15.781 		344.6 		34.517
v -5.76 		344.5 		41.378
v 15.781 		345.602 		34.517
v -5.76 		344.6 		41.378
v 15.793 		345.602 		32.899
v 15.793 		344.6 		32.899
v -5.997 		344.5 		41.736
v -5.997 		344.6 		41.736
v 2.708 		345.602 		59.664
v 2.57 		345.602 		59.91
v 1.926 		345.602 		61.261
v 1.32 		345.602 		62.63
v 1.013 		345.602 		63.548
v 15.34 		345.602 		31.66
v 15.34 		344.6 		31.66
v 15.472 		345.602 		31.788
v 15.472 		344.6 		31.788
v -6.186 		344.5 		42.122
v -6.186 		344.6 		42.122
v 9.303 		344.5 		71.677
v 9.729 		344.5 		71.649
v 15.627 		345.602 		31.986
v 15.627 		344.6 		31.986
v -5.8726 		344.6 		41.1953
v -5.6673 		344.6 		40.96
v 10.149 		344.5 		71.565
v 15.63 		345.602 		31.99
v 15.63 		344.6 		31.99
v 15.628 		344.6 		31.988
v -6.324 		344.5 		42.53
v 15.628 		345.602 		31.988
v -6.324 		344.6 		42.53
v 9.303 		344.5 		71.883
v 10.553 		344.5 		71.427
v 15.647 		345.602 		32.014
v 15.647 		344.6 		32.014
v -5.922 		344.6 		41.252
v -5.922 		344.5 		41.252
v 9.756 		344.5 		71.853
v 15.666 		345.602 		32.045
v 10.937 		344.5 		71.236
v 15.666 		344.6 		32.045
v 15.722 		345.602 		32.143
v 15.722 		344.6 		32.143
v -6.407 		344.5 		42.953
v 11.039 		344.5 		71.414
v 10.631 		344.5 		71.617
v 10.201 		344.5 		71.764
v -6.407 		344.6 		42.953
v 15.75 		345.602 		32.22
v 15.75 		344.6 		32.22
v -6.3436 		344.6 		41.9799
v -6.174 		344.6 		41.633
v -6.174 		344.5 		41.633
v 24.517 		344.5 		44.236
v 24.6 		344.5 		43.813
v 7.314 		344.5 		70.997
v 24.568 		344.5 		44.722
v 7.669 		344.5 		71.236
v 24.628 		344.5 		43.383
v -6.4106 		344.6 		43.008
v 8.053 		344.5 		71.427
v -6.6144 		344.6 		43.008
v -6.609 		344.6 		42.926
v 24.832 		344.5 		43.383
v -6.609 		344.5 		42.926
v 24.802 		344.5 		43.84
v 24.714 		344.5 		44.289
v 14.242 		344.6 		56.722
v 14.4481 		344.6 		56.672
v 14.391 		344.6 		56.692
v -6.521 		344.6 		42.477
v -6.521 		344.5 		42.477
v 24.6 		344.5 		42.953
v 14.242 		344.6 		56.848
v -6.375 		344.6 		42.044
v 24.517 		344.5 		42.53
v 14.3809 		344.6 		56.8196
v -6.375 		344.5 		42.044
v 24.379 		344.5 		42.122
v 14.423 		344.6 		56.811
v 14.6368 		344.6 		56.7369
v 24.802 		344.5 		42.926
v -0.9639 		344.6 		40.96
v -1.179 		344.6 		40.769
v -1.179 		344.5 		40.769
v 24.19 		344.5 		41.736
v 24.714 		344.5 		42.477
v 14.677 		344.6 		56.723
v -1.534 		344.6 		40.53
v 14.7782 		344.6 		56.672
v 23.953 		344.5 		41.378
v -1.534 		344.5 		40.53
v 24.568 		344.5 		42.044
v -1.918 		344.6 		40.339
v -1.918 		344.5 		40.339
v 23.671 		344.5 		41.054
v -0.714 		344.6 		40.908
v -0.714 		344.5 		40.908
v 24.115 		344.5 		41.252
v 24.367 		344.5 		41.633
v -1.0039 		344.6 		40.6512
v -0.6687 		344.6 		40.96
v 18.769 		344.5 		45.388
v 13.3319 		344.6 		56.672
v 14.143 		344.6 		56.742
v 13.89 		344.6 		56.759
v -2.322 		344.6 		40.201
v 13.637 		344.6 		56.742
v -2.322 		344.5 		40.201
v 13.389 		344.6 		56.692
v -1.055 		344.6 		40.606
v 13.218 		344.6 		56.763
v -1.055 		344.5 		40.606
v 13.3177 		344.6 		56.7975
v -1.375 		344.6 		40.3904
v 18.607 		344.5 		45.514
v 18.355 		344.5 		45.133
v 13.357 		344.6 		56.811
v 13.5773 		344.6 		56.8561
v 18.094 		344.5 		43.383
v -2.742 		344.5 		40.117
v -2.742 		344.6 		40.117
v 18.122 		344.5 		43.813
v -1.432 		344.6 		40.352
v 14.159 		344.6 		56.865
v -1.432 		344.5 		40.352
v 13.89 		344.6 		56.883
v 18.205 		344.5 		44.236
v 13.621 		344.6 		56.865
v 17.89 		344.5 		43.383
v 18.343 		344.5 		44.644
v -3.166 		344.6 		40.0891
v 17.92 		344.5 		43.84
v 18.532 		344.5 		45.03
v -2.715 		344.6 		39.913
v -2.715 		344.5 		39.913
v -3.166 		344.6 		39.8831
v 13.102 		344.6 		56.723
v 18.154 		344.5 		44.722
v 18.008 		344.5 		44.289
v -2.27 		344.6 		40.002
v -2.27 		344.5 		40.002
v 13.0013 		344.6 		56.672
v 19.051 		344.5 		41.054
v -1.84 		344.6 		40.149
v -1.84 		344.5 		40.149
v 0.49 		345.602 		59.31
v 13.218 		344.6 		54.931
v 18.769 		344.5 		41.378
v 14.4504 		344.6 		53.248
v 14.188 		344.6 		53.761
v 13.798 		344.6 		54.324
v 13.334 		344.6 		54.833
v 18.532 		344.5 		41.736
v 13.218 		344.6 		55.3602
v 13.4857 		344.6 		55.1339
v -3.168 		344.6 		40.089
v -3.594 		344.6 		40.117
v -3.594 		344.5 		40.117
v -3.168 		344.5 		40.089
v 18.343 		344.5 		42.122
v -4.014 		344.6 		40.201
v -4.014 		344.5 		40.201
v 18.607 		344.5 		41.252
v 18.205 		344.5 		42.53
v 15.243 		344.6 		56.1942
v 15.069 		344.6 		56.35
v -4.418 		344.6 		40.339
v 14.858 		344.6 		56.494
v -4.418 		344.5 		40.339
v 14.631 		344.6 		56.608
v 18.355 		344.5 		41.633
v 18.122 		344.5 		42.953
v -4.802 		344.6 		40.53
v -4.802 		344.5 		40.53
v 14.8831 		344.6 		56.6191
v 17.92 		344.5 		42.926
v -5.157 		344.6 		40.769
v 18.008 		344.5 		42.477
v 18.154 		344.5 		42.044
v -5.157 		344.5 		40.769
v 23.35 		344.5 		40.769
v -4.4353 		344.6 		40.1283
v -4.1346 		344.6 		40.0255
v 0.76 		345.602 		64.48
v 22.995 		344.5 		40.53
v 22.611 		344.5 		40.339
v 23.815 		344.5 		40.908
v 2.26 		345.602 		41.06
v 2.271 		345.602 		41.388
v -5.622 		344.6 		40.908
v -5.622 		344.5 		40.908
v 23.474 		344.5 		40.606
v 22.207 		344.5 		40.201
v -5.281 		344.6 		40.606
v -5.281 		344.5 		40.606
v 23.096 		344.5 		40.352
v 21.787 		344.5 		40.117
v -4.904 		344.6 		40.352
v -4.904 		344.5 		40.352
v 2.275 		345.602 		41.718
v 21.814 		344.5 		39.913
v 22.259 		344.5 		40.002
v 22.689 		344.5 		40.149
v -4.496 		344.6 		40.149
v -4.496 		344.5 		40.149
v 2.214 		345.602 		41.677
v 21.361 		344.5 		40.089
v 20.935 		344.5 		40.117
v 20.515 		344.5 		40.201
v 20.111 		344.5 		40.339
v 2.159 		345.602 		41.64
v 19.727 		344.5 		40.53
v -3.168 		344.5 		39.883
v -3.168 		344.6 		39.883
v 19.372 		344.5 		40.769
v 1.913 		345.602 		41.28
v 1.7 		345.602 		40.98
v -4.066 		344.6 		40.002
v -4.066 		344.5 		40.002
v 18.907 		344.5 		40.908
v 19.248 		344.5 		40.606
v 19.625 		344.5 		40.352
v 20.033 		344.5 		40.149
v -3.621 		344.6 		39.913
v -3.621 		344.5 		39.913
v 1.229 		345.602 		40.476
v 20.908 		344.5 		39.913
v 21.361 		344.5 		39.883
v 20.463 		344.5 		40.002
v 6.285 		344.5 		69.644
v 23.671 		344.5 		45.712
v 6.474 		344.5 		70.03
v 0.72 		345.602 		40.02
v 6.711 		344.5 		70.388
v 23.815 		344.5 		45.858
v 23.474 		344.5 		46.16
v 6.096 		344.5 		69.722
v 3.832 		344.6 		75.5667
v 6.993 		344.5 		70.712
v 3.42 		345.602 		75.32
v 3.42 		344.6 		75.32
v 21.787 		344.5 		46.649
v 2.96 		345.602 		74.943
v 6.849 		344.5 		70.858
v 6.549 		344.5 		70.514
v 2.96 		344.6 		74.943
v 6.297 		344.5 		70.133
v 22.207 		344.5 		46.565
v 2.52 		345.602 		74.54
v 6.064 		344.5 		67.953
v 2.52 		344.6 		74.54
v 22.611 		344.5 		46.427
v 6.036 		344.5 		68.383
v 2.166 		345.602 		74.128
v 21.814 		344.5 		46.853
v 2.166 		344.6 		74.128
v 22.995 		344.5 		46.236
v 6.064 		344.5 		68.813
v 22.259 		344.5 		46.764
v 1.83 		345.602 		73.7
v 1.83 		344.6 		73.7
v 23.35 		344.5 		45.997
v 5.862 		344.5 		67.926
v 6.147 		344.5 		69.236
v 23.096 		344.5 		46.414
v 22.689 		344.5 		46.617
v 1.558 		345.602 		73.295
v 1.558 		344.6 		73.295
v 5.832 		344.5 		68.383
v 19.372 		344.5 		45.997
v 5.95 		344.5 		69.289
v 1.3 		345.602 		72.88
v 5.862 		344.5 		68.84
v 1.3 		344.6 		72.88
v 19.727 		344.5 		46.236
v 6.993 		344.5 		66.054
v 0.992 		345.602 		72.338
v 0.992 		344.6 		72.338
v 20.111 		344.5 		46.427
v 6.711 		344.5 		66.378
v 20.515 		344.5 		46.565
v 6.474 		344.5 		66.736
v 19.625 		344.5 		46.414
v 0.73 		345.602 		71.78
v 20.935 		344.5 		46.649
v 0.73 		344.6 		71.78
v 6.849 		344.5 		65.908
v 6.285 		344.5 		67.122
v 20.033 		344.5 		46.617
v 0.58 		345.602 		70.787
v 21.361 		344.5 		46.677
v 6.549 		344.5 		66.252
v 6.147 		344.5 		67.53
v 21.361 		344.5 		46.883
v 20.908 		344.5 		46.853
v 12.3135 		344.6 		56.1247
v 5.95 		344.5 		67.477
v 20.463 		344.5 		46.764
v 6.096 		344.5 		67.044
v 6.297 		344.5 		66.633
v 13.01 		344.6 		55.536
v 13.01 		344.5 		55.536
v 19.051 		344.5 		45.712
v 5.277 		344.5 		54.324
v 12.353 		344.5 		55.984
v 12.3414 		344.6 		55.9663
v 12.353 		344.6 		55.984
v 5.74 		344.5 		54.833
v 19.248 		344.5 		46.16
v 6.268 		344.5 		55.279
v 18.907 		344.5 		45.858
v 12.257 		344.6 		56.059
v 6.852 		344.5 		55.656
v 12.257 		344.5 		56.059
v 12.2394 		344.6 		56.0319
v 7.19 		344.5 		71.16
v 0.58 		344.6 		70.787
v 12.39 		344.6 		55.935
v 12.39 		344.5 		55.935
v 5.503 		344.5 		55.061
v 8.457 		344.5 		71.565
v 12.3374 		344.5 		55.9601
v 12.3374 		344.6 		55.9601
v 7.568 		344.5 		71.414
v 6.064 		344.5 		55.536
v 8.877 		344.5 		71.649
v 12.2269 		344.6 		56.0128
v 12.2269 		344.5 		56.0128
v 6.685 		344.5 		55.935
v 11.832 		344.6 		56.2011
v 11.721 		344.6 		56.254
v 11.721 		344.5 		56.254
v 8.85 		344.5 		71.853
v 8.405 		344.5 		71.764
v 4.887 		344.5 		53.761
v 15.752 		345.602 		32.23
v 15.752 		344.6 		32.23
v 12.1792 		344.6 		56.0355
v 5.011 		344.5 		54.52
v 4.596 		344.5 		53.922
v 4.266 		344.5 		53.277
v 12.2201 		344.6 		56.016
v 4.576 		344.5 		49.191
v 4.35 		344.5 		49.832
v 11.6081 		344.6 		56.2909
v 15.829 		345.602 		32.469
v 15.829 		344.6 		32.469
v 15.753 		344.6 		32.241
v 4.213 		344.5 		50.497
v 15.753 		345.602 		32.241
v 14.5778 		344.5 		52.9284
v 15.86 		345.602 		32.64
v 14.5778 		344.6 		52.9284
v 15.86 		344.6 		32.64
v 14.391 		344.6 		52.863
v 4.167 		344.5 		51.172
v 14.391 		344.5 		52.863
v 15.841 		345.602 		32.749
v 15.841 		344.6 		32.749
v 4.026 		344.5 		49.749
v 4.213 		344.5 		51.848
v 14.242 		344.6 		52.833
v 3.881 		344.5 		50.454
v 14.423 		344.6 		52.744
v 4.35 		344.5 		52.512
v 14.423 		344.5 		52.744
v 14.242 		344.6 		52.707
v 3.832 		344.5 		51.172
v 4.576 		344.5 		53.153
v 14.6188 		344.6 		52.8118
v 14.6188 		344.5 		52.8118
v 14.527 		345.602 		31.543
v 14.527 		344.6 		31.543
v 14.348 		344.6 		31.629
v 4.026 		344.5 		52.596
v 14.348 		345.602 		31.629
v 3.881 		344.5 		51.89
v 13.89 		344.6 		52.796
v 14.66 		345.602 		31.5
v 14.66 		344.6 		31.5
v 13.637 		344.6 		52.813
v 13.637 		344.5 		52.813
v 13.89 		344.5 		52.796
v 6.852 		344.5 		46.689
v 15.008 		345.602 		31.547
v 15.008 		344.6 		31.547
v 6.268 		344.5 		47.065
v 13.389 		344.6 		52.863
v 13.389 		344.5 		52.863
v 5.74 		344.5 		47.512
v 13.218 		344.6 		52.9229
v 6.685 		344.5 		46.409
v 5.277 		344.5 		48.021
v 5.503 		344.5 		47.283
v 6.064 		344.5 		46.809
v 13.218 		344.6 		52.792
v 13.13 		344.6 		31.664
v 13.3177 		344.6 		52.7575
v 13.13 		345.602 		31.664
v 4.887 		344.5 		48.584
v 12.16 		344.6 		31.69
v 12.16 		345.602 		31.69
v 14.143 		344.6 		52.813
v 14.143 		344.5 		52.813
v 11.3 		344.6 		31.63
v 11.3 		345.602 		31.63
v 4.266 		344.5 		49.067
v 4.596 		344.5 		48.422
v 5.011 		344.5 		47.824
v 11.082 		344.725 		31.6352
v 11.082 		345.602 		31.6352
v 14.159 		344.6 		52.69
v 26.23 		344.6 		39.7
v 14.159 		344.5 		52.69
v 13.89 		344.5 		52.672
v 13.89 		344.6 		52.672
v 3.832 		344.6 		45.672
v 6.67 		344.6 		31.876
v 13.357 		344.6 		52.744
v 13.357 		344.5 		52.744
v 5.8 		344.6 		31.83
v 13.621 		344.6 		52.69
v 13.621 		344.5 		52.69
v 17.951 		344.6 		38.761
v 18.44 		344.6 		38.48
v 18.934 		344.6 		38.264
v 4.429 		344.6 		31.655
v 19.44 		344.6 		38.08
v 20.391 		344.6 		37.877
v 21.35 		344.6 		37.71
v 21.89 		344.6 		37.682
v 7.036 		345.602 		32.998
v 22.43 		344.6 		37.69
v 22.999 		344.6 		37.781
v 23.56 		344.6 		37.91
v 24.07 		344.6 		38.135
v 24.56 		344.6 		38.4
v 25.413 		344.6 		39.029
v 13.149 		344.6 		52.947
v 13.149 		344.5 		52.947
v 24.832 		344.6 		39.883
v 21.361 		344.6 		39.883
v 7.036 		345.602 		31.8819
v 6.67 		345.602 		31.876
v 17.89 		344.6 		39.883
v 12.921 		344.6 		53.061
v 12.921 		344.5 		53.061
v 26.23 		345.602 		39.7
v 5.8 		345.602 		31.83
v 12.711 		344.6 		53.205
v 12.711 		344.5 		53.205
v 4.429 		345.602 		31.655
v 13.1437 		344.6 		52.8176
v 7.036 		344.725 		31.8819
v 12.663 		344.6 		53.248
v 25.413 		345.602 		39.029
v 24.56 		345.602 		38.4
v 24.07 		345.602 		38.135
v 23.56 		345.602 		37.91
v 22.999 		345.602 		37.781
v 22.43 		345.602 		37.69
v 21.89 		345.602 		37.682
v 21.35 		345.602 		37.71
v 20.391 		345.602 		37.877
v 19.44 		345.602 		38.08
v 12.637 		344.6 		53.107
v 12.637 		344.5 		53.107
v 18.934 		345.602 		38.264
v 18.44 		345.602 		38.48
v 17.951 		345.602 		38.761
v 12.4805 		344.6 		53.248
v 12.861 		344.6 		52.954
v 12.861 		344.5 		52.954
v 3.901 		345.602 		75.608
v 4.4 		345.602 		75.86
v 5.328 		345.602 		76.168
v 6.27 		345.602 		76.43
v 13.102 		344.6 		52.832
v 13.102 		344.5 		52.832
v 14.499 		344.6 		53.153
v 14.499 		344.5 		53.153
v 14.6678 		344.6 		52.672
v 14.724 		344.6 		52.512
v 14.724 		344.5 		52.512
v 6.27 		344.6 		76.43
v 5.328 		344.6 		76.168
v 14.6279 		344.6 		52.7859
v 4.4 		344.6 		75.86
v 3.901 		344.6 		75.608
v 14.861 		344.6 		51.848
v 14.861 		344.5 		51.848
v 14.907 		344.6 		51.172
v 14.907 		344.5 		51.172
v 15.0444 		344.6 		53.1882
v 14.8791 		344.6 		53.0754
v 14.8791 		344.5 		53.0754
v 5.832 		344.6 		68.383
v 15.0338 		344.6 		53.0324
v 14.9511 		344.6 		52.9759
v 14.9213 		344.5 		52.9556
v 14.9213 		344.6 		52.9556
v 3.832 		344.6 		56.672
v 14.8182 		344.6 		53.248
v 14.9573 		344.6 		52.8533
v 15.0112 		344.6 		52.7005
v 14.9335 		344.6 		52.9209
v 14.9214 		344.6 		52.9552
v 7.036 		344.6 		70.7502
v 6.993 		344.6 		70.712
v 6.711 		344.6 		70.388
v 6.474 		344.6 		70.03
v 14.861 		344.6 		50.497
v 6.285 		344.6 		69.644
v 14.861 		344.5 		50.497
v 6.2809 		344.6 		69.632
v 15.117 		344.6 		53.248
v 6.0737 		344.6 		69.6557
v 15.069 		344.6 		53.205
v 15.069 		344.5 		53.205
v 6.0657 		344.6 		69.632
v 27.127 		344.6 		41.163
v 27.32 		344.6 		41.69
v 27.434 		344.6 		42.217
v 27.5 		344.6 		42.75
v 27.389 		344.6 		44.618
v 6.2633 		344.6 		70.0642
v 24.832 		344.6 		43.383
v 6.096 		344.6 		69.722
v 15.243 		344.6 		53.1971
v 15.1778 		344.6 		53.1384
v 26.586 		344.6 		40.159
v 26.9 		344.6 		40.65
v 15.143 		344.6 		53.107
v 15.143 		344.5 		53.107
v 7.036 		344.6 		71.0236
v 6.849 		344.6 		70.858
v 15.048 		344.6 		52.596
v 15.048 		344.5 		52.596
v 15.1709 		344.6 		52.0015
v 6.549 		344.6 		70.514
v 27.389 		345.602 		44.618
v 27.5 		345.602 		42.75
v 27.434 		345.602 		42.217
v 27.32 		345.602 		41.69
v 27.127 		345.602 		41.163
v 7.975 		344.5 		71.617
v 14.724 		344.5 		49.832
v 14.724 		344.6 		49.832
v 15.194 		344.6 		51.89
v 15.194 		344.5 		51.89
v 15.2351 		344.6 		51.288
v 26.9 		345.602 		40.65
v 26.586 		345.602 		40.159
v 14.499 		344.5 		49.191
v 14.499 		344.6 		49.191
v 15.427 		344.5 		55.984
v 7.314 		344.5 		65.769
v 15.243 		344.6 		51.172
v 15.243 		344.5 		51.172
v 15.2014 		344.6 		50.5618
v 15.567 		344.5 		55.768
v 15.345 		344.5 		56.266
v 15.679 		344.5 		55.536
v 14.479 		344.6 		49.152
v 15.878 		344.5 		55.323
v 15.791 		344.5 		55.583
v 15.672 		344.5 		55.83
v 15.523 		344.5 		56.059
v 15.048 		344.6 		49.749
v 15.048 		344.5 		49.749
v 14.8379 		344.6 		49.152
v 15.194 		344.6 		50.454
v 15.194 		344.5 		50.454
v 15.26 		344.5 		56.179
v 7.19 		344.5 		65.606
v 9.303 		344.5 		65.089
v 14.188 		344.6 		48.584
v 14.188 		344.5 		48.584
v 6.297 		344.6 		70.133
v 13.798 		344.6 		48.021
v 13.798 		344.5 		48.021
v 15.761 		344.5 		55.291
v 13.334 		344.6 		47.512
v 13.334 		344.5 		47.512
v 15.81 		344.5 		55.036
v 14.808 		344.6 		49.067
v 14.808 		344.5 		49.067
v 14.5308 		344.6 		48.5252
v 15.827 		344.5 		54.778
v 15.81 		344.5 		54.519
v 6.147 		344.6 		69.236
v 6.064 		344.6 		68.813
v 15.243 		344.6 		56.3579
v 15.948 		344.5 		54.778
v 15.93 		344.5 		55.052
v 6.036 		344.6 		68.383
v 6.064 		344.6 		67.953
v 15.143 		344.6 		56.448
v 6.1364 		344.6 		67.584
v 15.93 		344.5 		54.503
v 5.876 		344.6 		67.8547
v 14.919 		344.6 		56.601
v 15.761 		344.5 		54.265
v 5.929 		344.6 		67.584
v 15.679 		344.5 		54.019
v 5.8363 		344.6 		68.3174
v 15.567 		344.5 		53.787
v 5.862 		344.6 		67.926
v 15.878 		344.5 		54.233
v 15.427 		344.5 		53.571
v 15.243 		344.6 		53.3608
v 14.808 		344.6 		53.277
v 15.672 		344.5 		53.725
v 15.791 		344.5 		53.972
v 5.95 		344.6 		69.289
v 15.345 		344.5 		53.289
v 15.523 		344.5 		53.496
v 13.218 		344.6 		56.6321
v 15.26 		344.5 		53.376
v 5.862 		344.6 		68.84
v 14.478 		344.6 		53.922
v 14.064 		344.6 		54.52
v 13.572 		344.6 		55.061
v 11.292 		344.5 		70.997
v 11.613 		344.5 		70.712
v 6.147 		344.6 		67.53
v 6.285 		344.6 		67.122
v 6.474 		344.6 		66.736
v 6.711 		344.6 		66.378
v 11.082 		344.6 		56.1222
v 6.993 		344.6 		66.054
v 11.832 		344.6 		54.778
v 11.832 		344.6 		55.8411
v 7.036 		344.6 		65.7424
v 11.416 		344.5 		71.16
v 11.592 		344.6 		55.955
v 6.9027 		344.6 		65.8604
v 11.757 		344.5 		70.858
v 12.7797 		344.6 		55.296
v 12.222 		344.6 		55.656
v 12.1699 		344.6 		55.6807
v 12.1 		344.6 		55.536
v 12.0207 		344.6 		55.296
v 6.849 		344.6 		65.908
v 6.5984 		344.6 		66.1953
v 11.9758 		344.6 		55.5436
v 11.902 		344.6 		55.323
v 11.613 		344.5 		66.054
v 11.8968 		344.6 		55.296
v 11.292 		344.5 		65.769
v 6.334 		344.6 		66.5771
v 12.061 		344.6 		55.7324
v 12.035 		344.6 		55.7448
v 6.549 		344.6 		66.252
v 11.989 		344.6 		55.583
v 5.95 		344.6 		67.477
v 6.096 		344.6 		67.044
v 10.937 		344.5 		65.53
v 12.806 		344.6 		55.279
v 12.019 		344.6 		55.291
v 11.969 		344.6 		55.036
v 11.953 		344.6 		54.778
v 6.297 		344.6 		66.633
v 11.969 		344.6 		54.519
v 12.0176 		344.6 		54.272
v 10.553 		344.5 		65.339
v 11.8572 		344.6 		54.4657
v 10.149 		344.5 		65.201
v 11.8945 		344.6 		54.272
v 9.729 		344.5 		65.117
v 13.218 		344.6 		47.4138
v 11.039 		344.5 		65.352
v 0.49 		345.602 		69.78
v 0.49 		344.6 		69.78
v 10.201 		344.5 		65.002
v 10.631 		344.5 		65.149
v 0.47 		345.602 		68.46
v 0.47 		344.6 		68.46
v 9.303 		344.5 		64.883
v 9.756 		344.5 		64.913
v 7.036 		344.6 		55.7433
v 0.49 		345.602 		67.14
v 0.49 		344.6 		67.14
v 8.877 		344.5 		65.117
v 6.852 		344.6 		55.656
v 6.268 		344.6 		55.279
v 5.74 		344.6 		54.833
v 5.277 		344.6 		54.324
v 5.026 		344.6 		53.9617
v 8.457 		344.5 		65.201
v 0.599 		345.602 		65.806
v 0.599 		344.6 		65.806
v 5.4306 		344.6 		54.9814
v 5.026 		344.6 		54.5365
v 8.053 		344.5 		65.339
v 5.9756 		344.6 		55.4612
v 8.85 		344.5 		64.913
v 5.503 		344.6 		55.061
v 7.669 		344.5 		65.53
v 2.119 		345.602 		59.372
v 2.119 		344.6 		59.372
v 7.975 		344.5 		65.149
v 1.5 		345.602 		59.38
v 6.5917 		344.6 		55.875
v 8.405 		344.5 		65.002
v 1.5 		344.6 		59.38
v 11.8349 		344.6 		54.7341
v 7.568 		344.5 		65.352
v 6.064 		344.6 		55.536
v 0.993 		345.602 		59.363
v 0.993 		344.6 		59.363
v 9.537 		344.5 		56.349
v 10.238 		344.5 		56.305
v 7.036 		344.6 		56.1024
v 6.685 		344.6 		55.935
v 10.927 		344.5 		56.173
v 1.013 		344.6 		63.548
v 9.537 		344.5 		56.672
v 10.282 		344.5 		56.625
v 1.32 		344.6 		62.63
v 4.6246 		344.6 		53.248
v 11.014 		344.5 		56.485
v 4.887 		344.6 		53.761
v 9.537 		344.5 		45.995
v 1.926 		344.6 		61.261
v 5.011 		344.6 		54.52
v 10.927 		344.5 		46.172
v 13.572 		344.6 		47.283
v 13.572 		344.5 		47.283
v 13.218 		344.6 		46.9844
v 4.596 		344.6 		53.922
v 10.238 		344.5 		46.04
v 14.064 		344.6 		47.824
v 14.064 		344.5 		47.824
v 4.266 		344.6 		53.277
v 14.478 		344.6 		48.422
v 14.478 		344.5 		48.422
v 4.2558 		344.6 		53.248
v 9.537 		344.5 		45.672
v 10.282 		344.5 		45.719
v 11.014 		344.5 		45.86
v 7.482 		344.5 		55.955
v 12.806 		344.6 		47.065
v 12.806 		344.5 		47.065
v 8.147 		344.5 		56.173
v 4.596 		344.6 		49.152
v 12.222 		344.6 		46.689
v 12.222 		344.5 		46.689
v 4.576 		344.6 		53.153
v 4.35 		344.6 		52.512
v 8.836 		344.5 		56.305
v 11.592 		344.6 		46.389
v 4.213 		344.6 		51.848
v 11.592 		344.5 		46.389
v 4.167 		344.6 		51.172
v 4.213 		344.6 		50.497
v 4.35 		344.6 		49.832
v 4.576 		344.6 		49.191
v 13.0926 		344.6 		46.8787
v 4.2361 		344.6 		49.152
v 4.063 		344.6 		49.6438
v 8.061 		344.5 		56.485
v 7.354 		344.5 		56.254
v 11.082 		344.6 		46.2226
v 8.793 		344.5 		56.625
v 8.836 		344.5 		46.04
v 13.01 		344.6 		46.809
v 13.01 		344.5 		46.809
v 12.4854 		344.6 		46.4706
v 4.026 		344.6 		49.749
v 3.9032 		344.6 		50.3463
v 8.147 		344.5 		46.172
v 12.39 		344.6 		46.409
v 12.39 		344.5 		46.409
v 7.482 		344.5 		46.389
v 3.881 		344.6 		50.454
v 3.8394 		344.6 		51.0638
v 8.793 		344.5 		45.719
v 11.721 		344.6 		46.091
v 11.721 		344.5 		46.091
v 11.082 		344.6 		45.8822
v 3.832 		344.6 		51.172
v 3.8735 		344.6 		51.7795
v 8.061 		344.5 		45.86
v 11.082 		345.725 		17.998
v 7.354 		344.5 		46.091
v 11.082 		344.725 		17.998
v 4.026 		344.6 		52.596
v 9.537 		344.6 		45.672
v 11.082 		345.725 		32.998
v 11.082 		345.602 		32.998
v 3.881 		344.6 		51.89
v 7.036 		344.6 		46.6014
v 2.57 		344.6 		59.91
v 5.026 		344.6 		48.3833
v 5.277 		344.6 		48.021
v 5.74 		344.6 		47.512
v 6.268 		344.6 		47.065
v 6.852 		344.6 		46.689
v 9.99 		345.602 		76.44
v 7.036 		344.6 		46.2422
v 6.7877 		344.6 		46.3602
v 2.708 		344.6 		59.664
v 10.52 		345.602 		76.436
v 11.05 		345.602 		76.43
v 11.85 		344.6 		54.503
v 6.685 		344.6 		46.409
v 6.1589 		344.6 		46.7479
v 23.815 		344.6 		45.858
v 23.9772 		344.6 		45.672
v 5.503 		344.6 		47.283
v 23.474 		344.6 		46.16
v 5.026 		344.6 		47.8075
v 23.458 		344.6 		46.1707
v 6.064 		344.6 		46.809
v 4.887 		344.6 		48.584
v 21.41 		344.6 		46.6738
v 23.458 		344.6 		45.9011
v 23.35 		344.6 		45.997
v 22.995 		344.6 		46.236
v 22.611 		344.6 		46.427
v 22.207 		344.6 		46.565
v 21.787 		344.6 		46.649
v 4.266 		344.6 		49.067
v 21.41 		344.6 		46.8798
v 21.7454 		344.6 		46.8575
v 4.596 		344.6 		48.422
v 5.011 		344.6 		47.824
v 21.814 		344.6 		46.853
v 22.1903 		344.6 		46.7777
v 23.7058 		344.6 		45.672
v 22.259 		344.6 		46.764
v 24.1728 		344.6 		45.056
v 22.6283 		344.6 		46.6377
v 23.953 		344.6 		45.388
v 24.367 		344.6 		45.133
v 24.4047 		344.6 		45.056
v 23.096 		344.6 		46.414
v 24.115 		344.6 		45.514
v 22.689 		344.6 		46.617
v 19.362 		344.6 		45.9881
v 21.361 		344.6 		46.677
v 20.935 		344.6 		46.649
v 20.515 		344.6 		46.565
v 24.6036 		344.6 		43.008
v 20.111 		344.6 		46.427
v 24.628 		344.6 		43.383
v 19.727 		344.6 		46.236
v 24.6 		344.6 		43.813
v 19.372 		344.6 		45.997
v 24.517 		344.6 		44.236
v 24.379 		344.6 		44.644
v 24.19 		344.6 		45.03
v 19.362 		344.6 		46.2368
v 19.568 		344.6 		46.3756
v 24.5366 		344.6 		44.7861
v 24.568 		344.6 		44.722
v 24.6914 		344.6 		44.3561
v 19.625 		344.6 		46.414
v 19.9698 		344.6 		46.5856
v 24.8074 		344.6 		43.008
v 20.033 		344.6 		46.617
v 20.3944 		344.6 		46.7405
v 24.802 		344.6 		43.84
v 24.714 		344.6 		44.289
v 21.361 		344.6 		46.883
v 20.908 		344.6 		46.853
v 20.463 		344.6 		46.764
v 23.5651 		344.6 		40.96
v 23.671 		344.6 		41.054
v 23.953 		344.6 		41.378
v 24.19 		344.6 		41.736
v 24.379 		344.6 		42.122
v 24.517 		344.6 		42.53
v 24.6 		344.6 		42.953
v 19.0162 		344.6 		45.672
v 19.051 		344.6 		45.712
v 24.8065 		344.6 		42.9952
v 24.802 		344.6 		42.926
v 24.7281 		344.6 		42.5488
v 19.248 		344.6 		46.16
v 18.907 		344.6 		45.858
v 7.162 		345.602 		76.563
v 8.06 		345.602 		76.64
v 9.025 		345.602 		76.551
v 18.7448 		344.6 		45.672
v 24.714 		344.6 		42.477
v 23.671 		344.6 		45.712
v 24.568 		344.6 		42.044
v 24.4007 		344.6 		41.7018
v 11.05 		344.6 		76.43
v 24.115 		344.6 		41.252
v 23.8603 		344.6 		40.96
v 10.52 		344.6 		76.436
v 24.367 		344.6 		41.633
v 9.99 		344.6 		76.44
v 9.025 		344.6 		76.551
v 18.769 		344.6 		45.388
v 18.5492 		344.6 		45.056
v 8.06 		344.6 		76.64
v 18.3213 		344.6 		45.0642
v 18.3173 		344.6 		45.056
v 7.162 		344.6 		76.563
v 9.537 		344.6 		56.672
v 9.303 		344.6 		64.883
v 18.607 		344.6 		45.514
v 18.355 		344.6 		45.133
v 18.1184 		344.6 		43.008
v 18.532 		344.6 		45.03
v 18.343 		344.6 		44.644
v 18.205 		344.6 		44.236
v 18.122 		344.6 		43.813
v 18.094 		344.6 		43.383
v 17.9146 		344.6 		43.008
v 9.303 		344.6 		71.883
v 17.8943 		344.6 		43.3174
v 17.89 		344.6 		43.383
v 17.9155 		344.6 		43.7708
v 17.92 		344.6 		43.84
v 17.9939 		344.6 		44.2172
v -7.174 		344.6 		52.715
v -7.51 		344.6 		52.22
v 18.154 		344.6 		44.722
v -6.84 		344.6 		53.21
v 18.008 		344.6 		44.289
v 11.082 		344.6 		71.1384
v 10.937 		344.6 		71.236
v -7.763 		344.6 		51.731
v 10.553 		344.6 		71.427
v -7.99 		344.6 		51.23
v 10.149 		344.6 		71.565
v 9.729 		344.6 		71.649
v 9.303 		344.6 		71.677
v 9.122 		344.6 		71.6651
v -6.639 		344.6 		53.6061
v 9.2318 		344.6 		71.8783
v 19.1569 		344.6 		40.96
v 9.122 		344.6 		71.871
v 18.122 		344.6 		42.953
v 18.205 		344.6 		42.53
v 18.343 		344.6 		42.122
v 9.6874 		344.6 		71.8575
v 18.532 		344.6 		41.736
v 18.769 		344.6 		41.378
v 19.051 		344.6 		41.054
v -8.298 		344.6 		50.3
v -8.57 		344.6 		49.36
v 18.8617 		344.6 		40.96
v 18.6564 		344.6 		41.1953
v 18.607 		344.6 		41.252
v 10.1323 		344.6 		71.7777
v 9.756 		344.6 		71.853
v 18.355 		344.6 		41.633
v 18.1854 		344.6 		41.9799
v 11.082 		344.6 		71.385
v -8.734 		344.6 		48.413
v 11.039 		344.6 		71.414
v -8.86 		344.6 		47.46
v -8.908 		344.6 		46.491
v -8.93 		344.6 		45.52
v 17.92 		344.6 		42.926
v -8.904 		344.6 		45.124
v -8.86 		344.6 		44.73
v -8.704 		344.6 		43.838
v -8.53 		344.6 		42.95
v -8.299 		344.6 		42.053
v 10.631 		344.6 		71.617
v -8.05 		344.6 		41.16
v 18.008 		344.6 		42.477
v 18.154 		344.6 		42.044
v 10.201 		344.6 		71.764
v 21.41 		344.6 		40.0922
v 21.787 		344.6 		40.117
v 22.207 		344.6 		40.201
v 22.611 		344.6 		40.339
v 22.995 		344.6 		40.53
v 23.35 		344.6 		40.769
v 23.815 		344.6 		40.908
v 23.5251 		344.6 		40.6512
v 11.082 		344.6 		65.6276
v 23.474 		344.6 		40.606
v 23.1528 		344.6 		40.3902
v 10.9459 		344.6 		65.536
v 23.096 		344.6 		40.352
v 22.752 		344.6 		40.1804
v 8.877 		344.6 		71.649
v 8.457 		344.6 		71.565
v 8.053 		344.6 		71.427
v 7.669 		344.6 		71.236
v 7.314 		344.6 		70.997
v 21.814 		344.6 		39.913
v 7.074 		344.6 		70.7839
v 21.41 		344.6 		39.8862
v 7.1389 		344.6 		71.1148
v 22.259 		344.6 		40.002
v 7.074 		344.6 		71.0573
v 7.5112 		344.6 		71.3758
v 22.689 		344.6 		40.149
v 7.19 		344.6 		71.16
v 7.912 		344.6 		71.5856
v 19.372 		344.6 		40.769
v 19.727 		344.6 		40.53
v 20.111 		344.6 		40.339
v 20.515 		344.6 		40.201
v 20.935 		344.6 		40.117
v 21.361 		344.6 		40.089
v 7.568 		344.6 		71.414
v 20.0937 		344.6 		40.1283
v 20.3944 		344.6 		40.0255
v 8.85 		344.6 		71.853
v 18.907 		344.6 		40.908
v 19.248 		344.6 		40.606
v 8.405 		344.6 		71.764
v 19.625 		344.6 		40.352
v 20.033 		344.6 		40.149
v 7.975 		344.6 		71.617
v 20.463 		344.6 		40.002
v 20.908 		344.6 		39.913
v 7.314 		344.6 		65.769
v 7.6601 		344.6 		65.536
v 7.2478 		344.6 		65.5672
v 7.2942 		344.6 		65.536
v 7.19 		344.6 		65.606
v 9.122 		344.6 		65.1009
v 9.303 		344.6 		65.089
v 9.729 		344.6 		65.117
v 10.149 		344.6 		65.201
v 10.553 		344.6 		65.339
v 10.937 		344.6 		65.53
v 11.039 		344.6 		65.352
v 10.6942 		344.6 		65.1804
v 11.082 		344.6 		65.381
v 9.756 		344.6 		64.913
v 10.201 		344.6 		65.002
v 10.631 		344.6 		65.149
v 9.122 		344.6 		64.895
v 7.669 		344.6 		65.53
v 8.053 		344.6 		65.339
v 8.457 		344.6 		65.201
v 8.877 		344.6 		65.117
v 8.9186 		344.6 		64.9085
v 8.85 		344.6 		64.913
v 8.4737 		344.6 		64.9883
v 7.568 		344.6 		65.352
v 7.975 		344.6 		65.149
v 8.405 		344.6 		65.002
v 10.927 		344.6 		56.173
v 10.238 		344.6 		56.305
v 9.537 		344.6 		56.349
v 9.122 		344.6 		56.323
v 9.4262 		344.6 		56.665
v 9.122 		344.6 		56.6458
v 10.1647 		344.6 		56.6324
v 10.9058 		344.6 		56.5057
v 10.282 		344.6 		56.625
v 11.082 		344.6 		56.4628
v 11.014 		344.6 		56.485
v 9.537 		344.6 		45.995
v 10.238 		344.6 		46.04
v 10.927 		344.6 		46.172
v 10.282 		344.6 		45.719
v 11.014 		344.6 		45.86
v 9.122 		344.6 		45.6982
v 8.836 		344.6 		56.305
v 8.147 		344.6 		56.173
v 7.482 		344.6 		55.955
v 7.2525 		344.6 		56.2056
v 8.793 		344.6 		56.625
v 7.036 		345.725 		17.998
v 7.036 		344.725 		17.998
v 8.061 		344.6 		56.485
v 7.036 		345.725 		32.998
v 7.354 		344.6 		56.254
v 7.482 		344.6 		46.389
v 8.147 		344.6 		46.172
v 8.836 		344.6 		46.04
v 2.907 		344.6 		59.342
v 8.9037 		344.6 		45.712
v 8.1731 		344.6 		45.8384
v 8.793 		344.6 		45.719
v 0.49 		344.6 		59.31
v 0.303 		344.6 		59.26
v 7.459 		344.6 		46.0567
v 8.061 		344.6 		45.86
v 0.76 		344.6 		64.48
v 7.354 		344.6 		46.091
v 2.26 		344.6 		41.06
v 2.271 		344.6 		41.388
v 1.7 		344.6 		40.98
v 2.275 		344.6 		41.718
v 2.214 		344.6 		41.677
v 1.913 		344.6 		41.28
v 2.159 		344.6 		41.64
v 1.229 		344.6 		40.476
v 0.72 		344.6 		40.02
v -3.188 		345.602 		57.913
v -2.3 		345.602 		58.48
v -0.92 		345.602 		58.933
v -6.394 		345.602 		54.089
v -5.95 		345.602 		54.97
v -5.693 		345.602 		55.38
v -5.42 		345.602 		55.78
v -5.126 		345.602 		56.155
v -4.82 		345.602 		56.52
v -4.439 		345.602 		56.91
v -4.04 		345.602 		57.28
v -0.92 		344.6 		58.933
v -2.3 		344.6 		58.48
v -3.188 		344.6 		57.913
v -4.04 		344.6 		57.28
v -4.439 		344.6 		56.91
v -4.82 		344.6 		56.52
v -5.126 		344.6 		56.155
v -5.42 		344.6 		55.78
v 25.347 		344.6 		50.758
v 24.832 		344.6 		52.4339
v -5.693 		344.6 		55.38
v 25.85 		344.6 		49.19
v 24.832 		344.6 		49.152
v -5.95 		344.6 		54.97
v 26.068 		344.6 		48.823
v -6.394 		344.6 		54.089
v 27.18 		344.6 		46.47
v 26.778 		344.6 		47.476
v 26.3 		344.6 		48.46
v 25.347 		345.602 		50.758
v 25.85 		345.602 		49.19
v 26.068 		345.602 		48.823
v 26.3 		345.602 		48.46
v 26.778 		345.602 		47.476
v 27.18 		345.602 		46.47
v -3.168 		344.6 		46.883
v -1.118 		344.6 		45.9428
v -0.3562 		344.6 		45.056
v -0.576 		344.6 		45.388
v -0.858 		344.6 		45.712
v -1.118 		344.6 		46.2024
v -1.1129 		344.6 		46.199
v -0.162 		344.6 		45.133
v -0.1243 		344.6 		45.056
v -7.987 		344.6 		40.982
v -6.639 		344.6 		40.96
v -6.639 		344.6 		43.383
v 24.7588 		344.6 		52.672
v -7.9 		344.6 		40.82
v -7.033 		344.6 		40.044
v -7.51 		345.602 		52.22
v -7.174 		345.602 		52.715
v -7.99 		345.602 		51.23
v -7.763 		345.602 		51.731
v -6.84 		345.602 		53.21
v -8.57 		345.602 		49.36
v -8.298 		345.602 		50.3
v 11.416 		344.5 		65.606
v 11.757 		344.5 		65.908
v -7.987 		345.602 		40.982
v -8.05 		345.602 		41.16
v -8.299 		345.602 		42.053
v -8.53 		345.602 		42.95
v -8.704 		345.602 		43.838
v -8.86 		345.602 		44.73
v -8.904 		345.602 		45.124
v -8.93 		345.602 		45.52
v -8.908 		345.602 		46.491
v -8.86 		345.602 		47.46
v -8.734 		345.602 		48.413
v 11.895 		344.5 		70.388
v 12.132 		344.5 		70.03
v -7.033 		345.602 		40.044
v -7.9 		345.602 		40.82
v 12.321 		344.5 		69.644
v 12.51 		344.5 		69.722
v 12.309 		344.5 		70.133
v 12.057 		344.5 		70.514
v 12.459 		344.5 		69.236
v 12.542 		344.5 		68.813
v 12.57 		344.5 		68.383
v 12.656 		344.5 		69.289
v 12.542 		344.5 		67.953
v 12.774 		344.5 		68.383
v 12.744 		344.5 		68.84
v 12.744 		344.5 		67.926
v 12.459 		344.5 		67.53
v 12.321 		344.5 		67.122
v 12.132 		344.5 		66.736
v 12.656 		344.5 		67.477
v 11.895 		344.5 		66.378
v 12.51 		344.5 		67.044
v 12.309 		344.5 		66.633
v 12.057 		344.5 		66.252
v 14.391 		344.5 		56.692
v -0.414 		344.6 		45.514
v -0.714 		344.6 		45.858
v -1.055 		344.6 		46.16
v 14.423 		344.5 		56.811
v 14.677 		344.5 		56.723
v 13.389 		344.5 		56.692
v -3.166 		344.6 		46.6769
v 13.637 		344.5 		56.742
v -1.179 		344.6 		45.997
v -1.534 		344.6 		46.236
v -1.918 		344.6 		46.427
v -2.322 		344.6 		46.565
v -2.742 		344.6 		46.649
v 13.89 		344.5 		56.759
v -3.166 		344.6 		46.8829
v 13.357 		344.5 		56.811
v -2.7836 		344.6 		46.8575
v 14.143 		344.5 		56.742
v 13.89 		344.5 		56.883
v 13.621 		344.5 		56.865
v -2.715 		344.6 		46.853
v -2.3387 		344.6 		46.7777
v 14.159 		344.5 		56.865
v 13.102 		344.5 		56.723
v -2.27 		344.6 		46.764
v 13.334 		344.5 		54.833
v -1.9007 		344.6 		46.6377
v 13.798 		344.5 		54.324
v 14.188 		344.5 		53.761
v -1.432 		344.6 		46.414
v 14.631 		344.5 		56.608
v 14.858 		344.5 		56.494
v -1.84 		344.6 		46.617
v 15.069 		344.5 		56.35
v 15.143 		344.5 		56.448
v 14.919 		344.5 		56.601
v 0.0746 		344.6 		43.008
v 0.099 		344.6 		43.383
v 0.071 		344.6 		43.813
v -0.012 		344.6 		44.236
v -0.15 		344.6 		44.644
v -0.339 		344.6 		45.03
v 0.0076 		344.6 		44.7861
v 0.039 		344.6 		44.722
v 0.1624 		344.6 		44.3561
v 14.808 		344.5 		53.277
v 14.478 		344.5 		53.922
v 14.064 		344.5 		54.52
v 13.572 		344.5 		55.061
v 0.303 		344.6 		43.383
v 0.2784 		344.6 		43.008
v 12.1 		344.5 		55.536
v 9.19 		344.6 		31.7
v 10.245 		344.6 		31.655
v 0.273 		344.6 		43.84
v 8.365 		344.6 		31.799
v 12.1699 		344.5 		55.6807
v 7.54 		344.6 		31.89
v 0.185 		344.6 		44.289
v 11.902 		344.5 		55.323
v 12.061 		344.5 		55.7324
v 11.989 		344.5 		55.583
v 11.969 		344.5 		54.519
v 9.19 		344.725 		31.7
v 9.122 		344.725 		31.7082
v -0.858 		344.6 		41.054
v 11.953 		344.5 		54.778
v -0.576 		344.6 		41.378
v -0.339 		344.6 		41.736
v -0.15 		344.6 		42.122
v -0.012 		344.6 		42.53
v 0.071 		344.6 		42.953
v 10.245 		344.725 		31.655
v 11.969 		344.5 		55.036
v 0.2775 		344.6 		42.9952
v 11.85 		344.5 		54.503
v 12.019 		344.5 		55.291
v 8.365 		344.725 		31.799
v 0.273 		344.6 		42.926
v 0.1991 		344.6 		42.5488
v 11.832 		344.5 		54.778
v 7.54 		344.725 		31.89
v 11.85 		344.5 		55.052
v 12.52 		344.5 		53.376
v 0.185 		344.6 		42.477
v 0.0613 		344.6 		42.1103
v 12.353 		344.5 		53.571
v 12.212 		344.5 		53.787
v 0.039 		344.6 		42.044
v -0.1283 		344.6 		41.7018
v 12.435 		344.5 		53.289
v 12.1 		344.5 		54.019
v 12.257 		344.5 		53.496
v -0.414 		344.6 		41.252
v 12.019 		344.5 		54.265
v -0.162 		344.6 		41.633
v 11.902 		344.5 		54.233
v 11.989 		344.5 		53.972
v 12.108 		344.5 		53.725
v 11.592 		344.5 		55.955
v 12.222 		344.5 		55.656
v -3.168 		344.6 		46.677
v -3.594 		344.6 		46.649
v -4.014 		344.6 		46.565
v -4.418 		344.6 		46.427
v -4.802 		344.6 		46.236
v -5.157 		344.6 		45.997
v 12.806 		344.5 		55.279
v -5.214 		344.6 		46.2051
v 12.711 		344.5 		56.35
v -4.961 		344.6 		46.3756
v 12.921 		344.5 		56.494
v -4.904 		344.6 		46.414
v -4.5592 		344.6 		46.5856
v 13.149 		344.5 		56.608
v 12.861 		344.5 		56.601
v 12.637 		344.5 		56.448
v -4.496 		344.6 		46.617
v -4.1346 		344.6 		46.7405
v -3.621 		344.6 		46.853
v -4.066 		344.6 		46.764
v -5.9798 		344.6 		45.056
v -5.478 		344.6 		45.712
v -5.76 		344.6 		45.388
v -6.2117 		344.6 		45.056
v -6.2077 		344.6 		45.0642
v -5.281 		344.6 		46.16
v -0.858 		344.5 		45.712
v -0.576 		344.5 		45.388
v -5.622 		344.6 		45.858
v -5.922 		344.6 		45.514
v -0.162 		344.5 		45.133
v -0.414 		344.5 		45.514
v -0.714 		344.5 		45.858
v -1.055 		344.5 		46.16
v -6.174 		344.6 		45.133
v -2.742 		344.5 		46.649
v -2.322 		344.5 		46.565
v -1.918 		344.5 		46.427
v -2.715 		344.5 		46.853
v -5.997 		344.6 		45.03
v -6.186 		344.6 		44.644
v -1.534 		344.5 		46.236
v -6.324 		344.6 		44.236
v -6.407 		344.6 		43.813
v -6.435 		344.6 		43.383
v -2.27 		344.5 		46.764
v -1.179 		344.5 		45.997
v -6.6347 		344.6 		43.3174
v -1.432 		344.5 		46.414
v -1.84 		344.5 		46.617
v -6.6135 		344.6 		43.7708
v -0.339 		344.5 		45.03
v -0.15 		344.5 		44.644
v -0.012 		344.5 		44.236
v -6.609 		344.6 		43.84
v 0.071 		344.5 		43.813
v 0.039 		344.5 		44.722
v 0.099 		344.5 		43.383
v -6.375 		344.6 		44.722
v 0.303 		344.5 		43.383
v 0.273 		344.5 		43.84
v 0.185 		344.5 		44.289
v 0.071 		344.5 		42.953
v -0.012 		344.5 		42.53
v -0.15 		344.5 		42.122
v 0.273 		344.5 		42.926
v -0.339 		344.5 		41.736
v 0.185 		344.5 		42.477
v -0.576 		344.5 		41.378
v 0.039 		344.5 		42.044
v -0.858 		344.5 		41.054
v -0.414 		344.5 		41.252
v -0.162 		344.5 		41.633
v -5.157 		344.5 		45.997
v -4.802 		344.5 		46.236
v -4.418 		344.5 		46.427
v -4.014 		344.5 		46.565
v -4.904 		344.5 		46.414
v -3.594 		344.5 		46.649
v -4.496 		344.5 		46.617
v -3.168 		344.5 		46.677
v -3.168 		344.5 		46.883
v -3.621 		344.5 		46.853
v -4.066 		344.5 		46.764
v -5.76 		344.5 		45.388
v -5.478 		344.5 		45.712
v -5.281 		344.5 		46.16
v -5.622 		344.5 		45.858
v -5.922 		344.5 		45.514
v -6.174 		344.5 		45.133
v -6.435 		344.5 		43.383
v -6.407 		344.5 		43.813
v 17.48 		344.6 		39.07
v -6.324 		344.5 		44.236
v 15.855 		344.6 		41.569
v 16.01 		344.6 		41.03
v -6.639 		344.5 		43.383
v -6.186 		344.5 		44.644
v 15.72 		344.6 		41.97
v 0.303 		344.6 		39.883
v -6.609 		344.5 		43.84
v -5.997 		344.5 		45.03
v 15.615 		344.6 		41.557
v 15.53 		344.6 		41
v -6.375 		344.5 		44.722
v 16.257 		344.6 		40.499
v 16.54 		344.6 		39.99
v 16.992 		344.6 		39.513
v 15.85 		344.6 		36.7
v 15.832 		344.6 		35.83
v 15.699 		344.6 		38.45
v -6.3021 		344.6 		39.883
v 15.796 		344.6 		33.648
v 15.79 		344.6 		34.22
v 2.556 		344.6 		33.193
v 2.486 		344.6 		33.124
v 2.44 		344.6 		33.07
v 2.326 		344.6 		32.812
v 2.59 		344.6 		33.381
v 17.48 		345.602 		39.07
v 16.01 		345.602 		41.03
v 2.61 		344.6 		33.52
v 15.855 		345.602 		41.569
v 15.72 		345.602 		41.97
v 15.615 		345.602 		41.557
v 15.53 		345.602 		41
v 2.76 		344.6 		35.081
v 2.85 		344.6 		36.64
v 2.669 		344.6 		37.525
v 16.992 		345.602 		39.513
v 16.54 		345.602 		39.99
v 16.257 		345.602 		40.499
v 2.346 		344.6 		39.733
v 2.46 		344.6 		38.41
v 15.85 		345.602 		36.7
v 15.832 		345.602 		35.83
v -6.12 		344.6 		39.33
v -5.182 		344.6 		38.952
v -4.21 		344.6 		38.65
v -3.677 		344.6 		38.576
v 15.699 		345.602 		38.45
v -3.14 		344.6 		38.55
v -2.555 		344.6 		38.634
v -1.98 		344.6 		38.77
v -0.612 		344.6 		39.361
v 15.79 		345.602 		34.22
v 15.796 		345.602 		33.648
v 2.26 		344.6 		32.54
v 2.341 		344.6 		32.199
v 2.48 		344.6 		31.88
v 2.755 		344.6 		31.663
v 3.07 		344.6 		31.52
v 2.326 		345.602 		32.812
v 2.44 		345.602 		33.07
v 2.486 		345.602 		33.124
v 2.556 		345.602 		33.193
v 2.59 		345.602 		33.381
v 2.61 		345.602 		33.52
v 2.76 		345.602 		35.081
v 2.85 		345.602 		36.64
v 2.669 		345.602 		37.525
v 2.46 		345.602 		38.41
v 2.346 		345.602 		39.733
v -0.612 		345.602 		39.361
v -1.98 		345.602 		38.77
v -2.555 		345.602 		38.634
v -3.14 		345.602 		38.55
v -3.677 		345.602 		38.576
v -4.21 		345.602 		38.65
v -5.182 		345.602 		38.952
v -6.12 		345.602 		39.33
v 3.07 		345.602 		31.52
v 2.755 		345.602 		31.663
v 2.48 		345.602 		31.88
v 2.341 		345.602 		32.199
v 2.26 		345.602 		32.54
v 17.49 		344.6 		66.07
v 17.647 		344.6 		67.423
v 17.76 		344.6 		68.78
v 17.757 		344.6 		69.712
v 17.7 		344.6 		70.64
v 17.479 		344.6 		71.613
v 17.2 		344.6 		72.57
v 16.906 		344.6 		73.194
v 16.55 		344.6 		73.78
v 15.948 		344.6 		74.3339
v 20.812 		344.6 		57.776
v 19.66 		344.6 		58.6
v 18.681 		344.6 		58.946
v 17.67 		344.6 		59.22
v 24.757 		344.6 		52.678
v 24.703 		344.6 		52.894
v 24.639 		344.6 		53.056
v 24.57 		344.6 		53.271
v 24.51 		344.6 		53.45
v 24.298 		344.6 		53.956
v 24.06 		344.6 		54.45
v 23.775 		344.6 		54.926
v 23.46 		344.6 		55.38
v 22.707 		344.6 		56.146
v 21.92 		344.6 		56.88
v 16.309 		344.6 		59.553
v 16.36 		344.6 		59.68
v 16.968 		344.6 		62.861
v 11.85 		344.6 		55.052
v 16.219 		344.6 		59.393
v 17.123 		344.6 		59.316
v 16.57 		344.6 		59.38
v 16.417 		344.6 		59.387
v 15.948 		344.6 		56.883
v 15.948 		344.6 		54.778
v 12.019 		344.6 		54.265
v 12.1 		344.6 		54.019
v 12.212 		344.6 		53.787
v 12.353 		344.6 		53.571
v 12.52 		344.6 		53.376
v 12.4658 		344.6 		53.2612
v 17.479 		345.602 		71.613
v 17.7 		345.602 		70.64
v 17.757 		345.602 		69.712
v 17.76 		345.602 		68.78
v 17.647 		345.602 		67.423
v 17.49 		345.602 		66.07
v 12.435 		344.6 		53.289
v 16.55 		345.602 		73.78
v 16.906 		345.602 		73.194
v 17.2 		345.602 		72.57
v 17.67 		345.602 		59.22
v 18.681 		345.602 		58.946
v 19.66 		345.602 		58.6
v 20.812 		345.602 		57.776
v 24.703 		345.602 		52.894
v 24.757 		345.602 		52.678
v 24.51 		345.602 		53.45
v 24.57 		345.602 		53.271
v 24.639 		345.602 		53.056
v 21.92 		345.602 		56.88
v 22.707 		345.602 		56.146
v 23.46 		345.602 		55.38
v 23.775 		345.602 		54.926
v 24.06 		345.602 		54.45
v 24.298 		345.602 		53.956
v 16.968 		345.602 		62.861
v 16.36 		345.602 		59.68
v 16.309 		345.602 		59.553
v 16.219 		345.602 		59.393
v 16.417 		345.602 		59.387
v 16.57 		345.602 		59.38
v 17.123 		345.602 		59.316
v 15.812 		345.602 		74.459
v 15.812 		344.6 		74.459
v 15.266 		344.6 		56.172
v 15.7593 		344.6 		55.296
v 15.679 		344.6 		55.536
v 15.567 		344.6 		55.768
v 15.427 		344.6 		55.984
v 15.266 		344.6 		56.3372
v 15.3124 		344.6 		56.2954
v 15.345 		344.6 		56.266
v 15.4918 		344.6 		56.0953
v 15.878 		344.6 		55.323
v 15.8832 		344.6 		55.296
v 15.791 		344.6 		55.583
v 15.672 		344.6 		55.83
v 15.523 		344.6 		56.059
v 15.26 		344.6 		56.179
v 15.7624 		344.6 		54.272
v 15.81 		344.6 		54.519
v 15.827 		344.6 		54.778
v 15.81 		344.6 		55.036
v 15.761 		344.6 		55.291
v 15.9214 		344.6 		55.0966
v 15.93 		344.6 		54.503
v 15.8855 		344.6 		54.272
v 15.93 		344.6 		55.052
v 15.266 		344.6 		53.383
v 15.427 		344.6 		53.571
v 15.567 		344.6 		53.787
v 15.679 		344.6 		54.019
v 15.761 		344.6 		54.265
v 15.878 		344.6 		54.233
v 15.8041 		344.6 		54.0113
v 15.345 		344.6 		53.289
v 15.2995 		344.6 		53.248
v 15.523 		344.6 		53.496
v 15.672 		344.6 		53.725
v 15.791 		344.6 		53.972
v 15.26 		344.6 		53.376
v 15.266 		344.6 		53.2178
v 11.577 		345.602 		76.363
v 12.1 		345.602 		76.27
v 13.163 		345.602 		75.97
v 14.21 		345.602 		75.63
v 14.63 		345.602 		75.384
v 15.03 		345.602 		75.1
v 15.03 		344.6 		75.1
v 14.63 		344.6 		75.384
v 14.21 		344.6 		75.63
v 13.163 		344.6 		75.97
v 12.1 		344.6 		76.27
v 11.577 		344.6 		76.363
v 11.832 		344.6 		70.4604
v 11.613 		344.6 		70.712
v 11.292 		344.6 		70.997
v 11.17 		344.6 		71.0791
v 11.3581 		344.6 		71.199
v 11.17 		344.6 		71.3257
v 11.7033 		344.6 		70.9056
v 11.416 		344.6 		71.16
v 11.832 		344.6 		70.772
v 11.757 		344.6 		70.858
v 11.292 		344.6 		65.769
v 11.613 		344.6 		66.054
v 11.832 		344.6 		66.3056
v 11.3121 		344.6 		65.536
v 11.416 		344.6 		65.606
v 11.757 		344.6 		65.908
v 11.832 		344.6 		65.994
v 11.096 		344.6 		65.3904
v 12.774 		344.6 		68.383
v 12.3251 		344.6 		69.632
v 12.321 		344.6 		69.644
v 12.132 		344.6 		70.03
v 11.895 		344.6 		70.388
v 12.0076 		344.6 		70.5707
v 12.51 		344.6 		69.722
v 12.5403 		344.6 		69.632
v 12.309 		344.6 		70.133
v 12.057 		344.6 		70.514
v 12.4696 		344.6 		67.584
v 12.542 		344.6 		67.953
v 12.57 		344.6 		68.383
v 12.542 		344.6 		68.813
v 12.459 		344.6 		69.236
v 12.6334 		344.6 		69.3561
v 12.73 		344.6 		68.9113
v 12.656 		344.6 		69.289
v 12.677 		344.6 		67.584
v 12.744 		344.6 		67.926
v 12.744 		344.6 		68.84
v 11.895 		344.6 		66.378
v 12.132 		344.6 		66.736
v 12.321 		344.6 		67.122
v 12.459 		344.6 		67.53
v 12.6701 		344.6 		67.5488
v 12.5323 		344.6 		67.1103
v 12.656 		344.6 		67.477
v 12.3427 		344.6 		66.7018
v 12.51 		344.6 		67.044
v 12.0952 		344.6 		66.3097
v 12.309 		344.6 		66.633
v 12.057 		344.6 		66.252
v 12.2816 		344.6 		53.4673
v 12.257 		344.6 		53.496
v 12.1328 		344.6 		53.6869
v 11.902 		344.6 		54.233
v 11.989 		344.6 		53.972
v 12.108 		344.6 		53.725
v 13.149 		344.6 		56.608
v 12.921 		344.6 		56.494
v 12.711 		344.6 		56.35
v 12.6022 		344.6 		56.4166
v 12.861 		344.6 		56.601
v 12.637 		344.6 		56.448
# 1683 vertices

g group_6_14860437

usemtl color_14860437
s 0

f 9292 	8912 	9291
f 9286 	9291 	8912
f 8911 	9288 	8912
f 9286 	8912 	9288
f 8955 	8944 	9571
f 9573 	9570 	8944
f 9573 	8944 	8933
f 9570 	9571 	8944
f 9291 	9573 	8933
f 9291 	8933 	9292
f 9288 	9571 	9570
f 9288 	9570 	9286
f 9770 	9774 	9571
f 9288 	9756 	9571
f 9757 	9770 	9571
f 9765 	9756 	9288
f 9756 	9757 	9571
f 9765 	9288 	8911
f 8955 	9571 	9774
f 9291 	9286 	9570
f 9291 	9570 	9573
# 21 faces

g group_6_15277357

usemtl color_15277357
s 0

f 8493 	8478 	8475
f 8479 	8475 	8478
f 8482 	8485 	8486
f 8482 	8486 	8487
f 8491 	8492 	8494
f 8495 	8497 	8498
f 8501 	8498 	8497
f 8501 	8497 	8503
f 8506 	8501 	8503
f 8506 	8503 	8507
f 8517 	8506 	8507
f 8517 	8507 	8518
f 8523 	8524 	8692
f 8525 	8547 	8520
f 8519 	8520 	8532
f 8529 	8517 	8518
f 8529 	8518 	8531
f 8533 	8546 	8525
f 8532 	8520 	8538
f 8540 	8545 	8533
f 8692 	8537 	8523
f 8536 	8523 	8537
f 8544 	8529 	8531
f 8544 	8531 	8548
f 8547 	8525 	8546
f 8538 	8520 	8547
f 8545 	8546 	8533
f 8551 	8552 	8553
f 8554 	8567 	8496
f 8496 	8557 	8493
f 8537 	8553 	8536
f 8552 	8536 	8553
f 8555 	8566 	8554
f 8478 	8493 	8557
f 8558 	8817 	8556
f 8557 	8496 	8567
f 8559 	8564 	8555
f 8544 	8548 	8560
f 8561 	8825 	8558
f 8562 	8563 	8565
f 8567 	8554 	8566
f 8564 	8566 	8555
f 8563 	8571 	8572
f 8563 	8572 	8565
f 8576 	8582 	8573
f 8559 	8573 	8564
f 8571 	8575 	8578
f 8571 	8578 	8572
f 8579 	8587 	8576
f 8564 	8573 	8582
f 8553 	8578 	8551
f 8575 	8551 	8578
f 8586 	8593 	8579
f 8583 	8584 	8585
f 8585 	8584 	8589
f 8585 	8589 	8592
f 8582 	8576 	8587
f 8599 	8600 	8591
f 8592 	8589 	8594
f 8592 	8594 	8595
f 8587 	8579 	8593
f 8596 	8599 	8591
f 8597 	8598 	8601
f 8593 	8586 	8600
f 8586 	8591 	8600
f 8598 	8597 	8602
f 8595 	8594 	8607
f 8595 	8607 	8609
f 8611 	8613 	8615
f 8611 	8601 	8613
f 8598 	8613 	8601
f 8639 	8634 	8617
f 8621 	8609 	8607
f 8621 	8607 	8622
f 8623 	8630 	8620
f 8628 	8633 	8623
f 8624 	8615 	8626
f 8613 	8626 	8615
f 8677 	8673 	8630
f 8631 	8640 	8628
f 8621 	8622 	8632
f 8630 	8623 	8633
f 8634 	8639 	8631
f 8635 	8636 	8637
f 8633 	8628 	8640
f 8639 	8640 	8631
f 8603 	8617 	8634
f 8641 	8642 	8636
f 8641 	8636 	8635
f 8645 	8646 	8642
f 8645 	8642 	8641
f 8649 	8664 	8644
f 8626 	8646 	8645
f 8626 	8645 	8624
f 8657 	8658 	8659
f 8657 	8659 	8660
f 8661 	8680 	8654
f 8654 	8672 	8649
f 8721 	8644 	8664
f 8659 	8658 	8662
f 8659 	8662 	8663
f 8665 	8679 	8661
f 8663 	8662 	8668
f 8663 	8668 	8670
f 8664 	8649 	8672
f 8673 	8677 	8665
f 8670 	8668 	8674
f 8670 	8674 	8675
f 8675 	8674 	8678
f 8675 	8678 	8681
f 8680 	8661 	8679
f 8672 	8654 	8680
f 8677 	8679 	8665
f 8620 	8630 	8673
f 8720 	8706 	8684
f 8686 	8693 	8682
f 8693 	8688 	8682
f 8681 	8678 	8495
f 8681 	8495 	8498
f 8687 	8697 	8686
f 8596 	8682 	8688
f 8599 	8596 	8688
f 8524 	8691 	8692
f 8694 	8698 	8703
f 8695 	8696 	8692
f 8695 	8692 	8691
f 8693 	8686 	8697
f 8702 	8703 	8698
f 8699 	8700 	8696
f 8699 	8696 	8695
f 8697 	8687 	8704
f 8687 	8694 	8704
f 8703 	8704 	8694
f 8705 	8706 	8700
f 8705 	8700 	8699
f 8705 	8683 	8706
f 8683 	8684 	8706
f 8711 	8724 	8710
f 8621 	8632 	8660
f 8657 	8660 	8632
f 8713 	8723 	8711
f 8715 	8637 	8714
f 8636 	8714 	8637
f 8721 	8722 	8716
f 8719 	8720 	8684
f 8723 	8713 	8722
f 8724 	8711 	8723
f 8716 	8722 	8713
f 8721 	8716 	8644
f 8725 	8726 	8720
f 8725 	8720 	8719
f 8714 	8726 	8725
f 8714 	8725 	8715
f 8702 	8698 	8729
f 8698 	8708 	8729
f 8708 	8709 	8729
f 8728 	8729 	8709
f 8710 	8730 	8709
f 8730 	8710 	8724
f 8728 	8709 	8730
f 8733 	8738 	8731
f 8479 	8732 	8475
f 8735 	8748 	8733
f 8740 	8746 	8735
f 8737 	8763 	8736
f 8479 	8736 	8732
f 8748 	8735 	8746
f 8738 	8733 	8748
f 8745 	8746 	8740
f 8749 	8760 	8743
f 8753 	8767 	8749
f 8754 	8770 	8751
f 8758 	8766 	8753
f 8759 	8770 	8754
f 8756 	8743 	8760
f 8760 	8749 	8767
f 8763 	8737 	8758
f 8765 	8731 	8772
f 8767 	8753 	8766
f 8732 	8736 	8763
f 8766 	8758 	8737
f 8764 	8751 	8770
f 8738 	8772 	8731
f 8765 	8774 	8759
f 8774 	8765 	8772
f 8770 	8759 	8774
f 8780 	8784 	8776
f 8781 	8793 	8777
f 8782 	8790 	8780
f 8784 	8810 	8776
f 8783 	8801 	8781
f 8795 	8796 	8786
f 8789 	8800 	8783
f 8784 	8780 	8790
f 8792 	8795 	8786
f 8788 	8777 	8793
f 8793 	8781 	8801
f 8794 	8798 	8789
f 8488 	8489 	8490
f 8815 	8490 	8797
f 8489 	8797 	8490
f 8790 	8782 	8799
f 8782 	8786 	8799
f 8796 	8799 	8786
f 8795 	8792 	8743
f 8795 	8743 	8756
f 8801 	8783 	8800
f 8798 	8800 	8789
f 8751 	8764 	8794
f 8798 	8794 	8764
f 8655 	8802 	8803
f 8812 	8616 	8804
f 8806 	8807 	8808
f 8809 	8821 	8805
f 8485 	8482 	8806
f 8485 	8806 	8808
f 8810 	8812 	8771
f 8771 	8776 	8810
f 8804 	8771 	8812
f 8603 	8804 	8616
f 8617 	8603 	8616
f 8811 	8826 	8809
f 8815 	8797 	8813
f 8814 	8830 	8811
f 8829 	8815 	8816
f 8813 	8816 	8815
f 8802 	8819 	8820
f 8802 	8820 	8803
f 8822 	8827 	8835
f 8821 	8809 	8826
f 8807 	8806 	8823
f 8807 	8823 	8824
f 8817 	8558 	8825
f 8834 	8835 	8827
f 8829 	8816 	8828
f 8826 	8811 	8830
f 8832 	8833 	8831
f 8819 	8824 	8823
f 8819 	8823 	8820
f 8833 	8829 	8831
f 8805 	8840 	8836
f 8821 	8840 	8805
f 8841 	8836 	8840
f 8842 	8870 	8841
f 8829 	8843 	8839
f 8839 	8831 	8829
f 8829 	8828 	8843
f 9223 	8833 	8846
f 8832 	8846 	8833
f 8850 	8861 	8845
f 8852 	8854 	8856
f 8852 	8856 	8858
f 8857 	8864 	8850
f 8908 	8845 	8861
f 8862 	8878 	8857
f 8858 	8856 	8863
f 8861 	8850 	8864
f 8869 	8864 	8857
f 8866 	8876 	8862
f 8865 	8867 	8868
f 8870 	8842 	8866
f 8869 	8857 	8878
f 8871 	8872 	8867
f 8871 	8867 	8865
f 8878 	8862 	8876
f 8836 	8841 	8870
f 8876 	8866 	8842
f 8879 	8882 	8883
f 8879 	8883 	8884
f 8888 	8893 	8885
f 8883 	8882 	8889
f 8883 	8889 	8890
f 8891 	8896 	8888
f 8890 	8889 	8892
f 8894 	8895 	8891
f 8921 	8897 	8899
f 8893 	8888 	8896
f 8895 	8896 	8891
f 8863 	8904 	8905
f 8863 	8905 	8858
f 8894 	8901 	8910
f 8895 	8894 	8910
f 8909 	8910 	8901
f 8901 	8844 	8909
f 8908 	8909 	8844
f 8844 	8845 	8908
f 8905 	8904 	8879
f 8905 	8879 	8884
f 8913 	8915 	8916
f 8913 	8916 	8917
f 8913 	8868 	8915
f 8867 	8915 	8868
f 8920 	8921 	8899
f 8923 	8924 	8921
f 8923 	8921 	8920
f 8916 	8924 	8923
f 8916 	8923 	8917
f 8892 	8940 	8941
f 8892 	8941 	8890
f 8941 	8940 	8947
f 8941 	8947 	8948
f 8948 	8947 	8951
f 8948 	8951 	8952
f 8954 	8897 	8980
f 8921 	8980 	8897
f 8952 	8951 	8956
f 8967 	8968 	8972
f 8973 	8974 	8968
f 8973 	8968 	8967
f 8979 	8980 	8974
f 8979 	8974 	8973
f 8980 	8979 	8954
f 8650 	8981 	8982
f 8985 	8983 	8984
f 8982 	8981 	8854
f 8982 	8854 	8852
f 8872 	8988 	8983
f 8872 	8983 	8985
f 8872 	8871 	8988
f 8985 	8984 	8991
f 8985 	8991 	8992
f 8992 	8991 	8993
f 8992 	8993 	8994
f 8997 	8995 	8996
f 9035 	9001 	8999
f 9002 	9000 	9001
f 9000 	8999 	9001
f 8996 	9004 	8997
f 9738 	8997 	9004
f 9005 	9001 	9006
f 9007 	9001 	9005
f 9039 	9006 	9001
f 9008 	9001 	9007
f 9002 	9001 	9008
f 8994 	8993 	9013
f 8994 	9013 	9015
f 9017 	9019 	9020
f 9020 	9019 	8995
f 9020 	8995 	8997
f 9030 	9035 	9031
f 9034 	9035 	8999
f 9035 	9034 	9031
f 9038 	9039 	9040
f 9039 	9038 	9006
f 9048 	9015 	9013
f 9048 	9013 	9049
f 8825 	8561 	9047
f 8561 	8822 	9047
f 8835 	9047 	8822
f 8834 	8827 	8532
f 9050 	9051 	9052
f 9050 	9040 	9051
f 9039 	9051 	9040
f 8817 	8745 	8556
f 8740 	8556 	8745
f 9055 	9048 	9049
f 9055 	9049 	9056
f 9059 	9060 	9061
f 9062 	9068 	9057
f 9059 	9052 	9060
f 9051 	9060 	9052
f 9066 	9067 	9064
f 8777 	8788 	9058
f 9055 	9056 	9065
f 9200 	9058 	9076
f 9070 	9071 	9072
f 9069 	9057 	9068
f 9067 	9068 	9062
f 9063 	9075 	9069
f 9062 	9064 	9067
f 9066 	9083 	9096
f 9073 	9074 	9071
f 9073 	9071 	9070
f 9076 	9058 	8788
f 9073 	9061 	9074
f 9060 	9074 	9061
f 9065 	9078 	9079
f 9065 	9079 	9055
f 9057 	9069 	9075
f 9727 	9726 	9063
f 9079 	9078 	9081
f 9079 	9081 	9082
f 9082 	9081 	9084
f 9082 	9084 	9085
f 9086 	9096 	9083
f 9064 	9083 	9066
f 9238 	9089 	9088
f 9087 	9088 	9089
f 9087 	9072 	9088
f 9071 	9088 	9072
f 9090 	9095 	9086
f 9091 	9095 	9090
f 9096 	9086 	9095
f 9095 	9091 	9101
f 9106 	9110 	9104
f 9091 	9104 	9101
f 9108 	9115 	9106
f 9101 	9104 	9110
f 9110 	9106 	9115
f 9111 	9114 	9108
f 9115 	9108 	9114
f 9117 	9118 	9120
f 9111 	9120 	9118
f 9114 	9111 	9118
f 9126 	9139 	9125
f 8545 	8540 	9136
f 9125 	9136 	8540
f 9151 	9656 	9149
f 9177 	9173 	9167
f 9169 	9177 	9167
f 9171 	9176 	9169
f 9177 	9169 	9176
f 9077 	9180 	9171
f 9181 	9171 	9180
f 9176 	9171 	9181
f 9085 	9084 	9172
f 9191 	9206 	9185
f 9077 	9185 	9180
f 9198 	9180 	9185
f 9196 	9203 	9191
f 9200 	9209 	9196
f 9198 	9185 	9206
f 9203 	9206 	9191
f 9203 	9196 	9209
f 9076 	9209 	9200
f 9214 	9219 	9213
f 9217 	9220 	9214
f 9219 	9214 	9220
f 9229 	9230 	9231
f 9233 	9241 	9228
f 9234 	9235 	9230
f 9234 	9230 	9229
f 9237 	9238 	9235
f 9237 	9235 	9234
f 9225 	9240 	9233
f 9240 	9241 	9233
f 9242 	9228 	9241
f 9238 	9237 	9089
f 9243 	9264 	8814
f 9172 	9244 	9245
f 9172 	9245 	9085
f 9246 	9263 	9243
f 9245 	9244 	9248
f 9245 	9248 	9249
f 9249 	9248 	9253
f 9249 	9253 	9255
f 9252 	9266 	9246
f 8830 	8814 	9264
f 9260 	9231 	9269
f 9230 	9269 	9231
f 9264 	9243 	9263
f 9213 	9219 	9252
f 9266 	9252 	9219
f 9263 	9246 	9266
f 9255 	9253 	9265
f 9255 	9265 	9228
f 9268 	9269 	9270
f 9273 	9279 	9267
f 9225 	9267 	9240
f 9269 	9268 	9260
f 9240 	9267 	9279
f 9276 	9285 	9273
f 9274 	9270 	9275
f 9269 	9275 	9270
f 8885 	9287 	9276
f 9280 	9281 	9282
f 9279 	9273 	9285
f 9275 	9281 	9280
f 9275 	9280 	9274
f 9285 	9276 	9287
f 9287 	8885 	8893
f 8731 	9016 	9014
f 8733 	8731 	9014
f 8733 	9014 	9012
f 8735 	8733 	9012
f 8735 	9012 	9011
f 8772 	8738 	9021
f 9018 	9021 	8738
f 8740 	8735 	9011
f 8740 	9011 	9010
f 9027 	9029 	8738
f 9029 	9018 	8738
f 9009 	8740 	9010
f 8745 	9036 	9037
f 9037 	9041 	8746
f 9037 	8746 	8745
f 9041 	9080 	8748
f 9041 	8748 	8746
f 8738 	8748 	9027
f 9080 	9027 	8748
f 8751 	9100 	9098
f 8754 	8751 	9098
f 8754 	9098 	9097
f 8759 	8754 	9097
f 8759 	9097 	9093
f 9102 	9105 	8764
f 8732 	9319 	9389
f 8732 	9389 	9332
f 8732 	9332 	8475
f 8479 	9311 	8736
f 9310 	8736 	9311
f 9310 	9313 	8737
f 9310 	8737 	8736
f 9313 	9315 	8737
f 8743 	9318 	9324
f 8749 	8743 	9324
f 8749 	9324 	9323
f 8753 	8749 	9323
f 8753 	9323 	9322
f 9326 	8795 	9327
f 8758 	8753 	9322
f 8758 	9322 	9321
f 9331 	9330 	8756
f 9330 	9327 	8756
f 8763 	8758 	9321
f 8763 	9321 	9320
f 9335 	9333 	8760
f 9335 	8760 	8767
f 8756 	8760 	9331
f 9333 	9331 	8760
f 9320 	9319 	8763
f 8732 	8763 	9319
f 8765 	8759 	9093
f 8765 	9093 	9092
f 9107 	9109 	8764
f 9109 	9102 	8764
f 9092 	9016 	8765
f 8731 	8765 	9016
f 9021 	9116 	8772
f 9116 	9121 	8774
f 9116 	8774 	8772
f 9121 	8998 	8770
f 9121 	8770 	8774
f 8770 	8998 	9107
f 8770 	9107 	8764
f 8777 	9520 	9132
f 8781 	8777 	9132
f 8781 	9132 	9130
f 8783 	8781 	9130
f 8783 	9130 	9129
f 9135 	8788 	9138
f 8789 	8783 	9129
f 8789 	9129 	9128
f 9146 	9145 	8788
f 8788 	9145 	9138
f 8794 	8789 	9128
f 8794 	9128 	9127
f 9152 	9155 	8793
f 9152 	8793 	8801
f 8788 	8793 	9146
f 9155 	9146 	8793
f 9127 	9100 	8794
f 8751 	8794 	9100
f 9105 	9157 	8798
f 9105 	8798 	8764
f 9157 	9158 	8800
f 9157 	8800 	8798
f 9158 	9164 	8801
f 9158 	8801 	8800
f 9164 	9152 	8801
f 8475 	9332 	9336
f 8805 	9190 	9189
f 8475 	9336 	9334
f 8475 	9334 	8493
f 8809 	8805 	9189
f 8809 	9189 	9188
f 9337 	8478 	9338
f 8811 	8809 	9188
f 8811 	9188 	9187
f 9340 	8479 	8478
f 9340 	8478 	9337
f 8814 	8811 	9187
f 8814 	9187 	9186
f 9311 	8479 	9340
f 9195 	8840 	9194
f 9334 	9354 	8493
f 9182 	8814 	9186
f 8493 	9354 	9353
f 8493 	9353 	8496
f 9197 	9199 	8821
f 9197 	8821 	8826
f 8496 	9353 	9352
f 8496 	9352 	8554
f 9199 	9194 	8821
f 8554 	9352 	9350
f 8554 	9350 	8555
f 9205 	9210 	8826
f 9205 	8826 	8830
f 9357 	9338 	8557
f 8478 	8557 	9338
f 9210 	9197 	8826
f 8555 	9350 	9348
f 8555 	9348 	8559
f 9216 	8830 	9215
f 9264 	9215 	8830
f 8567 	9359 	8557
f 9358 	8557 	9359
f 9216 	9205 	8830
f 8557 	9358 	9357
f 8836 	9222 	9224
f 8559 	9348 	9346
f 9224 	9190 	8836
f 8805 	8836 	9190
f 9028 	8564 	9362
f 9195 	9227 	8840
f 8821 	9194 	8840
f 9365 	8566 	8564
f 9365 	8564 	9028
f 9227 	9232 	8841
f 9227 	8841 	8840
f 9366 	8567 	8566
f 9366 	8566 	9365
f 9232 	9236 	8842
f 9232 	8842 	8841
f 8567 	9366 	9359
f 9236 	9239 	8842
f 9346 	9376 	8573
f 9346 	8573 	8559
f 8844 	9247 	9259
f 8573 	9376 	9375
f 8573 	9375 	8576
f 8845 	8844 	9259
f 8845 	9259 	9258
f 8576 	9375 	9374
f 8576 	9374 	8579
f 9379 	9362 	8582
f 8564 	8582 	9362
f 8850 	8845 	9258
f 8850 	9258 	9257
f 8857 	8850 	9257
f 8857 	9257 	9256
f 8579 	9374 	9373
f 8579 	9373 	8586
f 9380 	8582 	9381
f 9262 	9261 	8908
f 8582 	9380 	9379
f 8862 	8857 	9256
f 8862 	9256 	9254
f 8591 	8586 	9373
f 8591 	9373 	9372
f 9272 	9271 	8861
f 9388 	8587 	9390
f 8908 	8861 	9262
f 9271 	9262 	8861
f 9388 	9381 	8587
f 8582 	8587 	9381
f 8866 	8862 	9254
f 8866 	9254 	9251
f 8596 	8591 	9372
f 8596 	9372 	9371
f 9278 	9277 	8864
f 9278 	8864 	8869
f 9390 	8593 	9391
f 8861 	8864 	9272
f 9277 	9272 	8864
f 8587 	8593 	9390
f 8870 	8866 	9251
f 8870 	9251 	9250
f 8596 	9371 	9370
f 9284 	9283 	8869
f 9284 	8869 	8878
f 9393 	8599 	9394
f 8869 	9283 	9278
f 9396 	8600 	8599
f 9396 	8599 	9393
f 9250 	9222 	8870
f 8836 	8870 	9222
f 9396 	9391 	8600
f 8593 	8600 	9391
f 9239 	9289 	8876
f 9239 	8876 	8842
f 8603 	9400 	9399
f 9289 	9293 	8878
f 9289 	8878 	8876
f 9377 	8603 	9399
f 9293 	9284 	8878
f 8639 	8617 	9403
f 9402 	9403 	8617
f 8885 	9294 	9300
f 8616 	9387 	9407
f 8888 	8885 	9300
f 8888 	9300 	9299
f 9407 	9408 	8617
f 9407 	8617 	8616
f 8891 	8888 	9299
f 8891 	9299 	9298
f 9408 	9402 	8617
f 9302 	8893 	9303
f 8620 	9409 	9414
f 8894 	8891 	9298
f 8894 	9298 	9297
f 8623 	8620 	9414
f 8623 	9414 	9413
f 9308 	8893 	9309
f 8628 	8623 	9413
f 8628 	9413 	9412
f 8893 	9308 	9303
f 8677 	8630 	9415
f 8894 	9297 	9296
f 8631 	8628 	9412
f 8631 	9412 	9411
f 9314 	9312 	8895
f 9419 	9418 	8630
f 9316 	8896 	8895
f 9316 	8895 	9312
f 9316 	9309 	8896
f 8893 	8896 	9309
f 8630 	9418 	9417
f 9417 	9415 	8630
f 8901 	8894 	9296
f 8901 	9296 	9317
f 8634 	8631 	9411
f 8634 	9411 	9410
f 9317 	9247 	8901
f 8844 	8901 	9247
f 9421 	9420 	8633
f 8630 	8633 	9419
f 9420 	9419 	8633
f 9261 	9325 	8908
f 9325 	9328 	8909
f 9325 	8909 	8908
f 9410 	9400 	8634
f 8603 	8634 	9400
f 9328 	9329 	8910
f 9328 	8910 	8909
f 9403 	9424 	8639
f 9424 	9426 	8640
f 9424 	8640 	8639
f 8895 	8910 	9314
f 9329 	9314 	8910
f 8633 	8640 	9421
f 9426 	9421 	8640
f 9438 	9446 	8644
f 8649 	8644 	9446
f 8649 	9446 	9445
f 8654 	8649 	9445
f 8654 	9445 	9444
f 8519 	8532 	8827
f 8661 	8654 	9444
f 8661 	9444 	9442
f 9450 	9449 	8721
f 9450 	8721 	8664
f 8665 	8661 	9442
f 8665 	9442 	9441
f 9451 	9450 	8664
f 8673 	8665 	9441
f 8673 	9441 	9440
f 9455 	9454 	8672
f 8664 	8672 	9451
f 9454 	9451 	8672
f 9440 	9409 	8673
f 8620 	8673 	9409
f 9415 	9462 	8677
f 9462 	9470 	8679
f 9462 	8679 	8677
f 9470 	9471 	8680
f 9470 	8680 	8679
f 8519 	8827 	9435
f 8519 	9435 	9434
f 8672 	8680 	9455
f 9471 	9455 	8680
f 8520 	8519 	9434
f 8520 	9434 	9433
f 9370 	9478 	8682
f 9370 	8682 	8596
f 8682 	9478 	9477
f 8682 	9477 	8686
f 8525 	8520 	9433
f 8525 	9433 	9432
f 8686 	9477 	9476
f 8686 	9476 	8687
f 8834 	8532 	9439
f 9437 	9439 	8532
f 8693 	9480 	8688
f 9479 	8688 	9480
f 9479 	9394 	8688
f 8599 	8688 	9394
f 8533 	8525 	9432
f 8533 	9432 	9430
f 8687 	9476 	9475
f 8687 	9475 	8694
f 9443 	9416 	8532
f 9443 	8532 	8538
f 9482 	8693 	9483
f 8693 	9482 	9480
f 9416 	9437 	8532
f 8698 	8694 	9475
f 8698 	9475 	9474
f 8540 	8533 	9430
f 8540 	9430 	9428
f 9485 	8697 	9486
f 9452 	9453 	8538
f 9485 	9483 	8697
f 8693 	8697 	9483
f 8698 	9474 	9473
f 9453 	9443 	8538
f 9492 	8702 	9494
f 9496 	8703 	8702
f 9496 	8702 	9492
f 9427 	8540 	9428
f 9499 	8704 	8703
f 9499 	8703 	9496
f 9499 	9486 	8704
f 8697 	8704 	9486
f 8545 	9456 	9458
f 9507 	9506 	8709
f 9507 	8709 	8708
f 9458 	9468 	8546
f 9458 	8546 	8545
f 8709 	9506 	9505
f 8709 	9505 	8710
f 9468 	9472 	8547
f 9468 	8547 	8546
f 8710 	9505 	9504
f 8710 	9504 	8711
f 8711 	9504 	9503
f 8711 	9503 	8713
f 8538 	8547 	9452
f 9472 	9452 	8547
f 8713 	9503 	9502
f 8713 	9502 	8716
f 9159 	9481 	9484
f 8724 	9509 	9510
f 8556 	9493 	9491
f 8716 	9502 	9438
f 8716 	9438 	8644
f 8558 	8556 	9491
f 8558 	9491 	9490
f 9449 	9512 	8721
f 8561 	8558 	9490
f 8561 	9490 	9489
f 9513 	8722 	8721
f 9513 	8721 	9512
f 9515 	8723 	8722
f 9515 	8722 	9513
f 9495 	9497 	8817
f 9516 	8724 	8723
f 9516 	8723 	9515
f 8822 	8561 	9489
f 8822 	9489 	9488
f 8724 	9516 	9509
f 9498 	9500 	8817
f 8698 	9473 	8708
f 9507 	8708 	9473
f 9500 	9495 	8817
f 8943 	9494 	8729
f 8702 	8729 	9494
f 8724 	9510 	8730
f 9518 	8730 	9510
f 8827 	8822 	9488
f 8827 	9488 	9487
f 9519 	8728 	8730
f 9519 	8730 	9518
f 8729 	8728 	9519
f 8729 	9519 	8943
f 9501 	9508 	8825
f 8817 	8825 	9498
f 9508 	9498 	8825
f 8827 	9487 	9435
f 9439 	9511 	8834
f 9511 	9514 	8835
f 9511 	8835 	8834
f 9514 	9517 	9047
f 9514 	9047 	8835
f 8825 	9047 	9501
f 9517 	9501 	9047
f 9009 	9493 	8740
f 8556 	8740 	9493
f 8745 	8817 	9036
f 9497 	9036 	8817
f 9521 	9520 	9058
f 9058 	9520 	8777
f 9076 	9522 	9523
f 8788 	9135 	9076
f 9524 	9076 	9135
f 9524 	9522 	9076
f 9526 	9525 	9077
f 9484 	9530 	9159
f 9159 	9530 	9529
f 9159 	9529 	9167
f 9167 	9529 	9528
f 9167 	9528 	9169
f 9169 	9528 	9527
f 9169 	9527 	9171
f 9177 	9532 	9173
f 9531 	9173 	9532
f 9533 	9173 	9531
f 9526 	9077 	9171
f 9526 	9171 	9527
f 9534 	9181 	9180
f 9534 	9180 	9406
f 9535 	9176 	9181
f 9535 	9181 	9534
f 9536 	9177 	9176
f 9536 	9176 	9535
f 9177 	9536 	9532
f 9180 	9537 	9406
f 9525 	9541 	9185
f 9525 	9185 	9077
f 9185 	9541 	9540
f 9185 	9540 	9191
f 9191 	9540 	9539
f 9191 	9539 	9196
f 9542 	9537 	9198
f 9180 	9198 	9537
f 9200 	9196 	9539
f 9200 	9539 	9538
f 9543 	9198 	9544
f 9198 	9543 	9542
f 9656 	9151 	9655
f 9538 	9521 	9200
f 9058 	9200 	9521
f 9159 	9167 	9173
f 9076 	9523 	9209
f 9545 	9209 	9523
f 9655 	9159 	9173
f 9151 	9159 	9655
f 9546 	9203 	9209
f 9546 	9209 	9545
f 9668 	9675 	9126
f 9547 	9206 	9203
f 9547 	9203 	9546
f 9669 	9674 	9668
f 9136 	9125 	9139
f 9547 	9544 	9206
f 9198 	9206 	9544
f 9672 	9673 	9669
f 9139 	9126 	9675
f 9213 	9551 	9550
f 9214 	9213 	9550
f 9214 	9550 	9549
f 9675 	9668 	9674
f 9673 	9674 	9669
f 9217 	9214 	9549
f 9217 	9549 	9548
f 9552 	9553 	9219
f 9677 	9682 	9676
f 9678 	9681 	9677
f 9672 	9676 	9679
f 9672 	9679 	9673
f 9131 	9217 	9548
f 9554 	9405 	9219
f 9679 	9676 	9682
f 9680 	9681 	9678
f 9405 	9552 	9219
f 9555 	9556 	9220
f 9682 	9677 	9681
f 9681 	9680 	9683
f 9219 	9220 	9554
f 9556 	9554 	9220
f 9685 	9687 	9684
f 9223 	9557 	9558
f 9220 	9223 	9555
f 9558 	9555 	9223
f 9686 	9689 	9685
f 9687 	9683 	9684
f 9680 	9684 	9683
f 9688 	9690 	9686
f 9228 	9265 	9561
f 9687 	9685 	9689
f 9149 	9691 	9688
f 9228 	9561 	9560
f 9228 	9560 	9233
f 9689 	9686 	9690
f 9233 	9560 	9559
f 9233 	9559 	9225
f 9690 	9688 	9691
f 9691 	9149 	9656
f 9562 	9241 	9240
f 9562 	9240 	9290
f 9563 	9242 	9241
f 9563 	9241 	9562
f 9710 	9692 	9696
f 9282 	9281 	9242
f 9282 	9242 	9563
f 9240 	9564 	9290
f 9723 	9697 	9692
f 9243 	8814 	9182
f 9243 	9182 	9567
f 9696 	9692 	9697
f 9246 	9243 	9567
f 9246 	9567 	9566
f 9252 	9246 	9566
f 9252 	9566 	9565
f 9568 	9215 	9264
f 9700 	9708 	9698
f 9565 	9551 	9252
f 9213 	9252 	9551
f 9706 	9712 	9700
f 9710 	9715 	9706
f 9553 	9569 	9266
f 9553 	9266 	9219
f 9569 	9572 	9263
f 9569 	9263 	9266
f 9572 	9574 	9264
f 9572 	9264 	9263
f 9708 	9700 	9712
f 9711 	9712 	9706
f 9696 	9715 	9710
f 9711 	9706 	9715
f 9574 	9568 	9264
f 9559 	9577 	9267
f 9559 	9267 	9225
f 9720 	9741 	9718
f 9267 	9577 	9576
f 9267 	9576 	9273
f 9721 	9740 	9720
f 9273 	9576 	9575
f 9273 	9575 	9276
f 9579 	9564 	9279
f 9240 	9279 	9564
f 9724 	9728 	9723
f 9294 	8885 	9276
f 9294 	9276 	9575
f 9726 	9727 	9724
f 9581 	9279 	9580
f 9075 	9063 	9726
f 9279 	9581 	9579
f 9585 	9285 	9584
f 9697 	9723 	9728
f 9728 	9724 	9727
f 9585 	9580 	9285
f 9279 	9285 	9580
f 9120 	9020 	9117
f 8893 	9302 	9287
f 9587 	9287 	9302
f 9587 	9584 	9287
f 9285 	9287 	9584
f 9708 	9716 	9698
f 9721 	8982 	9739
f 9740 	9721 	9739
f 9741 	9720 	9740
f 9749 	9753 	9744
f 9754 	9744 	9753
f 9759 	9773 	9755
f 9766 	9773 	9759
f 9768 	9755 	9773
f 9769 	9744 	9752
f 9754 	9752 	9744
f 9766 	9769 	9775
f 9775 	9769 	9752
f 9773 	9766 	9775
f 9779 	9785 	9776
f 9780 	9791 	9779
f 8968 	8952 	9783
f 9784 	9790 	9780
f 9783 	9776 	9785
f 9315 	9339 	8766
f 9315 	8766 	8737
f 9785 	9779 	9791
f 9790 	9791 	9780
f 9789 	9790 	9784
f 9789 	9784 	9787
f 9755 	9768 	9787
f 9789 	9787 	9768
f 9339 	9341 	8767
f 9339 	8767 	8766
f 9792 	9223 	9217
f 9341 	9335 	8767
f 8771 	9342 	9351
f 9753 	9749 	8829
f 9749 	9793 	8823
f 8820 	8823 	9793
f 8776 	8771 	9351
f 8776 	9351 	9349
f 9800 	8820 	9793
f 9220 	9217 	9223
f 8780 	8776 	9349
f 8780 	9349 	9347
f 9804 	9809 	9802
f 8782 	8780 	9347
f 8782 	9347 	9345
f 9716 	9808 	9807
f 9356 	9355 	8784
f 8786 	8782 	9345
f 8786 	9345 	9344
f 9809 	9804 	9808
f 9804 	9807 	9808
f 9807 	9698 	9716
f 9361 	9360 	8784
f 9360 	9356 	8784
f 8792 	8786 	9344
f 8792 	9344 	9343
f 9809 	8490 	9802
f 8482 	9802 	8490
f 8815 	8482 	8490
f 9364 	9363 	8790
f 8784 	8790 	9361
f 9363 	9361 	8790
f 9343 	9318 	8792
f 8743 	8792 	9318
f 9326 	9367 	8795
f 8756 	9327 	8795
f 9367 	9368 	8796
f 9367 	8796 	8795
f 8806 	8815 	8823
f 8482 	8815 	8806
f 8829 	8823 	8815
f 9792 	9753 	8833
f 9223 	9792 	8833
f 8829 	8833 	9753
f 8823 	8829 	9749
f 9741 	8803 	9718
f 9800 	9718 	8803
f 8820 	9800 	8803
f 8867 	8872 	8858
f 8852 	8858 	8872
f 9821 	9825 	9820
f 8858 	8905 	8867
f 9826 	9820 	9825
f 9827 	9840 	9826
f 9824 	9825 	9821
f 8916 	8915 	8884
f 8921 	8924 	8883
f 8883 	8890 	8921
f 8884 	8883 	8924
f 8924 	8916 	8884
f 8905 	8884 	8915
f 8867 	8905 	8915
f 8941 	8980 	8890
f 9830 	9839 	9829
f 8948 	8974 	8941
f 8921 	8890 	8980
f 9831 	9843 	9830
f 8952 	8968 	8948
f 9835 	9842 	9831
f 9832 	9829 	9839
f 9840 	9827 	9835
f 8980 	8941 	8974
f 8974 	8948 	8968
f 9776 	9783 	8952
f 9839 	9830 	9843
f 9842 	9843 	9831
f 9820 	9826 	9840
f 9842 	9835 	9827
f 9846 	9850 	9845
f 9821 	9845 	9824
f 8872 	9001 	8852
f 8985 	9039 	8872
f 9847 	9855 	9846
f 8992 	9039 	8985
f 9001 	8997 	8852
f 9849 	9854 	9847
f 9824 	9845 	9850
f 9850 	9846 	9855
f 9851 	9853 	9849
f 9855 	9847 	9854
f 9853 	9854 	9849
f 9857 	9859 	9856
f 9856 	9853 	9851
f 8994 	9051 	8992
f 9039 	9001 	8872
f 8982 	8852 	8997
f 8997 	9738 	8982
f 9739 	8982 	9738
f 9858 	9861 	9857
f 9001 	9035 	8997
f 9853 	9856 	9859
f 9859 	9857 	9861
f 9860 	9863 	9858
f 9865 	9866 	9862
f 9020 	8997 	9035
f 9117 	9020 	9035
f 9861 	9858 	9863
f 9015 	9074 	8994
f 9863 	9860 	9866
f 9860 	9862 	9866
f 9865 	9862 	9864
f 9865 	9864 	8598
f 9039 	8992 	9051
f 9048 	9071 	9015
f 9051 	8994 	9060
f 9055 	9088 	9048
f 9060 	8994 	9074
f 9074 	9015 	9071
f 9869 	9871 	9868
f 9082 	9235 	9079
f 9079 	9238 	9055
f 9870 	9873 	9869
f 9071 	9048 	9088
f 9238 	9088 	9055
f 9085 	9230 	9082
f 9871 	9869 	9873
f 9876 	9877 	9872
f 9238 	9079 	9235
f 9235 	9082 	9230
f 9874 	9875 	9872
f 9249 	9275 	9245
f 9255 	9281 	9249
f 9085 	9245 	9269
f 9085 	9269 	9230
f 9873 	9870 	9877
f 9870 	9872 	9877
f 9832 	9875 	9829
f 9874 	9829 	9875
f 9876 	9872 	9875
f 9228 	9242 	9255
f 9881 	9882 	9879
f 9269 	9245 	9275
f 9281 	9255 	9242
f 9275 	9249 	9281
f 9883 	9878 	9882
f 9878 	9879 	9882
f 9879 	9867 	9881
f 9880 	9881 	9867
f 9871 	9880 	9868
f 9867 	9868 	9880
f 9894 	9890 	9885
f 8565 	8544 	9890
f 9887 	9894 	9885
f 9891 	8494 	9887
f 9884 	9885 	9890
f 9894 	9887 	8494
f 8494 	9891 	9898
f 9878 	9883 	9895
f 9883 	9898 	9895
f 9891 	9895 	9898
f 8506 	8553 	8501
f 8517 	8578 	8506
f 8501 	8537 	8498
f 8692 	8498 	8537
f 8529 	8572 	8517
f 8537 	8501 	8553
f 8544 	8565 	8529
f 8578 	8517 	8572
f 8553 	8506 	8578
f 8565 	8572 	8529
f 9884 	9890 	8544
f 8592 	8613 	8585
f 8595 	8626 	8592
f 9864 	8585 	8598
f 8598 	8585 	8613
f 8642 	8646 	8609
f 8613 	8592 	8626
f 8636 	8642 	8621
f 8626 	8595 	8646
f 8595 	8609 	8646
f 8609 	8621 	8642
f 9820 	9634 	9637
f 8675 	8700 	8670
f 8692 	8696 	8681
f 9820 	9637 	9636
f 9820 	9636 	9821
f 9639 	9638 	9827
f 8700 	8675 	8696
f 8706 	8670 	8700
f 8720 	8663 	8706
f 8681 	8696 	8675
f 8692 	8681 	8498
f 9821 	9636 	9635
f 9640 	9824 	9641
f 8636 	8621 	8714
f 8621 	8660 	8714
f 8660 	8659 	8714
f 8726 	8714 	8659
f 8663 	8720 	8659
f 8670 	8706 	8663
f 8726 	8659 	8720
f 9693 	9825 	9824
f 9693 	9824 	9640
f 9694 	9826 	9825
f 9694 	9825 	9693
f 9694 	9695 	9827
f 9694 	9827 	9826
f 9695 	9639 	9827
f 9829 	9699 	9705
f 9830 	9829 	9705
f 9830 	9705 	9704
f 9831 	9830 	9704
f 9831 	9704 	9703
f 9707 	9875 	9709
f 9835 	9831 	9703
f 9835 	9703 	9702
f 9714 	9713 	9832
f 9713 	9709 	9832
f 9840 	9835 	9702
f 9840 	9702 	9701
f 9719 	9717 	9839
f 9832 	9839 	9714
f 9717 	9714 	9839
f 9701 	9634 	9840
f 9820 	9840 	9634
f 9638 	9722 	9842
f 9638 	9842 	9827
f 9722 	9725 	9843
f 9722 	9843 	9842
f 9839 	9843 	9719
f 9725 	9719 	9843
f 9635 	9734 	9845
f 9635 	9845 	9821
f 9845 	9734 	9733
f 9845 	9733 	9846
f 9846 	9733 	9732
f 9846 	9732 	9847
f 9847 	9732 	9731
f 9847 	9731 	9849
f 9735 	9641 	9850
f 9824 	9850 	9641
f 9849 	9731 	9730
f 9849 	9730 	9851
f 9855 	9737 	9850
f 9736 	9850 	9737
f 9850 	9736 	9735
f 9851 	9730 	9729
f 9742 	9853 	9743
f 9747 	9854 	9853
f 9747 	9853 	9742
f 9751 	9855 	9854
f 9751 	9854 	9747
f 9855 	9751 	9737
f 9729 	9764 	9856
f 9729 	9856 	9851
f 9856 	9764 	9763
f 9856 	9763 	9857
f 9857 	9763 	9762
f 9857 	9762 	9858
f 9853 	9859 	9743
f 9858 	9762 	9761
f 9858 	9761 	9860
f 9861 	9772 	9859
f 9771 	9859 	9772
f 9771 	9767 	9859
f 9767 	9743 	9859
f 9862 	9860 	9761
f 9862 	9761 	9760
f 9777 	9861 	9778
f 9861 	9777 	9772
f 9864 	9862 	9760
f 9864 	9760 	9758
f 9781 	9863 	9782
f 9781 	9778 	9863
f 9861 	9863 	9778
f 9758 	8583 	9864
f 8585 	9864 	8583
f 8598 	8602 	9865
f 9786 	9865 	8602
f 9788 	9866 	9865
f 9788 	9865 	9786
f 9368 	9369 	8799
f 9368 	8799 	8796
f 8790 	8799 	9364
f 9369 	9364 	8799
f 9788 	9782 	9866
f 9863 	9866 	9782
f 8804 	8603 	9377
f 8804 	9377 	9378
f 9867 	9879 	9799
f 9378 	9342 	8804
f 8771 	8804 	9342
f 9868 	9867 	9799
f 9868 	9799 	9798
f 9355 	9382 	8810
f 9355 	8810 	8784
f 9382 	9383 	8812
f 9382 	8812 	8810
f 9869 	9868 	9798
f 9869 	9798 	9797
f 8616 	8812 	9387
f 9383 	9387 	8812
f 9870 	9869 	9797
f 9870 	9797 	9796
f 9803 	9801 	9871
f 9872 	9870 	9796
f 9872 	9796 	9795
f 9806 	9805 	9871
f 9806 	9871 	9873
f 9805 	9803 	9871
f 9874 	9872 	9795
f 9874 	9795 	9794
f 9811 	9810 	9873
f 9810 	9806 	9873
f 9794 	9699 	9874
f 9829 	9874 	9699
f 9707 	9633 	9875
f 9832 	9709 	9875
f 9633 	9812 	9876
f 9633 	9876 	9875
f 9812 	9813 	9877
f 9812 	9877 	9876
f 9873 	9877 	9811
f 9813 	9811 	9877
f 9878 	9814 	9816
f 9879 	9878 	9816
f 9879 	9816 	9815
f 9818 	9817 	9883
f 9879 	9815 	9799
f 9801 	9819 	9880
f 9801 	9880 	9871
f 9819 	9822 	9881
f 9819 	9881 	9880
f 9822 	9823 	9882
f 9822 	9882 	9881
f 9823 	9828 	9883
f 9823 	9883 	9882
f 9828 	9818 	9883
f 9884 	8544 	8560
f 9884 	8560 	9838
f 9885 	9884 	9838
f 9885 	9838 	9837
f 9887 	9885 	9837
f 9887 	9837 	9836
f 8565 	9890 	8562
f 9841 	8562 	9890
f 9891 	9887 	9836
f 9891 	9836 	9834
f 9844 	9644 	9890
f 9844 	9890 	9894
f 9890 	9644 	9841
f 9895 	9891 	9834
f 9895 	9834 	9833
f 8492 	9848 	9894
f 8492 	9894 	8494
f 9848 	9844 	9894
f 9833 	9814 	9895
f 9878 	9895 	9814
f 9817 	9852 	9898
f 9817 	9898 	9883
f 9852 	8491 	8494
f 9852 	8494 	9898
f 10045 	10049 	9057
f 9057 	10049 	10048
f 9057 	10048 	9062
f 10051 	10050 	9063
f 9062 	10048 	10047
f 9062 	10047 	9064
f 10052 	9063 	10053
f 10052 	10051 	9063
f 9064 	10047 	10046
f 10054 	9066 	10055
f 10056 	9067 	9066
f 10056 	9066 	10054
f 10057 	9068 	9067
f 10057 	9067 	10056
f 10058 	9069 	9068
f 10058 	9068 	10057
f 10058 	10053 	9069
f 9063 	9069 	10053
f 9075 	8666 	10059
f 9075 	10059 	10045
f 9075 	10045 	9057
f 9727 	9063 	9094
f 10050 	9094 	9063
f 10046 	10064 	9083
f 10046 	9083 	9064
f 9083 	10064 	10063
f 9083 	10063 	9086
f 9086 	10063 	10062
f 9086 	10062 	9090
f 9090 	10062 	10061
f 9090 	10061 	9091
f 9066 	9096 	10065
f 9066 	10065 	10055
f 9091 	10061 	10060
f 10066 	9101 	10067
f 10004 	9095 	9101
f 10004 	9101 	10066
f 10068 	9096 	9095
f 10068 	9095 	10004
f 9096 	10068 	10065
f 10060 	10073 	9104
f 10060 	9104 	9091
f 9104 	10073 	10072
f 9104 	10072 	9106
f 9106 	10072 	10071
f 9106 	10071 	9108
f 9108 	10071 	10070
f 9108 	10070 	9111
f 9115 	10075 	9110
f 10074 	9110 	10075
f 10074 	10067 	9110
f 9101 	9110 	10067
f 9111 	10070 	10069
f 10076 	9117 	10077
f 10078 	9118 	9117
f 10078 	9117 	10076
f 10079 	9114 	9118
f 10079 	9118 	10078
f 10080 	9115 	9114
f 10080 	9114 	10079
f 9115 	10080 	10075
f 10069 	10081 	9120
f 10069 	9120 	9111
f 9120 	10081 	9112
f 9117 	10082 	10077
f 9117 	9035 	9030
f 9117 	9030 	10082
f 9125 	10098 	10097
f 9126 	9125 	10097
f 9126 	10097 	10096
f 9126 	10096 	10095
f 10099 	10100 	9136
f 10101 	10102 	9136
f 10101 	9136 	9139
f 10102 	10099 	9136
f 10104 	9139 	10103
f 10104 	10101 	9139
f 10098 	9125 	9427
f 8540 	9427 	9125
f 9136 	10100 	8545
f 9456 	8545 	10100
f 9149 	10107 	10106
f 9151 	9149 	10106
f 9151 	10106 	10105
f 9481 	9159 	9151
f 9481 	9151 	10105
f 10109 	9655 	10108
f 10110 	9656 	9655
f 10110 	9655 	10109
f 10111 	9656 	10110
f 9655 	9173 	10108
f 9533 	10112 	9173
f 10112 	10108 	9173
f 10117 	9668 	10095
f 9126 	10095 	9668
f 9668 	10117 	10116
f 9668 	10116 	9669
f 9669 	10116 	10115
f 9669 	10115 	9672
f 10118 	10103 	9675
f 9139 	9675 	10103
f 9672 	10115 	10114
f 9672 	10114 	9676
f 10119 	9673 	10120
f 10121 	9674 	9673
f 10121 	9673 	10119
f 10122 	9675 	9674
f 10122 	9674 	10121
f 9675 	10122 	10118
f 10114 	10127 	9676
f 9676 	10127 	10126
f 9676 	10126 	9677
f 9677 	10126 	10125
f 9677 	10125 	9678
f 10128 	10120 	9679
f 9673 	9679 	10120
f 9678 	10125 	10124
f 9678 	10124 	9680
f 9682 	10129 	9679
f 10130 	9679 	10129
f 9679 	10130 	10128
f 9680 	10124 	10123
f 10132 	9683 	10131
f 10113 	9681 	9683
f 10113 	9683 	10132
f 10133 	9682 	9681
f 10133 	9681 	10113
f 9682 	10133 	10129
f 10123 	10137 	9684
f 10123 	9684 	9680
f 9684 	10137 	10136
f 9684 	10136 	9685
f 9685 	10136 	10135
f 9685 	10135 	9686
f 10138 	10131 	9687
f 9683 	9687 	10131
f 9686 	10135 	10134
f 9686 	10134 	9688
f 10140 	9687 	10139
f 9687 	10140 	10138
f 10107 	9149 	9688
f 10107 	9688 	10134
f 10142 	9689 	10141
f 10142 	10139 	9689
f 9687 	9689 	10139
f 10144 	9690 	10143
f 10144 	10141 	9690
f 9689 	9690 	10141
f 9656 	10111 	9691
f 10145 	9691 	10111
f 10145 	10143 	9691
f 9690 	9691 	10143
f 9692 	9710 	8568
f 9692 	8568 	8570
f 8569 	9723 	9692
f 8569 	9692 	8570
f 8577 	8574 	9696
f 8581 	8580 	9696
f 8581 	9696 	9697
f 8580 	8577 	9696
f 9697 	8590 	8588
f 8588 	8581 	9697
f 9807 	9119 	9698
f 9698 	8604 	8610
f 9700 	9698 	8610
f 9700 	8610 	8608
f 9706 	9700 	8608
f 9706 	8608 	8606
f 8614 	8612 	9708
f 9710 	9706 	8606
f 9710 	8606 	8605
f 8619 	8618 	9708
f 8618 	8614 	9708
f 9710 	8605 	8568
f 8574 	8625 	9715
f 8574 	9715 	9696
f 8625 	8627 	9711
f 8625 	9711 	9715
f 8627 	8629 	9712
f 8627 	9712 	9711
f 9708 	9712 	8619
f 8629 	8619 	9712
f 8612 	8638 	9716
f 8612 	9716 	9708
f 8638 	8643 	9716
f 9718 	8648 	8653
f 9718 	8653 	8652
f 9718 	8652 	9720
f 9720 	8652 	8651
f 9720 	8651 	9721
f 8803 	9741 	8655
f 8656 	8655 	9741
f 9721 	8651 	8650
f 9721 	8650 	8982
f 9723 	8569 	8671
f 9724 	9723 	8671
f 9724 	8671 	8669
f 9726 	9724 	8669
f 9726 	8669 	8667
f 8666 	9075 	9726
f 8666 	9726 	8667
f 9697 	9728 	8590
f 9727 	9094 	9099
f 9099 	9103 	9728
f 9099 	9728 	9727
f 8676 	8590 	9728
f 9103 	8676 	9728
f 9120 	9112 	9017
f 9120 	9017 	9020
f 9113 	9738 	9004
f 8604 	9698 	9119
f 9122 	9739 	9738
f 9122 	9738 	9113
f 9123 	9740 	9739
f 9123 	9739 	9122
f 9124 	9741 	9740
f 9124 	9740 	9123
f 9124 	8656 	9741
f 9744 	9144 	9143
f 9142 	9749 	9744
f 9142 	9744 	9143
f 9147 	9148 	9752
f 9147 	9752 	9754
f 9148 	9150 	9752
f 9753 	9153 	9156
f 9753 	9156 	9754
f 9156 	9147 	9754
f 9755 	9166 	9165
f 9759 	9755 	9165
f 9759 	9165 	9163
f 9766 	9759 	9163
f 9766 	9163 	9162
f 9168 	9170 	9768
f 9769 	9766 	9162
f 9769 	9162 	9161
f 9208 	9307 	9768
f 9208 	9768 	9773
f 9307 	9168 	9768
f 9161 	9144 	9769
f 9744 	9769 	9144
f 9150 	9998 	9775
f 9150 	9775 	9752
f 9998 	9133 	9773
f 9998 	9773 	9775
f 9773 	9133 	9208
f 8956 	10009 	9776
f 8956 	9776 	8952
f 9779 	9776 	10009
f 9779 	10009 	10008
f 9780 	9779 	10008
f 9780 	10008 	10007
f 10010 	8972 	9783
f 8968 	9783 	8972
f 9784 	9780 	10007
f 9784 	10007 	10006
f 10146 	10017 	9783
f 9783 	10017 	10010
f 9787 	9784 	10006
f 9787 	10006 	10005
f 10148 	10147 	9785
f 9783 	9785 	10146
f 10147 	10146 	9785
f 10005 	9166 	9787
f 9755 	9787 	9166
f 9170 	10149 	9789
f 9170 	9789 	9768
f 10149 	10150 	9790
f 10149 	9790 	9789
f 10150 	10151 	9791
f 10150 	9791 	9790
f 9785 	9791 	10148
f 10151 	10148 	9791
f 9792 	9217 	9131
f 9792 	9131 	9137
f 9134 	9792 	9137
f 9793 	9749 	9142
f 9793 	9142 	9141
f 9792 	9134 	9753
f 9153 	9753 	9154
f 9154 	9753 	9134
f 9140 	9800 	9793
f 9140 	9793 	9141
f 9800 	9140 	9160
f 8846 	9557 	9223
f 9160 	8648 	9800
f 9718 	9800 	8648
f 9802 	8482 	8487
f 9802 	8487 	10154
f 9804 	9802 	10154
f 9804 	10154 	10153
f 9807 	9804 	10153
f 9807 	10153 	10152
f 8490 	9809 	8488
f 10155 	8488 	9809
f 10152 	9119 	9807
f 10156 	9808 	8643
f 9716 	8643 	9808
f 10156 	10157 	9809
f 10156 	9809 	9808
f 10157 	10155 	9809
# 1719 faces

g group_6_16448250

usemtl color_16448250
s 0

f 8481 	8480 	8483
f 8481 	8483 	8484
f 8477 	8476 	8500
f 8477 	8500 	8502
f 9192 	9183 	9301
f 9306 	10083 	8510
f 9183 	9178 	9301
f 9386 	9301 	9178
f 8510 	10036 	8509
f 8515 	8516 	8514
f 8515 	8514 	8513
f 8521 	8522 	8516
f 8521 	8516 	8515
f 8526 	8527 	8528
f 8526 	8528 	8530
f 8534 	8535 	8527
f 8534 	8527 	8526
f 8539 	8541 	8535
f 8539 	8535 	8534
f 8542 	8543 	8541
f 8542 	8541 	8539
f 10142 	10141 	10003
f 10140 	10139 	10003
f 10139 	10142 	10003
f 10138 	10140 	10003
f 10131 	10138 	10003
f 8606 	8608 	8655
f 8608 	8610 	8655
f 8604 	8655 	8610
f 8614 	9536 	8612
f 8612 	9536 	8638
f 9163 	9165 	8648
f 8648 	9160 	9163
f 8671 	9124 	8669
f 8669 	9123 	8667
f 8569 	9124 	8671
f 8667 	9123 	8666
f 8761 	8755 	9174
f 9204 	8701 	9211
f 8707 	9652 	8701
f 9601 	9602 	8701
f 8712 	9652 	8707
f 9917 	9918 	8701
f 8718 	9652 	8717
f 8717 	9652 	8712
f 8727 	9652 	8718
f 8739 	8741 	8742
f 8741 	8744 	8747
f 8741 	8747 	8742
f 8744 	8750 	8752
f 8744 	8752 	8747
f 8750 	8755 	8757
f 8750 	8757 	8752
f 8755 	8761 	8762
f 8755 	8762 	8757
f 8761 	8768 	8769
f 8761 	8769 	8762
f 8768 	8773 	8775
f 8768 	8775 	8769
f 8773 	8778 	8779
f 8773 	8779 	8775
f 8778 	8785 	8779
f 8785 	8787 	8779
f 8785 	8791 	8818
f 8785 	8818 	8787
f 8549 	8550 	8543
f 8549 	8543 	8542
f 8837 	8838 	8550
f 8837 	8550 	8549
f 8530 	8528 	8522
f 8530 	8522 	8521
f 8847 	8848 	8849
f 8847 	8849 	8851
f 8853 	8855 	8848
f 8853 	8848 	8847
f 8859 	8860 	8855
f 8859 	8855 	8853
f 8859 	8504 	8860
f 8505 	8860 	8504
f 8838 	8837 	8849
f 8851 	8849 	8837
f 8873 	8874 	8875
f 8873 	8875 	8877
f 8880 	8881 	8874
f 8880 	8874 	8873
f 8886 	8887 	8881
f 8886 	8881 	8880
f 8877 	8875 	8900
f 8514 	8887 	8886
f 8514 	8886 	8513
f 8875 	8898 	8900
f 8900 	8898 	8902
f 8900 	8902 	8903
f 8903 	8902 	8906
f 8903 	8906 	8907
f 8912 	8907 	8911
f 8906 	8911 	8907
f 9588 	9748 	9589
f 8919 	9750 	9921
f 9750 	9748 	9921
f 8922 	9915 	8928
f 9918 	9919 	8701
f 8481 	8484 	9956
f 8929 	8930 	8943
f 8930 	8931 	8943
f 8927 	8929 	8943
f 8931 	8932 	8943
f 8932 	8934 	8943
f 8934 	8935 	8943
f 8935 	8936 	8943
f 8936 	8937 	8943
f 8937 	8938 	8943
f 8942 	8943 	8938
f 8939 	8942 	8938
f 8926 	8927 	8943
f 8943 	8946 	8926
f 8925 	8926 	8946
f 8950 	8933 	8945
f 8944 	8945 	8933
f 8919 	8945 	8955
f 8944 	8955 	8945
f 8922 	8945 	8919
f 9945 	8953 	8928
f 8922 	8950 	8945
f 8950 	8922 	8928
f 8950 	8928 	8953
f 8959 	8961 	8958
f 8957 	8958 	8961
f 8960 	8961 	8959
f 8961 	8962 	8957
f 8957 	8962 	8963
f 8964 	9046 	8963
f 8965 	9046 	8964
f 8966 	9046 	8965
f 8969 	9046 	8966
f 8970 	9046 	8969
f 8971 	9046 	8970
f 8939 	8957 	8914
f 8949 	8914 	8957
f 8949 	9032 	8914
f 9385 	9386 	9178
f 9384 	9385 	9178
f 8970 	8926 	8925
f 8970 	8925 	8971
f 8969 	8927 	8926
f 8969 	8926 	8970
f 8509 	10036 	8508
f 8966 	8929 	8927
f 8966 	8927 	8969
f 8965 	8930 	8929
f 8965 	8929 	8966
f 8978 	8977 	8987
f 8978 	8987 	8986
f 8977 	8976 	8989
f 8977 	8989 	8987
f 8964 	8931 	8930
f 8964 	8930 	8965
f 8976 	8975 	8990
f 8976 	8990 	8989
f 8963 	8932 	8931
f 8963 	8931 	8964
f 8975 	8741 	8739
f 8975 	8739 	8990
f 8962 	8934 	8932
f 8962 	8932 	8963
f 8998 	9121 	8739
f 9027 	9080 	8739
f 9041 	9037 	8739
f 9037 	9036 	8739
f 9497 	9495 	8739
f 9036 	9497 	8739
f 8961 	8935 	8934
f 8961 	8934 	8962
f 8960 	8936 	8935
f 8960 	8935 	8961
f 8959 	8937 	8936
f 8959 	8936 	8960
f 8958 	8938 	8937
f 8958 	8937 	8959
f 8957 	8939 	8938
f 8957 	8938 	8958
f 9014 	9435 	9012
f 9016 	9435 	9014
f 9027 	8739 	9029
f 9023 	9028 	9022
f 9033 	9028 	9032
f 9024 	9028 	9023
f 9025 	9028 	9024
f 9026 	9624 	9028
f 9025 	9026 	9028
f 8942 	8914 	9028
f 9029 	8739 	9018
f 9022 	9028 	9033
f 9032 	9028 	8914
f 8990 	8739 	9495
f 8939 	8914 	8942
f 9044 	9916 	9043
f 9045 	9916 	9044
f 9046 	9916 	9045
f 9054 	8949 	8963
f 8957 	8963 	8949
f 9053 	9054 	8963
f 9041 	8739 	9080
f 9092 	9435 	9016
f 9100 	9127 	9435
f 9127 	9128 	9435
f 10132 	10131 	10003
f 9099 	10003 	9103
f 9102 	9109 	9003
f 9979 	10132 	10003
f 9109 	9107 	9003
f 9107 	8998 	9003
f 8605 	8656 	8568
f 9019 	9113 	8995
f 9004 	8995 	9113
f 9112 	10081 	9122
f 9018 	8739 	9021
f 9021 	8739 	9116
f 9116 	8739 	9121
f 9119 	8655 	8604
f 8568 	8656 	8570
f 9113 	9017 	9122
f 8569 	8570 	9124
f 8739 	9003 	8998
f 9122 	10073 	9123
f 8606 	8656 	8605
f 8656 	8606 	8655
f 9124 	8570 	8656
f 9123 	8669 	9124
f 9128 	9129 	9435
f 9098 	9100 	9435
f 9521 	9435 	9520
f 9129 	9130 	9435
f 9132 	9435 	9130
f 9520 	9435 	9132
f 9548 	9549 	9133
f 9133 	9998 	9131
f 9998 	9150 	9131
f 9142 	9143 	9141
f 9140 	9141 	9143
f 9140 	9143 	9144
f 9138 	9003 	9135
f 9145 	9003 	9138
f 9146 	9003 	9145
f 9134 	9137 	9148
f 9147 	9134 	9148
f 9152 	9003 	9155
f 9134 	9156 	9154
f 9153 	9154 	9156
f 9155 	9003 	9146
f 9156 	9134 	9147
f 9158 	9157 	9003
f 9105 	9102 	9003
f 9003 	9164 	9158
f 9157 	9105 	9003
f 9164 	9003 	9152
f 9160 	9140 	9163
f 9162 	9163 	9140
f 9144 	9161 	9140
f 9161 	9162 	9140
f 9165 	9166 	8648
f 9166 	10005 	8648
f 10005 	10006 	8648
f 8653 	8648 	10006
f 9168 	9307 	9549
f 9003 	9216 	9547
f 8791 	9174 	9175
f 8791 	9175 	8818
f 9174 	9178 	9179
f 9174 	9179 	9175
f 9178 	9183 	9184
f 9178 	9184 	9179
f 9190 	9247 	9189
f 9188 	9189 	9247
f 9247 	9317 	9188
f 9183 	9192 	9193
f 9183 	9193 	9184
f 9195 	9194 	9003
f 9197 	9003 	9199
f 9199 	9003 	9194
f 9201 	9204 	9207
f 9201 	9207 	9202
f 9204 	9211 	9212
f 9204 	9212 	9207
f 9210 	9003 	9197
f 9211 	8647 	9212
f 9210 	9205 	9003
f 9215 	9547 	9216
f 9216 	9003 	9205
f 9569 	9544 	9572
f 8512 	8511 	9221
f 8512 	9221 	9218
f 9224 	9247 	9190
f 9222 	9247 	9224
f 9195 	9003 	9227
f 9227 	9003 	9232
f 9003 	9583 	9236
f 9003 	9236 	9232
f 9187 	9188 	9296
f 9296 	9297 	9186
f 9250 	9247 	9222
f 9251 	9259 	9250
f 9317 	9296 	9188
f 9254 	9259 	9251
f 9256 	9259 	9254
f 9257 	9259 	9256
f 9258 	9259 	9257
f 9247 	9250 	9259
f 9261 	9262 	8918
f 9272 	8918 	9271
f 8918 	9262 	9271
f 8918 	9277 	9278
f 8918 	9272 	9277
f 9284 	9583 	9283
f 9283 	8918 	9278
f 9239 	9236 	9583
f 9293 	9289 	9583
f 9289 	9239 	9583
f 8511 	8510 	9226
f 8511 	9226 	9221
f 9583 	9284 	9293
f 9202 	9578 	9201
f 8510 	8509 	9295
f 8510 	9295 	9226
f 9297 	9298 	9186
f 9575 	9551 	9294
f 9298 	9299 	9186
f 9300 	9186 	9299
f 9551 	9565 	9294
f 8499 	9201 	9578
f 8509 	8508 	9304
f 8509 	9304 	9295
f 9307 	9208 	9549
f 9208 	9133 	9549
f 9310 	9311 	9620
f 9053 	8963 	9046
f 9309 	8918 	9308
f 8918 	9302 	9303
f 9045 	9023 	9022
f 9045 	9022 	9046
f 9303 	9308 	8918
f 9312 	8918 	9316
f 9044 	9024 	9023
f 9044 	9023 	9045
f 9316 	8918 	9309
f 9043 	9025 	9024
f 9043 	9024 	9044
f 9042 	9026 	9025
f 9042 	9025 	9043
f 9186 	9187 	9296
f 9320 	9318 	9319
f 9332 	9389 	9318
f 9318 	9320 	9321
f 9322 	9323 	9321
f 9324 	9321 	9323
f 9318 	9321 	9324
f 9054 	9032 	8949
f 9312 	9314 	8918
f 9261 	8918 	9325
f 9053 	9033 	9032
f 9053 	9032 	9054
f 9327 	9620 	9326
f 9325 	8918 	9328
f 9053 	9046 	9033
f 9022 	9033 	9046
f 9329 	8918 	9314
f 9328 	8918 	9329
f 9620 	9330 	9331
f 9330 	9620 	9327
f 9333 	9335 	9620
f 9340 	9337 	9620
f 9338 	9620 	9337
f 9339 	9315 	9620
f 9310 	9620 	9313
f 9620 	9311 	9340
f 9331 	9333 	9620
f 9339 	9620 	9341
f 9341 	9620 	9335
f 9348 	9350 	9318
f 9378 	9348 	9342
f 9343 	9348 	9318
f 9344 	9348 	9343
f 9345 	9348 	9344
f 9347 	9348 	9345
f 9349 	9348 	9347
f 9351 	9348 	9349
f 9342 	9348 	9351
f 9332 	9318 	9336
f 9350 	9352 	9318
f 9336 	9318 	9334
f 9352 	9353 	9318
f 9353 	9354 	9318
f 9334 	9318 	9354
f 9357 	9620 	9338
f 9359 	9620 	9358
f 9360 	9361 	9073
f 9363 	9364 	9073
f 9358 	9620 	9357
f 9361 	9363 	9073
f 8942 	9028 	9362
f 9061 	9073 	9364
f 9059 	9061 	9364
f 9028 	9620 	9365
f 9366 	9620 	9359
f 9365 	9620 	9366
f 9059 	9364 	9369
f 9368 	9367 	9059
f 9473 	9474 	9346
f 9346 	9370 	9371
f 9346 	9371 	9372
f 9346 	9372 	9373
f 9374 	9376 	9373
f 9375 	9376 	9374
f 9346 	9373 	9376
f 9377 	9348 	9378
f 8510 	8511 	9305
f 9306 	8510 	9305
f 9356 	9360 	9070
f 9073 	9070 	9360
f 9362 	9379 	8942
f 8942 	9380 	9381
f 9070 	9072 	9382
f 9380 	8942 	9379
f 8511 	8512 	9305
f 8685 	9192 	9301
f 9301 	9305 	8512
f 8512 	8685 	9301
f 8942 	9388 	9390
f 8942 	9381 	9388
f 10040 	10041 	10030
f 9396 	8942 	9391
f 9391 	8942 	9390
f 9301 	9398 	9397
f 9394 	8942 	9393
f 9306 	9305 	9395
f 9306 	9395 	9392
f 9393 	8942 	9396
f 9305 	9301 	9397
f 9305 	9397 	9395
f 9399 	9348 	9377
f 9399 	9400 	9348
f 9301 	9386 	9398
f 9346 	9348 	9400
f 9386 	9385 	9401
f 9386 	9401 	9398
f 9385 	9384 	9404
f 9385 	9404 	9401
f 9384 	8978 	8986
f 9384 	8986 	9404
f 9383 	9382 	9087
f 9552 	9406 	9553
f 9405 	9554 	9534
f 9406 	9537 	9553
f 9569 	9553 	9537
f 9542 	9543 	9569
f 9547 	9572 	9544
f 9087 	9089 	9383
f 9089 	9237 	9387
f 9387 	9383 	9089
f 9439 	9437 	9398
f 9437 	9416 	9398
f 9400 	9410 	9346
f 9411 	9346 	9410
f 9411 	9412 	9346
f 9412 	9413 	9346
f 9413 	9414 	9346
f 9409 	9346 	9414
f 8946 	9415 	9417
f 9416 	9443 	9397
f 9397 	9398 	9416
f 9395 	9397 	9453
f 9453 	9452 	9395
f 9392 	9452 	9472
f 9424 	9403 	9234
f 9418 	8946 	9417
f 9402 	9408 	9234
f 9514 	9511 	9401
f 9404 	9514 	9401
f 9403 	9402 	9234
f 9407 	9387 	9237
f 9237 	9234 	9407
f 9429 	9644 	9423
f 9431 	9644 	9429
f 9447 	9644 	9431
f 9408 	9407 	9234
f 9430 	10115 	9428
f 9433 	10115 	9432
f 9434 	10115 	9433
f 9422 	9423 	9644
f 9438 	9502 	9346
f 9409 	9440 	9346
f 9440 	9441 	9346
f 9441 	9442 	9346
f 9442 	9444 	9346
f 9444 	9445 	9346
f 9446 	9346 	9445
f 9438 	9346 	9446
f 9448 	9644 	9447
f 9457 	9644 	9448
f 9443 	9453 	9397
f 9392 	9395 	9452
f 9450 	9451 	8946
f 8946 	9451 	9454
f 9468 	10094 	9472
f 9456 	10091 	9458
f 8946 	9462 	9415
f 9458 	10092 	9468
f 9454 	9455 	8946
f 9471 	8946 	9455
f 8946 	9470 	9462
f 9470 	8946 	9471
f 9474 	9475 	9346
f 9475 	9476 	9346
f 9476 	9477 	9346
f 9477 	9478 	9346
f 9370 	9346 	9478
f 9093 	9097 	9435
f 9479 	8942 	9394
f 9480 	8942 	9479
f 9483 	8942 	9482
f 10105 	9435 	9481
f 9527 	9435 	9526
f 9481 	9435 	9484
f 9482 	8942 	9480
f 9486 	8942 	9485
f 8942 	9483 	9485
f 9012 	9435 	9011
f 9488 	9493 	9487
f 9489 	9493 	9488
f 9490 	9493 	9489
f 9491 	9493 	9490
f 9009 	9435 	9493
f 8943 	8942 	9494
f 9492 	9494 	8942
f 9500 	9498 	8989
f 9492 	8942 	9496
f 9496 	8942 	9499
f 8987 	8989 	9508
f 8942 	9486 	9499
f 9498 	9508 	8989
f 8989 	8990 	9500
f 9501 	9517 	8987
f 9502 	9503 	9346
f 9503 	9504 	9346
f 9504 	9505 	9346
f 9506 	9346 	9505
f 9507 	9346 	9506
f 9473 	9346 	9507
f 9509 	8946 	9510
f 9508 	9501 	8987
f 9439 	9398 	9511
f 9449 	9450 	8946
f 9449 	8946 	9512
f 9512 	8946 	9513
f 9398 	9401 	9511
f 9513 	8946 	9515
f 9518 	9510 	8946
f 9515 	8946 	9516
f 8986 	8987 	9517
f 9514 	9404 	9517
f 9516 	8946 	9509
f 9011 	9435 	9010
f 9010 	9435 	9009
f 8946 	8943 	9519
f 9518 	8946 	9519
f 9495 	9500 	8990
f 8986 	9517 	9404
f 9093 	9435 	9092
f 9487 	9493 	9435
f 9097 	9098 	9435
f 9538 	9435 	9521
f 9528 	9435 	9527
f 9529 	9435 	9528
f 9530 	9435 	9529
f 9484 	9435 	9530
f 9406 	9405 	9534
f 9539 	9435 	9538
f 9540 	9435 	9539
f 9526 	9435 	9525
f 9541 	9435 	9540
f 9525 	9435 	9541
f 9542 	9569 	9537
f 9544 	9569 	9543
f 9545 	9003 	9546
f 9523 	9003 	9545
f 9522 	9003 	9523
f 9524 	9003 	9522
f 9135 	9003 	9524
f 9546 	9003 	9547
f 9576 	9577 	9551
f 9554 	9556 	9534
f 9405 	9406 	9552
f 9555 	9535 	9556
f 9535 	9534 	9556
f 9549 	9550 	9559
f 9560 	9265 	9559
f 9265 	9560 	9561
f 9290 	9418 	9562
f 9562 	9418 	9563
f 9563 	9418 	9282
f 8918 	9290 	9564
f 9186 	9300 	9182
f 9566 	9567 	9294
f 9300 	9294 	9182
f 9567 	9182 	9294
f 9565 	9566 	9294
f 9568 	9547 	9215
f 9572 	9547 	9574
f 9574 	9547 	9568
f 9575 	9576 	9551
f 9550 	9551 	9559
f 9577 	9559 	9551
f 9579 	8918 	9564
f 8508 	8499 	9578
f 8508 	9578 	9304
f 9580 	8918 	9581
f 8647 	9582 	9212
f 9581 	8918 	9579
f 8647 	9583 	9582
f 9584 	8918 	9585
f 9586 	9193 	8685
f 9192 	8685 	9193
f 9585 	8918 	9580
f 8685 	8512 	9218
f 8685 	9218 	9586
f 9302 	8918 	9587
f 8690 	8689 	9588
f 8690 	9588 	9589
f 9587 	8918 	9584
f 8701 	8690 	9589
f 9589 	9591 	8701
f 8701 	9591 	9592
f 8701 	9592 	8707
f 8717 	9593 	9590
f 8717 	9590 	8718
f 9592 	9594 	8712
f 9592 	8712 	8707
f 8712 	9594 	9593
f 8712 	9593 	8717
f 9926 	9588 	8689
f 8727 	9595 	8734
f 9590 	9595 	8727
f 9590 	8727 	8718
f 9595 	9596 	8734
f 8647 	8701 	9599
f 9599 	8701 	9598
f 9211 	8701 	8647
f 9603 	9604 	8701
f 9604 	9605 	8701
f 9605 	9606 	8701
f 9606 	9607 	8701
f 9607 	9597 	8701
f 9597 	9598 	8701
f 8734 	9652 	8727
f 9958 	9652 	9957
f 9670 	9652 	9964
f 9583 	8647 	9599
f 9583 	9599 	9608
f 9599 	9598 	9609
f 9599 	9609 	9608
f 9598 	9597 	9610
f 9598 	9610 	9609
f 9611 	9610 	9607
f 9597 	9607 	9610
f 9607 	9606 	9612
f 9607 	9612 	9611
f 9606 	9605 	9613
f 9606 	9613 	9612
f 9605 	9604 	9614
f 9605 	9614 	9613
f 9604 	9603 	9615
f 9604 	9615 	9614
f 9603 	9602 	9618
f 9603 	9618 	9615
f 9617 	9620 	9616
f 9602 	9601 	9621
f 9602 	9621 	9618
f 9619 	9616 	9620
f 9620 	9622 	9619
f 9600 	9436 	9623
f 9601 	9600 	9623
f 9601 	9623 	9621
f 9626 	9622 	9028
f 9620 	9028 	9622
f 9625 	9626 	9028
f 9624 	9625 	9028
f 9611 	9717 	9610
f 9610 	9725 	9609
f 9042 	9043 	9916
f 9916 	9917 	9042
f 9632 	9042 	9917
f 9631 	9632 	9917
f 9627 	9617 	9616
f 9627 	9616 	9619
f 9627 	9619 	9628
f 9612 	9717 	9611
f 9613 	9717 	9612
f 9614 	9717 	9613
f 9608 	9609 	9725
f 9615 	9717 	9614
f 9618 	9717 	9615
f 9621 	9714 	9618
f 9623 	9713 	9621
f 9628 	9619 	9629
f 9026 	9042 	9624
f 9632 	9624 	9042
f 9631 	9625 	9624
f 9631 	9624 	9632
f 9633 	9707 	9436
f 9436 	9709 	9623
f 9630 	9626 	9625
f 9630 	9625 	9631
f 9619 	9622 	9629
f 9629 	9622 	9626
f 9629 	9626 	9630
f 9695 	9694 	9583
f 9641 	9583 	9640
f 9629 	9630 	9917
f 10025 	8499 	10029
f 9630 	9631 	9917
f 9459 	9644 	9457
f 9460 	9644 	9459
f 9461 	9644 	9460
f 9463 	9644 	9461
f 9425 	9422 	9644
f 9464 	9465 	9644
f 9465 	9466 	9644
f 9466 	9467 	9644
f 9467 	9469 	9644
f 9643 	9644 	9469
f 9642 	9643 	9469
f 9463 	9464 	9644
f 9644 	9436 	9425
f 9627 	10026 	9617
f 9620 	9617 	10003
f 9643 	9642 	9646
f 9643 	9646 	9647
f 9651 	9648 	9649
f 9059 	9367 	9620
f 9645 	10003 	9617
f 9651 	9649 	9650
f 9652 	9654 	9649
f 9072 	9087 	9382
f 9369 	9368 	9059
f 9367 	9326 	9620
f 9319 	9318 	9389
f 9650 	9649 	9654
f 9600 	8701 	9652
f 9315 	9313 	9620
f 9654 	9652 	9653
f 9659 	9652 	9658
f 9661 	9652 	9660
f 9660 	9652 	9659
f 9662 	9652 	9661
f 9663 	9652 	9662
f 9664 	9652 	9663
f 9665 	9652 	9664
f 9666 	9652 	9665
f 9667 	9652 	9666
f 9653 	9652 	9667
f 9658 	9652 	9657
f 9671 	9652 	9670
f 9601 	8701 	9600
f 9657 	9652 	9671
f 9649 	9648 	9423
f 9649 	9423 	9422
f 9648 	9651 	9423
f 9652 	9649 	9422
f 9652 	9422 	9425
f 9651 	9429 	9423
f 9651 	9650 	9431
f 9651 	9431 	9429
f 9436 	9600 	9652
f 9436 	9652 	9425
f 9654 	9447 	9650
f 9431 	9650 	9447
f 9654 	9653 	9448
f 9654 	9448 	9447
f 9640 	9583 	9693
f 9693 	9583 	9694
f 9638 	9639 	9583
f 9695 	9583 	9639
f 9634 	8560 	9637
f 9701 	9702 	8560
f 9702 	9703 	8560
f 9704 	8560 	9703
f 9705 	8560 	9704
f 9699 	8560 	9705
f 9709 	9436 	9707
f 9714 	9621 	9713
f 9713 	9623 	9709
f 9719 	9610 	9717
f 9717 	9618 	9714
f 9725 	9610 	9719
f 9583 	9722 	9638
f 9583 	9608 	9725
f 9722 	9583 	9725
f 9637 	8560 	9636
f 9730 	9731 	9758
f 9731 	9732 	9758
f 9732 	9733 	9758
f 9733 	9734 	9758
f 9635 	8583 	9734
f 9737 	9583 	9736
f 9641 	9735 	9583
f 9736 	9583 	9735
f 9893 	9742 	9743
f 9746 	8918 	9745
f 8906 	8918 	9746
f 9742 	9583 	9747
f 9751 	9583 	9737
f 9747 	9583 	9751
f 9745 	8918 	9748
f 8918 	9591 	9748
f 9926 	9927 	9748
f 9756 	9745 	9757
f 8678 	8674 	9635
f 9758 	9734 	8583
f 9729 	9730 	9758
f 9729 	9758 	9760
f 9729 	9760 	9761
f 9762 	9764 	9761
f 9763 	9764 	9762
f 9729 	9761 	9764
f 9756 	9765 	9746
f 9756 	9746 	9745
f 8906 	9746 	8911
f 9765 	8911 	9746
f 9770 	9757 	9748
f 9745 	9748 	9757
f 9743 	9767 	9893
f 9772 	9893 	9771
f 9770 	9748 	9750
f 9770 	9750 	9774
f 9771 	9893 	9767
f 8919 	8955 	9750
f 9774 	9750 	8955
f 9893 	9777 	9778
f 9777 	9893 	9772
f 9782 	9893 	9781
f 9781 	9893 	9778
f 8602 	9893 	9786
f 9788 	9893 	9782
f 9786 	9893 	9788
f 9794 	8560 	9699
f 9795 	8560 	9794
f 9795 	9796 	8560
f 9796 	9797 	8560
f 9798 	8560 	9797
f 9799 	8560 	9798
f 9805 	9436 	9803
f 9653 	9667 	9457
f 9653 	9457 	9448
f 9667 	9666 	9459
f 9667 	9459 	9457
f 9666 	9665 	9460
f 9666 	9460 	9459
f 9665 	9664 	9461
f 9665 	9461 	9460
f 9461 	9664 	9663
f 9461 	9663 	9463
f 9663 	9662 	9464
f 9663 	9464 	9463
f 9662 	9661 	9465
f 9662 	9465 	9464
f 9806 	9436 	9805
f 9811 	9436 	9810
f 9806 	9810 	9436
f 9661 	9660 	9466
f 9661 	9466 	9465
f 9660 	9659 	9467
f 9660 	9467 	9466
f 9633 	9436 	9812
f 9659 	9658 	9469
f 9659 	9469 	9467
f 9436 	9811 	9813
f 9436 	9813 	9812
f 9658 	9657 	9642
f 9658 	9642 	9469
f 9815 	9816 	8560
f 9814 	8560 	9816
f 9657 	9671 	9646
f 9657 	9646 	9642
f 9670 	9647 	9646
f 9670 	9646 	9671
f 9964 	9647 	9670
f 9819 	9801 	9436
f 9801 	9803 	9436
f 9819 	9436 	9822
f 9822 	9436 	9823
f 9823 	9436 	9828
f 9818 	9436 	9817
f 9828 	9436 	9818
f 9634 	9701 	8560
f 9635 	9636 	8560
f 9833 	8560 	9814
f 9799 	9815 	8560
f 8560 	9833 	9834
f 8560 	9834 	9836
f 8560 	9836 	9837
f 8560 	9837 	9838
f 8562 	9841 	9643
f 9644 	9643 	9841
f 9436 	9644 	9844
f 9436 	9844 	9848
f 9436 	9848 	8492
f 9817 	9436 	9852
f 9852 	9436 	8491
f 8491 	9436 	8492
f 8495 	8678 	9635
f 8560 	8548 	9635
f 8548 	8531 	9635
f 8531 	8518 	9635
f 8518 	8507 	9635
f 8507 	8503 	9635
f 8497 	9635 	8503
f 8495 	9635 	8497
f 8536 	9643 	8523
f 9643 	9905 	8523
f 8551 	9643 	8552
f 8552 	9643 	8536
f 9643 	8563 	8562
f 9643 	8551 	8575
f 8563 	9643 	8571
f 8571 	9643 	8575
f 8622 	9635 	8632
f 8622 	8607 	9635
f 8607 	8594 	9635
f 8594 	8589 	9635
f 8589 	8584 	9635
f 8583 	9635 	8584
f 8597 	9893 	8602
f 8601 	9893 	8597
f 8615 	9893 	8611
f 8611 	9893 	8601
f 9886 	8946 	9901
f 8925 	8946 	9886
f 8624 	9893 	8615
f 9888 	9418 	9892
f 9889 	9899 	9418
f 9888 	9889 	9418
f 8637 	9893 	8635
f 8635 	9893 	8641
f 9893 	8645 	8641
f 9893 	8624 	8645
f 9897 	9896 	9290
f 9896 	9892 	9290
f 9290 	9892 	9418
f 9901 	8946 	9900
f 9899 	9900 	9418
f 8946 	9418 	9900
f 8662 	9635 	8668
f 8658 	9635 	8662
f 8657 	9635 	8658
f 8674 	8668 	9635
f 8632 	9635 	8657
f 9290 	8918 	8483
f 9902 	9904 	8918
f 9904 	8483 	8918
f 8524 	8523 	9905
f 8524 	9905 	8691
f 8691 	9905 	8695
f 9897 	9290 	8480
f 8695 	9905 	8699
f 9903 	9902 	8918
f 8483 	8480 	9290
f 8699 	9905 	8705
f 8902 	8898 	8500
f 8500 	8476 	8902
f 9903 	8918 	8476
f 8902 	8476 	8918
f 8715 	9893 	8637
f 8505 	8848 	8860
f 9907 	8500 	8898
f 8683 	9905 	8684
f 8719 	8684 	9905
f 8683 	8705 	9905
f 8849 	8543 	8838
f 8550 	8838 	8543
f 8535 	8505 	8527
f 8535 	8541 	8505
f 8543 	8505 	8541
f 9905 	8725 	8719
f 9905 	8715 	8725
f 8855 	8860 	8848
f 8505 	8514 	8516
f 8505 	8516 	8522
f 8505 	8522 	8528
f 8528 	8527 	8505
f 8505 	8543 	8849
f 8849 	8848 	8505
f 8874 	8881 	8505
f 8887 	8505 	8881
f 8875 	8874 	8505
f 8514 	8505 	8887
f 8505 	9906 	8875
f 8898 	8875 	9906
f 9906 	9907 	8898
f 8906 	8902 	8918
f 9913 	9923 	9046
f 9913 	9046 	8971
f 9911 	9941 	8928
f 9916 	9046 	9914
f 9908 	8928 	9912
f 9925 	9046 	9924
f 9628 	9629 	9917
f 9955 	9956 	8484
f 9953 	9954 	8484
f 8484 	9934 	9953
f 8922 	8919 	9920
f 9914 	9046 	9925
f 9922 	9921 	9748
f 9921 	9920 	8919
f 9923 	9924 	9046
f 9929 	9292 	9928
f 8477 	9292 	9929
f 9934 	9928 	9292
f 8715 	9905 	9931
f 9932 	8715 	9931
f 9933 	8715 	9932
f 9935 	8715 	9933
f 9936 	8715 	9935
f 9937 	8715 	9936
f 9938 	8715 	9937
f 9596 	9893 	9938
f 9893 	8715 	9938
f 9930 	9931 	9905
f 9647 	9930 	9905
f 9647 	9905 	9643
f 8933 	9953 	9934
f 9292 	8933 	9934
f 9939 	9292 	8502
f 9940 	9292 	9939
f 8477 	8502 	9292
f 9952 	9953 	8933
f 9915 	8922 	9920
f 9912 	8928 	9915
f 9910 	9911 	8928
f 9942 	8928 	9941
f 9909 	9910 	8928
f 9908 	9909 	8928
f 9943 	8928 	9942
f 9944 	8928 	9943
f 9945 	8928 	9944
f 8504 	8877 	9940
f 9948 	8953 	9947
f 9949 	8953 	9948
f 8542 	8539 	8549
f 8837 	8549 	8539
f 8534 	8504 	8539
f 8526 	8504 	8534
f 8530 	8504 	8526
f 9951 	8953 	9950
f 8853 	8847 	8859
f 8504 	8859 	8847
f 8851 	8504 	8847
f 8837 	8539 	8851
f 8515 	8504 	8521
f 8530 	8521 	8504
f 8513 	8504 	8515
f 8851 	8539 	8504
f 9954 	9955 	8484
f 8873 	8504 	8880
f 8877 	8504 	8873
f 8689 	8690 	8481
f 8950 	9951 	8933
f 8886 	8880 	8504
f 8900 	9940 	8877
f 8513 	8886 	8504
f 9919 	8481 	8690
f 9956 	8689 	8481
f 8690 	8701 	9919
f 8953 	9951 	8950
f 8903 	9292 	8900
f 9940 	8900 	9292
f 9292 	8903 	8907
f 9292 	8907 	8912
f 9901 	9913 	9886
f 8971 	8925 	9886
f 8971 	9886 	9913
f 9957 	9652 	8734
f 9959 	9652 	9958
f 9960 	9652 	9959
f 9961 	9652 	9960
f 9962 	9652 	9961
f 9963 	9652 	9962
f 9964 	9652 	9963
f 9916 	9914 	9889
f 9916 	9889 	9888
f 9917 	9916 	9888
f 9917 	9888 	9892
f 9917 	9892 	9896
f 9917 	9896 	9918
f 8953 	9965 	9966
f 8953 	9966 	9967
f 8953 	9967 	9968
f 9946 	8953 	9969
f 9947 	8953 	9946
f 9968 	9969 	8953
f 9950 	8953 	9949
f 9952 	8933 	9951
f 9918 	9896 	9897
f 9918 	9897 	9919
f 9919 	9897 	8480
f 9919 	8480 	8481
f 9949 	9948 	9909
f 9949 	9909 	9908
f 9948 	9947 	9910
f 9948 	9910 	9909
f 9925 	9924 	9900
f 9925 	9900 	9899
f 9947 	9946 	9911
f 9947 	9911 	9910
f 9924 	9923 	9901
f 9924 	9901 	9900
f 9901 	9923 	9913
f 9950 	9949 	9908
f 9950 	9908 	9912
f 9889 	9914 	9899
f 9925 	9899 	9914
f 9951 	9950 	9912
f 9951 	9912 	9915
f 9928 	9902 	9903
f 9928 	9903 	9929
f 9902 	9928 	9934
f 9926 	8689 	9956
f 9940 	9906 	8505
f 9940 	8505 	8504
f 9952 	9951 	9915
f 8477 	9929 	9903
f 9956 	9955 	9927
f 9956 	9927 	9926
f 9952 	9915 	9920
f 9939 	9907 	9906
f 9939 	9906 	9940
f 9953 	9952 	9920
f 9953 	9920 	9921
f 9903 	8476 	8477
f 9954 	9953 	9921
f 9954 	9921 	9922
f 9902 	9934 	9904
f 9955 	9954 	9922
f 9955 	9922 	9927
f 8483 	9904 	9934
f 8483 	9934 	8484
f 8502 	8500 	9907
f 8502 	9907 	9939
f 9964 	9930 	9647
f 9963 	9931 	9930
f 9963 	9930 	9964
f 9962 	9932 	9931
f 9962 	9931 	9963
f 9961 	9933 	9932
f 9961 	9932 	9962
f 9960 	9935 	9933
f 9960 	9933 	9961
f 9959 	9936 	9935
f 9959 	9935 	9960
f 9958 	9937 	9936
f 9958 	9936 	9959
f 9957 	9938 	9937
f 9957 	9937 	9958
f 9938 	9957 	9596
f 8734 	9596 	9957
f 9973 	9974 	9979
f 9972 	9973 	9979
f 9975 	9979 	9974
f 9971 	9972 	9979
f 9946 	9969 	9941
f 9946 	9941 	9911
f 9969 	9968 	9942
f 9969 	9942 	9941
f 9977 	9979 	9976
f 9978 	9979 	9977
f 9975 	9976 	9979
f 9968 	9967 	9943
f 9968 	9943 	9942
f 9966 	9944 	9943
f 9966 	9943 	9967
f 9965 	9945 	9944
f 9965 	9944 	9966
f 9982 	10003 	9981
f 9983 	10003 	9982
f 8953 	9945 	9965
f 9986 	10003 	9985
f 9984 	9985 	10003
f 9987 	10003 	9986
f 9645 	9984 	10003
f 8747 	9179 	8742
f 8752 	9179 	8747
f 8757 	9179 	8752
f 8762 	9175 	8757
f 8769 	9175 	8762
f 8775 	9175 	8769
f 9987 	9988 	10003
f 9989 	10003 	9988
f 10003 	9989 	9990
f 10003 	9990 	9991
f 10003 	9991 	9992
f 10003 	9992 	9993
f 9994 	10003 	9993
f 9980 	9981 	10003
f 9994 	9980 	10003
f 8787 	8818 	8779
f 8775 	8779 	8818
f 8775 	8818 	9175
f 9179 	8757 	9175
f 9184 	8739 	9179
f 9193 	8739 	9184
f 9979 	9995 	9996
f 9979 	9996 	9997
f 9970 	9971 	9979
f 9997 	9970 	9979
f 9999 	9995 	9979
f 9150 	9148 	9131
f 9137 	9131 	9148
f 10003 	9999 	9979
f 9131 	9548 	9133
f 9003 	9578 	9202
f 10003 	9983 	10000
f 10003 	10000 	10001
f 10003 	10001 	10002
f 10003 	10002 	9999
f 8951 	8947 	8652
f 10006 	10007 	8653
f 8652 	8653 	10007
f 10007 	10008 	8652
f 10008 	10009 	8652
f 10009 	8956 	8652
f 8956 	8951 	8652
f 9620 	10003 	10004
f 8742 	9179 	8739
f 8739 	9218 	9221
f 8739 	9221 	9226
f 8739 	9226 	9295
f 8739 	9295 	9304
f 8739 	9304 	9578
f 8739 	9578 	9003
f 10013 	8510 	10012
f 10014 	8510 	10013
f 10011 	10012 	8510
f 10015 	8510 	10014
f 9583 	9003 	9582
f 9202 	9207 	9003
f 9212 	9582 	9003
f 10019 	10020 	8510
f 10020 	10011 	8510
f 9218 	8739 	9586
f 9586 	8739 	9193
f 9212 	9003 	9207
f 10023 	10024 	10022
f 10035 	8499 	10034
f 8499 	10026 	9917
f 10029 	8499 	10028
f 9926 	9748 	9588
f 9917 	8701 	8499
f 9589 	9748 	9591
f 8918 	9283 	9742
f 10032 	8499 	10031
f 10034 	8499 	10033
f 10031 	8499 	10030
f 10033 	8499 	10032
f 10039 	10040 	10030
f 10028 	8499 	10027
f 9627 	9628 	9917
f 10027 	8499 	10035
f 9594 	9592 	9742
f 9592 	9591 	9742
f 9583 	9742 	9283
f 9591 	8918 	9742
f 10025 	10026 	8499
f 10022 	10024 	10021
f 9927 	9922 	9748
f 10038 	8499 	10037
f 10037 	8499 	10036
f 9590 	9742 	9595
f 10039 	8499 	10038
f 9593 	9594 	9742
f 9893 	9596 	9742
f 9593 	9742 	9590
f 10042 	10021 	10024
f 10024 	10030 	10042
f 10041 	10042 	10030
f 9595 	9742 	9596
f 10015 	9971 	9970
f 10015 	9970 	10016
f 10014 	9972 	9971
f 10014 	9971 	10015
f 9178 	9174 	8755
f 8755 	8750 	9178
f 8750 	8744 	9178
f 8744 	8741 	9178
f 8741 	8975 	9178
f 8976 	8977 	9178
f 8977 	8978 	9178
f 8978 	9384 	9178
f 8975 	8976 	9178
f 10013 	9973 	9972
f 10013 	9972 	10014
f 9174 	8791 	8773
f 8778 	8773 	8791
f 8785 	8778 	8791
f 8773 	8768 	9174
f 8768 	8761 	9174
f 10012 	9974 	9973
f 10012 	9973 	10013
f 8499 	8701 	9201
f 9602 	9603 	8701
f 9201 	8701 	9204
f 10011 	9975 	9974
f 10011 	9974 	10012
f 9975 	10011 	10020
f 9975 	10020 	9976
f 10019 	9977 	9976
f 10019 	9976 	10020
f 10018 	9978 	9977
f 10018 	9977 	10019
f 10018 	9979 	9978
f 10036 	10016 	9970
f 10030 	10024 	9980
f 10024 	10023 	9981
f 10024 	9981 	9980
f 10023 	10022 	9982
f 10023 	9982 	9981
f 10022 	10021 	9983
f 10022 	9983 	9982
f 10025 	9985 	9984
f 10025 	9984 	10026
f 10026 	9984 	9645
f 9645 	9617 	10026
f 10028 	9987 	9986
f 10028 	9986 	10029
f 10027 	9988 	9987
f 10027 	9987 	10028
f 9985 	10025 	9986
f 10029 	9986 	10025
f 10035 	9989 	9988
f 10035 	9988 	10027
f 10034 	9990 	9989
f 10034 	9989 	10035
f 10033 	9991 	9990
f 10033 	9990 	10034
f 10032 	9992 	9991
f 10032 	9991 	10033
f 10031 	9993 	9992
f 10031 	9992 	10032
f 10031 	10030 	9994
f 10031 	9994 	9993
f 9980 	9994 	10030
f 10037 	9996 	9995
f 10037 	9995 	10038
f 10036 	9997 	9996
f 10036 	9996 	10037
f 9970 	9997 	10036
f 10021 	10042 	10000
f 10021 	10000 	9983
f 9999 	10038 	9995
f 10042 	10041 	10001
f 10042 	10001 	10000
f 9999 	10039 	10038
f 10041 	10040 	10002
f 10041 	10002 	10001
f 10040 	10039 	9999
f 10040 	9999 	10002
f 10083 	10084 	8510
f 10018 	10019 	8510
f 10036 	8510 	10016
f 10016 	8510 	10015
f 10039 	10030 	8499
f 9979 	10018 	10043
f 9979 	10043 	10044
f 10089 	10044 	10043
f 10044 	10118 	9979
f 10089 	10104 	10044
f 8676 	9103 	10144
f 10047 	9123 	10046
f 10048 	9123 	10047
f 10049 	9123 	10048
f 10045 	9123 	10049
f 10051 	10003 	10050
f 10052 	10003 	10051
f 10053 	10003 	10052
f 9094 	10050 	10003
f 10058 	10057 	10003
f 10003 	10054 	10055
f 10058 	10003 	10053
f 10054 	10003 	10056
f 10056 	10003 	10057
f 10059 	9123 	10045
f 8666 	9123 	10059
f 9094 	10003 	9099
f 10061 	9123 	10060
f 10062 	9123 	10061
f 10063 	9123 	10062
f 10064 	9123 	10063
f 10046 	9123 	10064
f 10003 	10055 	10065
f 9620 	10004 	10066
f 9620 	10066 	10067
f 10065 	10068 	10003
f 10004 	10003 	10068
f 10071 	9122 	10070
f 10072 	9122 	10071
f 10073 	9122 	10072
f 10081 	10069 	9122
f 10060 	9123 	10073
f 10077 	10082 	9620
f 10076 	9620 	10078
f 10078 	9620 	10079
f 10067 	10074 	9620
f 10074 	10075 	9620
f 10079 	9620 	10080
f 10080 	9620 	10075
f 9017 	9112 	9122
f 10069 	10070 	9122
f 10076 	10077 	9620
f 10082 	9030 	9620
f 9030 	9031 	9620
f 9031 	9034 	9620
f 10088 	10043 	8510
f 10043 	10018 	8510
f 10087 	10088 	8510
f 10086 	10087 	8510
f 10085 	10086 	8510
f 10084 	10085 	8510
f 8508 	10036 	8499
f 9627 	9917 	10026
f 10089 	10043 	10088
f 10088 	10087 	10090
f 10088 	10090 	10089
f 10087 	10086 	10091
f 10087 	10091 	10090
f 10086 	10085 	10092
f 10086 	10092 	10091
f 10085 	10084 	10093
f 10085 	10093 	10092
f 10094 	10093 	10083
f 10084 	10083 	10093
f 10083 	9306 	9392
f 10083 	9392 	10094
f 9557 	9536 	9558
f 9535 	9555 	9536
f 10115 	10095 	10096
f 10115 	10096 	10097
f 10115 	10097 	10098
f 10099 	10091 	10100
f 10101 	10089 	10102
f 10102 	10091 	10099
f 10103 	10044 	10104
f 10092 	10093 	9468
f 10104 	10089 	10101
f 9392 	9472 	10094
f 10094 	9468 	10093
f 10098 	9427 	10115
f 9427 	9428 	10115
f 10100 	10091 	9456
f 9430 	9432 	10115
f 10106 	9435 	10105
f 10106 	10107 	9435
f 10107 	10134 	9435
f 10134 	10135 	9435
f 10108 	10112 	8627
f 10109 	10108 	8627
f 10112 	9533 	8627
f 9533 	9531 	8627
f 9536 	8619 	9532
f 9532 	8619 	9531
f 8629 	8627 	9531
f 8614 	8618 	9536
f 8618 	8619 	9536
f 9103 	10003 	10144
f 10141 	10144 	10003
f 10091 	10102 	10090
f 10092 	9458 	10091
f 10132 	9979 	10113
f 10144 	10143 	8588
f 8590 	8676 	10144
f 8588 	8590 	10144
f 8574 	8577 	10110
f 9434 	9435 	10115
f 10095 	10115 	10116
f 10095 	10116 	10117
f 10120 	9979 	10119
f 10118 	10044 	10103
f 10119 	9979 	10121
f 10122 	9979 	10118
f 10121 	9979 	10122
f 10125 	10126 	9435
f 10126 	10127 	9435
f 10127 	10114 	9435
f 10114 	10115 	9435
f 10128 	9979 	10120
f 10090 	10102 	10089
f 10129 	9979 	10130
f 10130 	9979 	10128
f 10113 	9979 	10133
f 10133 	9979 	10129
f 10136 	10137 	9435
f 10135 	10136 	9435
f 10137 	10123 	9435
f 10123 	10124 	9435
f 10124 	10125 	9435
f 10143 	10145 	8588
f 10145 	10111 	8580
f 8580 	8581 	10145
f 8577 	8580 	10110
f 8581 	8588 	10145
f 10111 	10110 	8580
f 8625 	8574 	10110
f 10110 	10109 	8625
f 8629 	9531 	8619
f 8627 	8625 	10109
f 10147 	9559 	10146
f 10151 	9559 	10148
f 9168 	9549 	9170
f 9170 	9549 	10149
f 10150 	9559 	10151
f 9558 	9536 	9555
f 8638 	9536 	8643
f 10152 	10153 	8802
f 10154 	8802 	10153
f 8487 	8802 	10154
f 9536 	8488 	10155
f 8643 	9536 	10156
f 10155 	10157 	9536
f 10156 	9536 	10157
f 8655 	9119 	8802
f 9119 	10152 	8802
f 8486 	8802 	8487
f 8485 	8802 	8486
f 8488 	9536 	8489
f 9536 	8797 	8489
f 8846 	9536 	9557
f 8802 	8485 	8819
f 8485 	8808 	8819
f 8807 	8819 	8808
f 8816 	8813 	8839
f 8831 	8839 	9536
f 9536 	8839 	8813
f 8813 	8797 	9536
f 8832 	9536 	8846
f 8831 	9536 	8832
f 8824 	8819 	8807
f 8843 	8816 	8839
f 8843 	8828 	8816
f 9559 	10149 	9549
f 10150 	10149 	9559
f 9559 	9065 	9056
f 9559 	9056 	9049
f 9559 	9049 	9013
f 9559 	9013 	8993
f 8917 	9559 	8991
f 8984 	8868 	8991
f 8983 	8865 	8984
f 8993 	8991 	9559
f 9559 	8917 	8923
f 9559 	8923 	8920
f 8920 	8899 	9559
f 8856 	8981 	8863
f 8650 	8863 	8981
f 8854 	8981 	8856
f 8868 	8984 	8865
f 8988 	8865 	8983
f 8913 	8991 	8868
f 8865 	8988 	8871
f 8889 	8882 	8651
f 8882 	8879 	8651
f 8879 	8904 	8651
f 8904 	8863 	8651
f 8650 	8651 	8863
f 8897 	9559 	8899
f 8917 	8991 	8913
f 8947 	8940 	8652
f 8940 	8892 	8652
f 8892 	8889 	8652
f 8651 	8652 	8889
f 8954 	9559 	8897
f 10017 	9559 	10010
f 10017 	10146 	9559
f 10147 	10148 	9559
f 8972 	10010 	9559
f 8979 	8973 	9559
f 8972 	9559 	8967
f 8967 	9559 	8973
f 8979 	9559 	8954
f 8996 	8995 	9004
f 9005 	8999 	9007
f 9008 	9007 	9000
f 9002 	9008 	9000
f 9006 	9038 	9620
f 9620 	9038 	9040
f 9017 	9113 	9019
f 9000 	9007 	8999
f 9006 	9620 	9005
f 8999 	9005 	9620
f 9034 	8999 	9620
f 9040 	9050 	9620
f 9620 	9050 	9052
f 9382 	9355 	9070
f 9059 	9620 	9052
f 9355 	9356 	9070
f 9084 	9081 	9559
f 9244 	9172 	9559
f 9078 	9559 	9081
f 9065 	9559 	9078
f 9229 	9231 	9426
f 9426 	9424 	9229
f 9260 	9268 	9420
f 9268 	9270 	9420
f 9418 	9419 	9270
f 9231 	9260 	9420
f 9234 	9229 	9424
f 9421 	9426 	9231
f 9420 	9421 	9231
f 9265 	9253 	9559
f 9248 	9244 	9559
f 9248 	9559 	9253
f 9172 	9084 	9559
f 9419 	9420 	9270
f 9280 	9418 	9274
f 9270 	9274 	9418
f 9282 	9418 	9280
# 1622 faces

 #end of obj_6

